     diagonalizing the dynamical matrix ...

 q =       0.0000      0.0000      0.0000
 **************************************************************************
     freq (    1) =      -6.102813 [THz] =    -203.567932 [cm-1]
 ( -0.038395   0.000000    -0.033395   0.000000     0.034557   0.000000   )
 ( -0.038395   0.000000    -0.033395   0.000000    -0.034557   0.000000   )
 ( -0.005124   0.000000    -0.000001   0.000000     0.000000   0.000000   )
 ( -0.005124   0.000000    -0.000001   0.000000     0.000000   0.000000   )
 ( -0.038388   0.000000     0.033387   0.000000     0.034550   0.000000   )
 ( -0.038388   0.000000     0.033387   0.000000    -0.034550   0.000000   )
 ( -0.038388   0.000000     0.033387   0.000000    -0.034550   0.000000   )
 ( -0.038388   0.000000     0.033387   0.000000     0.034550   0.000000   )
 (  0.009494   0.000000     0.000003   0.000000    -0.000000   0.000000   )
 (  0.009494   0.000000     0.000003   0.000000    -0.000000   0.000000   )
 (  0.033585   0.000000     0.000001   0.000000    -0.000000   0.000000   )
 (  0.033585   0.000000     0.000001   0.000000    -0.000000   0.000000   )
 ( -0.038395   0.000000    -0.033395   0.000000    -0.034557   0.000000   )
 ( -0.038395   0.000000    -0.033395   0.000000     0.034557   0.000000   )
 ( -0.002265   0.000000    -0.000000   0.000000    -0.000000   0.000000   )
 ( -0.002265   0.000000    -0.000000   0.000000     0.000000   0.000000   )
 (  0.017471   0.000000    -0.000211   0.000000     0.000000   0.000000   )
 ( -0.004955   0.000000    -0.000001   0.000000     0.000000   0.000000   )
 (  0.017471   0.000000     0.000215   0.000000    -0.000000   0.000000   )
 (  0.017471   0.000000     0.000215   0.000000     0.000000   0.000000   )
 (  0.143916   0.000000     0.000009   0.000000     0.000000   0.000000   )
 (  0.092062   0.000000     0.000015   0.000000     0.000000   0.000000   )
 (  0.017471   0.000000    -0.000211   0.000000    -0.000000   0.000000   )
 (  0.017442   0.000000     0.000043   0.000000    -0.158937   0.000000   )
 (  0.091873   0.000000    -0.000014   0.000000     0.062240   0.000000   )
 (  0.091873   0.000000    -0.000014   0.000000    -0.062240   0.000000   )
 (  0.017442   0.000000     0.000043   0.000000     0.158937   0.000000   )
 ( -0.133302   0.000000     0.000009   0.000000    -0.000006   0.000000   )
 (  0.422555   0.000000     0.000002   0.000000     0.000016   0.000000   )
 (  0.422555   0.000000     0.000002   0.000000    -0.000016   0.000000   )
 ( -0.133302   0.000000     0.000009   0.000000     0.000006   0.000000   )
 (  0.422555   0.000000     0.000002   0.000000    -0.000016   0.000000   )
 (  0.422555   0.000000     0.000002   0.000000     0.000016   0.000000   )
 (  0.017442   0.000000     0.000043   0.000000     0.158937   0.000000   )
 (  0.017442   0.000000     0.000043   0.000000    -0.158937   0.000000   )
 (  0.091873   0.000000    -0.000014   0.000000     0.062240   0.000000   )
 (  0.091873   0.000000    -0.000014   0.000000    -0.062240   0.000000   )
 ( -0.133302   0.000000     0.000009   0.000000    -0.000006   0.000000   )
 ( -0.133302   0.000000     0.000009   0.000000     0.000006   0.000000   )
     freq (    2) =      -6.102813 [THz] =    -203.567932 [cm-1]
 ( -0.033387   0.000000    -0.038388   0.000000     0.034550   0.000000   )
 ( -0.033387   0.000000    -0.038388   0.000000    -0.034550   0.000000   )
 (  0.000001   0.000000    -0.005124   0.000000     0.000000   0.000000   )
 (  0.000001   0.000000    -0.005124   0.000000     0.000000   0.000000   )
 (  0.033395   0.000000    -0.038395   0.000000    -0.034557   0.000000   )
 (  0.033395   0.000000    -0.038395   0.000000     0.034557   0.000000   )
 (  0.033395   0.000000    -0.038395   0.000000     0.034557   0.000000   )
 (  0.033395   0.000000    -0.038395   0.000000    -0.034557   0.000000   )
 ( -0.000001   0.000000     0.033585   0.000000    -0.000000   0.000000   )
 ( -0.000001   0.000000     0.033585   0.000000    -0.000000   0.000000   )
 ( -0.000003   0.000000     0.009494   0.000000    -0.000000   0.000000   )
 ( -0.000003   0.000000     0.009494   0.000000    -0.000000   0.000000   )
 ( -0.033387   0.000000    -0.038388   0.000000    -0.034550   0.000000   )
 ( -0.033387   0.000000    -0.038388   0.000000     0.034550   0.000000   )
 (  0.000000   0.000000    -0.002265   0.000000    -0.000000   0.000000   )
 (  0.000000   0.000000    -0.002265   0.000000    -0.000000   0.000000   )
 ( -0.000215   0.000000     0.017471   0.000000    -0.000000   0.000000   )
 (  0.000001   0.000000    -0.004955   0.000000    -0.000000   0.000000   )
 (  0.000211   0.000000     0.017471   0.000000    -0.000000   0.000000   )
 (  0.000211   0.000000     0.017471   0.000000    -0.000000   0.000000   )
 ( -0.000015   0.000000     0.092062   0.000000    -0.000000   0.000000   )
 ( -0.000009   0.000000     0.143916   0.000000    -0.000000   0.000000   )
 ( -0.000215   0.000000     0.017471   0.000000    -0.000000   0.000000   )
 ( -0.000002   0.000000     0.422555   0.000000     0.000016   0.000000   )
 ( -0.000009   0.000000    -0.133302   0.000000    -0.000006   0.000000   )
 ( -0.000009   0.000000    -0.133302   0.000000     0.000006   0.000000   )
 ( -0.000002   0.000000     0.422555   0.000000    -0.000016   0.000000   )
 (  0.000014   0.000000     0.091873   0.000000    -0.062240   0.000000   )
 ( -0.000043   0.000000     0.017442   0.000000     0.158937   0.000000   )
 ( -0.000043   0.000000     0.017442   0.000000    -0.158937   0.000000   )
 (  0.000014   0.000000     0.091873   0.000000     0.062240   0.000000   )
 ( -0.000043   0.000000     0.017442   0.000000    -0.158937   0.000000   )
 ( -0.000043   0.000000     0.017442   0.000000     0.158937   0.000000   )
 ( -0.000002   0.000000     0.422555   0.000000    -0.000016   0.000000   )
 ( -0.000002   0.000000     0.422555   0.000000     0.000016   0.000000   )
 ( -0.000009   0.000000    -0.133302   0.000000    -0.000006   0.000000   )
 ( -0.000009   0.000000    -0.133302   0.000000     0.000006   0.000000   )
 (  0.000014   0.000000     0.091873   0.000000    -0.062240   0.000000   )
 (  0.000014   0.000000     0.091873   0.000000     0.062240   0.000000   )
     freq (    3) =      -0.253463 [THz] =      -8.454601 [cm-1]
 (  0.183158   0.000000     0.009644   0.000000    -0.005850   0.000000   )
 ( -0.183158   0.000000    -0.009644   0.000000    -0.005850   0.000000   )
 ( -0.191065   0.000000     0.005460   0.000000     0.000000   0.000000   )
 (  0.191065   0.000000    -0.005460   0.000000    -0.000000   0.000000   )
 (  0.184009   0.000000    -0.020137   0.000000    -0.006194   0.000000   )
 ( -0.184009   0.000000     0.020137   0.000000    -0.006194   0.000000   )
 (  0.184009   0.000000    -0.020137   0.000000     0.006194   0.000000   )
 ( -0.184009   0.000000     0.020137   0.000000     0.006194   0.000000   )
 ( -0.207973   0.000000     0.004599   0.000000     0.000000   0.000000   )
 (  0.207973   0.000000    -0.004599   0.000000     0.000000   0.000000   )
 ( -0.160936   0.000000     0.005943   0.000000     0.000000   0.000000   )
 (  0.160936   0.000000    -0.005943   0.000000     0.000000   0.000000   )
 (  0.183158   0.000000     0.009644   0.000000     0.005850   0.000000   )
 ( -0.183158   0.000000    -0.009644   0.000000     0.005850   0.000000   )
 ( -0.222034   0.000000     0.006345   0.000000     0.000000   0.000000   )
 (  0.222034   0.000000    -0.006345   0.000000     0.000000   0.000000   )
 ( -0.000000   0.000000     0.000000   0.000000     0.008458   0.000000   )
 ( -0.000000   0.000000     0.000000   0.000000    -0.000000   0.000000   )
 ( -0.000000   0.000000     0.000000   0.000000     0.008956   0.000000   )
 ( -0.000000   0.000000     0.000000   0.000000    -0.008956   0.000000   )
 ( -0.000000   0.000000     0.000000   0.000000     0.000000   0.000000   )
 ( -0.000000   0.000000     0.000000   0.000000     0.000000   0.000000   )
 ( -0.000000   0.000000     0.000000   0.000000    -0.008458   0.000000   )
 (  0.145670   0.000000    -0.004981   0.000000     0.001159   0.000000   )
 ( -0.167787   0.000000     0.004455   0.000000    -0.016116   0.000000   )
 (  0.167787   0.000000    -0.004455   0.000000    -0.016116   0.000000   )
 ( -0.145670   0.000000     0.004981   0.000000     0.001159   0.000000   )
 (  0.155904   0.000000    -0.004795   0.000000     0.000461   0.000000   )
 ( -0.174298   0.000000     0.004163   0.000000    -0.000033   0.000000   )
 (  0.174298   0.000000    -0.004163   0.000000    -0.000033   0.000000   )
 ( -0.155904   0.000000     0.004795   0.000000     0.000461   0.000000   )
 ( -0.174298   0.000000     0.004163   0.000000     0.000033   0.000000   )
 (  0.174298   0.000000    -0.004163   0.000000     0.000033   0.000000   )
 (  0.145670   0.000000    -0.004981   0.000000    -0.001159   0.000000   )
 ( -0.145670   0.000000     0.004981   0.000000    -0.001159   0.000000   )
 (  0.167787   0.000000    -0.004455   0.000000     0.016116   0.000000   )
 ( -0.167787   0.000000     0.004455   0.000000     0.016116   0.000000   )
 ( -0.155904   0.000000     0.004795   0.000000    -0.000461   0.000000   )
 (  0.155904   0.000000    -0.004795   0.000000    -0.000461   0.000000   )
     freq (    4) =      -0.253463 [THz] =      -8.454601 [cm-1]
 (  0.020137   0.000000     0.184009   0.000000    -0.006194   0.000000   )
 ( -0.020137   0.000000    -0.184009   0.000000    -0.006194   0.000000   )
 ( -0.005460   0.000000    -0.191065   0.000000     0.000000   0.000000   )
 (  0.005460   0.000000     0.191065   0.000000     0.000000   0.000000   )
 ( -0.009644   0.000000     0.183158   0.000000     0.005850   0.000000   )
 (  0.009644   0.000000    -0.183158   0.000000     0.005850   0.000000   )
 ( -0.009644   0.000000     0.183158   0.000000    -0.005850   0.000000   )
 (  0.009644   0.000000    -0.183158   0.000000    -0.005850   0.000000   )
 ( -0.005943   0.000000    -0.160936   0.000000     0.000000   0.000000   )
 (  0.005943   0.000000     0.160936   0.000000     0.000000   0.000000   )
 ( -0.004599   0.000000    -0.207973   0.000000     0.000000   0.000000   )
 (  0.004599   0.000000     0.207973   0.000000     0.000000   0.000000   )
 (  0.020137   0.000000     0.184009   0.000000     0.006194   0.000000   )
 ( -0.020137   0.000000    -0.184009   0.000000     0.006194   0.000000   )
 ( -0.006345   0.000000    -0.222034   0.000000     0.000000   0.000000   )
 (  0.006345   0.000000     0.222034   0.000000     0.000000   0.000000   )
 ( -0.000000   0.000000    -0.000000   0.000000     0.008956   0.000000   )
 ( -0.000000   0.000000    -0.000000   0.000000     0.000000   0.000000   )
 ( -0.000000   0.000000    -0.000000   0.000000    -0.008458   0.000000   )
 (  0.000000   0.000000    -0.000000   0.000000     0.008458   0.000000   )
 ( -0.000000   0.000000    -0.000000   0.000000     0.000000   0.000000   )
 ( -0.000000   0.000000    -0.000000   0.000000     0.000000   0.000000   )
 (  0.000000   0.000000    -0.000000   0.000000    -0.008956   0.000000   )
 (  0.004163   0.000000     0.174298   0.000000     0.000033   0.000000   )
 ( -0.004795   0.000000    -0.155904   0.000000    -0.000461   0.000000   )
 (  0.004795   0.000000     0.155904   0.000000    -0.000461   0.000000   )
 ( -0.004163   0.000000    -0.174298   0.000000     0.000033   0.000000   )
 (  0.004455   0.000000     0.167787   0.000000    -0.016116   0.000000   )
 ( -0.004981   0.000000    -0.145670   0.000000     0.001159   0.000000   )
 (  0.004981   0.000000     0.145670   0.000000     0.001159   0.000000   )
 ( -0.004455   0.000000    -0.167787   0.000000    -0.016116   0.000000   )
 ( -0.004981   0.000000    -0.145670   0.000000    -0.001159   0.000000   )
 (  0.004981   0.000000     0.145670   0.000000    -0.001159   0.000000   )
 (  0.004163   0.000000     0.174298   0.000000    -0.000033   0.000000   )
 ( -0.004163   0.000000    -0.174298   0.000000    -0.000033   0.000000   )
 (  0.004795   0.000000     0.155904   0.000000     0.000461   0.000000   )
 ( -0.004795   0.000000    -0.155904   0.000000     0.000461   0.000000   )
 ( -0.004455   0.000000    -0.167787   0.000000     0.016116   0.000000   )
 (  0.004455   0.000000     0.167787   0.000000     0.016116   0.000000   )
     freq (    5) =      -0.000000 [THz] =      -0.000009 [cm-1]
 ( -0.001276   0.000000    -0.005803   0.000000     0.160018   0.000000   )
 ( -0.001276   0.000000    -0.005803   0.000000     0.160018   0.000000   )
 ( -0.001276   0.000000    -0.005803   0.000000     0.160018   0.000000   )
 ( -0.001276   0.000000    -0.005803   0.000000     0.160018   0.000000   )
 ( -0.001276   0.000000    -0.005803   0.000000     0.160018   0.000000   )
 ( -0.001276   0.000000    -0.005803   0.000000     0.160018   0.000000   )
 ( -0.001276   0.000000    -0.005803   0.000000     0.160018   0.000000   )
 ( -0.001276   0.000000    -0.005803   0.000000     0.160018   0.000000   )
 ( -0.001276   0.000000    -0.005803   0.000000     0.160018   0.000000   )
 ( -0.001276   0.000000    -0.005803   0.000000     0.160018   0.000000   )
 ( -0.001276   0.000000    -0.005803   0.000000     0.160018   0.000000   )
 ( -0.001276   0.000000    -0.005803   0.000000     0.160018   0.000000   )
 ( -0.001276   0.000000    -0.005803   0.000000     0.160018   0.000000   )
 ( -0.001276   0.000000    -0.005803   0.000000     0.160018   0.000000   )
 ( -0.001276   0.000000    -0.005803   0.000000     0.160018   0.000000   )
 ( -0.001276   0.000000    -0.005803   0.000000     0.160018   0.000000   )
 ( -0.001276   0.000000    -0.005803   0.000000     0.160018   0.000000   )
 ( -0.001276   0.000000    -0.005803   0.000000     0.160018   0.000000   )
 ( -0.001276   0.000000    -0.005803   0.000000     0.160018   0.000000   )
 ( -0.001276   0.000000    -0.005803   0.000000     0.160018   0.000000   )
 ( -0.001276   0.000000    -0.005803   0.000000     0.160018   0.000000   )
 ( -0.001276   0.000000    -0.005803   0.000000     0.160018   0.000000   )
 ( -0.001276   0.000000    -0.005803   0.000000     0.160018   0.000000   )
 ( -0.001276   0.000000    -0.005803   0.000000     0.160018   0.000000   )
 ( -0.001276   0.000000    -0.005803   0.000000     0.160018   0.000000   )
 ( -0.001276   0.000000    -0.005803   0.000000     0.160018   0.000000   )
 ( -0.001276   0.000000    -0.005803   0.000000     0.160018   0.000000   )
 ( -0.001276   0.000000    -0.005803   0.000000     0.160018   0.000000   )
 ( -0.001276   0.000000    -0.005803   0.000000     0.160018   0.000000   )
 ( -0.001276   0.000000    -0.005803   0.000000     0.160018   0.000000   )
 ( -0.001276   0.000000    -0.005803   0.000000     0.160018   0.000000   )
 ( -0.001276   0.000000    -0.005803   0.000000     0.160018   0.000000   )
 ( -0.001276   0.000000    -0.005803   0.000000     0.160018   0.000000   )
 ( -0.001276   0.000000    -0.005803   0.000000     0.160018   0.000000   )
 ( -0.001276   0.000000    -0.005803   0.000000     0.160018   0.000000   )
 ( -0.001276   0.000000    -0.005803   0.000000     0.160018   0.000000   )
 ( -0.001276   0.000000    -0.005803   0.000000     0.160018   0.000000   )
 ( -0.001276   0.000000    -0.005803   0.000000     0.160018   0.000000   )
 ( -0.001276   0.000000    -0.005803   0.000000     0.160018   0.000000   )
     freq (    6) =      -0.000000 [THz] =      -0.000002 [cm-1]
 ( -0.160034   0.000000    -0.005304   0.000000    -0.001468   0.000000   )
 ( -0.160034   0.000000    -0.005304   0.000000    -0.001468   0.000000   )
 ( -0.160034   0.000000    -0.005304   0.000000    -0.001468   0.000000   )
 ( -0.160034   0.000000    -0.005304   0.000000    -0.001468   0.000000   )
 ( -0.160034   0.000000    -0.005304   0.000000    -0.001468   0.000000   )
 ( -0.160034   0.000000    -0.005304   0.000000    -0.001468   0.000000   )
 ( -0.160034   0.000000    -0.005304   0.000000    -0.001468   0.000000   )
 ( -0.160034   0.000000    -0.005304   0.000000    -0.001468   0.000000   )
 ( -0.160034   0.000000    -0.005304   0.000000    -0.001468   0.000000   )
 ( -0.160034   0.000000    -0.005304   0.000000    -0.001468   0.000000   )
 ( -0.160034   0.000000    -0.005304   0.000000    -0.001468   0.000000   )
 ( -0.160034   0.000000    -0.005304   0.000000    -0.001468   0.000000   )
 ( -0.160034   0.000000    -0.005304   0.000000    -0.001468   0.000000   )
 ( -0.160034   0.000000    -0.005304   0.000000    -0.001468   0.000000   )
 ( -0.160034   0.000000    -0.005304   0.000000    -0.001468   0.000000   )
 ( -0.160034   0.000000    -0.005304   0.000000    -0.001468   0.000000   )
 ( -0.160034   0.000000    -0.005304   0.000000    -0.001468   0.000000   )
 ( -0.160034   0.000000    -0.005304   0.000000    -0.001468   0.000000   )
 ( -0.160034   0.000000    -0.005304   0.000000    -0.001468   0.000000   )
 ( -0.160034   0.000000    -0.005304   0.000000    -0.001468   0.000000   )
 ( -0.160034   0.000000    -0.005304   0.000000    -0.001468   0.000000   )
 ( -0.160034   0.000000    -0.005304   0.000000    -0.001468   0.000000   )
 ( -0.160034   0.000000    -0.005304   0.000000    -0.001468   0.000000   )
 ( -0.160034   0.000000    -0.005304   0.000000    -0.001468   0.000000   )
 ( -0.160034   0.000000    -0.005304   0.000000    -0.001468   0.000000   )
 ( -0.160034   0.000000    -0.005304   0.000000    -0.001468   0.000000   )
 ( -0.160034   0.000000    -0.005304   0.000000    -0.001468   0.000000   )
 ( -0.160034   0.000000    -0.005304   0.000000    -0.001468   0.000000   )
 ( -0.160034   0.000000    -0.005304   0.000000    -0.001468   0.000000   )
 ( -0.160034   0.000000    -0.005304   0.000000    -0.001468   0.000000   )
 ( -0.160034   0.000000    -0.005304   0.000000    -0.001468   0.000000   )
 ( -0.160034   0.000000    -0.005304   0.000000    -0.001468   0.000000   )
 ( -0.160034   0.000000    -0.005304   0.000000    -0.001468   0.000000   )
 ( -0.160034   0.000000    -0.005304   0.000000    -0.001468   0.000000   )
 ( -0.160034   0.000000    -0.005304   0.000000    -0.001468   0.000000   )
 ( -0.160034   0.000000    -0.005304   0.000000    -0.001468   0.000000   )
 ( -0.160034   0.000000    -0.005304   0.000000    -0.001468   0.000000   )
 ( -0.160034   0.000000    -0.005304   0.000000    -0.001468   0.000000   )
 ( -0.160034   0.000000    -0.005304   0.000000    -0.001468   0.000000   )
     freq (    7) =      -0.000000 [THz] =      -0.000001 [cm-1]
 (  0.005353   0.000000    -0.159935   0.000000    -0.005757   0.000000   )
 (  0.005353   0.000000    -0.159935   0.000000    -0.005757   0.000000   )
 (  0.005353   0.000000    -0.159935   0.000000    -0.005757   0.000000   )
 (  0.005353   0.000000    -0.159935   0.000000    -0.005757   0.000000   )
 (  0.005353   0.000000    -0.159935   0.000000    -0.005757   0.000000   )
 (  0.005353   0.000000    -0.159935   0.000000    -0.005757   0.000000   )
 (  0.005353   0.000000    -0.159935   0.000000    -0.005757   0.000000   )
 (  0.005353   0.000000    -0.159935   0.000000    -0.005757   0.000000   )
 (  0.005353   0.000000    -0.159935   0.000000    -0.005757   0.000000   )
 (  0.005353   0.000000    -0.159935   0.000000    -0.005757   0.000000   )
 (  0.005353   0.000000    -0.159935   0.000000    -0.005757   0.000000   )
 (  0.005353   0.000000    -0.159935   0.000000    -0.005757   0.000000   )
 (  0.005353   0.000000    -0.159935   0.000000    -0.005757   0.000000   )
 (  0.005353   0.000000    -0.159935   0.000000    -0.005757   0.000000   )
 (  0.005353   0.000000    -0.159935   0.000000    -0.005757   0.000000   )
 (  0.005353   0.000000    -0.159935   0.000000    -0.005757   0.000000   )
 (  0.005353   0.000000    -0.159935   0.000000    -0.005757   0.000000   )
 (  0.005353   0.000000    -0.159935   0.000000    -0.005757   0.000000   )
 (  0.005353   0.000000    -0.159935   0.000000    -0.005757   0.000000   )
 (  0.005353   0.000000    -0.159935   0.000000    -0.005757   0.000000   )
 (  0.005353   0.000000    -0.159935   0.000000    -0.005757   0.000000   )
 (  0.005353   0.000000    -0.159935   0.000000    -0.005757   0.000000   )
 (  0.005353   0.000000    -0.159935   0.000000    -0.005757   0.000000   )
 (  0.005353   0.000000    -0.159935   0.000000    -0.005757   0.000000   )
 (  0.005353   0.000000    -0.159935   0.000000    -0.005757   0.000000   )
 (  0.005353   0.000000    -0.159935   0.000000    -0.005757   0.000000   )
 (  0.005353   0.000000    -0.159935   0.000000    -0.005757   0.000000   )
 (  0.005353   0.000000    -0.159935   0.000000    -0.005757   0.000000   )
 (  0.005353   0.000000    -0.159935   0.000000    -0.005757   0.000000   )
 (  0.005353   0.000000    -0.159935   0.000000    -0.005757   0.000000   )
 (  0.005353   0.000000    -0.159935   0.000000    -0.005757   0.000000   )
 (  0.005353   0.000000    -0.159935   0.000000    -0.005757   0.000000   )
 (  0.005353   0.000000    -0.159935   0.000000    -0.005757   0.000000   )
 (  0.005353   0.000000    -0.159935   0.000000    -0.005757   0.000000   )
 (  0.005353   0.000000    -0.159935   0.000000    -0.005757   0.000000   )
 (  0.005353   0.000000    -0.159935   0.000000    -0.005757   0.000000   )
 (  0.005353   0.000000    -0.159935   0.000000    -0.005757   0.000000   )
 (  0.005353   0.000000    -0.159935   0.000000    -0.005757   0.000000   )
 (  0.005353   0.000000    -0.159935   0.000000    -0.005757   0.000000   )
     freq (    8) =       1.492346 [THz] =      49.779316 [cm-1]
 (  0.230930   0.000000     0.230930   0.000000    -0.103166   0.000000   )
 (  0.230930   0.000000     0.230930   0.000000     0.103166   0.000000   )
 (  0.000000   0.000000     0.000000   0.000000     0.000000   0.000000   )
 ( -0.000000   0.000000    -0.000000   0.000000     0.000000   0.000000   )
 ( -0.230930   0.000000     0.230930   0.000000     0.103166   0.000000   )
 ( -0.230930   0.000000     0.230930   0.000000    -0.103166   0.000000   )
 (  0.230930   0.000000    -0.230930   0.000000     0.103166   0.000000   )
 (  0.230930   0.000000    -0.230930   0.000000    -0.103166   0.000000   )
 ( -0.000000   0.000000     0.000000   0.000000    -0.000000   0.000000   )
 (  0.000000   0.000000    -0.000000   0.000000    -0.000000   0.000000   )
 (  0.000000   0.000000    -0.000000   0.000000     0.000000   0.000000   )
 ( -0.000000   0.000000     0.000000   0.000000     0.000000   0.000000   )
 ( -0.230930   0.000000    -0.230930   0.000000    -0.103166   0.000000   )
 ( -0.230930   0.000000    -0.230930   0.000000     0.103166   0.000000   )
 ( -0.000000   0.000000    -0.000000   0.000000    -0.000000   0.000000   )
 (  0.000000   0.000000     0.000000   0.000000    -0.000000   0.000000   )
 ( -0.016904   0.000000    -0.016904   0.000000    -0.000000   0.000000   )
 (  0.000000   0.000000    -0.000000   0.000000    -0.000000   0.000000   )
 (  0.016904   0.000000    -0.016904   0.000000     0.000000   0.000000   )
 ( -0.016904   0.000000     0.016904   0.000000    -0.000000   0.000000   )
 (  0.000000   0.000000     0.000000   0.000000    -0.000000   0.000000   )
 (  0.000000   0.000000     0.000000   0.000000     0.000000   0.000000   )
 (  0.016904   0.000000     0.016904   0.000000    -0.000000   0.000000   )
 ( -0.000000   0.000000     0.081907   0.000000    -0.000000   0.000000   )
 ( -0.000000   0.000000     0.026549   0.000000    -0.000000   0.000000   )
 (  0.000000   0.000000     0.026549   0.000000    -0.000000   0.000000   )
 (  0.000000   0.000000     0.081907   0.000000     0.000000   0.000000   )
 (  0.026549   0.000000     0.000000   0.000000    -0.000000   0.000000   )
 (  0.081907   0.000000     0.000000   0.000000     0.000000   0.000000   )
 (  0.081907   0.000000    -0.000000   0.000000     0.000000   0.000000   )
 (  0.026549   0.000000    -0.000000   0.000000    -0.000000   0.000000   )
 ( -0.081907   0.000000     0.000000   0.000000     0.000000   0.000000   )
 ( -0.081907   0.000000    -0.000000   0.000000     0.000000   0.000000   )
 ( -0.000000   0.000000    -0.081907   0.000000     0.000000   0.000000   )
 (  0.000000   0.000000    -0.081907   0.000000     0.000000   0.000000   )
 (  0.000000   0.000000    -0.026549   0.000000    -0.000000   0.000000   )
 ( -0.000000   0.000000    -0.026549   0.000000    -0.000000   0.000000   )
 ( -0.026549   0.000000    -0.000000   0.000000    -0.000000   0.000000   )
 ( -0.026549   0.000000     0.000000   0.000000    -0.000000   0.000000   )
     freq (    9) =       1.544668 [THz] =      51.524571 [cm-1]
 ( -0.002230   0.000000     0.010416   0.000000     0.149570   0.000000   )
 (  0.002230   0.000000    -0.010416   0.000000     0.149570   0.000000   )
 ( -0.022273   0.000000    -0.222589   0.000000     0.000000   0.000000   )
 (  0.022273   0.000000     0.222589   0.000000     0.000000   0.000000   )
 (  0.004380   0.000000     0.011077   0.000000    -0.122360   0.000000   )
 ( -0.004380   0.000000    -0.011077   0.000000    -0.122360   0.000000   )
 (  0.004380   0.000000     0.011077   0.000000     0.122360   0.000000   )
 ( -0.004380   0.000000    -0.011077   0.000000     0.122360   0.000000   )
 (  0.035208   0.000000    -0.411632   0.000000    -0.000000   0.000000   )
 ( -0.035208   0.000000     0.411632   0.000000    -0.000000   0.000000   )
 ( -0.041190   0.000000     0.351855   0.000000    -0.000000   0.000000   )
 (  0.041190   0.000000    -0.351855   0.000000    -0.000000   0.000000   )
 ( -0.002230   0.000000     0.010416   0.000000    -0.149570   0.000000   )
 (  0.002230   0.000000    -0.010416   0.000000    -0.149570   0.000000   )
 (  0.017944   0.000000     0.179329   0.000000    -0.000000   0.000000   )
 ( -0.017944   0.000000    -0.179329   0.000000    -0.000000   0.000000   )
 ( -0.000000   0.000000     0.000000   0.000000    -0.001889   0.000000   )
 (  0.000000   0.000000    -0.000000   0.000000    -0.000000   0.000000   )
 (  0.000000   0.000000     0.000000   0.000000     0.001545   0.000000   )
 ( -0.000000   0.000000     0.000000   0.000000    -0.001545   0.000000   )
 (  0.000000   0.000000     0.000000   0.000000    -0.000000   0.000000   )
 (  0.000000   0.000000    -0.000000   0.000000     0.000000   0.000000   )
 ( -0.000000   0.000000     0.000000   0.000000     0.001889   0.000000   )
 (  0.006539   0.000000    -0.034900   0.000000     0.007385   0.000000   )
 (  0.006126   0.000000    -0.043501   0.000000     0.007908   0.000000   )
 ( -0.006126   0.000000     0.043501   0.000000     0.007908   0.000000   )
 ( -0.006539   0.000000     0.034900   0.000000     0.007385   0.000000   )
 (  0.004353   0.000000    -0.061216   0.000000     0.079028   0.000000   )
 (  0.003492   0.000000    -0.065344   0.000000     0.073798   0.000000   )
 ( -0.003492   0.000000     0.065344   0.000000     0.073798   0.000000   )
 ( -0.004353   0.000000     0.061216   0.000000     0.079028   0.000000   )
 (  0.003492   0.000000    -0.065344   0.000000    -0.073798   0.000000   )
 ( -0.003492   0.000000     0.065344   0.000000    -0.073798   0.000000   )
 (  0.006539   0.000000    -0.034900   0.000000    -0.007385   0.000000   )
 ( -0.006539   0.000000     0.034900   0.000000    -0.007385   0.000000   )
 ( -0.006126   0.000000     0.043501   0.000000    -0.007908   0.000000   )
 (  0.006126   0.000000    -0.043501   0.000000    -0.007908   0.000000   )
 ( -0.004353   0.000000     0.061216   0.000000    -0.079028   0.000000   )
 (  0.004353   0.000000    -0.061216   0.000000    -0.079028   0.000000   )
     freq (   10) =       1.544668 [THz] =      51.524571 [cm-1]
 ( -0.011077   0.000000     0.004380   0.000000    -0.122360   0.000000   )
 (  0.011077   0.000000    -0.004380   0.000000    -0.122360   0.000000   )
 (  0.222589   0.000000    -0.022273   0.000000     0.000000   0.000000   )
 ( -0.222589   0.000000     0.022273   0.000000     0.000000   0.000000   )
 ( -0.010416   0.000000    -0.002230   0.000000    -0.149570   0.000000   )
 (  0.010416   0.000000     0.002230   0.000000    -0.149570   0.000000   )
 ( -0.010416   0.000000    -0.002230   0.000000     0.149570   0.000000   )
 (  0.010416   0.000000     0.002230   0.000000     0.149570   0.000000   )
 ( -0.351855   0.000000    -0.041190   0.000000    -0.000000   0.000000   )
 (  0.351855   0.000000     0.041190   0.000000    -0.000000   0.000000   )
 (  0.411632   0.000000     0.035208   0.000000    -0.000000   0.000000   )
 ( -0.411632   0.000000    -0.035208   0.000000    -0.000000   0.000000   )
 ( -0.011077   0.000000     0.004380   0.000000     0.122360   0.000000   )
 (  0.011077   0.000000    -0.004380   0.000000     0.122360   0.000000   )
 ( -0.179329   0.000000     0.017944   0.000000    -0.000000   0.000000   )
 (  0.179329   0.000000    -0.017944   0.000000    -0.000000   0.000000   )
 (  0.000000   0.000000     0.000000   0.000000     0.001545   0.000000   )
 (  0.000000   0.000000     0.000000   0.000000    -0.000000   0.000000   )
 ( -0.000000   0.000000    -0.000000   0.000000     0.001889   0.000000   )
 (  0.000000   0.000000    -0.000000   0.000000    -0.001889   0.000000   )
 (  0.000000   0.000000     0.000000   0.000000     0.000000   0.000000   )
 (  0.000000   0.000000     0.000000   0.000000     0.000000   0.000000   )
 ( -0.000000   0.000000     0.000000   0.000000    -0.001545   0.000000   )
 ( -0.065344   0.000000    -0.003492   0.000000    -0.073798   0.000000   )
 ( -0.061216   0.000000    -0.004353   0.000000    -0.079028   0.000000   )
 (  0.061216   0.000000     0.004353   0.000000    -0.079028   0.000000   )
 (  0.065344   0.000000     0.003492   0.000000    -0.073798   0.000000   )
 ( -0.043501   0.000000    -0.006126   0.000000     0.007908   0.000000   )
 ( -0.034900   0.000000    -0.006539   0.000000     0.007385   0.000000   )
 (  0.034900   0.000000     0.006539   0.000000     0.007385   0.000000   )
 (  0.043501   0.000000     0.006126   0.000000     0.007908   0.000000   )
 ( -0.034900   0.000000    -0.006539   0.000000    -0.007385   0.000000   )
 (  0.034900   0.000000     0.006539   0.000000    -0.007385   0.000000   )
 ( -0.065344   0.000000    -0.003492   0.000000     0.073798   0.000000   )
 (  0.065344   0.000000     0.003492   0.000000     0.073798   0.000000   )
 (  0.061216   0.000000     0.004353   0.000000     0.079028   0.000000   )
 ( -0.061216   0.000000    -0.004353   0.000000     0.079028   0.000000   )
 (  0.043501   0.000000     0.006126   0.000000    -0.007908   0.000000   )
 ( -0.043501   0.000000    -0.006126   0.000000    -0.007908   0.000000   )
     freq (   11) =       1.569715 [THz] =      52.360047 [cm-1]
 ( -0.131230   0.000000    -0.131230   0.000000     0.005812   0.000000   )
 (  0.131230   0.000000     0.131230   0.000000     0.005812   0.000000   )
 ( -0.000000   0.000000     0.000000   0.000000     0.374442   0.000000   )
 (  0.000000   0.000000    -0.000000   0.000000     0.374442   0.000000   )
 ( -0.131230   0.000000     0.131230   0.000000     0.005812   0.000000   )
 (  0.131230   0.000000    -0.131230   0.000000     0.005812   0.000000   )
 (  0.131230   0.000000    -0.131230   0.000000     0.005812   0.000000   )
 ( -0.131230   0.000000     0.131230   0.000000     0.005812   0.000000   )
 (  0.000000   0.000000     0.000000   0.000000    -0.021651   0.000000   )
 ( -0.000000   0.000000    -0.000000   0.000000    -0.021651   0.000000   )
 ( -0.000000   0.000000    -0.000000   0.000000    -0.021651   0.000000   )
 (  0.000000   0.000000     0.000000   0.000000    -0.021651   0.000000   )
 (  0.131230   0.000000     0.131230   0.000000     0.005812   0.000000   )
 ( -0.131230   0.000000    -0.131230   0.000000     0.005812   0.000000   )
 (  0.000000   0.000000    -0.000000   0.000000    -0.285805   0.000000   )
 ( -0.000000   0.000000     0.000000   0.000000    -0.285805   0.000000   )
 ( -0.000000   0.000000    -0.000000   0.000000    -0.064780   0.000000   )
 ( -0.000000   0.000000    -0.000000   0.000000    -0.046495   0.000000   )
 (  0.000000   0.000000    -0.000000   0.000000    -0.064780   0.000000   )
 (  0.000000   0.000000    -0.000000   0.000000    -0.064780   0.000000   )
 ( -0.000000   0.000000     0.000000   0.000000    -0.001214   0.000000   )
 ( -0.000000   0.000000     0.000000   0.000000    -0.001214   0.000000   )
 ( -0.000000   0.000000    -0.000000   0.000000    -0.064780   0.000000   )
 ( -0.057910   0.000000     0.000000   0.000000     0.099961   0.000000   )
 (  0.034303   0.000000     0.000000   0.000000    -0.133885   0.000000   )
 ( -0.034303   0.000000    -0.000000   0.000000    -0.133885   0.000000   )
 (  0.057910   0.000000    -0.000000   0.000000     0.099961   0.000000   )
 ( -0.000000   0.000000    -0.034303   0.000000    -0.133885   0.000000   )
 ( -0.000000   0.000000     0.057910   0.000000     0.099961   0.000000   )
 (  0.000000   0.000000    -0.057910   0.000000     0.099961   0.000000   )
 (  0.000000   0.000000     0.034303   0.000000    -0.133885   0.000000   )
 ( -0.000000   0.000000    -0.057910   0.000000     0.099961   0.000000   )
 (  0.000000   0.000000     0.057910   0.000000     0.099961   0.000000   )
 (  0.057910   0.000000     0.000000   0.000000     0.099961   0.000000   )
 ( -0.057910   0.000000    -0.000000   0.000000     0.099961   0.000000   )
 (  0.034303   0.000000    -0.000000   0.000000    -0.133885   0.000000   )
 ( -0.034303   0.000000     0.000000   0.000000    -0.133885   0.000000   )
 (  0.000000   0.000000    -0.034303   0.000000    -0.133885   0.000000   )
 ( -0.000000   0.000000     0.034303   0.000000    -0.133885   0.000000   )
     freq (   12) =       1.604638 [THz] =      53.524965 [cm-1]
 ( -0.006304   0.000000     0.003719   0.000000     0.226596   0.000000   )
 (  0.006304   0.000000    -0.003719   0.000000     0.226596   0.000000   )
 ( -0.007168   0.000000     0.320005   0.000000    -0.000000   0.000000   )
 (  0.007168   0.000000    -0.320005   0.000000    -0.000000   0.000000   )
 (  0.006144   0.000000     0.003440   0.000000    -0.236981   0.000000   )
 ( -0.006144   0.000000    -0.003440   0.000000    -0.236981   0.000000   )
 (  0.006144   0.000000     0.003440   0.000000     0.236981   0.000000   )
 ( -0.006144   0.000000    -0.003440   0.000000     0.236981   0.000000   )
 (  0.000200   0.000000     0.007846   0.000000     0.000000   0.000000   )
 ( -0.000200   0.000000    -0.007846   0.000000     0.000000   0.000000   )
 ( -0.000176   0.000000    -0.008935   0.000000    -0.000000   0.000000   )
 (  0.000176   0.000000     0.008935   0.000000    -0.000000   0.000000   )
 ( -0.006304   0.000000     0.003719   0.000000    -0.226596   0.000000   )
 (  0.006304   0.000000    -0.003719   0.000000    -0.226596   0.000000   )
 (  0.006490   0.000000    -0.289722   0.000000     0.000000   0.000000   )
 ( -0.006490   0.000000     0.289722   0.000000     0.000000   0.000000   )
 (  0.000000   0.000000    -0.000000   0.000000    -0.024294   0.000000   )
 (  0.000000   0.000000    -0.000000   0.000000     0.000000   0.000000   )
 (  0.000000   0.000000    -0.000000   0.000000     0.025408   0.000000   )
 ( -0.000000   0.000000    -0.000000   0.000000    -0.025408   0.000000   )
 (  0.000000   0.000000    -0.000000   0.000000     0.000000   0.000000   )
 (  0.000000   0.000000    -0.000000   0.000000    -0.000000   0.000000   )
 ( -0.000000   0.000000    -0.000000   0.000000     0.024294   0.000000   )
 (  0.000810   0.000000    -0.070445   0.000000    -0.003104   0.000000   )
 (  0.000888   0.000000    -0.069841   0.000000    -0.002880   0.000000   )
 ( -0.000888   0.000000     0.069841   0.000000    -0.002880   0.000000   )
 ( -0.000810   0.000000     0.070445   0.000000    -0.003104   0.000000   )
 ( -0.001565   0.000000     0.039658   0.000000     0.128587   0.000000   )
 ( -0.001578   0.000000     0.036150   0.000000     0.138585   0.000000   )
 (  0.001578   0.000000    -0.036150   0.000000     0.138585   0.000000   )
 (  0.001565   0.000000    -0.039658   0.000000     0.128587   0.000000   )
 ( -0.001578   0.000000     0.036150   0.000000    -0.138585   0.000000   )
 (  0.001578   0.000000    -0.036150   0.000000    -0.138585   0.000000   )
 (  0.000810   0.000000    -0.070445   0.000000     0.003104   0.000000   )
 ( -0.000810   0.000000     0.070445   0.000000     0.003104   0.000000   )
 ( -0.000888   0.000000     0.069841   0.000000     0.002880   0.000000   )
 (  0.000888   0.000000    -0.069841   0.000000     0.002880   0.000000   )
 (  0.001565   0.000000    -0.039658   0.000000    -0.128587   0.000000   )
 ( -0.001565   0.000000     0.039658   0.000000    -0.128587   0.000000   )
     freq (   13) =       1.604638 [THz] =      53.524965 [cm-1]
 (  0.003440   0.000000    -0.006144   0.000000     0.236981   0.000000   )
 ( -0.003440   0.000000     0.006144   0.000000     0.236981   0.000000   )
 (  0.320005   0.000000     0.007168   0.000000     0.000000   0.000000   )
 ( -0.320005   0.000000    -0.007168   0.000000     0.000000   0.000000   )
 (  0.003719   0.000000     0.006304   0.000000     0.226596   0.000000   )
 ( -0.003719   0.000000    -0.006304   0.000000     0.226596   0.000000   )
 (  0.003719   0.000000     0.006304   0.000000    -0.226596   0.000000   )
 ( -0.003719   0.000000    -0.006304   0.000000    -0.226596   0.000000   )
 ( -0.008935   0.000000     0.000176   0.000000     0.000000   0.000000   )
 (  0.008935   0.000000    -0.000176   0.000000     0.000000   0.000000   )
 (  0.007846   0.000000    -0.000200   0.000000    -0.000000   0.000000   )
 ( -0.007846   0.000000     0.000200   0.000000    -0.000000   0.000000   )
 (  0.003440   0.000000    -0.006144   0.000000    -0.236981   0.000000   )
 ( -0.003440   0.000000     0.006144   0.000000    -0.236981   0.000000   )
 ( -0.289722   0.000000    -0.006490   0.000000    -0.000000   0.000000   )
 (  0.289722   0.000000     0.006490   0.000000    -0.000000   0.000000   )
 (  0.000000   0.000000     0.000000   0.000000    -0.025408   0.000000   )
 (  0.000000   0.000000    -0.000000   0.000000    -0.000000   0.000000   )
 (  0.000000   0.000000     0.000000   0.000000    -0.024294   0.000000   )
 ( -0.000000   0.000000     0.000000   0.000000     0.024294   0.000000   )
 (  0.000000   0.000000    -0.000000   0.000000     0.000000   0.000000   )
 (  0.000000   0.000000    -0.000000   0.000000    -0.000000   0.000000   )
 (  0.000000   0.000000     0.000000   0.000000     0.025408   0.000000   )
 ( -0.036150   0.000000    -0.001578   0.000000     0.138585   0.000000   )
 ( -0.039658   0.000000    -0.001565   0.000000     0.128587   0.000000   )
 (  0.039658   0.000000     0.001565   0.000000     0.128587   0.000000   )
 (  0.036150   0.000000     0.001578   0.000000     0.138585   0.000000   )
 (  0.069841   0.000000     0.000888   0.000000     0.002880   0.000000   )
 (  0.070445   0.000000     0.000810   0.000000     0.003104   0.000000   )
 ( -0.070445   0.000000    -0.000810   0.000000     0.003104   0.000000   )
 ( -0.069841   0.000000    -0.000888   0.000000     0.002880   0.000000   )
 (  0.070445   0.000000     0.000810   0.000000    -0.003104   0.000000   )
 ( -0.070445   0.000000    -0.000810   0.000000    -0.003104   0.000000   )
 ( -0.036150   0.000000    -0.001578   0.000000    -0.138585   0.000000   )
 (  0.036150   0.000000     0.001578   0.000000    -0.138585   0.000000   )
 (  0.039658   0.000000     0.001565   0.000000    -0.128587   0.000000   )
 ( -0.039658   0.000000    -0.001565   0.000000    -0.128587   0.000000   )
 ( -0.069841   0.000000    -0.000888   0.000000    -0.002880   0.000000   )
 (  0.069841   0.000000     0.000888   0.000000    -0.002880   0.000000   )
     freq (   14) =       1.650640 [THz] =      55.059422 [cm-1]
 ( -0.124891   0.000000     0.124891   0.000000    -0.000000   0.000000   )
 (  0.124891   0.000000    -0.124891   0.000000    -0.000000   0.000000   )
 ( -0.000000   0.000000    -0.000000   0.000000    -0.000000   0.000000   )
 (  0.000000   0.000000     0.000000   0.000000    -0.000000   0.000000   )
 ( -0.124891   0.000000    -0.124891   0.000000     0.000000   0.000000   )
 (  0.124891   0.000000     0.124891   0.000000     0.000000   0.000000   )
 (  0.124891   0.000000     0.124891   0.000000    -0.000000   0.000000   )
 ( -0.124891   0.000000    -0.124891   0.000000    -0.000000   0.000000   )
 ( -0.000000   0.000000    -0.000000   0.000000     0.352941   0.000000   )
 (  0.000000   0.000000    -0.000000   0.000000     0.352941   0.000000   )
 (  0.000000   0.000000     0.000000   0.000000    -0.352941   0.000000   )
 (  0.000000   0.000000     0.000000   0.000000    -0.352941   0.000000   )
 (  0.124891   0.000000    -0.124891   0.000000     0.000000   0.000000   )
 ( -0.124891   0.000000     0.124891   0.000000     0.000000   0.000000   )
 (  0.000000   0.000000     0.000000   0.000000     0.000000   0.000000   )
 ( -0.000000   0.000000    -0.000000   0.000000     0.000000   0.000000   )
 ( -0.000000   0.000000     0.000000   0.000000     0.000000   0.000000   )
 ( -0.000000   0.000000     0.000000   0.000000     0.000000   0.000000   )
 (  0.000000   0.000000     0.000000   0.000000     0.000000   0.000000   )
 ( -0.000000   0.000000     0.000000   0.000000     0.000000   0.000000   )
 ( -0.000000   0.000000     0.000000   0.000000     0.053300   0.000000   )
 ( -0.000000   0.000000    -0.000000   0.000000    -0.053300   0.000000   )
 ( -0.000000   0.000000     0.000000   0.000000     0.000000   0.000000   )
 ( -0.048638   0.000000     0.000000   0.000000    -0.106245   0.000000   )
 (  0.059295   0.000000     0.000000   0.000000     0.116794   0.000000   )
 ( -0.059295   0.000000    -0.000000   0.000000     0.116794   0.000000   )
 (  0.048638   0.000000    -0.000000   0.000000    -0.106245   0.000000   )
 ( -0.000000   0.000000     0.059295   0.000000    -0.116794   0.000000   )
 ( -0.000000   0.000000    -0.048638   0.000000     0.106245   0.000000   )
 (  0.000000   0.000000     0.048638   0.000000     0.106245   0.000000   )
 (  0.000000   0.000000    -0.059295   0.000000    -0.116794   0.000000   )
 ( -0.000000   0.000000     0.048638   0.000000     0.106245   0.000000   )
 (  0.000000   0.000000    -0.048638   0.000000     0.106245   0.000000   )
 (  0.048638   0.000000     0.000000   0.000000    -0.106245   0.000000   )
 ( -0.048638   0.000000    -0.000000   0.000000    -0.106245   0.000000   )
 (  0.059295   0.000000    -0.000000   0.000000     0.116794   0.000000   )
 ( -0.059295   0.000000     0.000000   0.000000     0.116794   0.000000   )
 (  0.000000   0.000000     0.059295   0.000000    -0.116794   0.000000   )
 ( -0.000000   0.000000    -0.059295   0.000000    -0.116794   0.000000   )
     freq (   15) =       1.803660 [THz] =      60.163617 [cm-1]
 (  0.238377   0.000000    -0.238377   0.000000     0.000000   0.000000   )
 ( -0.238377   0.000000     0.238377   0.000000     0.000000   0.000000   )
 (  0.000000   0.000000    -0.000000   0.000000     0.000000   0.000000   )
 (  0.000000   0.000000    -0.000000   0.000000     0.000000   0.000000   )
 ( -0.238377   0.000000    -0.238377   0.000000    -0.000000   0.000000   )
 (  0.238377   0.000000     0.238377   0.000000    -0.000000   0.000000   )
 (  0.238377   0.000000     0.238377   0.000000    -0.000000   0.000000   )
 ( -0.238377   0.000000    -0.238377   0.000000     0.000000   0.000000   )
 ( -0.000000   0.000000    -0.000000   0.000000     0.000000   0.000000   )
 ( -0.000000   0.000000    -0.000000   0.000000     0.000000   0.000000   )
 (  0.000000   0.000000     0.000000   0.000000    -0.000000   0.000000   )
 (  0.000000   0.000000     0.000000   0.000000    -0.000000   0.000000   )
 ( -0.238377   0.000000     0.238377   0.000000     0.000000   0.000000   )
 (  0.238377   0.000000    -0.238377   0.000000     0.000000   0.000000   )
 (  0.000000   0.000000     0.000000   0.000000     0.000000   0.000000   )
 ( -0.000000   0.000000     0.000000   0.000000     0.000000   0.000000   )
 ( -0.000000   0.000000     0.000000   0.000000     0.000000   0.000000   )
 ( -0.000000   0.000000     0.000000   0.000000     0.000000   0.000000   )
 ( -0.000000   0.000000     0.000000   0.000000     0.000000   0.000000   )
 ( -0.000000   0.000000     0.000000   0.000000     0.000000   0.000000   )
 ( -0.000000   0.000000     0.000000   0.000000    -0.000000   0.000000   )
 ( -0.000000   0.000000     0.000000   0.000000     0.000000   0.000000   )
 ( -0.000000   0.000000     0.000000   0.000000    -0.000000   0.000000   )
 ( -0.000000   0.000000    -0.082610   0.000000    -0.000000   0.000000   )
 ( -0.000000   0.000000     0.067295   0.000000    -0.000000   0.000000   )
 ( -0.000000   0.000000    -0.067295   0.000000     0.000000   0.000000   )
 (  0.000000   0.000000     0.082610   0.000000     0.000000   0.000000   )
 (  0.067295   0.000000     0.000000   0.000000    -0.000000   0.000000   )
 ( -0.082610   0.000000    -0.000000   0.000000     0.000000   0.000000   )
 (  0.082610   0.000000    -0.000000   0.000000     0.000000   0.000000   )
 ( -0.067295   0.000000     0.000000   0.000000     0.000000   0.000000   )
 (  0.082610   0.000000    -0.000000   0.000000     0.000000   0.000000   )
 ( -0.082610   0.000000    -0.000000   0.000000    -0.000000   0.000000   )
 (  0.000000   0.000000     0.082610   0.000000    -0.000000   0.000000   )
 ( -0.000000   0.000000    -0.082610   0.000000     0.000000   0.000000   )
 ( -0.000000   0.000000     0.067295   0.000000     0.000000   0.000000   )
 ( -0.000000   0.000000    -0.067295   0.000000     0.000000   0.000000   )
 (  0.067295   0.000000     0.000000   0.000000    -0.000000   0.000000   )
 ( -0.067295   0.000000     0.000000   0.000000     0.000000   0.000000   )
     freq (   16) =       1.855518 [THz] =      61.893415 [cm-1]
 (  0.025562   0.000000    -0.030854   0.000000     0.000685   0.000000   )
 (  0.025562   0.000000    -0.030854   0.000000    -0.000685   0.000000   )
 ( -0.008646   0.000000     0.385502   0.000000    -0.000000   0.000000   )
 ( -0.008646   0.000000     0.385502   0.000000    -0.000000   0.000000   )
 ( -0.024203   0.000000    -0.029738   0.000000    -0.000717   0.000000   )
 ( -0.024203   0.000000    -0.029738   0.000000     0.000717   0.000000   )
 ( -0.024203   0.000000    -0.029738   0.000000     0.000717   0.000000   )
 ( -0.024203   0.000000    -0.029738   0.000000    -0.000717   0.000000   )
 (  0.005000   0.000000     0.355114   0.000000     0.000000   0.000000   )
 (  0.005000   0.000000     0.355114   0.000000     0.000000   0.000000   )
 ( -0.007964   0.000000    -0.222924   0.000000    -0.000000   0.000000   )
 ( -0.007964   0.000000    -0.222924   0.000000    -0.000000   0.000000   )
 (  0.025562   0.000000    -0.030854   0.000000    -0.000685   0.000000   )
 (  0.025562   0.000000    -0.030854   0.000000     0.000685   0.000000   )
 (  0.003757   0.000000    -0.167499   0.000000     0.000000   0.000000   )
 (  0.003757   0.000000    -0.167499   0.000000     0.000000   0.000000   )
 (  0.021780   0.000000    -0.213233   0.000000    -0.000000   0.000000   )
 (  0.002017   0.000000    -0.089937   0.000000    -0.000000   0.000000   )
 ( -0.012232   0.000000    -0.212470   0.000000    -0.000000   0.000000   )
 ( -0.012232   0.000000    -0.212470   0.000000    -0.000000   0.000000   )
 (  0.001911   0.000000    -0.076717   0.000000    -0.000000   0.000000   )
 (  0.001721   0.000000    -0.085187   0.000000    -0.000000   0.000000   )
 (  0.021780   0.000000    -0.213233   0.000000    -0.000000   0.000000   )
 ( -0.001213   0.000000    -0.041160   0.000000     0.000386   0.000000   )
 (  0.002601   0.000000    -0.031352   0.000000     0.000397   0.000000   )
 (  0.002601   0.000000    -0.031352   0.000000    -0.000397   0.000000   )
 ( -0.001213   0.000000    -0.041160   0.000000    -0.000386   0.000000   )
 (  0.000703   0.000000    -0.115987   0.000000     0.017722   0.000000   )
 (  0.000923   0.000000     0.054063   0.000000     0.017189   0.000000   )
 (  0.000923   0.000000     0.054063   0.000000    -0.017189   0.000000   )
 (  0.000703   0.000000    -0.115987   0.000000    -0.017722   0.000000   )
 (  0.000923   0.000000     0.054063   0.000000    -0.017189   0.000000   )
 (  0.000923   0.000000     0.054063   0.000000     0.017189   0.000000   )
 ( -0.001213   0.000000    -0.041160   0.000000    -0.000386   0.000000   )
 ( -0.001213   0.000000    -0.041160   0.000000     0.000386   0.000000   )
 (  0.002601   0.000000    -0.031352   0.000000     0.000397   0.000000   )
 (  0.002601   0.000000    -0.031352   0.000000    -0.000397   0.000000   )
 (  0.000703   0.000000    -0.115987   0.000000     0.017722   0.000000   )
 (  0.000703   0.000000    -0.115987   0.000000    -0.017722   0.000000   )
     freq (   17) =       1.855518 [THz] =      61.893415 [cm-1]
 (  0.029738   0.000000    -0.024203   0.000000    -0.000717   0.000000   )
 (  0.029738   0.000000    -0.024203   0.000000     0.000717   0.000000   )
 ( -0.385502   0.000000    -0.008646   0.000000     0.000000   0.000000   )
 ( -0.385502   0.000000    -0.008646   0.000000     0.000000   0.000000   )
 (  0.030854   0.000000     0.025562   0.000000    -0.000685   0.000000   )
 (  0.030854   0.000000     0.025562   0.000000     0.000685   0.000000   )
 (  0.030854   0.000000     0.025562   0.000000     0.000685   0.000000   )
 (  0.030854   0.000000     0.025562   0.000000    -0.000685   0.000000   )
 (  0.222924   0.000000    -0.007964   0.000000     0.000000   0.000000   )
 (  0.222924   0.000000    -0.007964   0.000000    -0.000000   0.000000   )
 ( -0.355114   0.000000     0.005000   0.000000    -0.000000   0.000000   )
 ( -0.355114   0.000000     0.005000   0.000000    -0.000000   0.000000   )
 (  0.029738   0.000000    -0.024203   0.000000     0.000717   0.000000   )
 (  0.029738   0.000000    -0.024203   0.000000    -0.000717   0.000000   )
 (  0.167499   0.000000     0.003757   0.000000     0.000000   0.000000   )
 (  0.167499   0.000000     0.003757   0.000000     0.000000   0.000000   )
 (  0.212470   0.000000    -0.012232   0.000000     0.000000   0.000000   )
 (  0.089937   0.000000     0.002017   0.000000    -0.000000   0.000000   )
 (  0.213233   0.000000     0.021780   0.000000    -0.000000   0.000000   )
 (  0.213233   0.000000     0.021780   0.000000     0.000000   0.000000   )
 (  0.085187   0.000000     0.001721   0.000000     0.000000   0.000000   )
 (  0.076717   0.000000     0.001911   0.000000    -0.000000   0.000000   )
 (  0.212470   0.000000    -0.012232   0.000000     0.000000   0.000000   )
 ( -0.054063   0.000000     0.000923   0.000000     0.017189   0.000000   )
 (  0.115987   0.000000     0.000703   0.000000     0.017722   0.000000   )
 (  0.115987   0.000000     0.000703   0.000000    -0.017722   0.000000   )
 ( -0.054063   0.000000     0.000923   0.000000    -0.017189   0.000000   )
 (  0.031352   0.000000     0.002601   0.000000    -0.000397   0.000000   )
 (  0.041160   0.000000    -0.001213   0.000000    -0.000386   0.000000   )
 (  0.041160   0.000000    -0.001213   0.000000     0.000386   0.000000   )
 (  0.031352   0.000000     0.002601   0.000000     0.000397   0.000000   )
 (  0.041160   0.000000    -0.001213   0.000000     0.000386   0.000000   )
 (  0.041160   0.000000    -0.001213   0.000000    -0.000386   0.000000   )
 ( -0.054063   0.000000     0.000923   0.000000    -0.017189   0.000000   )
 ( -0.054063   0.000000     0.000923   0.000000     0.017189   0.000000   )
 (  0.115987   0.000000     0.000703   0.000000     0.017722   0.000000   )
 (  0.115987   0.000000     0.000703   0.000000    -0.017722   0.000000   )
 (  0.031352   0.000000     0.002601   0.000000    -0.000397   0.000000   )
 (  0.031352   0.000000     0.002601   0.000000     0.000397   0.000000   )
     freq (   18) =       1.882783 [THz] =      62.802890 [cm-1]
 ( -0.223626   0.000000    -0.223626   0.000000    -0.105256   0.000000   )
 (  0.223626   0.000000     0.223626   0.000000    -0.105256   0.000000   )
 ( -0.000000   0.000000    -0.000000   0.000000     0.000000   0.000000   )
 ( -0.000000   0.000000    -0.000000   0.000000     0.000000   0.000000   )
 (  0.223626   0.000000    -0.223626   0.000000     0.105256   0.000000   )
 ( -0.223626   0.000000     0.223626   0.000000     0.105256   0.000000   )
 ( -0.223626   0.000000     0.223626   0.000000     0.105256   0.000000   )
 (  0.223626   0.000000    -0.223626   0.000000     0.105256   0.000000   )
 (  0.000000   0.000000    -0.000000   0.000000    -0.000000   0.000000   )
 (  0.000000   0.000000    -0.000000   0.000000    -0.000000   0.000000   )
 ( -0.000000   0.000000     0.000000   0.000000     0.000000   0.000000   )
 ( -0.000000   0.000000     0.000000   0.000000     0.000000   0.000000   )
 (  0.223626   0.000000     0.223626   0.000000    -0.105256   0.000000   )
 ( -0.223626   0.000000    -0.223626   0.000000    -0.105256   0.000000   )
 (  0.000000   0.000000     0.000000   0.000000    -0.000000   0.000000   )
 (  0.000000   0.000000     0.000000   0.000000     0.000000   0.000000   )
 (  0.000000   0.000000     0.000000   0.000000     0.002377   0.000000   )
 (  0.000000   0.000000     0.000000   0.000000     0.000000   0.000000   )
 (  0.000000   0.000000     0.000000   0.000000    -0.002377   0.000000   )
 (  0.000000   0.000000     0.000000   0.000000    -0.002377   0.000000   )
 (  0.000000   0.000000     0.000000   0.000000     0.000000   0.000000   )
 ( -0.000000   0.000000     0.000000   0.000000     0.000000   0.000000   )
 (  0.000000   0.000000     0.000000   0.000000     0.002377   0.000000   )
 ( -0.000000   0.000000    -0.073001   0.000000     0.000000   0.000000   )
 (  0.000000   0.000000     0.092585   0.000000    -0.000000   0.000000   )
 (  0.000000   0.000000    -0.092585   0.000000    -0.000000   0.000000   )
 ( -0.000000   0.000000     0.073001   0.000000     0.000000   0.000000   )
 ( -0.092585   0.000000     0.000000   0.000000     0.000000   0.000000   )
 (  0.073001   0.000000     0.000000   0.000000    -0.000000   0.000000   )
 ( -0.073001   0.000000    -0.000000   0.000000    -0.000000   0.000000   )
 (  0.092585   0.000000     0.000000   0.000000     0.000000   0.000000   )
 ( -0.073001   0.000000    -0.000000   0.000000     0.000000   0.000000   )
 (  0.073001   0.000000    -0.000000   0.000000    -0.000000   0.000000   )
 ( -0.000000   0.000000     0.073001   0.000000     0.000000   0.000000   )
 ( -0.000000   0.000000    -0.073001   0.000000     0.000000   0.000000   )
 (  0.000000   0.000000     0.092585   0.000000    -0.000000   0.000000   )
 (  0.000000   0.000000    -0.092585   0.000000    -0.000000   0.000000   )
 ( -0.092585   0.000000     0.000000   0.000000    -0.000000   0.000000   )
 (  0.092585   0.000000     0.000000   0.000000     0.000000   0.000000   )
     freq (   19) =       2.027965 [THz] =      67.645644 [cm-1]
 (  0.231673   0.000000    -0.231673   0.000000    -0.000000   0.000000   )
 (  0.231673   0.000000    -0.231673   0.000000    -0.000000   0.000000   )
 (  0.000000   0.000000    -0.000000   0.000000     0.000000   0.000000   )
 ( -0.000000   0.000000    -0.000000   0.000000     0.000000   0.000000   )
 ( -0.231673   0.000000    -0.231673   0.000000     0.000000   0.000000   )
 ( -0.231673   0.000000    -0.231673   0.000000     0.000000   0.000000   )
 (  0.231673   0.000000     0.231673   0.000000     0.000000   0.000000   )
 (  0.231673   0.000000     0.231673   0.000000     0.000000   0.000000   )
 ( -0.000000   0.000000    -0.000000   0.000000    -0.000000   0.000000   )
 ( -0.000000   0.000000     0.000000   0.000000    -0.000000   0.000000   )
 (  0.000000   0.000000    -0.000000   0.000000    -0.000000   0.000000   )
 ( -0.000000   0.000000     0.000000   0.000000    -0.000000   0.000000   )
 ( -0.231673   0.000000     0.231673   0.000000    -0.000000   0.000000   )
 ( -0.231673   0.000000     0.231673   0.000000    -0.000000   0.000000   )
 ( -0.000000   0.000000    -0.000000   0.000000     0.000000   0.000000   )
 ( -0.000000   0.000000    -0.000000   0.000000     0.000000   0.000000   )
 ( -0.067878   0.000000     0.067878   0.000000     0.000000   0.000000   )
 (  0.000000   0.000000     0.000000   0.000000     0.000000   0.000000   )
 (  0.067878   0.000000     0.067878   0.000000     0.000000   0.000000   )
 ( -0.067878   0.000000    -0.067878   0.000000     0.000000   0.000000   )
 (  0.000000   0.000000     0.000000   0.000000     0.000000   0.000000   )
 (  0.000000   0.000000     0.000000   0.000000     0.000000   0.000000   )
 (  0.067878   0.000000    -0.067878   0.000000     0.000000   0.000000   )
 (  0.000000   0.000000    -0.089062   0.000000     0.000000   0.000000   )
 ( -0.000000   0.000000    -0.071528   0.000000     0.000000   0.000000   )
 ( -0.000000   0.000000    -0.071528   0.000000    -0.000000   0.000000   )
 (  0.000000   0.000000    -0.089062   0.000000     0.000000   0.000000   )
 (  0.071528   0.000000     0.000000   0.000000    -0.000000   0.000000   )
 (  0.089062   0.000000     0.000000   0.000000    -0.000000   0.000000   )
 (  0.089062   0.000000     0.000000   0.000000     0.000000   0.000000   )
 (  0.071528   0.000000    -0.000000   0.000000     0.000000   0.000000   )
 ( -0.089062   0.000000    -0.000000   0.000000     0.000000   0.000000   )
 ( -0.089062   0.000000     0.000000   0.000000     0.000000   0.000000   )
 (  0.000000   0.000000     0.089062   0.000000     0.000000   0.000000   )
 (  0.000000   0.000000     0.089062   0.000000     0.000000   0.000000   )
 ( -0.000000   0.000000     0.071528   0.000000     0.000000   0.000000   )
 (  0.000000   0.000000     0.071528   0.000000     0.000000   0.000000   )
 ( -0.071528   0.000000     0.000000   0.000000     0.000000   0.000000   )
 ( -0.071528   0.000000    -0.000000   0.000000     0.000000   0.000000   )
     freq (   20) =       2.100514 [THz] =      70.065595 [cm-1]
 ( -0.102573   0.000000    -0.247510   0.000000    -0.000074   0.000000   )
 (  0.102573   0.000000     0.247510   0.000000    -0.000074   0.000000   )
 ( -0.035086   0.000000    -0.170261   0.000000     0.000000   0.000000   )
 (  0.035086   0.000000     0.170261   0.000000     0.000000   0.000000   )
 (  0.005136   0.000000    -0.225314   0.000000     0.000048   0.000000   )
 ( -0.005136   0.000000     0.225314   0.000000     0.000048   0.000000   )
 (  0.005136   0.000000    -0.225314   0.000000    -0.000048   0.000000   )
 ( -0.005136   0.000000     0.225314   0.000000    -0.000048   0.000000   )
 ( -0.060171   0.000000    -0.264324   0.000000    -0.000000   0.000000   )
 (  0.060171   0.000000     0.264324   0.000000    -0.000000   0.000000   )
 ( -0.054470   0.000000    -0.291990   0.000000    -0.000000   0.000000   )
 (  0.054470   0.000000     0.291990   0.000000    -0.000000   0.000000   )
 ( -0.102573   0.000000    -0.247510   0.000000     0.000074   0.000000   )
 (  0.102573   0.000000     0.247510   0.000000     0.000074   0.000000   )
 ( -0.039533   0.000000    -0.191839   0.000000     0.000000   0.000000   )
 (  0.039533   0.000000     0.191839   0.000000     0.000000   0.000000   )
 (  0.000000   0.000000    -0.000000   0.000000    -0.029507   0.000000   )
 (  0.000000   0.000000     0.000000   0.000000    -0.000000   0.000000   )
 ( -0.000000   0.000000    -0.000000   0.000000     0.019424   0.000000   )
 ( -0.000000   0.000000    -0.000000   0.000000    -0.019424   0.000000   )
 (  0.000000   0.000000    -0.000000   0.000000     0.000000   0.000000   )
 ( -0.000000   0.000000    -0.000000   0.000000     0.000000   0.000000   )
 (  0.000000   0.000000    -0.000000   0.000000     0.029507   0.000000   )
 (  0.006654   0.000000    -0.059191   0.000000     0.006163   0.000000   )
 ( -0.006537   0.000000     0.061059   0.000000    -0.006524   0.000000   )
 (  0.006537   0.000000    -0.061059   0.000000    -0.006524   0.000000   )
 ( -0.006654   0.000000     0.059191   0.000000     0.006163   0.000000   )
 ( -0.012583   0.000000     0.031722   0.000000    -0.031657   0.000000   )
 (  0.012198   0.000000    -0.032291   0.000000     0.029908   0.000000   )
 ( -0.012198   0.000000     0.032291   0.000000     0.029908   0.000000   )
 (  0.012583   0.000000    -0.031722   0.000000    -0.031657   0.000000   )
 (  0.012198   0.000000    -0.032291   0.000000    -0.029908   0.000000   )
 ( -0.012198   0.000000     0.032291   0.000000    -0.029908   0.000000   )
 (  0.006654   0.000000    -0.059191   0.000000    -0.006163   0.000000   )
 ( -0.006654   0.000000     0.059191   0.000000    -0.006163   0.000000   )
 (  0.006537   0.000000    -0.061059   0.000000     0.006524   0.000000   )
 ( -0.006537   0.000000     0.061059   0.000000     0.006524   0.000000   )
 (  0.012583   0.000000    -0.031722   0.000000     0.031657   0.000000   )
 ( -0.012583   0.000000     0.031722   0.000000     0.031657   0.000000   )
     freq (   21) =       2.100514 [THz] =      70.065595 [cm-1]
 ( -0.225314   0.000000    -0.005136   0.000000    -0.000048   0.000000   )
 (  0.225314   0.000000     0.005136   0.000000    -0.000048   0.000000   )
 ( -0.170261   0.000000     0.035086   0.000000    -0.000000   0.000000   )
 (  0.170261   0.000000    -0.035086   0.000000     0.000000   0.000000   )
 ( -0.247510   0.000000     0.102573   0.000000    -0.000074   0.000000   )
 (  0.247510   0.000000    -0.102573   0.000000    -0.000074   0.000000   )
 ( -0.247510   0.000000     0.102573   0.000000     0.000074   0.000000   )
 (  0.247510   0.000000    -0.102573   0.000000     0.000074   0.000000   )
 ( -0.291990   0.000000     0.054470   0.000000    -0.000000   0.000000   )
 (  0.291990   0.000000    -0.054470   0.000000    -0.000000   0.000000   )
 ( -0.264324   0.000000     0.060171   0.000000    -0.000000   0.000000   )
 (  0.264324   0.000000    -0.060171   0.000000     0.000000   0.000000   )
 ( -0.225314   0.000000    -0.005136   0.000000     0.000048   0.000000   )
 (  0.225314   0.000000     0.005136   0.000000     0.000048   0.000000   )
 ( -0.191839   0.000000     0.039533   0.000000    -0.000000   0.000000   )
 (  0.191839   0.000000    -0.039533   0.000000     0.000000   0.000000   )
 ( -0.000000   0.000000     0.000000   0.000000    -0.019424   0.000000   )
 ( -0.000000   0.000000     0.000000   0.000000     0.000000   0.000000   )
 (  0.000000   0.000000     0.000000   0.000000    -0.029507   0.000000   )
 ( -0.000000   0.000000     0.000000   0.000000     0.029507   0.000000   )
 (  0.000000   0.000000     0.000000   0.000000     0.000000   0.000000   )
 (  0.000000   0.000000     0.000000   0.000000     0.000000   0.000000   )
 (  0.000000   0.000000     0.000000   0.000000     0.019424   0.000000   )
 (  0.032291   0.000000     0.012198   0.000000     0.029908   0.000000   )
 ( -0.031722   0.000000    -0.012583   0.000000    -0.031657   0.000000   )
 (  0.031722   0.000000     0.012583   0.000000    -0.031657   0.000000   )
 ( -0.032291   0.000000    -0.012198   0.000000     0.029908   0.000000   )
 ( -0.061059   0.000000    -0.006537   0.000000     0.006524   0.000000   )
 (  0.059191   0.000000     0.006654   0.000000    -0.006163   0.000000   )
 ( -0.059191   0.000000    -0.006654   0.000000    -0.006163   0.000000   )
 (  0.061059   0.000000     0.006537   0.000000     0.006524   0.000000   )
 (  0.059191   0.000000     0.006654   0.000000     0.006163   0.000000   )
 ( -0.059191   0.000000    -0.006654   0.000000     0.006163   0.000000   )
 (  0.032291   0.000000     0.012198   0.000000    -0.029908   0.000000   )
 ( -0.032291   0.000000    -0.012198   0.000000    -0.029908   0.000000   )
 (  0.031722   0.000000     0.012583   0.000000     0.031657   0.000000   )
 ( -0.031722   0.000000    -0.012583   0.000000     0.031657   0.000000   )
 (  0.061059   0.000000     0.006537   0.000000    -0.006524   0.000000   )
 ( -0.061059   0.000000    -0.006537   0.000000    -0.006524   0.000000   )
     freq (   22) =       2.143111 [THz] =      71.486487 [cm-1]
 ( -0.126569   0.000000     0.054500   0.000000    -0.013889   0.000000   )
 ( -0.126569   0.000000     0.054500   0.000000     0.013889   0.000000   )
 (  0.142891   0.000000     0.008565   0.000000    -0.000000   0.000000   )
 (  0.142891   0.000000     0.008565   0.000000    -0.000000   0.000000   )
 ( -0.134038   0.000000    -0.070120   0.000000    -0.012319   0.000000   )
 ( -0.134038   0.000000    -0.070120   0.000000     0.012319   0.000000   )
 ( -0.134038   0.000000    -0.070120   0.000000     0.012319   0.000000   )
 ( -0.134038   0.000000    -0.070120   0.000000    -0.012319   0.000000   )
 (  0.272430   0.000000     0.000533   0.000000     0.000000   0.000000   )
 (  0.272430   0.000000     0.000533   0.000000     0.000000   0.000000   )
 (  0.008888   0.000000     0.016329   0.000000     0.000000   0.000000   )
 (  0.008888   0.000000     0.016329   0.000000     0.000000   0.000000   )
 ( -0.126569   0.000000     0.054500   0.000000     0.013889   0.000000   )
 ( -0.126569   0.000000     0.054500   0.000000    -0.013889   0.000000   )
 (  0.382199   0.000000     0.022908   0.000000    -0.000000   0.000000   )
 (  0.382199   0.000000     0.022908   0.000000    -0.000000   0.000000   )
 ( -0.227621   0.000000     0.001757   0.000000    -0.000000   0.000000   )
 ( -0.172646   0.000000    -0.010348   0.000000     0.000000   0.000000   )
 ( -0.229474   0.000000    -0.029154   0.000000     0.000000   0.000000   )
 ( -0.229474   0.000000    -0.029154   0.000000    -0.000000   0.000000   )
 ( -0.184426   0.000000    -0.007054   0.000000     0.000000   0.000000   )
 ( -0.117692   0.000000    -0.011054   0.000000     0.000000   0.000000   )
 ( -0.227621   0.000000     0.001757   0.000000     0.000000   0.000000   )
 ( -0.052287   0.000000    -0.003572   0.000000    -0.054223   0.000000   )
 (  0.026976   0.000000    -0.003834   0.000000    -0.026564   0.000000   )
 (  0.026976   0.000000    -0.003834   0.000000     0.026564   0.000000   )
 ( -0.052287   0.000000    -0.003572   0.000000     0.054223   0.000000   )
 ( -0.063973   0.000000     0.001617   0.000000     0.001592   0.000000   )
 ( -0.059603   0.000000    -0.003134   0.000000     0.003250   0.000000   )
 ( -0.059603   0.000000    -0.003134   0.000000    -0.003250   0.000000   )
 ( -0.063973   0.000000     0.001617   0.000000    -0.001592   0.000000   )
 ( -0.059603   0.000000    -0.003134   0.000000    -0.003250   0.000000   )
 ( -0.059603   0.000000    -0.003134   0.000000     0.003250   0.000000   )
 ( -0.052287   0.000000    -0.003572   0.000000     0.054223   0.000000   )
 ( -0.052287   0.000000    -0.003572   0.000000    -0.054223   0.000000   )
 (  0.026976   0.000000    -0.003834   0.000000    -0.026564   0.000000   )
 (  0.026976   0.000000    -0.003834   0.000000     0.026564   0.000000   )
 ( -0.063973   0.000000     0.001617   0.000000     0.001592   0.000000   )
 ( -0.063973   0.000000     0.001617   0.000000    -0.001592   0.000000   )
     freq (   23) =       2.143111 [THz] =      71.486487 [cm-1]
 (  0.070120   0.000000    -0.134038   0.000000    -0.012319   0.000000   )
 (  0.070120   0.000000    -0.134038   0.000000     0.012319   0.000000   )
 ( -0.008565   0.000000     0.142891   0.000000    -0.000000   0.000000   )
 ( -0.008565   0.000000     0.142891   0.000000     0.000000   0.000000   )
 ( -0.054500   0.000000    -0.126569   0.000000     0.013889   0.000000   )
 ( -0.054500   0.000000    -0.126569   0.000000    -0.013889   0.000000   )
 ( -0.054500   0.000000    -0.126569   0.000000    -0.013889   0.000000   )
 ( -0.054500   0.000000    -0.126569   0.000000     0.013889   0.000000   )
 ( -0.016329   0.000000     0.008888   0.000000     0.000000   0.000000   )
 ( -0.016329   0.000000     0.008888   0.000000     0.000000   0.000000   )
 ( -0.000533   0.000000     0.272430   0.000000     0.000000   0.000000   )
 ( -0.000533   0.000000     0.272430   0.000000     0.000000   0.000000   )
 (  0.070120   0.000000    -0.134038   0.000000     0.012319   0.000000   )
 (  0.070120   0.000000    -0.134038   0.000000    -0.012319   0.000000   )
 ( -0.022908   0.000000     0.382199   0.000000     0.000000   0.000000   )
 ( -0.022908   0.000000     0.382199   0.000000    -0.000000   0.000000   )
 (  0.029154   0.000000    -0.229474   0.000000    -0.000000   0.000000   )
 (  0.010348   0.000000    -0.172646   0.000000    -0.000000   0.000000   )
 ( -0.001757   0.000000    -0.227621   0.000000    -0.000000   0.000000   )
 ( -0.001757   0.000000    -0.227621   0.000000    -0.000000   0.000000   )
 (  0.011054   0.000000    -0.117692   0.000000    -0.000000   0.000000   )
 (  0.007054   0.000000    -0.184426   0.000000    -0.000000   0.000000   )
 (  0.029154   0.000000    -0.229474   0.000000    -0.000000   0.000000   )
 (  0.003134   0.000000    -0.059603   0.000000     0.003250   0.000000   )
 ( -0.001617   0.000000    -0.063973   0.000000     0.001592   0.000000   )
 ( -0.001617   0.000000    -0.063973   0.000000    -0.001592   0.000000   )
 (  0.003134   0.000000    -0.059603   0.000000    -0.003250   0.000000   )
 (  0.003834   0.000000     0.026976   0.000000     0.026564   0.000000   )
 (  0.003572   0.000000    -0.052287   0.000000     0.054223   0.000000   )
 (  0.003572   0.000000    -0.052287   0.000000    -0.054223   0.000000   )
 (  0.003834   0.000000     0.026976   0.000000    -0.026564   0.000000   )
 (  0.003572   0.000000    -0.052287   0.000000    -0.054223   0.000000   )
 (  0.003572   0.000000    -0.052287   0.000000     0.054223   0.000000   )
 (  0.003134   0.000000    -0.059603   0.000000    -0.003250   0.000000   )
 (  0.003134   0.000000    -0.059603   0.000000     0.003250   0.000000   )
 ( -0.001617   0.000000    -0.063973   0.000000     0.001592   0.000000   )
 ( -0.001617   0.000000    -0.063973   0.000000    -0.001592   0.000000   )
 (  0.003834   0.000000     0.026976   0.000000     0.026564   0.000000   )
 (  0.003834   0.000000     0.026976   0.000000    -0.026564   0.000000   )
     freq (   24) =       2.171647 [THz] =      72.438363 [cm-1]
 (  0.059967   0.000000    -0.137591   0.000000     0.007225   0.000000   )
 (  0.059967   0.000000    -0.137591   0.000000    -0.007225   0.000000   )
 ( -0.165375   0.000000    -0.000053   0.000000    -0.000000   0.000000   )
 ( -0.165375   0.000000    -0.000053   0.000000    -0.000000   0.000000   )
 (  0.060056   0.000000     0.137630   0.000000     0.007220   0.000000   )
 (  0.060056   0.000000     0.137630   0.000000    -0.007220   0.000000   )
 (  0.060056   0.000000     0.137630   0.000000    -0.007220   0.000000   )
 (  0.060056   0.000000     0.137630   0.000000     0.007220   0.000000   )
 (  0.204254   0.000000     0.000051   0.000000     0.000000   0.000000   )
 (  0.204254   0.000000     0.000051   0.000000     0.000000   0.000000   )
 (  0.157274   0.000000     0.000066   0.000000     0.000000   0.000000   )
 (  0.157274   0.000000     0.000066   0.000000     0.000000   0.000000   )
 (  0.059967   0.000000    -0.137591   0.000000    -0.007225   0.000000   )
 (  0.059967   0.000000    -0.137591   0.000000     0.007225   0.000000   )
 ( -0.090203   0.000000    -0.000029   0.000000    -0.000000   0.000000   )
 ( -0.090203   0.000000    -0.000029   0.000000    -0.000000   0.000000   )
 ( -0.325903   0.000000     0.063286   0.000000    -0.000000   0.000000   )
 ( -0.044878   0.000000    -0.000014   0.000000    -0.000000   0.000000   )
 ( -0.325943   0.000000    -0.063496   0.000000    -0.000000   0.000000   )
 ( -0.325943   0.000000    -0.063496   0.000000    -0.000000   0.000000   )
 ( -0.096024   0.000000    -0.000078   0.000000    -0.000000   0.000000   )
 ( -0.241788   0.000000    -0.000031   0.000000    -0.000000   0.000000   )
 ( -0.325903   0.000000     0.063286   0.000000     0.000000   0.000000   )
 ( -0.069787   0.000000    -0.000021   0.000000     0.112949   0.000000   )
 ( -0.046833   0.000000     0.000001   0.000000     0.047076   0.000000   )
 ( -0.046833   0.000000     0.000001   0.000000    -0.047076   0.000000   )
 ( -0.069787   0.000000    -0.000021   0.000000    -0.112949   0.000000   )
 (  0.001955   0.000000    -0.000015   0.000000    -0.000015   0.000000   )
 ( -0.064346   0.000000    -0.000022   0.000000    -0.000036   0.000000   )
 ( -0.064346   0.000000    -0.000022   0.000000     0.000036   0.000000   )
 (  0.001955   0.000000    -0.000015   0.000000     0.000015   0.000000   )
 ( -0.064346   0.000000    -0.000022   0.000000     0.000036   0.000000   )
 ( -0.064346   0.000000    -0.000022   0.000000    -0.000036   0.000000   )
 ( -0.069787   0.000000    -0.000021   0.000000    -0.112949   0.000000   )
 ( -0.069787   0.000000    -0.000021   0.000000     0.112949   0.000000   )
 ( -0.046833   0.000000     0.000001   0.000000     0.047076   0.000000   )
 ( -0.046833   0.000000     0.000001   0.000000    -0.047076   0.000000   )
 (  0.001955   0.000000    -0.000015   0.000000    -0.000015   0.000000   )
 (  0.001955   0.000000    -0.000015   0.000000     0.000015   0.000000   )
     freq (   25) =       2.171647 [THz] =      72.438363 [cm-1]
 (  0.137630   0.000000    -0.060056   0.000000    -0.007220   0.000000   )
 (  0.137630   0.000000    -0.060056   0.000000     0.007220   0.000000   )
 ( -0.000053   0.000000     0.165375   0.000000     0.000000   0.000000   )
 ( -0.000053   0.000000     0.165375   0.000000     0.000000   0.000000   )
 ( -0.137591   0.000000    -0.059967   0.000000     0.007225   0.000000   )
 ( -0.137591   0.000000    -0.059967   0.000000    -0.007225   0.000000   )
 ( -0.137591   0.000000    -0.059967   0.000000    -0.007225   0.000000   )
 ( -0.137591   0.000000    -0.059967   0.000000     0.007225   0.000000   )
 (  0.000066   0.000000    -0.157274   0.000000    -0.000000   0.000000   )
 (  0.000066   0.000000    -0.157274   0.000000    -0.000000   0.000000   )
 (  0.000051   0.000000    -0.204254   0.000000    -0.000000   0.000000   )
 (  0.000051   0.000000    -0.204254   0.000000    -0.000000   0.000000   )
 (  0.137630   0.000000    -0.060056   0.000000     0.007220   0.000000   )
 (  0.137630   0.000000    -0.060056   0.000000    -0.007220   0.000000   )
 ( -0.000029   0.000000     0.090203   0.000000     0.000000   0.000000   )
 ( -0.000029   0.000000     0.090203   0.000000     0.000000   0.000000   )
 ( -0.063496   0.000000     0.325943   0.000000     0.000000   0.000000   )
 ( -0.000014   0.000000     0.044878   0.000000     0.000000   0.000000   )
 (  0.063286   0.000000     0.325903   0.000000     0.000000   0.000000   )
 (  0.063286   0.000000     0.325903   0.000000     0.000000   0.000000   )
 ( -0.000031   0.000000     0.241788   0.000000     0.000000   0.000000   )
 ( -0.000078   0.000000     0.096024   0.000000     0.000000   0.000000   )
 ( -0.063496   0.000000     0.325943   0.000000     0.000000   0.000000   )
 ( -0.000022   0.000000     0.064346   0.000000     0.000036   0.000000   )
 ( -0.000015   0.000000    -0.001955   0.000000     0.000015   0.000000   )
 ( -0.000015   0.000000    -0.001955   0.000000    -0.000015   0.000000   )
 ( -0.000022   0.000000     0.064346   0.000000    -0.000036   0.000000   )
 (  0.000001   0.000000     0.046833   0.000000     0.047076   0.000000   )
 ( -0.000021   0.000000     0.069787   0.000000     0.112949   0.000000   )
 ( -0.000021   0.000000     0.069787   0.000000    -0.112949   0.000000   )
 (  0.000001   0.000000     0.046833   0.000000    -0.047076   0.000000   )
 ( -0.000021   0.000000     0.069787   0.000000    -0.112949   0.000000   )
 ( -0.000021   0.000000     0.069787   0.000000     0.112949   0.000000   )
 ( -0.000022   0.000000     0.064346   0.000000    -0.000036   0.000000   )
 ( -0.000022   0.000000     0.064346   0.000000     0.000036   0.000000   )
 ( -0.000015   0.000000    -0.001955   0.000000     0.000015   0.000000   )
 ( -0.000015   0.000000    -0.001955   0.000000    -0.000015   0.000000   )
 (  0.000001   0.000000     0.046833   0.000000     0.047076   0.000000   )
 (  0.000001   0.000000     0.046833   0.000000    -0.047076   0.000000   )
     freq (   26) =       2.191601 [THz] =      73.103935 [cm-1]
 ( -0.008195   0.000000    -0.008195   0.000000     0.030358   0.000000   )
 (  0.008195   0.000000     0.008195   0.000000     0.030358   0.000000   )
 (  0.000000   0.000000     0.000000   0.000000    -0.236363   0.000000   )
 (  0.000000   0.000000     0.000000   0.000000    -0.236363   0.000000   )
 ( -0.008195   0.000000     0.008195   0.000000     0.030358   0.000000   )
 (  0.008195   0.000000    -0.008195   0.000000     0.030358   0.000000   )
 (  0.008195   0.000000    -0.008195   0.000000     0.030358   0.000000   )
 ( -0.008195   0.000000     0.008195   0.000000     0.030358   0.000000   )
 ( -0.000000   0.000000    -0.000000   0.000000     0.330799   0.000000   )
 ( -0.000000   0.000000    -0.000000   0.000000     0.330799   0.000000   )
 ( -0.000000   0.000000    -0.000000   0.000000     0.330799   0.000000   )
 ( -0.000000   0.000000    -0.000000   0.000000     0.330799   0.000000   )
 (  0.008195   0.000000     0.008195   0.000000     0.030358   0.000000   )
 ( -0.008195   0.000000    -0.008195   0.000000     0.030358   0.000000   )
 ( -0.000000   0.000000     0.000000   0.000000    -0.288374   0.000000   )
 (  0.000000   0.000000     0.000000   0.000000    -0.288374   0.000000   )
 (  0.000000   0.000000     0.000000   0.000000    -0.168316   0.000000   )
 (  0.000000   0.000000     0.000000   0.000000    -0.184749   0.000000   )
 (  0.000000   0.000000     0.000000   0.000000    -0.168316   0.000000   )
 (  0.000000   0.000000     0.000000   0.000000    -0.168316   0.000000   )
 (  0.000000   0.000000     0.000000   0.000000    -0.187280   0.000000   )
 (  0.000000   0.000000     0.000000   0.000000    -0.187280   0.000000   )
 (  0.000000   0.000000     0.000000   0.000000    -0.168316   0.000000   )
 (  0.039569   0.000000    -0.000000   0.000000    -0.028046   0.000000   )
 (  0.043509   0.000000     0.000000   0.000000    -0.055025   0.000000   )
 ( -0.043509   0.000000    -0.000000   0.000000    -0.055025   0.000000   )
 ( -0.039569   0.000000     0.000000   0.000000    -0.028046   0.000000   )
 (  0.000000   0.000000    -0.043509   0.000000    -0.055025   0.000000   )
 (  0.000000   0.000000    -0.039569   0.000000    -0.028046   0.000000   )
 (  0.000000   0.000000     0.039569   0.000000    -0.028046   0.000000   )
 (  0.000000   0.000000     0.043509   0.000000    -0.055025   0.000000   )
 (  0.000000   0.000000     0.039569   0.000000    -0.028046   0.000000   )
 (  0.000000   0.000000    -0.039569   0.000000    -0.028046   0.000000   )
 ( -0.039569   0.000000     0.000000   0.000000    -0.028046   0.000000   )
 (  0.039569   0.000000     0.000000   0.000000    -0.028046   0.000000   )
 (  0.043509   0.000000    -0.000000   0.000000    -0.055025   0.000000   )
 ( -0.043509   0.000000     0.000000   0.000000    -0.055025   0.000000   )
 (  0.000000   0.000000    -0.043509   0.000000    -0.055025   0.000000   )
 ( -0.000000   0.000000     0.043509   0.000000    -0.055025   0.000000   )
     freq (   27) =       2.215498 [THz] =      73.901051 [cm-1]
 ( -0.011800   0.000000    -0.011800   0.000000    -0.067627   0.000000   )
 (  0.011800   0.000000     0.011800   0.000000    -0.067627   0.000000   )
 (  0.000000   0.000000    -0.000000   0.000000    -0.097617   0.000000   )
 ( -0.000000   0.000000     0.000000   0.000000    -0.097617   0.000000   )
 ( -0.011800   0.000000     0.011800   0.000000    -0.067627   0.000000   )
 (  0.011800   0.000000    -0.011800   0.000000    -0.067627   0.000000   )
 (  0.011800   0.000000    -0.011800   0.000000    -0.067627   0.000000   )
 ( -0.011800   0.000000     0.011800   0.000000    -0.067627   0.000000   )
 ( -0.000000   0.000000     0.000000   0.000000     0.022925   0.000000   )
 ( -0.000000   0.000000     0.000000   0.000000     0.022925   0.000000   )
 ( -0.000000   0.000000     0.000000   0.000000     0.022925   0.000000   )
 ( -0.000000   0.000000     0.000000   0.000000     0.022925   0.000000   )
 (  0.011800   0.000000     0.011800   0.000000    -0.067627   0.000000   )
 ( -0.011800   0.000000    -0.011800   0.000000    -0.067627   0.000000   )
 ( -0.000000   0.000000    -0.000000   0.000000    -0.165478   0.000000   )
 ( -0.000000   0.000000     0.000000   0.000000    -0.165478   0.000000   )
 (  0.000000   0.000000    -0.000000   0.000000     0.350270   0.000000   )
 (  0.000000   0.000000    -0.000000   0.000000     0.356349   0.000000   )
 (  0.000000   0.000000    -0.000000   0.000000     0.350270   0.000000   )
 ( -0.000000   0.000000    -0.000000   0.000000     0.350270   0.000000   )
 (  0.000000   0.000000    -0.000000   0.000000     0.281239   0.000000   )
 (  0.000000   0.000000    -0.000000   0.000000     0.281239   0.000000   )
 (  0.000000   0.000000    -0.000000   0.000000     0.350270   0.000000   )
 (  0.006349   0.000000    -0.000000   0.000000     0.088760   0.000000   )
 (  0.021075   0.000000    -0.000000   0.000000     0.072822   0.000000   )
 ( -0.021075   0.000000    -0.000000   0.000000     0.072822   0.000000   )
 ( -0.006349   0.000000     0.000000   0.000000     0.088760   0.000000   )
 (  0.000000   0.000000    -0.021075   0.000000     0.072822   0.000000   )
 (  0.000000   0.000000    -0.006349   0.000000     0.088760   0.000000   )
 (  0.000000   0.000000     0.006349   0.000000     0.088760   0.000000   )
 ( -0.000000   0.000000     0.021075   0.000000     0.072822   0.000000   )
 (  0.000000   0.000000     0.006349   0.000000     0.088760   0.000000   )
 (  0.000000   0.000000    -0.006349   0.000000     0.088760   0.000000   )
 ( -0.006349   0.000000    -0.000000   0.000000     0.088760   0.000000   )
 (  0.006349   0.000000    -0.000000   0.000000     0.088760   0.000000   )
 (  0.021075   0.000000    -0.000000   0.000000     0.072822   0.000000   )
 ( -0.021075   0.000000    -0.000000   0.000000     0.072822   0.000000   )
 (  0.000000   0.000000    -0.021075   0.000000     0.072822   0.000000   )
 (  0.000000   0.000000     0.021075   0.000000     0.072822   0.000000   )
     freq (   28) =       2.241179 [THz] =      74.757697 [cm-1]
 (  0.071217   0.000000     0.071217   0.000000    -0.305040   0.000000   )
 ( -0.071217   0.000000    -0.071217   0.000000    -0.305040   0.000000   )
 (  0.000000   0.000000    -0.000000   0.000000    -0.000000   0.000000   )
 (  0.000000   0.000000     0.000000   0.000000    -0.000000   0.000000   )
 ( -0.071217   0.000000     0.071217   0.000000     0.305040   0.000000   )
 (  0.071217   0.000000    -0.071217   0.000000     0.305040   0.000000   )
 (  0.071217   0.000000    -0.071217   0.000000     0.305040   0.000000   )
 ( -0.071217   0.000000     0.071217   0.000000     0.305040   0.000000   )
 ( -0.000000   0.000000     0.000000   0.000000     0.000000   0.000000   )
 ( -0.000000   0.000000     0.000000   0.000000     0.000000   0.000000   )
 (  0.000000   0.000000     0.000000   0.000000     0.000000   0.000000   )
 ( -0.000000   0.000000     0.000000   0.000000     0.000000   0.000000   )
 ( -0.071217   0.000000    -0.071217   0.000000    -0.305040   0.000000   )
 (  0.071217   0.000000     0.071217   0.000000    -0.305040   0.000000   )
 ( -0.000000   0.000000     0.000000   0.000000    -0.000000   0.000000   )
 ( -0.000000   0.000000    -0.000000   0.000000    -0.000000   0.000000   )
 (  0.000000   0.000000    -0.000000   0.000000     0.138038   0.000000   )
 (  0.000000   0.000000     0.000000   0.000000    -0.000000   0.000000   )
 (  0.000000   0.000000    -0.000000   0.000000    -0.138038   0.000000   )
 (  0.000000   0.000000    -0.000000   0.000000    -0.138038   0.000000   )
 (  0.000000   0.000000    -0.000000   0.000000    -0.000000   0.000000   )
 (  0.000000   0.000000    -0.000000   0.000000     0.000000   0.000000   )
 (  0.000000   0.000000    -0.000000   0.000000     0.138038   0.000000   )
 (  0.000000   0.000000     0.104280   0.000000    -0.000000   0.000000   )
 (  0.000000   0.000000     0.037486   0.000000    -0.000000   0.000000   )
 ( -0.000000   0.000000    -0.037486   0.000000    -0.000000   0.000000   )
 (  0.000000   0.000000    -0.104280   0.000000     0.000000   0.000000   )
 ( -0.037486   0.000000    -0.000000   0.000000    -0.000000   0.000000   )
 ( -0.104280   0.000000    -0.000000   0.000000     0.000000   0.000000   )
 (  0.104280   0.000000     0.000000   0.000000     0.000000   0.000000   )
 (  0.037486   0.000000     0.000000   0.000000    -0.000000   0.000000   )
 (  0.104280   0.000000     0.000000   0.000000     0.000000   0.000000   )
 ( -0.104280   0.000000    -0.000000   0.000000    -0.000000   0.000000   )
 ( -0.000000   0.000000    -0.104280   0.000000     0.000000   0.000000   )
 (  0.000000   0.000000     0.104280   0.000000     0.000000   0.000000   )
 (  0.000000   0.000000     0.037486   0.000000    -0.000000   0.000000   )
 ( -0.000000   0.000000    -0.037486   0.000000    -0.000000   0.000000   )
 ( -0.037486   0.000000    -0.000000   0.000000    -0.000000   0.000000   )
 (  0.037486   0.000000     0.000000   0.000000    -0.000000   0.000000   )
     freq (   29) =       2.366432 [THz] =      78.935685 [cm-1]
 (  0.074986   0.000000     0.074986   0.000000    -0.150204   0.000000   )
 (  0.074986   0.000000     0.074986   0.000000     0.150204   0.000000   )
 (  0.000000   0.000000    -0.000000   0.000000     0.325633   0.000000   )
 ( -0.000000   0.000000     0.000000   0.000000    -0.325633   0.000000   )
 (  0.074986   0.000000    -0.074986   0.000000    -0.150204   0.000000   )
 (  0.074986   0.000000    -0.074986   0.000000     0.150204   0.000000   )
 ( -0.074986   0.000000     0.074986   0.000000    -0.150204   0.000000   )
 ( -0.074986   0.000000     0.074986   0.000000     0.150204   0.000000   )
 (  0.000000   0.000000     0.000000   0.000000     0.140560   0.000000   )
 (  0.000000   0.000000    -0.000000   0.000000    -0.140560   0.000000   )
 (  0.000000   0.000000     0.000000   0.000000     0.140560   0.000000   )
 (  0.000000   0.000000    -0.000000   0.000000    -0.140560   0.000000   )
 ( -0.074986   0.000000    -0.074986   0.000000    -0.150204   0.000000   )
 ( -0.074986   0.000000    -0.074986   0.000000     0.150204   0.000000   )
 ( -0.000000   0.000000     0.000000   0.000000    -0.030744   0.000000   )
 ( -0.000000   0.000000     0.000000   0.000000     0.030744   0.000000   )
 ( -0.041136   0.000000    -0.041136   0.000000     0.000000   0.000000   )
 ( -0.000000   0.000000    -0.000000   0.000000     0.000000   0.000000   )
 ( -0.041136   0.000000     0.041136   0.000000     0.000000   0.000000   )
 (  0.041136   0.000000    -0.041136   0.000000    -0.000000   0.000000   )
 ( -0.000000   0.000000    -0.000000   0.000000     0.000000   0.000000   )
 ( -0.000000   0.000000    -0.000000   0.000000     0.000000   0.000000   )
 (  0.041136   0.000000     0.041136   0.000000     0.000000   0.000000   )
 (  0.036950   0.000000    -0.000000   0.000000    -0.216780   0.000000   )
 (  0.033070   0.000000    -0.000000   0.000000     0.058517   0.000000   )
 (  0.033070   0.000000     0.000000   0.000000    -0.058517   0.000000   )
 (  0.036950   0.000000    -0.000000   0.000000     0.216780   0.000000   )
 ( -0.000000   0.000000     0.033070   0.000000    -0.058517   0.000000   )
 ( -0.000000   0.000000     0.036950   0.000000     0.216780   0.000000   )
 ( -0.000000   0.000000     0.036950   0.000000    -0.216780   0.000000   )
 (  0.000000   0.000000     0.033070   0.000000     0.058517   0.000000   )
 ( -0.000000   0.000000    -0.036950   0.000000     0.216780   0.000000   )
 ( -0.000000   0.000000    -0.036950   0.000000    -0.216780   0.000000   )
 ( -0.036950   0.000000    -0.000000   0.000000    -0.216780   0.000000   )
 ( -0.036950   0.000000    -0.000000   0.000000     0.216780   0.000000   )
 ( -0.033070   0.000000     0.000000   0.000000    -0.058517   0.000000   )
 ( -0.033070   0.000000    -0.000000   0.000000     0.058517   0.000000   )
 ( -0.000000   0.000000    -0.033070   0.000000     0.058517   0.000000   )
 ( -0.000000   0.000000    -0.033070   0.000000    -0.058517   0.000000   )
     freq (   30) =       2.425833 [THz] =      80.917079 [cm-1]
 ( -0.087085   0.000000    -0.095024   0.000000    -0.242041   0.000000   )
 ( -0.087085   0.000000    -0.095024   0.000000     0.242041   0.000000   )
 (  0.021759   0.000000     0.103179   0.000000     0.000000   0.000000   )
 (  0.021759   0.000000     0.103179   0.000000    -0.000000   0.000000   )
 (  0.053247   0.000000    -0.065430   0.000000     0.157734   0.000000   )
 (  0.053247   0.000000    -0.065430   0.000000    -0.157734   0.000000   )
 (  0.053247   0.000000    -0.065430   0.000000    -0.157734   0.000000   )
 (  0.053247   0.000000    -0.065430   0.000000     0.157734   0.000000   )
 (  0.042416   0.000000     0.028934   0.000000    -0.000000   0.000000   )
 (  0.042416   0.000000     0.028934   0.000000     0.000000   0.000000   )
 (  0.006102   0.000000     0.201134   0.000000     0.000000   0.000000   )
 (  0.006102   0.000000     0.201134   0.000000    -0.000000   0.000000   )
 ( -0.087085   0.000000    -0.095024   0.000000     0.242041   0.000000   )
 ( -0.087085   0.000000    -0.095024   0.000000    -0.242041   0.000000   )
 ( -0.036813   0.000000    -0.174566   0.000000    -0.000000   0.000000   )
 ( -0.036813   0.000000    -0.174566   0.000000     0.000000   0.000000   )
 ( -0.000449   0.000000     0.220930   0.000000     0.000000   0.000000   )
 (  0.006726   0.000000     0.031894   0.000000     0.000000   0.000000   )
 (  0.098009   0.000000     0.241693   0.000000    -0.000000   0.000000   )
 (  0.098009   0.000000     0.241693   0.000000     0.000000   0.000000   )
 ( -0.024630   0.000000     0.010071   0.000000     0.000000   0.000000   )
 (  0.002124   0.000000    -0.116793   0.000000    -0.000000   0.000000   )
 ( -0.000449   0.000000     0.220930   0.000000    -0.000000   0.000000   )
 (  0.010441   0.000000    -0.010941   0.000000    -0.007815   0.000000   )
 (  0.003756   0.000000    -0.046131   0.000000     0.036228   0.000000   )
 (  0.003756   0.000000    -0.046131   0.000000    -0.036228   0.000000   )
 (  0.010441   0.000000    -0.010941   0.000000     0.007815   0.000000   )
 ( -0.009728   0.000000     0.017810   0.000000    -0.171792   0.000000   )
 ( -0.002307   0.000000     0.049512   0.000000     0.037058   0.000000   )
 ( -0.002307   0.000000     0.049512   0.000000    -0.037058   0.000000   )
 ( -0.009728   0.000000     0.017810   0.000000     0.171792   0.000000   )
 ( -0.002307   0.000000     0.049512   0.000000    -0.037058   0.000000   )
 ( -0.002307   0.000000     0.049512   0.000000     0.037058   0.000000   )
 (  0.010441   0.000000    -0.010941   0.000000     0.007815   0.000000   )
 (  0.010441   0.000000    -0.010941   0.000000    -0.007815   0.000000   )
 (  0.003756   0.000000    -0.046131   0.000000     0.036228   0.000000   )
 (  0.003756   0.000000    -0.046131   0.000000    -0.036228   0.000000   )
 ( -0.009728   0.000000     0.017810   0.000000    -0.171792   0.000000   )
 ( -0.009728   0.000000     0.017810   0.000000     0.171792   0.000000   )
     freq (   31) =       2.425833 [THz] =      80.917079 [cm-1]
 (  0.065430   0.000000     0.053247   0.000000     0.157734   0.000000   )
 (  0.065430   0.000000     0.053247   0.000000    -0.157734   0.000000   )
 ( -0.103179   0.000000     0.021759   0.000000     0.000000   0.000000   )
 ( -0.103179   0.000000     0.021759   0.000000    -0.000000   0.000000   )
 (  0.095024   0.000000    -0.087085   0.000000     0.242041   0.000000   )
 (  0.095024   0.000000    -0.087085   0.000000    -0.242041   0.000000   )
 (  0.095024   0.000000    -0.087085   0.000000    -0.242041   0.000000   )
 (  0.095024   0.000000    -0.087085   0.000000     0.242041   0.000000   )
 ( -0.201134   0.000000     0.006102   0.000000    -0.000000   0.000000   )
 ( -0.201134   0.000000     0.006102   0.000000    -0.000000   0.000000   )
 ( -0.028934   0.000000     0.042416   0.000000     0.000000   0.000000   )
 ( -0.028934   0.000000     0.042416   0.000000    -0.000000   0.000000   )
 (  0.065430   0.000000     0.053247   0.000000    -0.157734   0.000000   )
 (  0.065430   0.000000     0.053247   0.000000     0.157734   0.000000   )
 (  0.174566   0.000000    -0.036813   0.000000     0.000000   0.000000   )
 (  0.174566   0.000000    -0.036813   0.000000     0.000000   0.000000   )
 ( -0.241693   0.000000     0.098009   0.000000     0.000000   0.000000   )
 ( -0.031894   0.000000     0.006726   0.000000     0.000000   0.000000   )
 ( -0.220930   0.000000    -0.000449   0.000000    -0.000000   0.000000   )
 ( -0.220930   0.000000    -0.000449   0.000000     0.000000   0.000000   )
 (  0.116793   0.000000     0.002124   0.000000    -0.000000   0.000000   )
 ( -0.010071   0.000000    -0.024630   0.000000     0.000000   0.000000   )
 ( -0.241693   0.000000     0.098009   0.000000    -0.000000   0.000000   )
 ( -0.049512   0.000000    -0.002307   0.000000     0.037058   0.000000   )
 ( -0.017810   0.000000    -0.009728   0.000000    -0.171792   0.000000   )
 ( -0.017810   0.000000    -0.009728   0.000000     0.171792   0.000000   )
 ( -0.049512   0.000000    -0.002307   0.000000    -0.037058   0.000000   )
 (  0.046131   0.000000     0.003756   0.000000    -0.036228   0.000000   )
 (  0.010941   0.000000     0.010441   0.000000     0.007815   0.000000   )
 (  0.010941   0.000000     0.010441   0.000000    -0.007815   0.000000   )
 (  0.046131   0.000000     0.003756   0.000000     0.036228   0.000000   )
 (  0.010941   0.000000     0.010441   0.000000    -0.007815   0.000000   )
 (  0.010941   0.000000     0.010441   0.000000     0.007815   0.000000   )
 ( -0.049512   0.000000    -0.002307   0.000000    -0.037058   0.000000   )
 ( -0.049512   0.000000    -0.002307   0.000000     0.037058   0.000000   )
 ( -0.017810   0.000000    -0.009728   0.000000    -0.171792   0.000000   )
 ( -0.017810   0.000000    -0.009728   0.000000     0.171792   0.000000   )
 (  0.046131   0.000000     0.003756   0.000000    -0.036228   0.000000   )
 (  0.046131   0.000000     0.003756   0.000000     0.036228   0.000000   )
     freq (   32) =       2.426116 [THz] =      80.926535 [cm-1]
 (  0.172010   0.000000     0.024110   0.000000     0.019513   0.000000   )
 ( -0.172010   0.000000    -0.024110   0.000000     0.019513   0.000000   )
 ( -0.094044   0.000000    -0.231945   0.000000    -0.000000   0.000000   )
 (  0.094044   0.000000     0.231945   0.000000     0.000000   0.000000   )
 ( -0.216296   0.000000    -0.133332   0.000000    -0.008255   0.000000   )
 (  0.216296   0.000000     0.133332   0.000000    -0.008255   0.000000   )
 ( -0.216296   0.000000    -0.133332   0.000000     0.008255   0.000000   )
 (  0.216296   0.000000     0.133332   0.000000     0.008255   0.000000   )
 (  0.064873   0.000000     0.176208   0.000000    -0.000000   0.000000   )
 ( -0.064873   0.000000    -0.176208   0.000000    -0.000000   0.000000   )
 (  0.071445   0.000000     0.159998   0.000000    -0.000000   0.000000   )
 ( -0.071445   0.000000    -0.159998   0.000000     0.000000   0.000000   )
 (  0.172010   0.000000     0.024110   0.000000    -0.019513   0.000000   )
 ( -0.172010   0.000000    -0.024110   0.000000    -0.019513   0.000000   )
 ( -0.088272   0.000000    -0.217710   0.000000     0.000000   0.000000   )
 (  0.088272   0.000000     0.217710   0.000000     0.000000   0.000000   )
 ( -0.000000   0.000000     0.000000   0.000000    -0.230575   0.000000   )
 ( -0.000000   0.000000     0.000000   0.000000     0.000000   0.000000   )
 (  0.000000   0.000000     0.000000   0.000000     0.097539   0.000000   )
 (  0.000000   0.000000     0.000000   0.000000    -0.097539   0.000000   )
 (  0.000000   0.000000     0.000000   0.000000     0.000000   0.000000   )
 ( -0.000000   0.000000    -0.000000   0.000000    -0.000000   0.000000   )
 ( -0.000000   0.000000     0.000000   0.000000     0.230575   0.000000   )
 (  0.002465   0.000000    -0.024236   0.000000    -0.037208   0.000000   )
 (  0.001957   0.000000     0.003616   0.000000     0.054463   0.000000   )
 ( -0.001957   0.000000    -0.003616   0.000000     0.054463   0.000000   )
 ( -0.002465   0.000000     0.024236   0.000000    -0.037208   0.000000   )
 ( -0.001466   0.000000    -0.004827   0.000000     0.134324   0.000000   )
 (  0.009827   0.000000    -0.006081   0.000000    -0.091769   0.000000   )
 ( -0.009827   0.000000     0.006081   0.000000    -0.091769   0.000000   )
 (  0.001466   0.000000     0.004827   0.000000     0.134324   0.000000   )
 (  0.009827   0.000000    -0.006081   0.000000     0.091769   0.000000   )
 ( -0.009827   0.000000     0.006081   0.000000     0.091769   0.000000   )
 (  0.002465   0.000000    -0.024236   0.000000     0.037208   0.000000   )
 ( -0.002465   0.000000     0.024236   0.000000     0.037208   0.000000   )
 ( -0.001957   0.000000    -0.003616   0.000000    -0.054463   0.000000   )
 (  0.001957   0.000000     0.003616   0.000000    -0.054463   0.000000   )
 (  0.001466   0.000000     0.004827   0.000000    -0.134324   0.000000   )
 ( -0.001466   0.000000    -0.004827   0.000000    -0.134324   0.000000   )
     freq (   33) =       2.426116 [THz] =      80.926535 [cm-1]
 (  0.133332   0.000000    -0.216296   0.000000    -0.008255   0.000000   )
 ( -0.133332   0.000000     0.216296   0.000000    -0.008255   0.000000   )
 (  0.231945   0.000000    -0.094044   0.000000    -0.000000   0.000000   )
 ( -0.231945   0.000000     0.094044   0.000000     0.000000   0.000000   )
 ( -0.024110   0.000000     0.172010   0.000000    -0.019513   0.000000   )
 (  0.024110   0.000000    -0.172010   0.000000    -0.019513   0.000000   )
 ( -0.024110   0.000000     0.172010   0.000000     0.019513   0.000000   )
 (  0.024110   0.000000    -0.172010   0.000000     0.019513   0.000000   )
 ( -0.159998   0.000000     0.071445   0.000000    -0.000000   0.000000   )
 (  0.159998   0.000000    -0.071445   0.000000     0.000000   0.000000   )
 ( -0.176208   0.000000     0.064873   0.000000    -0.000000   0.000000   )
 (  0.176208   0.000000    -0.064873   0.000000     0.000000   0.000000   )
 (  0.133332   0.000000    -0.216296   0.000000     0.008255   0.000000   )
 ( -0.133332   0.000000     0.216296   0.000000     0.008255   0.000000   )
 (  0.217710   0.000000    -0.088272   0.000000    -0.000000   0.000000   )
 ( -0.217710   0.000000     0.088272   0.000000     0.000000   0.000000   )
 ( -0.000000   0.000000     0.000000   0.000000     0.097539   0.000000   )
 (  0.000000   0.000000     0.000000   0.000000    -0.000000   0.000000   )
 (  0.000000   0.000000     0.000000   0.000000     0.230575   0.000000   )
 (  0.000000   0.000000     0.000000   0.000000    -0.230575   0.000000   )
 ( -0.000000   0.000000     0.000000   0.000000    -0.000000   0.000000   )
 (  0.000000   0.000000    -0.000000   0.000000     0.000000   0.000000   )
 ( -0.000000   0.000000     0.000000   0.000000    -0.097539   0.000000   )
 ( -0.006081   0.000000    -0.009827   0.000000     0.091769   0.000000   )
 ( -0.004827   0.000000     0.001466   0.000000    -0.134324   0.000000   )
 (  0.004827   0.000000    -0.001466   0.000000    -0.134324   0.000000   )
 (  0.006081   0.000000     0.009827   0.000000     0.091769   0.000000   )
 (  0.003616   0.000000    -0.001957   0.000000     0.054463   0.000000   )
 ( -0.024236   0.000000    -0.002465   0.000000    -0.037208   0.000000   )
 (  0.024236   0.000000     0.002465   0.000000    -0.037208   0.000000   )
 ( -0.003616   0.000000     0.001957   0.000000     0.054463   0.000000   )
 ( -0.024236   0.000000    -0.002465   0.000000     0.037208   0.000000   )
 (  0.024236   0.000000     0.002465   0.000000     0.037208   0.000000   )
 ( -0.006081   0.000000    -0.009827   0.000000    -0.091769   0.000000   )
 (  0.006081   0.000000     0.009827   0.000000    -0.091769   0.000000   )
 (  0.004827   0.000000    -0.001466   0.000000     0.134324   0.000000   )
 ( -0.004827   0.000000     0.001466   0.000000     0.134324   0.000000   )
 ( -0.003616   0.000000     0.001957   0.000000    -0.054463   0.000000   )
 (  0.003616   0.000000    -0.001957   0.000000    -0.054463   0.000000   )
     freq (   34) =       2.443204 [THz] =      81.496502 [cm-1]
 (  0.038743   0.000000    -0.037751   0.000000    -0.000422   0.000000   )
 ( -0.038743   0.000000     0.037751   0.000000    -0.000422   0.000000   )
 (  0.007023   0.000000    -0.007579   0.000000     0.000000   0.000000   )
 ( -0.007023   0.000000     0.007579   0.000000    -0.000000   0.000000   )
 ( -0.014498   0.000000     0.011588   0.000000     0.011102   0.000000   )
 (  0.014498   0.000000    -0.011588   0.000000     0.011102   0.000000   )
 ( -0.014498   0.000000     0.011588   0.000000    -0.011102   0.000000   )
 (  0.014498   0.000000    -0.011588   0.000000    -0.011102   0.000000   )
 ( -0.037024   0.000000     0.001625   0.000000     0.000000   0.000000   )
 (  0.037024   0.000000    -0.001625   0.000000    -0.000000   0.000000   )
 ( -0.001506   0.000000     0.039952   0.000000     0.000000   0.000000   )
 (  0.001506   0.000000    -0.039952   0.000000     0.000000   0.000000   )
 (  0.038743   0.000000    -0.037751   0.000000     0.000422   0.000000   )
 ( -0.038743   0.000000     0.037751   0.000000     0.000422   0.000000   )
 (  0.052450   0.000000    -0.056598   0.000000    -0.000000   0.000000   )
 ( -0.052450   0.000000     0.056598   0.000000     0.000000   0.000000   )
 (  0.000000   0.000000     0.000000   0.000000     0.026319   0.000000   )
 (  0.000000   0.000000     0.000000   0.000000    -0.000000   0.000000   )
 (  0.000000   0.000000     0.000000   0.000000    -0.691851   0.000000   )
 (  0.000000   0.000000     0.000000   0.000000     0.691851   0.000000   )
 ( -0.000000   0.000000    -0.000000   0.000000     0.000000   0.000000   )
 ( -0.000000   0.000000    -0.000000   0.000000    -0.000000   0.000000   )
 (  0.000000   0.000000     0.000000   0.000000    -0.026319   0.000000   )
 ( -0.003416   0.000000    -0.002236   0.000000     0.032095   0.000000   )
 (  0.006575   0.000000     0.004929   0.000000    -0.002292   0.000000   )
 ( -0.006575   0.000000    -0.004929   0.000000    -0.002292   0.000000   )
 (  0.003416   0.000000     0.002236   0.000000     0.032095   0.000000   )
 (  0.004568   0.000000     0.007095   0.000000     0.002473   0.000000   )
 ( -0.002072   0.000000    -0.003686   0.000000    -0.034633   0.000000   )
 (  0.002072   0.000000     0.003686   0.000000    -0.034633   0.000000   )
 ( -0.004568   0.000000    -0.007095   0.000000     0.002473   0.000000   )
 ( -0.002072   0.000000    -0.003686   0.000000     0.034633   0.000000   )
 (  0.002072   0.000000     0.003686   0.000000     0.034633   0.000000   )
 ( -0.003416   0.000000    -0.002236   0.000000    -0.032095   0.000000   )
 (  0.003416   0.000000     0.002236   0.000000    -0.032095   0.000000   )
 ( -0.006575   0.000000    -0.004929   0.000000     0.002292   0.000000   )
 (  0.006575   0.000000     0.004929   0.000000     0.002292   0.000000   )
 ( -0.004568   0.000000    -0.007095   0.000000    -0.002473   0.000000   )
 (  0.004568   0.000000     0.007095   0.000000    -0.002473   0.000000   )
     freq (   35) =       2.443204 [THz] =      81.496502 [cm-1]
 (  0.011588   0.000000     0.014498   0.000000    -0.011102   0.000000   )
 ( -0.011588   0.000000    -0.014498   0.000000    -0.011102   0.000000   )
 ( -0.007579   0.000000    -0.007023   0.000000     0.000000   0.000000   )
 (  0.007579   0.000000     0.007023   0.000000     0.000000   0.000000   )
 ( -0.037751   0.000000    -0.038743   0.000000    -0.000422   0.000000   )
 (  0.037751   0.000000     0.038743   0.000000    -0.000422   0.000000   )
 ( -0.037751   0.000000    -0.038743   0.000000     0.000422   0.000000   )
 (  0.037751   0.000000     0.038743   0.000000     0.000422   0.000000   )
 (  0.039952   0.000000     0.001506   0.000000     0.000000   0.000000   )
 ( -0.039952   0.000000    -0.001506   0.000000    -0.000000   0.000000   )
 (  0.001625   0.000000     0.037024   0.000000    -0.000000   0.000000   )
 ( -0.001625   0.000000    -0.037024   0.000000    -0.000000   0.000000   )
 (  0.011588   0.000000     0.014498   0.000000     0.011102   0.000000   )
 ( -0.011588   0.000000    -0.014498   0.000000     0.011102   0.000000   )
 ( -0.056598   0.000000    -0.052450   0.000000     0.000000   0.000000   )
 (  0.056598   0.000000     0.052450   0.000000    -0.000000   0.000000   )
 ( -0.000000   0.000000     0.000000   0.000000     0.691851   0.000000   )
 ( -0.000000   0.000000     0.000000   0.000000    -0.000000   0.000000   )
 ( -0.000000   0.000000     0.000000   0.000000     0.026319   0.000000   )
 ( -0.000000   0.000000     0.000000   0.000000    -0.026319   0.000000   )
 (  0.000000   0.000000     0.000000   0.000000     0.000000   0.000000   )
 (  0.000000   0.000000    -0.000000   0.000000    -0.000000   0.000000   )
 ( -0.000000   0.000000     0.000000   0.000000    -0.691851   0.000000   )
 (  0.003686   0.000000    -0.002072   0.000000    -0.034633   0.000000   )
 ( -0.007095   0.000000     0.004568   0.000000     0.002473   0.000000   )
 (  0.007095   0.000000    -0.004568   0.000000     0.002473   0.000000   )
 ( -0.003686   0.000000     0.002072   0.000000    -0.034633   0.000000   )
 ( -0.004929   0.000000     0.006575   0.000000     0.002292   0.000000   )
 (  0.002236   0.000000    -0.003416   0.000000    -0.032095   0.000000   )
 ( -0.002236   0.000000     0.003416   0.000000    -0.032095   0.000000   )
 (  0.004929   0.000000    -0.006575   0.000000     0.002292   0.000000   )
 (  0.002236   0.000000    -0.003416   0.000000     0.032095   0.000000   )
 ( -0.002236   0.000000     0.003416   0.000000     0.032095   0.000000   )
 (  0.003686   0.000000    -0.002072   0.000000     0.034633   0.000000   )
 ( -0.003686   0.000000     0.002072   0.000000     0.034633   0.000000   )
 (  0.007095   0.000000    -0.004568   0.000000    -0.002473   0.000000   )
 ( -0.007095   0.000000     0.004568   0.000000    -0.002473   0.000000   )
 (  0.004929   0.000000    -0.006575   0.000000    -0.002292   0.000000   )
 ( -0.004929   0.000000     0.006575   0.000000    -0.002292   0.000000   )
     freq (   36) =       2.494006 [THz] =      83.191070 [cm-1]
 ( -0.083857   0.000000    -0.083857   0.000000    -0.111974   0.000000   )
 ( -0.083857   0.000000    -0.083857   0.000000     0.111974   0.000000   )
 (  0.000000   0.000000    -0.000000   0.000000    -0.123773   0.000000   )
 ( -0.000000   0.000000     0.000000   0.000000     0.123773   0.000000   )
 ( -0.083857   0.000000     0.083857   0.000000    -0.111974   0.000000   )
 ( -0.083857   0.000000     0.083857   0.000000     0.111974   0.000000   )
 (  0.083857   0.000000    -0.083857   0.000000    -0.111974   0.000000   )
 (  0.083857   0.000000    -0.083857   0.000000     0.111974   0.000000   )
 ( -0.000000   0.000000     0.000000   0.000000     0.124195   0.000000   )
 (  0.000000   0.000000     0.000000   0.000000    -0.124195   0.000000   )
 ( -0.000000   0.000000     0.000000   0.000000     0.124195   0.000000   )
 ( -0.000000   0.000000     0.000000   0.000000    -0.124195   0.000000   )
 (  0.083857   0.000000     0.083857   0.000000    -0.111974   0.000000   )
 (  0.083857   0.000000     0.083857   0.000000     0.111974   0.000000   )
 (  0.000000   0.000000    -0.000000   0.000000     0.325923   0.000000   )
 ( -0.000000   0.000000    -0.000000   0.000000    -0.325923   0.000000   )
 (  0.079350   0.000000     0.079350   0.000000    -0.000000   0.000000   )
 (  0.000000   0.000000     0.000000   0.000000    -0.000000   0.000000   )
 (  0.079350   0.000000    -0.079350   0.000000    -0.000000   0.000000   )
 ( -0.079350   0.000000     0.079350   0.000000    -0.000000   0.000000   )
 (  0.000000   0.000000    -0.000000   0.000000    -0.000000   0.000000   )
 (  0.000000   0.000000     0.000000   0.000000     0.000000   0.000000   )
 ( -0.079350   0.000000    -0.079350   0.000000     0.000000   0.000000   )
 ( -0.056625   0.000000    -0.000000   0.000000    -0.006884   0.000000   )
 ( -0.040825   0.000000     0.000000   0.000000     0.221545   0.000000   )
 ( -0.040825   0.000000     0.000000   0.000000    -0.221545   0.000000   )
 ( -0.056625   0.000000    -0.000000   0.000000     0.006884   0.000000   )
 (  0.000000   0.000000    -0.040825   0.000000    -0.221545   0.000000   )
 (  0.000000   0.000000    -0.056625   0.000000     0.006884   0.000000   )
 (  0.000000   0.000000    -0.056625   0.000000    -0.006884   0.000000   )
 (  0.000000   0.000000    -0.040825   0.000000     0.221545   0.000000   )
 (  0.000000   0.000000     0.056625   0.000000     0.006884   0.000000   )
 (  0.000000   0.000000     0.056625   0.000000    -0.006884   0.000000   )
 (  0.056625   0.000000    -0.000000   0.000000    -0.006884   0.000000   )
 (  0.056625   0.000000    -0.000000   0.000000     0.006884   0.000000   )
 (  0.040825   0.000000    -0.000000   0.000000    -0.221545   0.000000   )
 (  0.040825   0.000000    -0.000000   0.000000     0.221545   0.000000   )
 ( -0.000000   0.000000     0.040825   0.000000     0.221545   0.000000   )
 ( -0.000000   0.000000     0.040825   0.000000    -0.221545   0.000000   )
     freq (   37) =       2.516326 [THz] =      83.935593 [cm-1]
 (  0.101144   0.000000    -0.101144   0.000000    -0.000000   0.000000   )
 (  0.101144   0.000000    -0.101144   0.000000     0.000000   0.000000   )
 (  0.000000   0.000000     0.000000   0.000000    -0.000000   0.000000   )
 ( -0.000000   0.000000    -0.000000   0.000000     0.000000   0.000000   )
 (  0.101144   0.000000     0.101144   0.000000    -0.000000   0.000000   )
 (  0.101144   0.000000     0.101144   0.000000     0.000000   0.000000   )
 ( -0.101144   0.000000    -0.101144   0.000000    -0.000000   0.000000   )
 ( -0.101144   0.000000    -0.101144   0.000000     0.000000   0.000000   )
 ( -0.000000   0.000000    -0.000000   0.000000     0.303778   0.000000   )
 ( -0.000000   0.000000    -0.000000   0.000000    -0.303778   0.000000   )
 ( -0.000000   0.000000     0.000000   0.000000    -0.303778   0.000000   )
 ( -0.000000   0.000000     0.000000   0.000000     0.303778   0.000000   )
 ( -0.101144   0.000000     0.101144   0.000000    -0.000000   0.000000   )
 ( -0.101144   0.000000     0.101144   0.000000     0.000000   0.000000   )
 (  0.000000   0.000000     0.000000   0.000000     0.000000   0.000000   )
 ( -0.000000   0.000000    -0.000000   0.000000    -0.000000   0.000000   )
 ( -0.106861   0.000000     0.106861   0.000000    -0.000000   0.000000   )
 (  0.000000   0.000000     0.000000   0.000000     0.000000   0.000000   )
 ( -0.106861   0.000000    -0.106861   0.000000     0.000000   0.000000   )
 (  0.106861   0.000000     0.106861   0.000000    -0.000000   0.000000   )
 (  0.000000   0.000000     0.000000   0.000000     0.000000   0.000000   )
 (  0.000000   0.000000     0.000000   0.000000    -0.000000   0.000000   )
 (  0.106861   0.000000    -0.106861   0.000000     0.000000   0.000000   )
 (  0.069326   0.000000     0.000000   0.000000     0.127919   0.000000   )
 (  0.084059   0.000000    -0.000000   0.000000     0.136911   0.000000   )
 (  0.084059   0.000000    -0.000000   0.000000    -0.136911   0.000000   )
 (  0.069326   0.000000     0.000000   0.000000    -0.127919   0.000000   )
 (  0.000000   0.000000    -0.084059   0.000000     0.136911   0.000000   )
 (  0.000000   0.000000    -0.069326   0.000000     0.127919   0.000000   )
 (  0.000000   0.000000    -0.069326   0.000000    -0.127919   0.000000   )
 (  0.000000   0.000000    -0.084059   0.000000    -0.136911   0.000000   )
 (  0.000000   0.000000     0.069326   0.000000     0.127919   0.000000   )
 (  0.000000   0.000000     0.069326   0.000000    -0.127919   0.000000   )
 ( -0.069326   0.000000     0.000000   0.000000     0.127919   0.000000   )
 ( -0.069326   0.000000     0.000000   0.000000    -0.127919   0.000000   )
 ( -0.084059   0.000000    -0.000000   0.000000    -0.136911   0.000000   )
 ( -0.084059   0.000000    -0.000000   0.000000     0.136911   0.000000   )
 ( -0.000000   0.000000     0.084059   0.000000    -0.136911   0.000000   )
 ( -0.000000   0.000000     0.084059   0.000000     0.136911   0.000000   )
     freq (   38) =       2.558030 [THz] =      85.326704 [cm-1]
 ( -0.013888   0.000000     0.013888   0.000000    -0.000000   0.000000   )
 (  0.013888   0.000000    -0.013888   0.000000     0.000000   0.000000   )
 (  0.000000   0.000000    -0.000000   0.000000    -0.000000   0.000000   )
 ( -0.000000   0.000000    -0.000000   0.000000     0.000000   0.000000   )
 ( -0.013888   0.000000    -0.013888   0.000000    -0.000000   0.000000   )
 (  0.013888   0.000000     0.013888   0.000000     0.000000   0.000000   )
 (  0.013888   0.000000     0.013888   0.000000    -0.000000   0.000000   )
 ( -0.013888   0.000000    -0.013888   0.000000     0.000000   0.000000   )
 ( -0.000000   0.000000    -0.000000   0.000000    -0.037943   0.000000   )
 ( -0.000000   0.000000    -0.000000   0.000000    -0.037943   0.000000   )
 ( -0.000000   0.000000    -0.000000   0.000000     0.037943   0.000000   )
 (  0.000000   0.000000     0.000000   0.000000     0.037943   0.000000   )
 (  0.013888   0.000000    -0.013888   0.000000    -0.000000   0.000000   )
 ( -0.013888   0.000000     0.013888   0.000000     0.000000   0.000000   )
 ( -0.000000   0.000000     0.000000   0.000000     0.000000   0.000000   )
 (  0.000000   0.000000    -0.000000   0.000000    -0.000000   0.000000   )
 (  0.000000   0.000000    -0.000000   0.000000    -0.000000   0.000000   )
 (  0.000000   0.000000     0.000000   0.000000    -0.000000   0.000000   )
 (  0.000000   0.000000    -0.000000   0.000000     0.000000   0.000000   )
 ( -0.000000   0.000000    -0.000000   0.000000    -0.000000   0.000000   )
 (  0.000000   0.000000     0.000000   0.000000     0.702336   0.000000   )
 (  0.000000   0.000000     0.000000   0.000000    -0.702336   0.000000   )
 ( -0.000000   0.000000    -0.000000   0.000000     0.000000   0.000000   )
 (  0.012055   0.000000     0.000000   0.000000     0.015293   0.000000   )
 ( -0.005239   0.000000     0.000000   0.000000    -0.012989   0.000000   )
 (  0.005239   0.000000    -0.000000   0.000000    -0.012989   0.000000   )
 ( -0.012055   0.000000     0.000000   0.000000     0.015293   0.000000   )
 (  0.000000   0.000000    -0.005239   0.000000     0.012989   0.000000   )
 ( -0.000000   0.000000     0.012055   0.000000    -0.015293   0.000000   )
 (  0.000000   0.000000    -0.012055   0.000000    -0.015293   0.000000   )
 ( -0.000000   0.000000     0.005239   0.000000     0.012989   0.000000   )
 (  0.000000   0.000000    -0.012055   0.000000    -0.015293   0.000000   )
 ( -0.000000   0.000000     0.012055   0.000000    -0.015293   0.000000   )
 ( -0.012055   0.000000     0.000000   0.000000     0.015293   0.000000   )
 (  0.012055   0.000000     0.000000   0.000000     0.015293   0.000000   )
 ( -0.005239   0.000000    -0.000000   0.000000    -0.012989   0.000000   )
 (  0.005239   0.000000    -0.000000   0.000000    -0.012989   0.000000   )
 (  0.000000   0.000000    -0.005239   0.000000     0.012989   0.000000   )
 ( -0.000000   0.000000     0.005239   0.000000     0.012989   0.000000   )
     freq (   39) =       2.605782 [THz] =      86.919519 [cm-1]
 ( -0.042825   0.000000    -0.042845   0.000000     0.120285   0.000000   )
 ( -0.042825   0.000000    -0.042845   0.000000    -0.120285   0.000000   )
 ( -0.027588   0.000000    -0.027697   0.000000    -0.000000   0.000000   )
 ( -0.027588   0.000000    -0.027697   0.000000     0.000000   0.000000   )
 ( -0.004972   0.000000    -0.005141   0.000000    -0.000237   0.000000   )
 ( -0.004972   0.000000    -0.005141   0.000000     0.000237   0.000000   )
 ( -0.004972   0.000000    -0.005141   0.000000     0.000237   0.000000   )
 ( -0.004972   0.000000    -0.005141   0.000000    -0.000237   0.000000   )
 (  0.004826   0.000000     0.096811   0.000000     0.000000   0.000000   )
 (  0.004826   0.000000     0.096811   0.000000    -0.000000   0.000000   )
 (  0.096431   0.000000     0.004845   0.000000    -0.000000   0.000000   )
 (  0.096431   0.000000     0.004845   0.000000     0.000000   0.000000   )
 ( -0.042825   0.000000    -0.042845   0.000000    -0.120285   0.000000   )
 ( -0.042825   0.000000    -0.042845   0.000000     0.120285   0.000000   )
 (  0.024013   0.000000     0.024108   0.000000     0.000000   0.000000   )
 (  0.024013   0.000000     0.024108   0.000000    -0.000000   0.000000   )
 (  0.194510   0.000000     0.195315   0.000000     0.000000   0.000000   )
 ( -0.125291   0.000000    -0.125786   0.000000    -0.000000   0.000000   )
 (  0.203811   0.000000     0.204579   0.000000     0.000000   0.000000   )
 (  0.203811   0.000000     0.204579   0.000000    -0.000000   0.000000   )
 ( -0.283730   0.000000    -0.374468   0.000000     0.000000   0.000000   )
 ( -0.372996   0.000000    -0.284850   0.000000    -0.000000   0.000000   )
 (  0.194510   0.000000     0.195315   0.000000    -0.000000   0.000000   )
 (  0.016733   0.000000    -0.069454   0.000000     0.060933   0.000000   )
 (  0.012252   0.000000     0.008550   0.000000    -0.050984   0.000000   )
 (  0.012252   0.000000     0.008550   0.000000     0.050984   0.000000   )
 (  0.016733   0.000000    -0.069454   0.000000    -0.060933   0.000000   )
 (  0.008516   0.000000     0.012300   0.000000     0.051185   0.000000   )
 ( -0.069181   0.000000     0.016799   0.000000    -0.061174   0.000000   )
 ( -0.069181   0.000000     0.016799   0.000000     0.061174   0.000000   )
 (  0.008516   0.000000     0.012300   0.000000    -0.051185   0.000000   )
 ( -0.069181   0.000000     0.016799   0.000000     0.061174   0.000000   )
 ( -0.069181   0.000000     0.016799   0.000000    -0.061174   0.000000   )
 (  0.016733   0.000000    -0.069454   0.000000    -0.060933   0.000000   )
 (  0.016733   0.000000    -0.069454   0.000000     0.060933   0.000000   )
 (  0.012252   0.000000     0.008550   0.000000    -0.050984   0.000000   )
 (  0.012252   0.000000     0.008550   0.000000     0.050984   0.000000   )
 (  0.008516   0.000000     0.012300   0.000000     0.051185   0.000000   )
 (  0.008516   0.000000     0.012300   0.000000    -0.051185   0.000000   )
     freq (   40) =       2.605782 [THz] =      86.919519 [cm-1]
 (  0.005141   0.000000    -0.004972   0.000000    -0.000237   0.000000   )
 (  0.005141   0.000000    -0.004972   0.000000     0.000237   0.000000   )
 (  0.027697   0.000000    -0.027588   0.000000     0.000000   0.000000   )
 (  0.027697   0.000000    -0.027588   0.000000    -0.000000   0.000000   )
 (  0.042845   0.000000    -0.042825   0.000000    -0.120285   0.000000   )
 (  0.042845   0.000000    -0.042825   0.000000     0.120285   0.000000   )
 (  0.042845   0.000000    -0.042825   0.000000     0.120285   0.000000   )
 (  0.042845   0.000000    -0.042825   0.000000    -0.120285   0.000000   )
 ( -0.004845   0.000000     0.096431   0.000000    -0.000000   0.000000   )
 ( -0.004845   0.000000     0.096431   0.000000    -0.000000   0.000000   )
 ( -0.096811   0.000000     0.004826   0.000000     0.000000   0.000000   )
 ( -0.096811   0.000000     0.004826   0.000000    -0.000000   0.000000   )
 (  0.005141   0.000000    -0.004972   0.000000     0.000237   0.000000   )
 (  0.005141   0.000000    -0.004972   0.000000    -0.000237   0.000000   )
 ( -0.024108   0.000000     0.024013   0.000000    -0.000000   0.000000   )
 ( -0.024108   0.000000     0.024013   0.000000     0.000000   0.000000   )
 ( -0.204579   0.000000     0.203811   0.000000    -0.000000   0.000000   )
 (  0.125786   0.000000    -0.125291   0.000000    -0.000000   0.000000   )
 ( -0.195315   0.000000     0.194510   0.000000     0.000000   0.000000   )
 ( -0.195315   0.000000     0.194510   0.000000    -0.000000   0.000000   )
 (  0.284850   0.000000    -0.372996   0.000000     0.000000   0.000000   )
 (  0.374468   0.000000    -0.283730   0.000000    -0.000000   0.000000   )
 ( -0.204579   0.000000     0.203811   0.000000     0.000000   0.000000   )
 ( -0.016799   0.000000    -0.069181   0.000000    -0.061174   0.000000   )
 ( -0.012300   0.000000     0.008516   0.000000     0.051185   0.000000   )
 ( -0.012300   0.000000     0.008516   0.000000    -0.051185   0.000000   )
 ( -0.016799   0.000000    -0.069181   0.000000     0.061174   0.000000   )
 ( -0.008550   0.000000     0.012252   0.000000     0.050984   0.000000   )
 (  0.069454   0.000000     0.016733   0.000000    -0.060933   0.000000   )
 (  0.069454   0.000000     0.016733   0.000000     0.060933   0.000000   )
 ( -0.008550   0.000000     0.012252   0.000000    -0.050984   0.000000   )
 (  0.069454   0.000000     0.016733   0.000000     0.060933   0.000000   )
 (  0.069454   0.000000     0.016733   0.000000    -0.060933   0.000000   )
 ( -0.016799   0.000000    -0.069181   0.000000     0.061174   0.000000   )
 ( -0.016799   0.000000    -0.069181   0.000000    -0.061174   0.000000   )
 ( -0.012300   0.000000     0.008516   0.000000     0.051185   0.000000   )
 ( -0.012300   0.000000     0.008516   0.000000    -0.051185   0.000000   )
 ( -0.008550   0.000000     0.012252   0.000000     0.050984   0.000000   )
 ( -0.008550   0.000000     0.012252   0.000000    -0.050984   0.000000   )
     freq (   41) =       2.680045 [THz] =      89.396693 [cm-1]
 (  0.070828   0.000000     0.070828   0.000000     0.318743   0.000000   )
 (  0.070828   0.000000     0.070828   0.000000    -0.318743   0.000000   )
 (  0.000000   0.000000    -0.000000   0.000000     0.000000   0.000000   )
 ( -0.000000   0.000000    -0.000000   0.000000    -0.000000   0.000000   )
 ( -0.070828   0.000000     0.070828   0.000000    -0.318743   0.000000   )
 ( -0.070828   0.000000     0.070828   0.000000     0.318743   0.000000   )
 (  0.070828   0.000000    -0.070828   0.000000    -0.318743   0.000000   )
 (  0.070828   0.000000    -0.070828   0.000000     0.318743   0.000000   )
 ( -0.000000   0.000000    -0.000000   0.000000    -0.000000   0.000000   )
 (  0.000000   0.000000    -0.000000   0.000000     0.000000   0.000000   )
 (  0.000000   0.000000    -0.000000   0.000000     0.000000   0.000000   )
 (  0.000000   0.000000    -0.000000   0.000000    -0.000000   0.000000   )
 ( -0.070828   0.000000    -0.070828   0.000000     0.318743   0.000000   )
 ( -0.070828   0.000000    -0.070828   0.000000    -0.318743   0.000000   )
 (  0.000000   0.000000     0.000000   0.000000    -0.000000   0.000000   )
 (  0.000000   0.000000    -0.000000   0.000000     0.000000   0.000000   )
 (  0.003308   0.000000     0.003308   0.000000     0.000000   0.000000   )
 ( -0.000000   0.000000     0.000000   0.000000    -0.000000   0.000000   )
 ( -0.003308   0.000000     0.003308   0.000000    -0.000000   0.000000   )
 (  0.003308   0.000000    -0.003308   0.000000     0.000000   0.000000   )
 ( -0.000000   0.000000     0.000000   0.000000    -0.000000   0.000000   )
 ( -0.000000   0.000000     0.000000   0.000000     0.000000   0.000000   )
 ( -0.003308   0.000000    -0.003308   0.000000    -0.000000   0.000000   )
 (  0.000000   0.000000    -0.006759   0.000000     0.000000   0.000000   )
 ( -0.000000   0.000000     0.115382   0.000000    -0.000000   0.000000   )
 ( -0.000000   0.000000     0.115382   0.000000     0.000000   0.000000   )
 (  0.000000   0.000000    -0.006759   0.000000    -0.000000   0.000000   )
 (  0.115382   0.000000     0.000000   0.000000     0.000000   0.000000   )
 ( -0.006759   0.000000     0.000000   0.000000    -0.000000   0.000000   )
 ( -0.006759   0.000000     0.000000   0.000000     0.000000   0.000000   )
 (  0.115382   0.000000     0.000000   0.000000    -0.000000   0.000000   )
 (  0.006759   0.000000    -0.000000   0.000000    -0.000000   0.000000   )
 (  0.006759   0.000000    -0.000000   0.000000     0.000000   0.000000   )
 (  0.000000   0.000000     0.006759   0.000000    -0.000000   0.000000   )
 ( -0.000000   0.000000     0.006759   0.000000     0.000000   0.000000   )
 ( -0.000000   0.000000    -0.115382   0.000000     0.000000   0.000000   )
 ( -0.000000   0.000000    -0.115382   0.000000    -0.000000   0.000000   )
 ( -0.115382   0.000000    -0.000000   0.000000    -0.000000   0.000000   )
 ( -0.115382   0.000000    -0.000000   0.000000     0.000000   0.000000   )
     freq (   42) =       3.067397 [THz] =     102.317357 [cm-1]
 ( -0.010405   0.000000    -0.010405   0.000000     0.016718   0.000000   )
 (  0.010405   0.000000     0.010405   0.000000     0.016718   0.000000   )
 (  0.000000   0.000000     0.000000   0.000000    -0.020742   0.000000   )
 (  0.000000   0.000000     0.000000   0.000000    -0.020742   0.000000   )
 ( -0.010405   0.000000     0.010405   0.000000     0.016718   0.000000   )
 (  0.010405   0.000000    -0.010405   0.000000     0.016718   0.000000   )
 (  0.010405   0.000000    -0.010405   0.000000     0.016718   0.000000   )
 ( -0.010405   0.000000     0.010405   0.000000     0.016718   0.000000   )
 (  0.000000   0.000000     0.000000   0.000000    -0.014276   0.000000   )
 (  0.000000   0.000000     0.000000   0.000000    -0.014276   0.000000   )
 ( -0.000000   0.000000    -0.000000   0.000000    -0.014276   0.000000   )
 ( -0.000000   0.000000    -0.000000   0.000000    -0.014276   0.000000   )
 (  0.010405   0.000000     0.010405   0.000000     0.016718   0.000000   )
 ( -0.010405   0.000000    -0.010405   0.000000     0.016718   0.000000   )
 ( -0.000000   0.000000    -0.000000   0.000000     0.002438   0.000000   )
 ( -0.000000   0.000000    -0.000000   0.000000     0.002438   0.000000   )
 (  0.000000   0.000000     0.000000   0.000000    -0.102355   0.000000   )
 ( -0.000000   0.000000    -0.000000   0.000000     0.886684   0.000000   )
 ( -0.000000   0.000000     0.000000   0.000000    -0.102355   0.000000   )
 ( -0.000000   0.000000    -0.000000   0.000000    -0.102355   0.000000   )
 (  0.000000   0.000000    -0.000000   0.000000    -0.280366   0.000000   )
 ( -0.000000   0.000000    -0.000000   0.000000    -0.280366   0.000000   )
 (  0.000000   0.000000     0.000000   0.000000    -0.102355   0.000000   )
 (  0.025440   0.000000     0.000000   0.000000    -0.015347   0.000000   )
 (  0.015576   0.000000    -0.000000   0.000000     0.001475   0.000000   )
 ( -0.015576   0.000000    -0.000000   0.000000     0.001475   0.000000   )
 ( -0.025440   0.000000     0.000000   0.000000    -0.015347   0.000000   )
 ( -0.000000   0.000000    -0.015576   0.000000     0.001475   0.000000   )
 (  0.000000   0.000000    -0.025440   0.000000    -0.015347   0.000000   )
 (  0.000000   0.000000     0.025440   0.000000    -0.015347   0.000000   )
 ( -0.000000   0.000000     0.015576   0.000000     0.001475   0.000000   )
 (  0.000000   0.000000     0.025440   0.000000    -0.015347   0.000000   )
 (  0.000000   0.000000    -0.025440   0.000000    -0.015347   0.000000   )
 ( -0.025440   0.000000     0.000000   0.000000    -0.015347   0.000000   )
 (  0.025440   0.000000     0.000000   0.000000    -0.015347   0.000000   )
 (  0.015576   0.000000    -0.000000   0.000000     0.001475   0.000000   )
 ( -0.015576   0.000000    -0.000000   0.000000     0.001475   0.000000   )
 ( -0.000000   0.000000    -0.015576   0.000000     0.001475   0.000000   )
 ( -0.000000   0.000000     0.015576   0.000000     0.001475   0.000000   )
     freq (   43) =       3.164403 [THz] =     105.553130 [cm-1]
 (  0.003825   0.000000     0.054059   0.000000    -0.025706   0.000000   )
 (  0.003825   0.000000     0.054059   0.000000     0.025706   0.000000   )
 (  0.000010   0.000000     0.032980   0.000000    -0.000000   0.000000   )
 (  0.000010   0.000000     0.032980   0.000000     0.000000   0.000000   )
 ( -0.003792   0.000000     0.054057   0.000000     0.025690   0.000000   )
 ( -0.003792   0.000000     0.054057   0.000000    -0.025690   0.000000   )
 ( -0.003792   0.000000     0.054057   0.000000    -0.025690   0.000000   )
 ( -0.003792   0.000000     0.054057   0.000000     0.025690   0.000000   )
 ( -0.000003   0.000000    -0.066615   0.000000     0.000000   0.000000   )
 ( -0.000003   0.000000    -0.066615   0.000000     0.000000   0.000000   )
 ( -0.000020   0.000000    -0.010107   0.000000     0.000000   0.000000   )
 ( -0.000020   0.000000    -0.010107   0.000000    -0.000000   0.000000   )
 (  0.003825   0.000000     0.054059   0.000000     0.025706   0.000000   )
 (  0.003825   0.000000     0.054059   0.000000    -0.025706   0.000000   )
 ( -0.000002   0.000000    -0.007501   0.000000     0.000000   0.000000   )
 ( -0.000002   0.000000    -0.007501   0.000000     0.000000   0.000000   )
 ( -0.115969   0.000000    -0.012577   0.000000    -0.000000   0.000000   )
 ( -0.000254   0.000000    -0.832922   0.000000    -0.000000   0.000000   )
 (  0.115961   0.000000    -0.012507   0.000000    -0.000000   0.000000   )
 (  0.115961   0.000000    -0.012507   0.000000    -0.000000   0.000000   )
 (  0.000040   0.000000    -0.157491   0.000000    -0.000000   0.000000   )
 ( -0.000048   0.000000     0.131587   0.000000    -0.000000   0.000000   )
 ( -0.115969   0.000000    -0.012577   0.000000    -0.000000   0.000000   )
 ( -0.000009   0.000000     0.124318   0.000000    -0.000030   0.000000   )
 (  0.000009   0.000000    -0.081849   0.000000     0.000028   0.000000   )
 (  0.000009   0.000000    -0.081849   0.000000    -0.000028   0.000000   )
 ( -0.000009   0.000000     0.124318   0.000000     0.000030   0.000000   )
 ( -0.000025   0.000000     0.030825   0.000000    -0.091953   0.000000   )
 (  0.000038   0.000000    -0.029305   0.000000     0.099854   0.000000   )
 (  0.000038   0.000000    -0.029305   0.000000    -0.099854   0.000000   )
 ( -0.000025   0.000000     0.030825   0.000000     0.091953   0.000000   )
 (  0.000038   0.000000    -0.029305   0.000000    -0.099854   0.000000   )
 (  0.000038   0.000000    -0.029305   0.000000     0.099854   0.000000   )
 ( -0.000009   0.000000     0.124318   0.000000     0.000030   0.000000   )
 ( -0.000009   0.000000     0.124318   0.000000    -0.000030   0.000000   )
 (  0.000009   0.000000    -0.081849   0.000000     0.000028   0.000000   )
 (  0.000009   0.000000    -0.081849   0.000000    -0.000028   0.000000   )
 ( -0.000025   0.000000     0.030825   0.000000    -0.091953   0.000000   )
 ( -0.000025   0.000000     0.030825   0.000000     0.091953   0.000000   )
     freq (   44) =       3.164403 [THz] =     105.553130 [cm-1]
 (  0.054057   0.000000     0.003792   0.000000    -0.025690   0.000000   )
 (  0.054057   0.000000     0.003792   0.000000     0.025690   0.000000   )
 (  0.032980   0.000000    -0.000010   0.000000     0.000000   0.000000   )
 (  0.032980   0.000000    -0.000010   0.000000    -0.000000   0.000000   )
 (  0.054059   0.000000    -0.003825   0.000000    -0.025706   0.000000   )
 (  0.054059   0.000000    -0.003825   0.000000     0.025706   0.000000   )
 (  0.054059   0.000000    -0.003825   0.000000     0.025706   0.000000   )
 (  0.054059   0.000000    -0.003825   0.000000    -0.025706   0.000000   )
 ( -0.010107   0.000000     0.000020   0.000000    -0.000000   0.000000   )
 ( -0.010107   0.000000     0.000020   0.000000     0.000000   0.000000   )
 ( -0.066615   0.000000     0.000003   0.000000    -0.000000   0.000000   )
 ( -0.066615   0.000000     0.000003   0.000000     0.000000   0.000000   )
 (  0.054057   0.000000     0.003792   0.000000     0.025690   0.000000   )
 (  0.054057   0.000000     0.003792   0.000000    -0.025690   0.000000   )
 ( -0.007501   0.000000     0.000002   0.000000     0.000000   0.000000   )
 ( -0.007501   0.000000     0.000002   0.000000    -0.000000   0.000000   )
 ( -0.012507   0.000000    -0.115961   0.000000     0.000000   0.000000   )
 ( -0.832922   0.000000     0.000254   0.000000    -0.000000   0.000000   )
 ( -0.012577   0.000000     0.115969   0.000000     0.000000   0.000000   )
 ( -0.012577   0.000000     0.115969   0.000000     0.000000   0.000000   )
 (  0.131587   0.000000     0.000048   0.000000     0.000000   0.000000   )
 ( -0.157491   0.000000    -0.000040   0.000000     0.000000   0.000000   )
 ( -0.012507   0.000000    -0.115961   0.000000     0.000000   0.000000   )
 ( -0.029305   0.000000    -0.000038   0.000000    -0.099854   0.000000   )
 (  0.030825   0.000000     0.000025   0.000000     0.091953   0.000000   )
 (  0.030825   0.000000     0.000025   0.000000    -0.091953   0.000000   )
 ( -0.029305   0.000000    -0.000038   0.000000     0.099854   0.000000   )
 ( -0.081849   0.000000    -0.000009   0.000000     0.000028   0.000000   )
 (  0.124318   0.000000     0.000009   0.000000    -0.000030   0.000000   )
 (  0.124318   0.000000     0.000009   0.000000     0.000030   0.000000   )
 ( -0.081849   0.000000    -0.000009   0.000000    -0.000028   0.000000   )
 (  0.124318   0.000000     0.000009   0.000000     0.000030   0.000000   )
 (  0.124318   0.000000     0.000009   0.000000    -0.000030   0.000000   )
 ( -0.029305   0.000000    -0.000038   0.000000     0.099854   0.000000   )
 ( -0.029305   0.000000    -0.000038   0.000000    -0.099854   0.000000   )
 (  0.030825   0.000000     0.000025   0.000000     0.091953   0.000000   )
 (  0.030825   0.000000     0.000025   0.000000    -0.091953   0.000000   )
 ( -0.081849   0.000000    -0.000009   0.000000     0.000028   0.000000   )
 ( -0.081849   0.000000    -0.000009   0.000000    -0.000028   0.000000   )
     freq (   45) =       3.385938 [THz] =     112.942729 [cm-1]
 ( -0.001405   0.000000    -0.001405   0.000000    -0.006248   0.000000   )
 ( -0.001405   0.000000    -0.001405   0.000000     0.006248   0.000000   )
 (  0.000000   0.000000     0.000000   0.000000     0.323219   0.000000   )
 (  0.000000   0.000000     0.000000   0.000000    -0.323219   0.000000   )
 ( -0.001405   0.000000     0.001405   0.000000    -0.006248   0.000000   )
 ( -0.001405   0.000000     0.001405   0.000000     0.006248   0.000000   )
 (  0.001405   0.000000    -0.001405   0.000000    -0.006248   0.000000   )
 (  0.001405   0.000000    -0.001405   0.000000     0.006248   0.000000   )
 ( -0.000000   0.000000    -0.000000   0.000000    -0.331468   0.000000   )
 ( -0.000000   0.000000    -0.000000   0.000000     0.331468   0.000000   )
 ( -0.000000   0.000000    -0.000000   0.000000    -0.331468   0.000000   )
 ( -0.000000   0.000000    -0.000000   0.000000     0.331468   0.000000   )
 (  0.001405   0.000000     0.001405   0.000000    -0.006248   0.000000   )
 (  0.001405   0.000000     0.001405   0.000000     0.006248   0.000000   )
 (  0.000000   0.000000     0.000000   0.000000     0.336834   0.000000   )
 (  0.000000   0.000000     0.000000   0.000000    -0.336834   0.000000   )
 (  0.059336   0.000000     0.059336   0.000000    -0.000000   0.000000   )
 ( -0.000000   0.000000    -0.000000   0.000000     0.000000   0.000000   )
 (  0.059336   0.000000    -0.059336   0.000000     0.000000   0.000000   )
 ( -0.059336   0.000000     0.059336   0.000000     0.000000   0.000000   )
 (  0.000000   0.000000    -0.000000   0.000000     0.000000   0.000000   )
 ( -0.000000   0.000000     0.000000   0.000000     0.000000   0.000000   )
 ( -0.059336   0.000000    -0.059336   0.000000    -0.000000   0.000000   )
 (  0.060544   0.000000    -0.000000   0.000000     0.018104   0.000000   )
 ( -0.085953   0.000000     0.000000   0.000000     0.025256   0.000000   )
 ( -0.085953   0.000000     0.000000   0.000000    -0.025256   0.000000   )
 (  0.060544   0.000000    -0.000000   0.000000    -0.018104   0.000000   )
 (  0.000000   0.000000    -0.085953   0.000000    -0.025256   0.000000   )
 ( -0.000000   0.000000     0.060544   0.000000    -0.018104   0.000000   )
 ( -0.000000   0.000000     0.060544   0.000000     0.018104   0.000000   )
 (  0.000000   0.000000    -0.085953   0.000000     0.025256   0.000000   )
 ( -0.000000   0.000000    -0.060544   0.000000    -0.018104   0.000000   )
 ( -0.000000   0.000000    -0.060544   0.000000     0.018104   0.000000   )
 ( -0.060544   0.000000    -0.000000   0.000000     0.018104   0.000000   )
 ( -0.060544   0.000000    -0.000000   0.000000    -0.018104   0.000000   )
 (  0.085953   0.000000     0.000000   0.000000    -0.025256   0.000000   )
 (  0.085953   0.000000     0.000000   0.000000     0.025256   0.000000   )
 (  0.000000   0.000000     0.085953   0.000000     0.025256   0.000000   )
 (  0.000000   0.000000     0.085953   0.000000    -0.025256   0.000000   )
     freq (   46) =       3.389604 [THz] =     113.065024 [cm-1]
 (  0.000690   0.000000     0.015777   0.000000     0.021947   0.000000   )
 (  0.000690   0.000000     0.015777   0.000000    -0.021947   0.000000   )
 ( -0.001761   0.000000    -0.021426   0.000000     0.000000   0.000000   )
 ( -0.001761   0.000000    -0.021426   0.000000    -0.000000   0.000000   )
 (  0.001911   0.000000     0.015878   0.000000    -0.018613   0.000000   )
 (  0.001911   0.000000     0.015878   0.000000     0.018613   0.000000   )
 (  0.001911   0.000000     0.015878   0.000000     0.018613   0.000000   )
 (  0.001911   0.000000     0.015878   0.000000    -0.018613   0.000000   )
 (  0.000612   0.000000     0.012889   0.000000    -0.000000   0.000000   )
 (  0.000612   0.000000     0.012889   0.000000     0.000000   0.000000   )
 (  0.001059   0.000000     0.007440   0.000000    -0.000000   0.000000   )
 (  0.001059   0.000000     0.007440   0.000000     0.000000   0.000000   )
 (  0.000690   0.000000     0.015777   0.000000    -0.021947   0.000000   )
 (  0.000690   0.000000     0.015777   0.000000     0.021947   0.000000   )
 ( -0.000675   0.000000    -0.008215   0.000000     0.000000   0.000000   )
 ( -0.000675   0.000000    -0.008215   0.000000    -0.000000   0.000000   )
 ( -0.341784   0.000000    -0.076003   0.000000    -0.000000   0.000000   )
 (  0.004669   0.000000     0.056799   0.000000     0.000000   0.000000   )
 (  0.333854   0.000000    -0.020467   0.000000     0.000000   0.000000   )
 (  0.333854   0.000000    -0.020467   0.000000     0.000000   0.000000   )
 ( -0.046056   0.000000     0.364949   0.000000    -0.000000   0.000000   )
 (  0.029998   0.000000    -0.560302   0.000000    -0.000000   0.000000   )
 ( -0.341784   0.000000    -0.076003   0.000000    -0.000000   0.000000   )
 (  0.001108   0.000000     0.088086   0.000000    -0.003749   0.000000   )
 ( -0.000113   0.000000    -0.043827   0.000000     0.006175   0.000000   )
 ( -0.000113   0.000000    -0.043827   0.000000    -0.006175   0.000000   )
 (  0.001108   0.000000     0.088086   0.000000     0.003749   0.000000   )
 ( -0.003602   0.000000    -0.001380   0.000000    -0.075129   0.000000   )
 (  0.007240   0.000000     0.013475   0.000000     0.045604   0.000000   )
 (  0.007240   0.000000     0.013475   0.000000    -0.045604   0.000000   )
 ( -0.003602   0.000000    -0.001380   0.000000     0.075129   0.000000   )
 (  0.007240   0.000000     0.013475   0.000000    -0.045604   0.000000   )
 (  0.007240   0.000000     0.013475   0.000000     0.045604   0.000000   )
 (  0.001108   0.000000     0.088086   0.000000     0.003749   0.000000   )
 (  0.001108   0.000000     0.088086   0.000000    -0.003749   0.000000   )
 ( -0.000113   0.000000    -0.043827   0.000000     0.006175   0.000000   )
 ( -0.000113   0.000000    -0.043827   0.000000    -0.006175   0.000000   )
 ( -0.003602   0.000000    -0.001380   0.000000    -0.075129   0.000000   )
 ( -0.003602   0.000000    -0.001380   0.000000     0.075129   0.000000   )
     freq (   47) =       3.389604 [THz] =     113.065024 [cm-1]
 ( -0.015878   0.000000     0.001911   0.000000    -0.018613   0.000000   )
 ( -0.015878   0.000000     0.001911   0.000000     0.018613   0.000000   )
 (  0.021426   0.000000    -0.001761   0.000000    -0.000000   0.000000   )
 (  0.021426   0.000000    -0.001761   0.000000     0.000000   0.000000   )
 ( -0.015777   0.000000     0.000690   0.000000    -0.021947   0.000000   )
 ( -0.015777   0.000000     0.000690   0.000000     0.021947   0.000000   )
 ( -0.015777   0.000000     0.000690   0.000000     0.021947   0.000000   )
 ( -0.015777   0.000000     0.000690   0.000000    -0.021947   0.000000   )
 ( -0.007440   0.000000     0.001059   0.000000     0.000000   0.000000   )
 ( -0.007440   0.000000     0.001059   0.000000    -0.000000   0.000000   )
 ( -0.012889   0.000000     0.000612   0.000000     0.000000   0.000000   )
 ( -0.012889   0.000000     0.000612   0.000000    -0.000000   0.000000   )
 ( -0.015878   0.000000     0.001911   0.000000     0.018613   0.000000   )
 ( -0.015878   0.000000     0.001911   0.000000    -0.018613   0.000000   )
 (  0.008215   0.000000    -0.000675   0.000000    -0.000000   0.000000   )
 (  0.008215   0.000000    -0.000675   0.000000     0.000000   0.000000   )
 (  0.020467   0.000000     0.333854   0.000000     0.000000   0.000000   )
 ( -0.056799   0.000000     0.004669   0.000000    -0.000000   0.000000   )
 (  0.076003   0.000000    -0.341784   0.000000    -0.000000   0.000000   )
 (  0.076003   0.000000    -0.341784   0.000000    -0.000000   0.000000   )
 (  0.560302   0.000000     0.029998   0.000000    -0.000000   0.000000   )
 ( -0.364949   0.000000    -0.046056   0.000000    -0.000000   0.000000   )
 (  0.020467   0.000000     0.333854   0.000000     0.000000   0.000000   )
 ( -0.013475   0.000000     0.007240   0.000000     0.045604   0.000000   )
 (  0.001380   0.000000    -0.003602   0.000000    -0.075129   0.000000   )
 (  0.001380   0.000000    -0.003602   0.000000     0.075129   0.000000   )
 ( -0.013475   0.000000     0.007240   0.000000    -0.045604   0.000000   )
 (  0.043827   0.000000    -0.000113   0.000000    -0.006175   0.000000   )
 ( -0.088086   0.000000     0.001108   0.000000     0.003749   0.000000   )
 ( -0.088086   0.000000     0.001108   0.000000    -0.003749   0.000000   )
 (  0.043827   0.000000    -0.000113   0.000000     0.006175   0.000000   )
 ( -0.088086   0.000000     0.001108   0.000000    -0.003749   0.000000   )
 ( -0.088086   0.000000     0.001108   0.000000     0.003749   0.000000   )
 ( -0.013475   0.000000     0.007240   0.000000    -0.045604   0.000000   )
 ( -0.013475   0.000000     0.007240   0.000000     0.045604   0.000000   )
 (  0.001380   0.000000    -0.003602   0.000000    -0.075129   0.000000   )
 (  0.001380   0.000000    -0.003602   0.000000     0.075129   0.000000   )
 (  0.043827   0.000000    -0.000113   0.000000    -0.006175   0.000000   )
 (  0.043827   0.000000    -0.000113   0.000000     0.006175   0.000000   )
     freq (   48) =       3.398809 [THz] =     113.372066 [cm-1]
 ( -0.008528   0.000000    -0.008528   0.000000     0.039073   0.000000   )
 (  0.008528   0.000000     0.008528   0.000000     0.039073   0.000000   )
 ( -0.000000   0.000000    -0.000000   0.000000     0.000000   0.000000   )
 ( -0.000000   0.000000    -0.000000   0.000000    -0.000000   0.000000   )
 (  0.008528   0.000000    -0.008528   0.000000    -0.039073   0.000000   )
 ( -0.008528   0.000000     0.008528   0.000000    -0.039073   0.000000   )
 ( -0.008528   0.000000     0.008528   0.000000    -0.039073   0.000000   )
 (  0.008528   0.000000    -0.008528   0.000000    -0.039073   0.000000   )
 (  0.000000   0.000000     0.000000   0.000000    -0.000000   0.000000   )
 (  0.000000   0.000000     0.000000   0.000000     0.000000   0.000000   )
 (  0.000000   0.000000     0.000000   0.000000    -0.000000   0.000000   )
 (  0.000000   0.000000     0.000000   0.000000     0.000000   0.000000   )
 (  0.008528   0.000000     0.008528   0.000000     0.039073   0.000000   )
 ( -0.008528   0.000000    -0.008528   0.000000     0.039073   0.000000   )
 ( -0.000000   0.000000     0.000000   0.000000     0.000000   0.000000   )
 ( -0.000000   0.000000     0.000000   0.000000    -0.000000   0.000000   )
 ( -0.000000   0.000000    -0.000000   0.000000     0.494286   0.000000   )
 (  0.000000   0.000000     0.000000   0.000000     0.000000   0.000000   )
 (  0.000000   0.000000     0.000000   0.000000    -0.494286   0.000000   )
 ( -0.000000   0.000000     0.000000   0.000000    -0.494286   0.000000   )
 ( -0.000000   0.000000     0.000000   0.000000    -0.000000   0.000000   )
 (  0.000000   0.000000    -0.000000   0.000000    -0.000000   0.000000   )
 ( -0.000000   0.000000    -0.000000   0.000000     0.494286   0.000000   )
 (  0.000000   0.000000     0.020747   0.000000    -0.000000   0.000000   )
 ( -0.000000   0.000000     0.027169   0.000000     0.000000   0.000000   )
 ( -0.000000   0.000000    -0.027169   0.000000    -0.000000   0.000000   )
 (  0.000000   0.000000    -0.020747   0.000000     0.000000   0.000000   )
 ( -0.027169   0.000000    -0.000000   0.000000    -0.000000   0.000000   )
 ( -0.020747   0.000000     0.000000   0.000000    -0.000000   0.000000   )
 (  0.020747   0.000000     0.000000   0.000000    -0.000000   0.000000   )
 (  0.027169   0.000000    -0.000000   0.000000     0.000000   0.000000   )
 (  0.020747   0.000000    -0.000000   0.000000    -0.000000   0.000000   )
 ( -0.020747   0.000000    -0.000000   0.000000     0.000000   0.000000   )
 ( -0.000000   0.000000    -0.020747   0.000000     0.000000   0.000000   )
 ( -0.000000   0.000000     0.020747   0.000000    -0.000000   0.000000   )
 (  0.000000   0.000000     0.027169   0.000000     0.000000   0.000000   )
 (  0.000000   0.000000    -0.027169   0.000000    -0.000000   0.000000   )
 ( -0.027169   0.000000     0.000000   0.000000    -0.000000   0.000000   )
 (  0.027169   0.000000     0.000000   0.000000     0.000000   0.000000   )
     freq (   49) =       3.448009 [THz] =     115.013202 [cm-1]
 (  0.024477   0.000000     0.024477   0.000000    -0.053549   0.000000   )
 ( -0.024477   0.000000    -0.024477   0.000000    -0.053549   0.000000   )
 ( -0.000000   0.000000    -0.000000   0.000000     0.126540   0.000000   )
 ( -0.000000   0.000000    -0.000000   0.000000     0.126540   0.000000   )
 (  0.024477   0.000000    -0.024477   0.000000    -0.053549   0.000000   )
 ( -0.024477   0.000000     0.024477   0.000000    -0.053549   0.000000   )
 ( -0.024477   0.000000     0.024477   0.000000    -0.053549   0.000000   )
 (  0.024477   0.000000    -0.024477   0.000000    -0.053549   0.000000   )
 (  0.000000   0.000000     0.000000   0.000000     0.050814   0.000000   )
 (  0.000000   0.000000     0.000000   0.000000     0.050814   0.000000   )
 (  0.000000   0.000000     0.000000   0.000000     0.050814   0.000000   )
 (  0.000000   0.000000     0.000000   0.000000     0.050814   0.000000   )
 ( -0.024477   0.000000    -0.024477   0.000000    -0.053549   0.000000   )
 (  0.024477   0.000000     0.024477   0.000000    -0.053549   0.000000   )
 ( -0.000000   0.000000    -0.000000   0.000000     0.022844   0.000000   )
 ( -0.000000   0.000000     0.000000   0.000000     0.022844   0.000000   )
 ( -0.000000   0.000000    -0.000000   0.000000     0.268589   0.000000   )
 (  0.000000   0.000000     0.000000   0.000000    -0.166884   0.000000   )
 (  0.000000   0.000000     0.000000   0.000000     0.268589   0.000000   )
 ( -0.000000   0.000000     0.000000   0.000000     0.268589   0.000000   )
 ( -0.000000   0.000000    -0.000000   0.000000    -0.548560   0.000000   )
 (  0.000000   0.000000     0.000000   0.000000    -0.548560   0.000000   )
 (  0.000000   0.000000    -0.000000   0.000000     0.268589   0.000000   )
 (  0.021141   0.000000    -0.000000   0.000000    -0.002957   0.000000   )
 (  0.016525   0.000000     0.000000   0.000000    -0.000275   0.000000   )
 ( -0.016525   0.000000     0.000000   0.000000    -0.000275   0.000000   )
 ( -0.021141   0.000000    -0.000000   0.000000    -0.002957   0.000000   )
 ( -0.000000   0.000000    -0.016525   0.000000    -0.000275   0.000000   )
 (  0.000000   0.000000    -0.021141   0.000000    -0.002957   0.000000   )
 ( -0.000000   0.000000     0.021141   0.000000    -0.002957   0.000000   )
 ( -0.000000   0.000000     0.016525   0.000000    -0.000275   0.000000   )
 (  0.000000   0.000000     0.021141   0.000000    -0.002957   0.000000   )
 (  0.000000   0.000000    -0.021141   0.000000    -0.002957   0.000000   )
 ( -0.021141   0.000000    -0.000000   0.000000    -0.002957   0.000000   )
 (  0.021141   0.000000    -0.000000   0.000000    -0.002957   0.000000   )
 (  0.016525   0.000000     0.000000   0.000000    -0.000275   0.000000   )
 ( -0.016525   0.000000     0.000000   0.000000    -0.000275   0.000000   )
 (  0.000000   0.000000    -0.016525   0.000000    -0.000275   0.000000   )
 ( -0.000000   0.000000     0.016525   0.000000    -0.000275   0.000000   )
     freq (   50) =       3.484025 [THz] =     116.214570 [cm-1]
 (  0.007639   0.000000    -0.026407   0.000000     0.000559   0.000000   )
 (  0.007639   0.000000    -0.026407   0.000000    -0.000559   0.000000   )
 (  0.002007   0.000000    -0.024366   0.000000     0.000000   0.000000   )
 (  0.002007   0.000000    -0.024366   0.000000    -0.000000   0.000000   )
 ( -0.003363   0.000000    -0.025501   0.000000    -0.000659   0.000000   )
 ( -0.003363   0.000000    -0.025501   0.000000     0.000659   0.000000   )
 ( -0.003363   0.000000    -0.025501   0.000000     0.000659   0.000000   )
 ( -0.003363   0.000000    -0.025501   0.000000    -0.000659   0.000000   )
 ( -0.000774   0.000000     0.051115   0.000000    -0.000000   0.000000   )
 ( -0.000774   0.000000     0.051115   0.000000     0.000000   0.000000   )
 ( -0.004210   0.000000     0.009397   0.000000    -0.000000   0.000000   )
 ( -0.004210   0.000000     0.009397   0.000000     0.000000   0.000000   )
 (  0.007639   0.000000    -0.026407   0.000000    -0.000559   0.000000   )
 (  0.007639   0.000000    -0.026407   0.000000     0.000559   0.000000   )
 ( -0.000996   0.000000     0.012093   0.000000     0.000000   0.000000   )
 ( -0.000996   0.000000     0.012093   0.000000    -0.000000   0.000000   )
 ( -0.308422   0.000000     0.008613   0.000000    -0.000000   0.000000   )
 ( -0.017742   0.000000     0.215387   0.000000     0.000000   0.000000   )
 (  0.311207   0.000000    -0.042426   0.000000    -0.000000   0.000000   )
 (  0.311207   0.000000    -0.042426   0.000000    -0.000000   0.000000   )
 ( -0.042841   0.000000    -0.329379   0.000000     0.000000   0.000000   )
 (  0.027131   0.000000     0.520098   0.000000     0.000000   0.000000   )
 ( -0.308422   0.000000     0.008613   0.000000     0.000000   0.000000   )
 (  0.000751   0.000000    -0.119187   0.000000    -0.011193   0.000000   )
 (  0.000353   0.000000     0.077945   0.000000     0.005026   0.000000   )
 (  0.000353   0.000000     0.077945   0.000000    -0.005026   0.000000   )
 (  0.000751   0.000000    -0.119187   0.000000     0.011193   0.000000   )
 ( -0.006420   0.000000    -0.004290   0.000000     0.061013   0.000000   )
 (  0.009818   0.000000    -0.009114   0.000000    -0.135882   0.000000   )
 (  0.009818   0.000000    -0.009114   0.000000     0.135882   0.000000   )
 ( -0.006420   0.000000    -0.004290   0.000000    -0.061013   0.000000   )
 (  0.009818   0.000000    -0.009114   0.000000     0.135882   0.000000   )
 (  0.009818   0.000000    -0.009114   0.000000    -0.135882   0.000000   )
 (  0.000751   0.000000    -0.119187   0.000000     0.011193   0.000000   )
 (  0.000751   0.000000    -0.119187   0.000000    -0.011193   0.000000   )
 (  0.000353   0.000000     0.077945   0.000000     0.005026   0.000000   )
 (  0.000353   0.000000     0.077945   0.000000    -0.005026   0.000000   )
 ( -0.006420   0.000000    -0.004290   0.000000     0.061013   0.000000   )
 ( -0.006420   0.000000    -0.004290   0.000000    -0.061013   0.000000   )
     freq (   51) =       3.484025 [THz] =     116.214570 [cm-1]
 (  0.025501   0.000000    -0.003363   0.000000    -0.000659   0.000000   )
 (  0.025501   0.000000    -0.003363   0.000000     0.000659   0.000000   )
 (  0.024366   0.000000     0.002007   0.000000     0.000000   0.000000   )
 (  0.024366   0.000000     0.002007   0.000000    -0.000000   0.000000   )
 (  0.026407   0.000000     0.007639   0.000000    -0.000559   0.000000   )
 (  0.026407   0.000000     0.007639   0.000000     0.000559   0.000000   )
 (  0.026407   0.000000     0.007639   0.000000     0.000559   0.000000   )
 (  0.026407   0.000000     0.007639   0.000000    -0.000559   0.000000   )
 ( -0.009397   0.000000    -0.004210   0.000000    -0.000000   0.000000   )
 ( -0.009397   0.000000    -0.004210   0.000000     0.000000   0.000000   )
 ( -0.051115   0.000000    -0.000774   0.000000    -0.000000   0.000000   )
 ( -0.051115   0.000000    -0.000774   0.000000     0.000000   0.000000   )
 (  0.025501   0.000000    -0.003363   0.000000     0.000659   0.000000   )
 (  0.025501   0.000000    -0.003363   0.000000    -0.000659   0.000000   )
 ( -0.012093   0.000000    -0.000996   0.000000     0.000000   0.000000   )
 ( -0.012093   0.000000    -0.000996   0.000000    -0.000000   0.000000   )
 (  0.042426   0.000000     0.311207   0.000000     0.000000   0.000000   )
 ( -0.215387   0.000000    -0.017742   0.000000    -0.000000   0.000000   )
 ( -0.008613   0.000000    -0.308422   0.000000     0.000000   0.000000   )
 ( -0.008613   0.000000    -0.308422   0.000000     0.000000   0.000000   )
 ( -0.520098   0.000000     0.027131   0.000000    -0.000000   0.000000   )
 (  0.329379   0.000000    -0.042841   0.000000    -0.000000   0.000000   )
 (  0.042426   0.000000     0.311207   0.000000     0.000000   0.000000   )
 (  0.009114   0.000000     0.009818   0.000000    -0.135882   0.000000   )
 (  0.004290   0.000000    -0.006420   0.000000     0.061013   0.000000   )
 (  0.004290   0.000000    -0.006420   0.000000    -0.061013   0.000000   )
 (  0.009114   0.000000     0.009818   0.000000     0.135882   0.000000   )
 ( -0.077945   0.000000     0.000353   0.000000    -0.005026   0.000000   )
 (  0.119187   0.000000     0.000751   0.000000     0.011193   0.000000   )
 (  0.119187   0.000000     0.000751   0.000000    -0.011193   0.000000   )
 ( -0.077945   0.000000     0.000353   0.000000     0.005026   0.000000   )
 (  0.119187   0.000000     0.000751   0.000000    -0.011193   0.000000   )
 (  0.119187   0.000000     0.000751   0.000000     0.011193   0.000000   )
 (  0.009114   0.000000     0.009818   0.000000     0.135882   0.000000   )
 (  0.009114   0.000000     0.009818   0.000000    -0.135882   0.000000   )
 (  0.004290   0.000000    -0.006420   0.000000     0.061013   0.000000   )
 (  0.004290   0.000000    -0.006420   0.000000    -0.061013   0.000000   )
 ( -0.077945   0.000000     0.000353   0.000000    -0.005026   0.000000   )
 ( -0.077945   0.000000     0.000353   0.000000     0.005026   0.000000   )
     freq (   52) =       3.495140 [THz] =     116.585332 [cm-1]
 ( -0.016483   0.000000     0.016483   0.000000     0.000000   0.000000   )
 ( -0.016483   0.000000     0.016483   0.000000     0.000000   0.000000   )
 (  0.000000   0.000000     0.000000   0.000000     0.000000   0.000000   )
 ( -0.000000   0.000000    -0.000000   0.000000    -0.000000   0.000000   )
 ( -0.016483   0.000000    -0.016483   0.000000     0.000000   0.000000   )
 ( -0.016483   0.000000    -0.016483   0.000000    -0.000000   0.000000   )
 (  0.016483   0.000000     0.016483   0.000000     0.000000   0.000000   )
 (  0.016483   0.000000     0.016483   0.000000    -0.000000   0.000000   )
 ( -0.000000   0.000000     0.000000   0.000000    -0.077674   0.000000   )
 (  0.000000   0.000000    -0.000000   0.000000     0.077674   0.000000   )
 ( -0.000000   0.000000     0.000000   0.000000     0.077674   0.000000   )
 ( -0.000000   0.000000    -0.000000   0.000000    -0.077674   0.000000   )
 (  0.016483   0.000000    -0.016483   0.000000     0.000000   0.000000   )
 (  0.016483   0.000000    -0.016483   0.000000     0.000000   0.000000   )
 (  0.000000   0.000000     0.000000   0.000000    -0.000000   0.000000   )
 ( -0.000000   0.000000     0.000000   0.000000     0.000000   0.000000   )
 ( -0.322942   0.000000     0.322942   0.000000     0.000000   0.000000   )
 ( -0.000000   0.000000     0.000000   0.000000     0.000000   0.000000   )
 ( -0.322942   0.000000    -0.322942   0.000000    -0.000000   0.000000   )
 (  0.322942   0.000000     0.322942   0.000000    -0.000000   0.000000   )
 ( -0.000000   0.000000     0.000000   0.000000     0.000000   0.000000   )
 (  0.000000   0.000000     0.000000   0.000000     0.000000   0.000000   )
 (  0.322942   0.000000    -0.322942   0.000000     0.000000   0.000000   )
 (  0.066986   0.000000    -0.000000   0.000000     0.066045   0.000000   )
 (  0.064173   0.000000     0.000000   0.000000     0.064665   0.000000   )
 (  0.064173   0.000000     0.000000   0.000000    -0.064665   0.000000   )
 (  0.066986   0.000000    -0.000000   0.000000    -0.066045   0.000000   )
 ( -0.000000   0.000000    -0.064173   0.000000     0.064665   0.000000   )
 (  0.000000   0.000000    -0.066986   0.000000     0.066045   0.000000   )
 (  0.000000   0.000000    -0.066986   0.000000    -0.066045   0.000000   )
 ( -0.000000   0.000000    -0.064173   0.000000    -0.064665   0.000000   )
 (  0.000000   0.000000     0.066986   0.000000     0.066045   0.000000   )
 (  0.000000   0.000000     0.066986   0.000000    -0.066045   0.000000   )
 ( -0.066986   0.000000    -0.000000   0.000000     0.066045   0.000000   )
 ( -0.066986   0.000000    -0.000000   0.000000    -0.066045   0.000000   )
 ( -0.064173   0.000000    -0.000000   0.000000    -0.064665   0.000000   )
 ( -0.064173   0.000000    -0.000000   0.000000     0.064665   0.000000   )
 ( -0.000000   0.000000     0.064173   0.000000    -0.064665   0.000000   )
 (  0.000000   0.000000     0.064173   0.000000     0.064665   0.000000   )
     freq (   53) =       3.505199 [THz] =     116.920864 [cm-1]
 (  0.019185   0.000000    -0.019185   0.000000    -0.000000   0.000000   )
 (  0.019185   0.000000    -0.019185   0.000000    -0.000000   0.000000   )
 ( -0.000000   0.000000    -0.000000   0.000000     0.000000   0.000000   )
 ( -0.000000   0.000000    -0.000000   0.000000     0.000000   0.000000   )
 ( -0.019185   0.000000    -0.019185   0.000000    -0.000000   0.000000   )
 ( -0.019185   0.000000    -0.019185   0.000000    -0.000000   0.000000   )
 (  0.019185   0.000000     0.019185   0.000000    -0.000000   0.000000   )
 (  0.019185   0.000000     0.019185   0.000000    -0.000000   0.000000   )
 (  0.000000   0.000000     0.000000   0.000000    -0.000000   0.000000   )
 (  0.000000   0.000000     0.000000   0.000000     0.000000   0.000000   )
 (  0.000000   0.000000     0.000000   0.000000     0.000000   0.000000   )
 (  0.000000   0.000000     0.000000   0.000000    -0.000000   0.000000   )
 ( -0.019185   0.000000     0.019185   0.000000    -0.000000   0.000000   )
 ( -0.019185   0.000000     0.019185   0.000000    -0.000000   0.000000   )
 (  0.000000   0.000000     0.000000   0.000000     0.000000   0.000000   )
 (  0.000000   0.000000     0.000000   0.000000    -0.000000   0.000000   )
 (  0.352075   0.000000    -0.352075   0.000000     0.000000   0.000000   )
 (  0.000000   0.000000     0.000000   0.000000    -0.000000   0.000000   )
 ( -0.352075   0.000000    -0.352075   0.000000     0.000000   0.000000   )
 (  0.352075   0.000000     0.352075   0.000000     0.000000   0.000000   )
 (  0.000000   0.000000    -0.000000   0.000000    -0.000000   0.000000   )
 ( -0.000000   0.000000     0.000000   0.000000    -0.000000   0.000000   )
 ( -0.352075   0.000000     0.352075   0.000000     0.000000   0.000000   )
 (  0.000000   0.000000    -0.008086   0.000000     0.000000   0.000000   )
 (  0.000000   0.000000    -0.015538   0.000000     0.000000   0.000000   )
 (  0.000000   0.000000    -0.015538   0.000000    -0.000000   0.000000   )
 (  0.000000   0.000000    -0.008086   0.000000    -0.000000   0.000000   )
 (  0.015538   0.000000    -0.000000   0.000000     0.000000   0.000000   )
 (  0.008086   0.000000    -0.000000   0.000000    -0.000000   0.000000   )
 (  0.008086   0.000000    -0.000000   0.000000     0.000000   0.000000   )
 (  0.015538   0.000000    -0.000000   0.000000    -0.000000   0.000000   )
 ( -0.008086   0.000000     0.000000   0.000000     0.000000   0.000000   )
 ( -0.008086   0.000000     0.000000   0.000000    -0.000000   0.000000   )
 ( -0.000000   0.000000     0.008086   0.000000    -0.000000   0.000000   )
 ( -0.000000   0.000000     0.008086   0.000000     0.000000   0.000000   )
 ( -0.000000   0.000000     0.015538   0.000000    -0.000000   0.000000   )
 ( -0.000000   0.000000     0.015538   0.000000     0.000000   0.000000   )
 ( -0.015538   0.000000     0.000000   0.000000    -0.000000   0.000000   )
 ( -0.015538   0.000000     0.000000   0.000000     0.000000   0.000000   )
     freq (   54) =       3.582565 [THz] =     119.501499 [cm-1]
 ( -0.018663   0.000000    -0.018663   0.000000    -0.005070   0.000000   )
 ( -0.018663   0.000000    -0.018663   0.000000     0.005070   0.000000   )
 ( -0.000000   0.000000    -0.000000   0.000000    -0.031766   0.000000   )
 ( -0.000000   0.000000    -0.000000   0.000000     0.031766   0.000000   )
 ( -0.018663   0.000000     0.018663   0.000000    -0.005070   0.000000   )
 ( -0.018663   0.000000     0.018663   0.000000     0.005070   0.000000   )
 (  0.018663   0.000000    -0.018663   0.000000    -0.005070   0.000000   )
 (  0.018663   0.000000    -0.018663   0.000000     0.005070   0.000000   )
 ( -0.000000   0.000000     0.000000   0.000000    -0.014407   0.000000   )
 ( -0.000000   0.000000     0.000000   0.000000     0.014407   0.000000   )
 (  0.000000   0.000000     0.000000   0.000000    -0.014407   0.000000   )
 (  0.000000   0.000000     0.000000   0.000000     0.014407   0.000000   )
 (  0.018663   0.000000     0.018663   0.000000    -0.005070   0.000000   )
 (  0.018663   0.000000     0.018663   0.000000     0.005070   0.000000   )
 (  0.000000   0.000000     0.000000   0.000000     0.090654   0.000000   )
 (  0.000000   0.000000    -0.000000   0.000000    -0.090654   0.000000   )
 ( -0.325900   0.000000    -0.325900   0.000000    -0.000000   0.000000   )
 ( -0.000000   0.000000     0.000000   0.000000    -0.000000   0.000000   )
 ( -0.325900   0.000000     0.325900   0.000000     0.000000   0.000000   )
 (  0.325900   0.000000    -0.325900   0.000000     0.000000   0.000000   )
 (  0.000000   0.000000     0.000000   0.000000    -0.000000   0.000000   )
 ( -0.000000   0.000000    -0.000000   0.000000     0.000000   0.000000   )
 (  0.325900   0.000000     0.325900   0.000000    -0.000000   0.000000   )
 (  0.066008   0.000000    -0.000000   0.000000    -0.073579   0.000000   )
 (  0.048993   0.000000    -0.000000   0.000000    -0.059033   0.000000   )
 (  0.048993   0.000000    -0.000000   0.000000     0.059033   0.000000   )
 (  0.066008   0.000000    -0.000000   0.000000     0.073579   0.000000   )
 ( -0.000000   0.000000     0.048993   0.000000     0.059033   0.000000   )
 ( -0.000000   0.000000     0.066008   0.000000     0.073579   0.000000   )
 ( -0.000000   0.000000     0.066008   0.000000    -0.073579   0.000000   )
 ( -0.000000   0.000000     0.048993   0.000000    -0.059033   0.000000   )
 (  0.000000   0.000000    -0.066008   0.000000     0.073579   0.000000   )
 ( -0.000000   0.000000    -0.066008   0.000000    -0.073579   0.000000   )
 ( -0.066008   0.000000     0.000000   0.000000    -0.073579   0.000000   )
 ( -0.066008   0.000000    -0.000000   0.000000     0.073579   0.000000   )
 ( -0.048993   0.000000    -0.000000   0.000000     0.059033   0.000000   )
 ( -0.048993   0.000000     0.000000   0.000000    -0.059033   0.000000   )
 (  0.000000   0.000000    -0.048993   0.000000    -0.059033   0.000000   )
 ( -0.000000   0.000000    -0.048993   0.000000     0.059033   0.000000   )
     freq (   55) =       3.600254 [THz] =     120.091542 [cm-1]
 (  0.003758   0.000000     0.003758   0.000000    -0.003510   0.000000   )
 (  0.003758   0.000000     0.003758   0.000000     0.003510   0.000000   )
 (  0.000000   0.000000    -0.000000   0.000000    -0.000000   0.000000   )
 ( -0.000000   0.000000     0.000000   0.000000     0.000000   0.000000   )
 ( -0.003758   0.000000     0.003758   0.000000     0.003510   0.000000   )
 ( -0.003758   0.000000     0.003758   0.000000    -0.003510   0.000000   )
 (  0.003758   0.000000    -0.003758   0.000000     0.003510   0.000000   )
 (  0.003758   0.000000    -0.003758   0.000000    -0.003510   0.000000   )
 ( -0.000000   0.000000    -0.000000   0.000000     0.000000   0.000000   )
 (  0.000000   0.000000    -0.000000   0.000000    -0.000000   0.000000   )
 ( -0.000000   0.000000    -0.000000   0.000000    -0.000000   0.000000   )
 (  0.000000   0.000000    -0.000000   0.000000    -0.000000   0.000000   )
 ( -0.003758   0.000000    -0.003758   0.000000    -0.003510   0.000000   )
 ( -0.003758   0.000000    -0.003758   0.000000     0.003510   0.000000   )
 (  0.000000   0.000000     0.000000   0.000000     0.000000   0.000000   )
 ( -0.000000   0.000000     0.000000   0.000000    -0.000000   0.000000   )
 (  0.352552   0.000000     0.352552   0.000000     0.000000   0.000000   )
 (  0.000000   0.000000    -0.000000   0.000000    -0.000000   0.000000   )
 ( -0.352552   0.000000     0.352552   0.000000    -0.000000   0.000000   )
 (  0.352552   0.000000    -0.352552   0.000000    -0.000000   0.000000   )
 (  0.000000   0.000000     0.000000   0.000000    -0.000000   0.000000   )
 ( -0.000000   0.000000    -0.000000   0.000000    -0.000000   0.000000   )
 ( -0.352552   0.000000    -0.352552   0.000000     0.000000   0.000000   )
 (  0.000000   0.000000     0.018864   0.000000    -0.000000   0.000000   )
 (  0.000000   0.000000     0.017630   0.000000    -0.000000   0.000000   )
 (  0.000000   0.000000     0.017630   0.000000     0.000000   0.000000   )
 (  0.000000   0.000000     0.018864   0.000000     0.000000   0.000000   )
 (  0.017630   0.000000     0.000000   0.000000     0.000000   0.000000   )
 (  0.018864   0.000000     0.000000   0.000000     0.000000   0.000000   )
 (  0.018864   0.000000     0.000000   0.000000    -0.000000   0.000000   )
 (  0.017630   0.000000     0.000000   0.000000    -0.000000   0.000000   )
 ( -0.018864   0.000000    -0.000000   0.000000     0.000000   0.000000   )
 ( -0.018864   0.000000    -0.000000   0.000000    -0.000000   0.000000   )
 ( -0.000000   0.000000    -0.018864   0.000000    -0.000000   0.000000   )
 ( -0.000000   0.000000    -0.018864   0.000000     0.000000   0.000000   )
 ( -0.000000   0.000000    -0.017630   0.000000     0.000000   0.000000   )
 ( -0.000000   0.000000    -0.017630   0.000000    -0.000000   0.000000   )
 ( -0.017630   0.000000    -0.000000   0.000000    -0.000000   0.000000   )
 ( -0.017630   0.000000    -0.000000   0.000000     0.000000   0.000000   )
     freq (   56) =       4.019673 [THz] =     134.081846 [cm-1]
 (  0.181685   0.000000     0.181685   0.000000     0.051040   0.000000   )
 ( -0.181685   0.000000    -0.181685   0.000000     0.051040   0.000000   )
 (  0.000000   0.000000    -0.000000   0.000000     0.236233   0.000000   )
 (  0.000000   0.000000     0.000000   0.000000     0.236233   0.000000   )
 (  0.181685   0.000000    -0.181685   0.000000     0.051040   0.000000   )
 ( -0.181685   0.000000     0.181685   0.000000     0.051040   0.000000   )
 ( -0.181685   0.000000     0.181685   0.000000     0.051040   0.000000   )
 (  0.181685   0.000000    -0.181685   0.000000     0.051040   0.000000   )
 (  0.000000   0.000000     0.000000   0.000000    -0.053772   0.000000   )
 ( -0.000000   0.000000    -0.000000   0.000000    -0.053772   0.000000   )
 ( -0.000000   0.000000    -0.000000   0.000000    -0.053772   0.000000   )
 ( -0.000000   0.000000     0.000000   0.000000    -0.053772   0.000000   )
 ( -0.181685   0.000000    -0.181685   0.000000     0.051040   0.000000   )
 (  0.181685   0.000000     0.181685   0.000000     0.051040   0.000000   )
 ( -0.000000   0.000000     0.000000   0.000000    -0.344401   0.000000   )
 (  0.000000   0.000000    -0.000000   0.000000    -0.344401   0.000000   )
 ( -0.000000   0.000000    -0.000000   0.000000    -0.077127   0.000000   )
 (  0.000000   0.000000     0.000000   0.000000     0.124356   0.000000   )
 (  0.000000   0.000000     0.000000   0.000000    -0.077127   0.000000   )
 (  0.000000   0.000000    -0.000000   0.000000    -0.077127   0.000000   )
 ( -0.000000   0.000000    -0.000000   0.000000     0.105105   0.000000   )
 ( -0.000000   0.000000    -0.000000   0.000000     0.105105   0.000000   )
 ( -0.000000   0.000000     0.000000   0.000000    -0.077127   0.000000   )
 (  0.046290   0.000000     0.000000   0.000000    -0.003962   0.000000   )
 ( -0.029025   0.000000    -0.000000   0.000000     0.025617   0.000000   )
 (  0.029025   0.000000    -0.000000   0.000000     0.025617   0.000000   )
 ( -0.046290   0.000000     0.000000   0.000000    -0.003962   0.000000   )
 ( -0.000000   0.000000     0.029025   0.000000     0.025617   0.000000   )
 (  0.000000   0.000000    -0.046290   0.000000    -0.003962   0.000000   )
 (  0.000000   0.000000     0.046290   0.000000    -0.003962   0.000000   )
 ( -0.000000   0.000000    -0.029025   0.000000     0.025617   0.000000   )
 (  0.000000   0.000000     0.046290   0.000000    -0.003962   0.000000   )
 (  0.000000   0.000000    -0.046290   0.000000    -0.003962   0.000000   )
 ( -0.046290   0.000000     0.000000   0.000000    -0.003962   0.000000   )
 (  0.046290   0.000000     0.000000   0.000000    -0.003962   0.000000   )
 ( -0.029025   0.000000    -0.000000   0.000000     0.025617   0.000000   )
 (  0.029025   0.000000    -0.000000   0.000000     0.025617   0.000000   )
 ( -0.000000   0.000000     0.029025   0.000000     0.025617   0.000000   )
 ( -0.000000   0.000000    -0.029025   0.000000     0.025617   0.000000   )
     freq (   57) =       4.116561 [THz] =     137.313687 [cm-1]
 (  0.003216   0.000000    -0.037619   0.000000    -0.009502   0.000000   )
 (  0.003216   0.000000    -0.037619   0.000000     0.009502   0.000000   )
 ( -0.017508   0.000000    -0.141257   0.000000     0.000000   0.000000   )
 ( -0.017508   0.000000    -0.141257   0.000000     0.000000   0.000000   )
 ( -0.012787   0.000000    -0.039603   0.000000     0.007406   0.000000   )
 ( -0.012787   0.000000    -0.039603   0.000000    -0.007406   0.000000   )
 ( -0.012787   0.000000    -0.039603   0.000000    -0.007406   0.000000   )
 ( -0.012787   0.000000    -0.039603   0.000000     0.007406   0.000000   )
 ( -0.002067   0.000000     0.186915   0.000000    -0.000000   0.000000   )
 ( -0.002067   0.000000     0.186915   0.000000    -0.000000   0.000000   )
 (  0.023167   0.000000    -0.016673   0.000000     0.000000   0.000000   )
 (  0.023167   0.000000    -0.016673   0.000000     0.000000   0.000000   )
 (  0.003216   0.000000    -0.037619   0.000000     0.009502   0.000000   )
 (  0.003216   0.000000    -0.037619   0.000000    -0.009502   0.000000   )
 (  0.006059   0.000000     0.048883   0.000000    -0.000000   0.000000   )
 (  0.006059   0.000000     0.048883   0.000000    -0.000000   0.000000   )
 (  0.022900   0.000000     0.062815   0.000000    -0.000000   0.000000   )
 ( -0.035629   0.000000    -0.287458   0.000000     0.000000   0.000000   )
 ( -0.007800   0.000000     0.059010   0.000000     0.000000   0.000000   )
 ( -0.007800   0.000000     0.059010   0.000000    -0.000000   0.000000   )
 (  0.023940   0.000000     0.483590   0.000000    -0.000000   0.000000   )
 (  0.059938   0.000000     0.193150   0.000000     0.000000   0.000000   )
 (  0.022900   0.000000     0.062815   0.000000    -0.000000   0.000000   )
 ( -0.001503   0.000000    -0.290107   0.000000     0.020327   0.000000   )
 ( -0.007477   0.000000     0.081760   0.000000     0.002003   0.000000   )
 ( -0.007477   0.000000     0.081760   0.000000    -0.002003   0.000000   )
 ( -0.001503   0.000000    -0.290107   0.000000    -0.020327   0.000000   )
 (  0.010134   0.000000    -0.060329   0.000000    -0.016158   0.000000   )
 ( -0.035957   0.000000    -0.012125   0.000000    -0.163999   0.000000   )
 ( -0.035957   0.000000    -0.012125   0.000000     0.163999   0.000000   )
 (  0.010134   0.000000    -0.060329   0.000000     0.016158   0.000000   )
 ( -0.035957   0.000000    -0.012125   0.000000     0.163999   0.000000   )
 ( -0.035957   0.000000    -0.012125   0.000000    -0.163999   0.000000   )
 ( -0.001503   0.000000    -0.290107   0.000000    -0.020327   0.000000   )
 ( -0.001503   0.000000    -0.290107   0.000000     0.020327   0.000000   )
 ( -0.007477   0.000000     0.081760   0.000000     0.002003   0.000000   )
 ( -0.007477   0.000000     0.081760   0.000000    -0.002003   0.000000   )
 (  0.010134   0.000000    -0.060329   0.000000    -0.016158   0.000000   )
 (  0.010134   0.000000    -0.060329   0.000000     0.016158   0.000000   )
     freq (   58) =       4.116561 [THz] =     137.313687 [cm-1]
 ( -0.039603   0.000000     0.012787   0.000000    -0.007406   0.000000   )
 ( -0.039603   0.000000     0.012787   0.000000     0.007406   0.000000   )
 ( -0.141257   0.000000     0.017508   0.000000     0.000000   0.000000   )
 ( -0.141257   0.000000     0.017508   0.000000     0.000000   0.000000   )
 ( -0.037619   0.000000    -0.003216   0.000000    -0.009502   0.000000   )
 ( -0.037619   0.000000    -0.003216   0.000000     0.009502   0.000000   )
 ( -0.037619   0.000000    -0.003216   0.000000     0.009502   0.000000   )
 ( -0.037619   0.000000    -0.003216   0.000000    -0.009502   0.000000   )
 ( -0.016673   0.000000    -0.023167   0.000000    -0.000000   0.000000   )
 ( -0.016673   0.000000    -0.023167   0.000000    -0.000000   0.000000   )
 (  0.186915   0.000000     0.002067   0.000000     0.000000   0.000000   )
 (  0.186915   0.000000     0.002067   0.000000     0.000000   0.000000   )
 ( -0.039603   0.000000     0.012787   0.000000     0.007406   0.000000   )
 ( -0.039603   0.000000     0.012787   0.000000    -0.007406   0.000000   )
 (  0.048883   0.000000    -0.006059   0.000000    -0.000000   0.000000   )
 (  0.048883   0.000000    -0.006059   0.000000    -0.000000   0.000000   )
 (  0.059010   0.000000     0.007800   0.000000    -0.000000   0.000000   )
 ( -0.287458   0.000000     0.035629   0.000000     0.000000   0.000000   )
 (  0.062815   0.000000    -0.022900   0.000000     0.000000   0.000000   )
 (  0.062815   0.000000    -0.022900   0.000000    -0.000000   0.000000   )
 (  0.193150   0.000000    -0.059938   0.000000     0.000000   0.000000   )
 (  0.483590   0.000000    -0.023940   0.000000     0.000000   0.000000   )
 (  0.059010   0.000000     0.007800   0.000000    -0.000000   0.000000   )
 ( -0.012125   0.000000     0.035957   0.000000     0.163999   0.000000   )
 ( -0.060329   0.000000    -0.010134   0.000000     0.016158   0.000000   )
 ( -0.060329   0.000000    -0.010134   0.000000    -0.016158   0.000000   )
 ( -0.012125   0.000000     0.035957   0.000000    -0.163999   0.000000   )
 (  0.081760   0.000000     0.007477   0.000000     0.002003   0.000000   )
 ( -0.290107   0.000000     0.001503   0.000000     0.020327   0.000000   )
 ( -0.290107   0.000000     0.001503   0.000000    -0.020327   0.000000   )
 (  0.081760   0.000000     0.007477   0.000000    -0.002003   0.000000   )
 ( -0.290107   0.000000     0.001503   0.000000    -0.020327   0.000000   )
 ( -0.290107   0.000000     0.001503   0.000000     0.020327   0.000000   )
 ( -0.012125   0.000000     0.035957   0.000000    -0.163999   0.000000   )
 ( -0.012125   0.000000     0.035957   0.000000     0.163999   0.000000   )
 ( -0.060329   0.000000    -0.010134   0.000000     0.016158   0.000000   )
 ( -0.060329   0.000000    -0.010134   0.000000    -0.016158   0.000000   )
 (  0.081760   0.000000     0.007477   0.000000     0.002003   0.000000   )
 (  0.081760   0.000000     0.007477   0.000000    -0.002003   0.000000   )
     freq (   59) =       4.121332 [THz] =     137.472832 [cm-1]
 ( -0.191912   0.000000     0.191912   0.000000     0.000000   0.000000   )
 (  0.191912   0.000000    -0.191912   0.000000    -0.000000   0.000000   )
 (  0.000000   0.000000     0.000000   0.000000    -0.000000   0.000000   )
 (  0.000000   0.000000     0.000000   0.000000    -0.000000   0.000000   )
 ( -0.191912   0.000000    -0.191912   0.000000    -0.000000   0.000000   )
 (  0.191912   0.000000     0.191912   0.000000     0.000000   0.000000   )
 (  0.191912   0.000000     0.191912   0.000000     0.000000   0.000000   )
 ( -0.191912   0.000000    -0.191912   0.000000    -0.000000   0.000000   )
 (  0.000000   0.000000    -0.000000   0.000000    -0.271962   0.000000   )
 (  0.000000   0.000000    -0.000000   0.000000    -0.271962   0.000000   )
 ( -0.000000   0.000000     0.000000   0.000000     0.271962   0.000000   )
 ( -0.000000   0.000000     0.000000   0.000000     0.271962   0.000000   )
 (  0.191912   0.000000    -0.191912   0.000000    -0.000000   0.000000   )
 ( -0.191912   0.000000     0.191912   0.000000     0.000000   0.000000   )
 ( -0.000000   0.000000    -0.000000   0.000000     0.000000   0.000000   )
 ( -0.000000   0.000000    -0.000000   0.000000     0.000000   0.000000   )
 ( -0.000000   0.000000    -0.000000   0.000000     0.000000   0.000000   )
 (  0.000000   0.000000     0.000000   0.000000    -0.000000   0.000000   )
 (  0.000000   0.000000    -0.000000   0.000000    -0.000000   0.000000   )
 (  0.000000   0.000000    -0.000000   0.000000     0.000000   0.000000   )
 ( -0.000000   0.000000    -0.000000   0.000000    -0.156466   0.000000   )
 ( -0.000000   0.000000    -0.000000   0.000000     0.156466   0.000000   )
 ( -0.000000   0.000000    -0.000000   0.000000     0.000000   0.000000   )
 ( -0.037587   0.000000     0.000000   0.000000    -0.018197   0.000000   )
 (  0.077209   0.000000    -0.000000   0.000000     0.023067   0.000000   )
 ( -0.077209   0.000000    -0.000000   0.000000     0.023067   0.000000   )
 (  0.037587   0.000000     0.000000   0.000000    -0.018197   0.000000   )
 ( -0.000000   0.000000     0.077209   0.000000    -0.023067   0.000000   )
 (  0.000000   0.000000    -0.037587   0.000000     0.018197   0.000000   )
 (  0.000000   0.000000     0.037587   0.000000     0.018197   0.000000   )
 ( -0.000000   0.000000    -0.077209   0.000000    -0.023067   0.000000   )
 (  0.000000   0.000000     0.037587   0.000000     0.018197   0.000000   )
 (  0.000000   0.000000    -0.037587   0.000000     0.018197   0.000000   )
 (  0.037587   0.000000     0.000000   0.000000    -0.018197   0.000000   )
 ( -0.037587   0.000000     0.000000   0.000000    -0.018197   0.000000   )
 (  0.077209   0.000000    -0.000000   0.000000     0.023067   0.000000   )
 ( -0.077209   0.000000    -0.000000   0.000000     0.023067   0.000000   )
 ( -0.000000   0.000000     0.077209   0.000000    -0.023067   0.000000   )
 ( -0.000000   0.000000    -0.077209   0.000000    -0.023067   0.000000   )
     freq (   60) =       4.208144 [THz] =     140.368577 [cm-1]
 (  0.000592   0.000000    -0.000453   0.000000    -0.173968   0.000000   )
 ( -0.000592   0.000000     0.000453   0.000000    -0.173968   0.000000   )
 ( -0.017964   0.000000     0.280223   0.000000     0.000000   0.000000   )
 (  0.017964   0.000000    -0.280223   0.000000     0.000000   0.000000   )
 ( -0.000538   0.000000    -0.000380   0.000000     0.197802   0.000000   )
 (  0.000538   0.000000     0.000380   0.000000     0.197802   0.000000   )
 ( -0.000538   0.000000    -0.000380   0.000000    -0.197802   0.000000   )
 (  0.000538   0.000000     0.000380   0.000000    -0.197802   0.000000   )
 ( -0.018413   0.000000    -0.277840   0.000000    -0.000000   0.000000   )
 (  0.018413   0.000000     0.277840   0.000000    -0.000000   0.000000   )
 (  0.017812   0.000000     0.287226   0.000000    -0.000000   0.000000   )
 ( -0.017812   0.000000    -0.287226   0.000000    -0.000000   0.000000   )
 (  0.000592   0.000000    -0.000453   0.000000     0.173968   0.000000   )
 ( -0.000592   0.000000     0.000453   0.000000     0.173968   0.000000   )
 (  0.018707   0.000000    -0.291800   0.000000    -0.000000   0.000000   )
 ( -0.018707   0.000000     0.291800   0.000000    -0.000000   0.000000   )
 (  0.000000   0.000000     0.000000   0.000000    -0.103119   0.000000   )
 ( -0.000000   0.000000     0.000000   0.000000     0.000000   0.000000   )
 ( -0.000000   0.000000     0.000000   0.000000     0.117246   0.000000   )
 ( -0.000000   0.000000    -0.000000   0.000000    -0.117246   0.000000   )
 (  0.000000   0.000000    -0.000000   0.000000     0.000000   0.000000   )
 (  0.000000   0.000000     0.000000   0.000000     0.000000   0.000000   )
 (  0.000000   0.000000     0.000000   0.000000     0.103119   0.000000   )
 (  0.000319   0.000000    -0.046585   0.000000     0.001537   0.000000   )
 (  0.000872   0.000000    -0.055180   0.000000    -0.000436   0.000000   )
 ( -0.000872   0.000000     0.055180   0.000000    -0.000436   0.000000   )
 ( -0.000319   0.000000     0.046585   0.000000     0.001537   0.000000   )
 ( -0.003537   0.000000     0.013610   0.000000     0.006801   0.000000   )
 ( -0.002986   0.000000     0.004971   0.000000    -0.023972   0.000000   )
 (  0.002986   0.000000    -0.004971   0.000000    -0.023972   0.000000   )
 (  0.003537   0.000000    -0.013610   0.000000     0.006801   0.000000   )
 ( -0.002986   0.000000     0.004971   0.000000     0.023972   0.000000   )
 (  0.002986   0.000000    -0.004971   0.000000     0.023972   0.000000   )
 (  0.000319   0.000000    -0.046585   0.000000    -0.001537   0.000000   )
 ( -0.000319   0.000000     0.046585   0.000000    -0.001537   0.000000   )
 ( -0.000872   0.000000     0.055180   0.000000     0.000436   0.000000   )
 (  0.000872   0.000000    -0.055180   0.000000     0.000436   0.000000   )
 (  0.003537   0.000000    -0.013610   0.000000    -0.006801   0.000000   )
 ( -0.003537   0.000000     0.013610   0.000000    -0.006801   0.000000   )
     freq (   61) =       4.208144 [THz] =     140.368577 [cm-1]
 (  0.000380   0.000000    -0.000538   0.000000     0.197802   0.000000   )
 ( -0.000380   0.000000     0.000538   0.000000     0.197802   0.000000   )
 ( -0.280223   0.000000    -0.017964   0.000000     0.000000   0.000000   )
 (  0.280223   0.000000     0.017964   0.000000    -0.000000   0.000000   )
 (  0.000453   0.000000     0.000592   0.000000     0.173968   0.000000   )
 ( -0.000453   0.000000    -0.000592   0.000000     0.173968   0.000000   )
 (  0.000453   0.000000     0.000592   0.000000    -0.173968   0.000000   )
 ( -0.000453   0.000000    -0.000592   0.000000    -0.173968   0.000000   )
 ( -0.287226   0.000000     0.017812   0.000000    -0.000000   0.000000   )
 (  0.287226   0.000000    -0.017812   0.000000    -0.000000   0.000000   )
 (  0.277840   0.000000    -0.018413   0.000000     0.000000   0.000000   )
 ( -0.277840   0.000000     0.018413   0.000000     0.000000   0.000000   )
 (  0.000380   0.000000    -0.000538   0.000000    -0.197802   0.000000   )
 ( -0.000380   0.000000     0.000538   0.000000    -0.197802   0.000000   )
 (  0.291800   0.000000     0.018707   0.000000    -0.000000   0.000000   )
 ( -0.291800   0.000000    -0.018707   0.000000    -0.000000   0.000000   )
 ( -0.000000   0.000000     0.000000   0.000000     0.117246   0.000000   )
 (  0.000000   0.000000     0.000000   0.000000    -0.000000   0.000000   )
 ( -0.000000   0.000000     0.000000   0.000000     0.103119   0.000000   )
 ( -0.000000   0.000000    -0.000000   0.000000    -0.103119   0.000000   )
 ( -0.000000   0.000000     0.000000   0.000000    -0.000000   0.000000   )
 ( -0.000000   0.000000    -0.000000   0.000000     0.000000   0.000000   )
 ( -0.000000   0.000000     0.000000   0.000000    -0.117246   0.000000   )
 (  0.004971   0.000000     0.002986   0.000000     0.023972   0.000000   )
 (  0.013610   0.000000     0.003537   0.000000    -0.006801   0.000000   )
 ( -0.013610   0.000000    -0.003537   0.000000    -0.006801   0.000000   )
 ( -0.004971   0.000000    -0.002986   0.000000     0.023972   0.000000   )
 ( -0.055180   0.000000    -0.000872   0.000000    -0.000436   0.000000   )
 ( -0.046585   0.000000    -0.000319   0.000000     0.001537   0.000000   )
 (  0.046585   0.000000     0.000319   0.000000     0.001537   0.000000   )
 (  0.055180   0.000000     0.000872   0.000000    -0.000436   0.000000   )
 ( -0.046585   0.000000    -0.000319   0.000000    -0.001537   0.000000   )
 (  0.046585   0.000000     0.000319   0.000000    -0.001537   0.000000   )
 (  0.004971   0.000000     0.002986   0.000000    -0.023972   0.000000   )
 ( -0.004971   0.000000    -0.002986   0.000000    -0.023972   0.000000   )
 ( -0.013610   0.000000    -0.003537   0.000000     0.006801   0.000000   )
 (  0.013610   0.000000     0.003537   0.000000     0.006801   0.000000   )
 (  0.055180   0.000000     0.000872   0.000000     0.000436   0.000000   )
 ( -0.055180   0.000000    -0.000872   0.000000     0.000436   0.000000   )
     freq (   62) =       4.573002 [THz] =     152.538939 [cm-1]
 (  0.189038   0.000000     0.189038   0.000000    -0.019713   0.000000   )
 (  0.189038   0.000000     0.189038   0.000000     0.019713   0.000000   )
 (  0.000000   0.000000    -0.000000   0.000000    -0.334407   0.000000   )
 (  0.000000   0.000000     0.000000   0.000000     0.334407   0.000000   )
 (  0.189038   0.000000    -0.189038   0.000000    -0.019713   0.000000   )
 (  0.189038   0.000000    -0.189038   0.000000     0.019713   0.000000   )
 ( -0.189038   0.000000     0.189038   0.000000    -0.019713   0.000000   )
 ( -0.189038   0.000000     0.189038   0.000000     0.019713   0.000000   )
 ( -0.000000   0.000000     0.000000   0.000000    -0.029229   0.000000   )
 ( -0.000000   0.000000    -0.000000   0.000000     0.029229   0.000000   )
 ( -0.000000   0.000000     0.000000   0.000000    -0.029229   0.000000   )
 ( -0.000000   0.000000     0.000000   0.000000     0.029229   0.000000   )
 ( -0.189038   0.000000    -0.189038   0.000000    -0.019713   0.000000   )
 ( -0.189038   0.000000    -0.189038   0.000000     0.019713   0.000000   )
 (  0.000000   0.000000    -0.000000   0.000000     0.263989   0.000000   )
 (  0.000000   0.000000    -0.000000   0.000000    -0.263989   0.000000   )
 (  0.021316   0.000000     0.021316   0.000000     0.000000   0.000000   )
 (  0.000000   0.000000    -0.000000   0.000000    -0.000000   0.000000   )
 (  0.021316   0.000000    -0.021316   0.000000     0.000000   0.000000   )
 ( -0.021316   0.000000     0.021316   0.000000     0.000000   0.000000   )
 ( -0.000000   0.000000    -0.000000   0.000000    -0.000000   0.000000   )
 (  0.000000   0.000000     0.000000   0.000000    -0.000000   0.000000   )
 ( -0.021316   0.000000    -0.021316   0.000000     0.000000   0.000000   )
 (  0.051540   0.000000     0.000000   0.000000    -0.019066   0.000000   )
 (  0.036001   0.000000    -0.000000   0.000000    -0.050630   0.000000   )
 (  0.036001   0.000000    -0.000000   0.000000     0.050630   0.000000   )
 (  0.051540   0.000000     0.000000   0.000000     0.019066   0.000000   )
 (  0.000000   0.000000     0.036001   0.000000     0.050630   0.000000   )
 ( -0.000000   0.000000     0.051540   0.000000     0.019066   0.000000   )
 ( -0.000000   0.000000     0.051540   0.000000    -0.019066   0.000000   )
 ( -0.000000   0.000000     0.036001   0.000000    -0.050630   0.000000   )
 ( -0.000000   0.000000    -0.051540   0.000000     0.019066   0.000000   )
 ( -0.000000   0.000000    -0.051540   0.000000    -0.019066   0.000000   )
 ( -0.051540   0.000000     0.000000   0.000000    -0.019066   0.000000   )
 ( -0.051540   0.000000     0.000000   0.000000     0.019066   0.000000   )
 ( -0.036001   0.000000    -0.000000   0.000000     0.050630   0.000000   )
 ( -0.036001   0.000000    -0.000000   0.000000    -0.050630   0.000000   )
 ( -0.000000   0.000000    -0.036001   0.000000    -0.050630   0.000000   )
 (  0.000000   0.000000    -0.036001   0.000000     0.050630   0.000000   )
     freq (   63) =       4.611621 [THz] =     153.827118 [cm-1]
 (  0.019563   0.000000     0.214422   0.000000     0.073254   0.000000   )
 (  0.019563   0.000000     0.214422   0.000000    -0.073254   0.000000   )
 ( -0.075778   0.000000    -0.006055   0.000000    -0.000000   0.000000   )
 ( -0.075778   0.000000    -0.006055   0.000000     0.000000   0.000000   )
 ( -0.014673   0.000000    -0.214031   0.000000     0.062413   0.000000   )
 ( -0.014673   0.000000    -0.214031   0.000000    -0.062413   0.000000   )
 ( -0.014673   0.000000    -0.214031   0.000000    -0.062413   0.000000   )
 ( -0.014673   0.000000    -0.214031   0.000000     0.062413   0.000000   )
 (  0.318756   0.000000     0.005436   0.000000    -0.000000   0.000000   )
 (  0.318756   0.000000     0.005436   0.000000     0.000000   0.000000   )
 (  0.068032   0.000000     0.025471   0.000000     0.000000   0.000000   )
 (  0.068032   0.000000     0.025471   0.000000    -0.000000   0.000000   )
 (  0.019563   0.000000     0.214422   0.000000    -0.073254   0.000000   )
 (  0.019563   0.000000     0.214422   0.000000     0.073254   0.000000   )
 ( -0.328451   0.000000    -0.026245   0.000000     0.000000   0.000000   )
 ( -0.328451   0.000000    -0.026245   0.000000    -0.000000   0.000000   )
 (  0.007420   0.000000     0.033044   0.000000     0.000000   0.000000   )
 ( -0.043520   0.000000    -0.003477   0.000000    -0.000000   0.000000   )
 (  0.002201   0.000000    -0.032275   0.000000    -0.000000   0.000000   )
 (  0.002201   0.000000    -0.032275   0.000000    -0.000000   0.000000   )
 (  0.050580   0.000000    -0.001634   0.000000     0.000000   0.000000   )
 ( -0.020447   0.000000     0.004042   0.000000     0.000000   0.000000   )
 (  0.007420   0.000000     0.033044   0.000000     0.000000   0.000000   )
 (  0.004265   0.000000     0.009020   0.000000    -0.130285   0.000000   )
 ( -0.001158   0.000000    -0.005848   0.000000     0.009227   0.000000   )
 ( -0.001158   0.000000    -0.005848   0.000000    -0.009227   0.000000   )
 (  0.004265   0.000000     0.009020   0.000000     0.130285   0.000000   )
 ( -0.073191   0.000000    -0.000093   0.000000    -0.000737   0.000000   )
 (  0.112880   0.000000     0.000341   0.000000     0.010411   0.000000   )
 (  0.112880   0.000000     0.000341   0.000000    -0.010411   0.000000   )
 ( -0.073191   0.000000    -0.000093   0.000000     0.000737   0.000000   )
 (  0.112880   0.000000     0.000341   0.000000    -0.010411   0.000000   )
 (  0.112880   0.000000     0.000341   0.000000     0.010411   0.000000   )
 (  0.004265   0.000000     0.009020   0.000000     0.130285   0.000000   )
 (  0.004265   0.000000     0.009020   0.000000    -0.130285   0.000000   )
 ( -0.001158   0.000000    -0.005848   0.000000     0.009227   0.000000   )
 ( -0.001158   0.000000    -0.005848   0.000000    -0.009227   0.000000   )
 ( -0.073191   0.000000    -0.000093   0.000000    -0.000737   0.000000   )
 ( -0.073191   0.000000    -0.000093   0.000000     0.000737   0.000000   )
     freq (   64) =       4.611621 [THz] =     153.827118 [cm-1]
 (  0.214031   0.000000    -0.014673   0.000000     0.062413   0.000000   )
 (  0.214031   0.000000    -0.014673   0.000000    -0.062413   0.000000   )
 (  0.006055   0.000000    -0.075778   0.000000     0.000000   0.000000   )
 (  0.006055   0.000000    -0.075778   0.000000    -0.000000   0.000000   )
 ( -0.214422   0.000000     0.019563   0.000000    -0.073254   0.000000   )
 ( -0.214422   0.000000     0.019563   0.000000     0.073254   0.000000   )
 ( -0.214422   0.000000     0.019563   0.000000     0.073254   0.000000   )
 ( -0.214422   0.000000     0.019563   0.000000    -0.073254   0.000000   )
 ( -0.025471   0.000000     0.068032   0.000000    -0.000000   0.000000   )
 ( -0.025471   0.000000     0.068032   0.000000     0.000000   0.000000   )
 ( -0.005436   0.000000     0.318756   0.000000     0.000000   0.000000   )
 ( -0.005436   0.000000     0.318756   0.000000    -0.000000   0.000000   )
 (  0.214031   0.000000    -0.014673   0.000000    -0.062413   0.000000   )
 (  0.214031   0.000000    -0.014673   0.000000     0.062413   0.000000   )
 (  0.026245   0.000000    -0.328451   0.000000    -0.000000   0.000000   )
 (  0.026245   0.000000    -0.328451   0.000000     0.000000   0.000000   )
 (  0.032275   0.000000     0.002201   0.000000    -0.000000   0.000000   )
 (  0.003477   0.000000    -0.043520   0.000000    -0.000000   0.000000   )
 ( -0.033044   0.000000     0.007420   0.000000     0.000000   0.000000   )
 ( -0.033044   0.000000     0.007420   0.000000     0.000000   0.000000   )
 ( -0.004042   0.000000    -0.020447   0.000000     0.000000   0.000000   )
 (  0.001634   0.000000     0.050580   0.000000    -0.000000   0.000000   )
 (  0.032275   0.000000     0.002201   0.000000     0.000000   0.000000   )
 ( -0.000341   0.000000     0.112880   0.000000     0.010411   0.000000   )
 (  0.000093   0.000000    -0.073191   0.000000    -0.000737   0.000000   )
 (  0.000093   0.000000    -0.073191   0.000000     0.000737   0.000000   )
 ( -0.000341   0.000000     0.112880   0.000000    -0.010411   0.000000   )
 (  0.005848   0.000000    -0.001158   0.000000    -0.009227   0.000000   )
 ( -0.009020   0.000000     0.004265   0.000000     0.130285   0.000000   )
 ( -0.009020   0.000000     0.004265   0.000000    -0.130285   0.000000   )
 (  0.005848   0.000000    -0.001158   0.000000     0.009227   0.000000   )
 ( -0.009020   0.000000     0.004265   0.000000    -0.130285   0.000000   )
 ( -0.009020   0.000000     0.004265   0.000000     0.130285   0.000000   )
 ( -0.000341   0.000000     0.112880   0.000000    -0.010411   0.000000   )
 ( -0.000341   0.000000     0.112880   0.000000     0.010411   0.000000   )
 (  0.000093   0.000000    -0.073191   0.000000    -0.000737   0.000000   )
 (  0.000093   0.000000    -0.073191   0.000000     0.000737   0.000000   )
 (  0.005848   0.000000    -0.001158   0.000000    -0.009227   0.000000   )
 (  0.005848   0.000000    -0.001158   0.000000     0.009227   0.000000   )
     freq (   65) =       4.751523 [THz] =     158.493747 [cm-1]
 (  0.196979   0.000000    -0.196979   0.000000    -0.000000   0.000000   )
 (  0.196979   0.000000    -0.196979   0.000000    -0.000000   0.000000   )
 (  0.000000   0.000000     0.000000   0.000000     0.000000   0.000000   )
 ( -0.000000   0.000000    -0.000000   0.000000    -0.000000   0.000000   )
 (  0.196979   0.000000     0.196979   0.000000     0.000000   0.000000   )
 (  0.196979   0.000000     0.196979   0.000000     0.000000   0.000000   )
 ( -0.196979   0.000000    -0.196979   0.000000    -0.000000   0.000000   )
 ( -0.196979   0.000000    -0.196979   0.000000    -0.000000   0.000000   )
 ( -0.000000   0.000000    -0.000000   0.000000    -0.261802   0.000000   )
 (  0.000000   0.000000     0.000000   0.000000     0.261802   0.000000   )
 ( -0.000000   0.000000    -0.000000   0.000000     0.261802   0.000000   )
 (  0.000000   0.000000     0.000000   0.000000    -0.261802   0.000000   )
 ( -0.196979   0.000000     0.196979   0.000000     0.000000   0.000000   )
 ( -0.196979   0.000000     0.196979   0.000000     0.000000   0.000000   )
 (  0.000000   0.000000     0.000000   0.000000    -0.000000   0.000000   )
 ( -0.000000   0.000000    -0.000000   0.000000     0.000000   0.000000   )
 (  0.038097   0.000000    -0.038097   0.000000    -0.000000   0.000000   )
 (  0.000000   0.000000     0.000000   0.000000    -0.000000   0.000000   )
 (  0.038097   0.000000     0.038097   0.000000    -0.000000   0.000000   )
 ( -0.038097   0.000000    -0.038097   0.000000    -0.000000   0.000000   )
 (  0.000000   0.000000    -0.000000   0.000000    -0.000000   0.000000   )
 ( -0.000000   0.000000     0.000000   0.000000     0.000000   0.000000   )
 ( -0.038097   0.000000     0.038097   0.000000    -0.000000   0.000000   )
 (  0.041889   0.000000    -0.000000   0.000000     0.027974   0.000000   )
 (  0.087871   0.000000     0.000000   0.000000     0.037665   0.000000   )
 (  0.087871   0.000000    -0.000000   0.000000    -0.037665   0.000000   )
 (  0.041889   0.000000     0.000000   0.000000    -0.027974   0.000000   )
 ( -0.000000   0.000000    -0.087871   0.000000     0.037665   0.000000   )
 ( -0.000000   0.000000    -0.041889   0.000000     0.027974   0.000000   )
 ( -0.000000   0.000000    -0.041889   0.000000    -0.027974   0.000000   )
 (  0.000000   0.000000    -0.087871   0.000000    -0.037665   0.000000   )
 ( -0.000000   0.000000     0.041889   0.000000     0.027974   0.000000   )
 ( -0.000000   0.000000     0.041889   0.000000    -0.027974   0.000000   )
 ( -0.041889   0.000000    -0.000000   0.000000     0.027974   0.000000   )
 ( -0.041889   0.000000     0.000000   0.000000    -0.027974   0.000000   )
 ( -0.087871   0.000000    -0.000000   0.000000    -0.037665   0.000000   )
 ( -0.087871   0.000000     0.000000   0.000000     0.037665   0.000000   )
 (  0.000000   0.000000     0.087871   0.000000    -0.037665   0.000000   )
 (  0.000000   0.000000     0.087871   0.000000     0.037665   0.000000   )
     freq (   66) =       4.760613 [THz] =     158.796942 [cm-1]
 (  0.244472   0.000000     0.011439   0.000000    -0.002996   0.000000   )
 ( -0.244472   0.000000    -0.011439   0.000000    -0.002996   0.000000   )
 (  0.015682   0.000000     0.246490   0.000000    -0.000000   0.000000   )
 ( -0.015682   0.000000    -0.246490   0.000000     0.000000   0.000000   )
 ( -0.244998   0.000000    -0.019702   0.000000     0.002637   0.000000   )
 (  0.244998   0.000000     0.019702   0.000000     0.002637   0.000000   )
 ( -0.244998   0.000000    -0.019702   0.000000    -0.002637   0.000000   )
 (  0.244998   0.000000     0.019702   0.000000    -0.002637   0.000000   )
 ( -0.015656   0.000000    -0.249085   0.000000     0.000000   0.000000   )
 (  0.015656   0.000000     0.249085   0.000000    -0.000000   0.000000   )
 ( -0.015847   0.000000    -0.246077   0.000000    -0.000000   0.000000   )
 (  0.015847   0.000000     0.246077   0.000000     0.000000   0.000000   )
 (  0.244472   0.000000     0.011439   0.000000     0.002996   0.000000   )
 ( -0.244472   0.000000    -0.011439   0.000000     0.002996   0.000000   )
 (  0.015425   0.000000     0.242460   0.000000    -0.000000   0.000000   )
 ( -0.015425   0.000000    -0.242460   0.000000    -0.000000   0.000000   )
 ( -0.000000   0.000000     0.000000   0.000000    -0.003156   0.000000   )
 (  0.000000   0.000000     0.000000   0.000000    -0.000000   0.000000   )
 ( -0.000000   0.000000    -0.000000   0.000000     0.002779   0.000000   )
 (  0.000000   0.000000     0.000000   0.000000    -0.002779   0.000000   )
 (  0.000000   0.000000    -0.000000   0.000000    -0.000000   0.000000   )
 ( -0.000000   0.000000    -0.000000   0.000000    -0.000000   0.000000   )
 (  0.000000   0.000000    -0.000000   0.000000     0.003156   0.000000   )
 ( -0.000271   0.000000    -0.019746   0.000000    -0.003562   0.000000   )
 (  0.002277   0.000000     0.009854   0.000000     0.003571   0.000000   )
 ( -0.002277   0.000000    -0.009854   0.000000     0.003571   0.000000   )
 (  0.000271   0.000000     0.019746   0.000000    -0.003562   0.000000   )
 ( -0.000627   0.000000    -0.035796   0.000000     0.056136   0.000000   )
 (  0.001256   0.000000     0.004266   0.000000    -0.055987   0.000000   )
 ( -0.001256   0.000000    -0.004266   0.000000    -0.055987   0.000000   )
 (  0.000627   0.000000     0.035796   0.000000     0.056136   0.000000   )
 (  0.001256   0.000000     0.004266   0.000000     0.055987   0.000000   )
 ( -0.001256   0.000000    -0.004266   0.000000     0.055987   0.000000   )
 ( -0.000271   0.000000    -0.019746   0.000000     0.003562   0.000000   )
 (  0.000271   0.000000     0.019746   0.000000     0.003562   0.000000   )
 ( -0.002277   0.000000    -0.009854   0.000000    -0.003571   0.000000   )
 (  0.002277   0.000000     0.009854   0.000000    -0.003571   0.000000   )
 (  0.000627   0.000000     0.035796   0.000000    -0.056136   0.000000   )
 ( -0.000627   0.000000    -0.035796   0.000000    -0.056136   0.000000   )
     freq (   67) =       4.760613 [THz] =     158.796942 [cm-1]
 ( -0.019702   0.000000     0.244998   0.000000    -0.002637   0.000000   )
 (  0.019702   0.000000    -0.244998   0.000000    -0.002637   0.000000   )
 (  0.246490   0.000000    -0.015682   0.000000     0.000000   0.000000   )
 ( -0.246490   0.000000     0.015682   0.000000    -0.000000   0.000000   )
 (  0.011439   0.000000    -0.244472   0.000000    -0.002996   0.000000   )
 ( -0.011439   0.000000     0.244472   0.000000    -0.002996   0.000000   )
 (  0.011439   0.000000    -0.244472   0.000000     0.002996   0.000000   )
 ( -0.011439   0.000000     0.244472   0.000000     0.002996   0.000000   )
 ( -0.246077   0.000000     0.015847   0.000000    -0.000000   0.000000   )
 (  0.246077   0.000000    -0.015847   0.000000     0.000000   0.000000   )
 ( -0.249085   0.000000     0.015656   0.000000     0.000000   0.000000   )
 (  0.249085   0.000000    -0.015656   0.000000    -0.000000   0.000000   )
 ( -0.019702   0.000000     0.244998   0.000000     0.002637   0.000000   )
 (  0.019702   0.000000    -0.244998   0.000000     0.002637   0.000000   )
 (  0.242460   0.000000    -0.015425   0.000000    -0.000000   0.000000   )
 ( -0.242460   0.000000     0.015425   0.000000     0.000000   0.000000   )
 (  0.000000   0.000000    -0.000000   0.000000    -0.002779   0.000000   )
 (  0.000000   0.000000    -0.000000   0.000000     0.000000   0.000000   )
 (  0.000000   0.000000     0.000000   0.000000    -0.003156   0.000000   )
 ( -0.000000   0.000000    -0.000000   0.000000     0.003156   0.000000   )
 (  0.000000   0.000000     0.000000   0.000000     0.000000   0.000000   )
 ( -0.000000   0.000000    -0.000000   0.000000     0.000000   0.000000   )
 ( -0.000000   0.000000     0.000000   0.000000     0.002779   0.000000   )
 ( -0.004266   0.000000     0.001256   0.000000    -0.055987   0.000000   )
 (  0.035796   0.000000    -0.000627   0.000000     0.056136   0.000000   )
 ( -0.035796   0.000000     0.000627   0.000000     0.056136   0.000000   )
 (  0.004266   0.000000    -0.001256   0.000000    -0.055987   0.000000   )
 ( -0.009854   0.000000     0.002277   0.000000    -0.003571   0.000000   )
 (  0.019746   0.000000    -0.000271   0.000000     0.003562   0.000000   )
 ( -0.019746   0.000000     0.000271   0.000000     0.003562   0.000000   )
 (  0.009854   0.000000    -0.002277   0.000000    -0.003571   0.000000   )
 (  0.019746   0.000000    -0.000271   0.000000    -0.003562   0.000000   )
 ( -0.019746   0.000000     0.000271   0.000000    -0.003562   0.000000   )
 ( -0.004266   0.000000     0.001256   0.000000     0.055987   0.000000   )
 (  0.004266   0.000000    -0.001256   0.000000     0.055987   0.000000   )
 ( -0.035796   0.000000     0.000627   0.000000    -0.056136   0.000000   )
 (  0.035796   0.000000    -0.000627   0.000000    -0.056136   0.000000   )
 (  0.009854   0.000000    -0.002277   0.000000     0.003571   0.000000   )
 ( -0.009854   0.000000     0.002277   0.000000     0.003571   0.000000   )
     freq (   68) =       4.904331 [THz] =     163.590868 [cm-1]
 (  0.027620   0.000000     0.027620   0.000000    -0.196307   0.000000   )
 ( -0.027620   0.000000    -0.027620   0.000000    -0.196307   0.000000   )
 (  0.000000   0.000000    -0.000000   0.000000     0.228835   0.000000   )
 (  0.000000   0.000000    -0.000000   0.000000     0.228835   0.000000   )
 (  0.027620   0.000000    -0.027620   0.000000    -0.196307   0.000000   )
 ( -0.027620   0.000000     0.027620   0.000000    -0.196307   0.000000   )
 ( -0.027620   0.000000     0.027620   0.000000    -0.196307   0.000000   )
 (  0.027620   0.000000    -0.027620   0.000000    -0.196307   0.000000   )
 (  0.000000   0.000000    -0.000000   0.000000     0.199543   0.000000   )
 ( -0.000000   0.000000     0.000000   0.000000     0.199543   0.000000   )
 ( -0.000000   0.000000    -0.000000   0.000000     0.199543   0.000000   )
 ( -0.000000   0.000000     0.000000   0.000000     0.199543   0.000000   )
 ( -0.027620   0.000000    -0.027620   0.000000    -0.196307   0.000000   )
 (  0.027620   0.000000     0.027620   0.000000    -0.196307   0.000000   )
 ( -0.000000   0.000000     0.000000   0.000000     0.173624   0.000000   )
 (  0.000000   0.000000    -0.000000   0.000000     0.173624   0.000000   )
 (  0.000000   0.000000    -0.000000   0.000000    -0.191066   0.000000   )
 ( -0.000000   0.000000    -0.000000   0.000000     0.229802   0.000000   )
 (  0.000000   0.000000    -0.000000   0.000000    -0.191066   0.000000   )
 ( -0.000000   0.000000    -0.000000   0.000000    -0.191066   0.000000   )
 (  0.000000   0.000000    -0.000000   0.000000     0.263086   0.000000   )
 (  0.000000   0.000000    -0.000000   0.000000     0.263086   0.000000   )
 ( -0.000000   0.000000    -0.000000   0.000000    -0.191066   0.000000   )
 ( -0.003364   0.000000     0.000000   0.000000    -0.039937   0.000000   )
 ( -0.023866   0.000000    -0.000000   0.000000    -0.008223   0.000000   )
 (  0.023866   0.000000     0.000000   0.000000    -0.008223   0.000000   )
 (  0.003364   0.000000     0.000000   0.000000    -0.039937   0.000000   )
 ( -0.000000   0.000000     0.023866   0.000000    -0.008223   0.000000   )
 (  0.000000   0.000000     0.003364   0.000000    -0.039937   0.000000   )
 ( -0.000000   0.000000    -0.003364   0.000000    -0.039937   0.000000   )
 ( -0.000000   0.000000    -0.023866   0.000000    -0.008223   0.000000   )
 ( -0.000000   0.000000    -0.003364   0.000000    -0.039937   0.000000   )
 ( -0.000000   0.000000     0.003364   0.000000    -0.039937   0.000000   )
 (  0.003364   0.000000     0.000000   0.000000    -0.039937   0.000000   )
 ( -0.003364   0.000000     0.000000   0.000000    -0.039937   0.000000   )
 ( -0.023866   0.000000    -0.000000   0.000000    -0.008223   0.000000   )
 (  0.023866   0.000000    -0.000000   0.000000    -0.008223   0.000000   )
 (  0.000000   0.000000     0.023866   0.000000    -0.008223   0.000000   )
 (  0.000000   0.000000    -0.023866   0.000000    -0.008223   0.000000   )
     freq (   69) =       5.098332 [THz] =     170.062046 [cm-1]
 ( -0.023145   0.000000    -0.023145   0.000000    -0.246003   0.000000   )
 ( -0.023145   0.000000    -0.023145   0.000000     0.246003   0.000000   )
 (  0.000000   0.000000    -0.000000   0.000000    -0.227842   0.000000   )
 (  0.000000   0.000000    -0.000000   0.000000     0.227842   0.000000   )
 ( -0.023145   0.000000     0.023145   0.000000    -0.246003   0.000000   )
 ( -0.023145   0.000000     0.023145   0.000000     0.246003   0.000000   )
 (  0.023145   0.000000    -0.023145   0.000000    -0.246003   0.000000   )
 (  0.023145   0.000000    -0.023145   0.000000     0.246003   0.000000   )
 (  0.000000   0.000000     0.000000   0.000000    -0.246187   0.000000   )
 (  0.000000   0.000000     0.000000   0.000000     0.246187   0.000000   )
 ( -0.000000   0.000000    -0.000000   0.000000    -0.246187   0.000000   )
 ( -0.000000   0.000000    -0.000000   0.000000     0.246187   0.000000   )
 (  0.023145   0.000000     0.023145   0.000000    -0.246003   0.000000   )
 (  0.023145   0.000000     0.023145   0.000000     0.246003   0.000000   )
 ( -0.000000   0.000000     0.000000   0.000000    -0.283145   0.000000   )
 ( -0.000000   0.000000     0.000000   0.000000     0.283145   0.000000   )
 ( -0.005793   0.000000    -0.005793   0.000000    -0.000000   0.000000   )
 ( -0.000000   0.000000     0.000000   0.000000     0.000000   0.000000   )
 ( -0.005793   0.000000     0.005793   0.000000    -0.000000   0.000000   )
 (  0.005793   0.000000    -0.005793   0.000000    -0.000000   0.000000   )
 (  0.000000   0.000000    -0.000000   0.000000     0.000000   0.000000   )
 (  0.000000   0.000000    -0.000000   0.000000     0.000000   0.000000   )
 (  0.005793   0.000000     0.005793   0.000000    -0.000000   0.000000   )
 ( -0.003085   0.000000     0.000000   0.000000    -0.006184   0.000000   )
 (  0.000195   0.000000    -0.000000   0.000000     0.002251   0.000000   )
 (  0.000195   0.000000    -0.000000   0.000000    -0.002251   0.000000   )
 ( -0.003085   0.000000     0.000000   0.000000     0.006184   0.000000   )
 (  0.000000   0.000000     0.000195   0.000000    -0.002251   0.000000   )
 ( -0.000000   0.000000    -0.003085   0.000000     0.006184   0.000000   )
 ( -0.000000   0.000000    -0.003085   0.000000    -0.006184   0.000000   )
 ( -0.000000   0.000000     0.000195   0.000000     0.002251   0.000000   )
 ( -0.000000   0.000000     0.003085   0.000000     0.006184   0.000000   )
 ( -0.000000   0.000000     0.003085   0.000000    -0.006184   0.000000   )
 (  0.003085   0.000000     0.000000   0.000000    -0.006184   0.000000   )
 (  0.003085   0.000000     0.000000   0.000000     0.006184   0.000000   )
 ( -0.000195   0.000000    -0.000000   0.000000    -0.002251   0.000000   )
 ( -0.000195   0.000000    -0.000000   0.000000     0.002251   0.000000   )
 (  0.000000   0.000000    -0.000195   0.000000     0.002251   0.000000   )
 (  0.000000   0.000000    -0.000195   0.000000    -0.002251   0.000000   )
     freq (   70) =       5.176380 [THz] =     172.665435 [cm-1]
 ( -0.062401   0.000000    -0.020518   0.000000     0.092951   0.000000   )
 ( -0.062401   0.000000    -0.020518   0.000000    -0.092951   0.000000   )
 ( -0.001789   0.000000     0.168595   0.000000    -0.000000   0.000000   )
 ( -0.001789   0.000000     0.168595   0.000000     0.000000   0.000000   )
 (  0.062850   0.000000    -0.021847   0.000000    -0.094944   0.000000   )
 (  0.062850   0.000000    -0.021847   0.000000     0.094944   0.000000   )
 (  0.062850   0.000000    -0.021847   0.000000     0.094944   0.000000   )
 (  0.062850   0.000000    -0.021847   0.000000    -0.094944   0.000000   )
 ( -0.001120   0.000000    -0.124830   0.000000    -0.000000   0.000000   )
 ( -0.001120   0.000000    -0.124830   0.000000     0.000000   0.000000   )
 (  0.001324   0.000000     0.105563   0.000000    -0.000000   0.000000   )
 (  0.001324   0.000000     0.105563   0.000000     0.000000   0.000000   )
 ( -0.062401   0.000000    -0.020518   0.000000    -0.092951   0.000000   )
 ( -0.062401   0.000000    -0.020518   0.000000     0.092951   0.000000   )
 (  0.000830   0.000000    -0.078252   0.000000    -0.000000   0.000000   )
 (  0.000830   0.000000    -0.078252   0.000000     0.000000   0.000000   )
 ( -0.016162   0.000000     0.033755   0.000000    -0.000000   0.000000   )
 (  0.000994   0.000000    -0.093648   0.000000     0.000000   0.000000   )
 (  0.015449   0.000000     0.033419   0.000000    -0.000000   0.000000   )
 (  0.015449   0.000000     0.033419   0.000000    -0.000000   0.000000   )
 ( -0.001444   0.000000     0.234796   0.000000     0.000000   0.000000   )
 ( -0.002491   0.000000     0.136119   0.000000     0.000000   0.000000   )
 ( -0.016162   0.000000     0.033755   0.000000    -0.000000   0.000000   )
 (  0.000344   0.000000    -0.330234   0.000000    -0.002343   0.000000   )
 (  0.001062   0.000000     0.044118   0.000000    -0.000104   0.000000   )
 (  0.001062   0.000000     0.044118   0.000000     0.000104   0.000000   )
 (  0.000344   0.000000    -0.330234   0.000000     0.002343   0.000000   )
 ( -0.000468   0.000000    -0.100099   0.000000    -0.009815   0.000000   )
 (  0.003504   0.000000    -0.032459   0.000000    -0.220875   0.000000   )
 (  0.003504   0.000000    -0.032459   0.000000     0.220875   0.000000   )
 ( -0.000468   0.000000    -0.100099   0.000000     0.009815   0.000000   )
 (  0.003504   0.000000    -0.032459   0.000000     0.220875   0.000000   )
 (  0.003504   0.000000    -0.032459   0.000000    -0.220875   0.000000   )
 (  0.000344   0.000000    -0.330234   0.000000     0.002343   0.000000   )
 (  0.000344   0.000000    -0.330234   0.000000    -0.002343   0.000000   )
 (  0.001062   0.000000     0.044118   0.000000    -0.000104   0.000000   )
 (  0.001062   0.000000     0.044118   0.000000     0.000104   0.000000   )
 ( -0.000468   0.000000    -0.100099   0.000000    -0.009815   0.000000   )
 ( -0.000468   0.000000    -0.100099   0.000000     0.009815   0.000000   )
     freq (   71) =       5.176380 [THz] =     172.665435 [cm-1]
 (  0.021847   0.000000     0.062850   0.000000    -0.094944   0.000000   )
 (  0.021847   0.000000     0.062850   0.000000     0.094944   0.000000   )
 ( -0.168595   0.000000    -0.001789   0.000000    -0.000000   0.000000   )
 ( -0.168595   0.000000    -0.001789   0.000000     0.000000   0.000000   )
 (  0.020518   0.000000    -0.062401   0.000000    -0.092951   0.000000   )
 (  0.020518   0.000000    -0.062401   0.000000     0.092951   0.000000   )
 (  0.020518   0.000000    -0.062401   0.000000     0.092951   0.000000   )
 (  0.020518   0.000000    -0.062401   0.000000    -0.092951   0.000000   )
 ( -0.105563   0.000000     0.001324   0.000000    -0.000000   0.000000   )
 ( -0.105563   0.000000     0.001324   0.000000     0.000000   0.000000   )
 (  0.124830   0.000000    -0.001120   0.000000    -0.000000   0.000000   )
 (  0.124830   0.000000    -0.001120   0.000000     0.000000   0.000000   )
 (  0.021847   0.000000     0.062850   0.000000     0.094944   0.000000   )
 (  0.021847   0.000000     0.062850   0.000000    -0.094944   0.000000   )
 (  0.078252   0.000000     0.000830   0.000000    -0.000000   0.000000   )
 (  0.078252   0.000000     0.000830   0.000000     0.000000   0.000000   )
 ( -0.033419   0.000000     0.015449   0.000000    -0.000000   0.000000   )
 (  0.093648   0.000000     0.000994   0.000000    -0.000000   0.000000   )
 ( -0.033755   0.000000    -0.016162   0.000000    -0.000000   0.000000   )
 ( -0.033755   0.000000    -0.016162   0.000000    -0.000000   0.000000   )
 ( -0.136119   0.000000    -0.002491   0.000000     0.000000   0.000000   )
 ( -0.234796   0.000000    -0.001444   0.000000     0.000000   0.000000   )
 ( -0.033419   0.000000     0.015449   0.000000    -0.000000   0.000000   )
 (  0.032459   0.000000     0.003504   0.000000    -0.220875   0.000000   )
 (  0.100099   0.000000    -0.000468   0.000000    -0.009815   0.000000   )
 (  0.100099   0.000000    -0.000468   0.000000     0.009815   0.000000   )
 (  0.032459   0.000000     0.003504   0.000000     0.220875   0.000000   )
 ( -0.044118   0.000000     0.001062   0.000000     0.000104   0.000000   )
 (  0.330234   0.000000     0.000344   0.000000     0.002343   0.000000   )
 (  0.330234   0.000000     0.000344   0.000000    -0.002343   0.000000   )
 ( -0.044118   0.000000     0.001062   0.000000    -0.000104   0.000000   )
 (  0.330234   0.000000     0.000344   0.000000    -0.002343   0.000000   )
 (  0.330234   0.000000     0.000344   0.000000     0.002343   0.000000   )
 (  0.032459   0.000000     0.003504   0.000000     0.220875   0.000000   )
 (  0.032459   0.000000     0.003504   0.000000    -0.220875   0.000000   )
 (  0.100099   0.000000    -0.000468   0.000000    -0.009815   0.000000   )
 (  0.100099   0.000000    -0.000468   0.000000     0.009815   0.000000   )
 ( -0.044118   0.000000     0.001062   0.000000     0.000104   0.000000   )
 ( -0.044118   0.000000     0.001062   0.000000    -0.000104   0.000000   )
     freq (   72) =       7.130868 [THz] =     237.860157 [cm-1]
 (  0.002449   0.000000    -0.002449   0.000000    -0.000000   0.000000   )
 ( -0.002449   0.000000     0.002449   0.000000     0.000000   0.000000   )
 (  0.000000   0.000000    -0.000000   0.000000    -0.000000   0.000000   )
 (  0.000000   0.000000     0.000000   0.000000     0.000000   0.000000   )
 (  0.002449   0.000000     0.002449   0.000000    -0.000000   0.000000   )
 ( -0.002449   0.000000    -0.002449   0.000000    -0.000000   0.000000   )
 ( -0.002449   0.000000    -0.002449   0.000000    -0.000000   0.000000   )
 (  0.002449   0.000000     0.002449   0.000000    -0.000000   0.000000   )
 ( -0.000000   0.000000     0.000000   0.000000    -0.000312   0.000000   )
 ( -0.000000   0.000000    -0.000000   0.000000    -0.000312   0.000000   )
 ( -0.000000   0.000000     0.000000   0.000000     0.000312   0.000000   )
 ( -0.000000   0.000000    -0.000000   0.000000     0.000312   0.000000   )
 ( -0.002449   0.000000     0.002449   0.000000    -0.000000   0.000000   )
 (  0.002449   0.000000    -0.002449   0.000000     0.000000   0.000000   )
 ( -0.000000   0.000000    -0.000000   0.000000     0.000000   0.000000   )
 ( -0.000000   0.000000     0.000000   0.000000    -0.000000   0.000000   )
 ( -0.000000   0.000000    -0.000000   0.000000    -0.000000   0.000000   )
 ( -0.000000   0.000000    -0.000000   0.000000     0.000000   0.000000   )
 ( -0.000000   0.000000    -0.000000   0.000000    -0.000000   0.000000   )
 (  0.000000   0.000000    -0.000000   0.000000    -0.000000   0.000000   )
 ( -0.000000   0.000000     0.000000   0.000000    -0.000202   0.000000   )
 (  0.000000   0.000000    -0.000000   0.000000     0.000202   0.000000   )
 (  0.000000   0.000000    -0.000000   0.000000     0.000000   0.000000   )
 (  0.240259   0.000000     0.000000   0.000000     0.004180   0.000000   )
 (  0.254589   0.000000    -0.000000   0.000000     0.049298   0.000000   )
 ( -0.254589   0.000000     0.000000   0.000000     0.049298   0.000000   )
 ( -0.240259   0.000000    -0.000000   0.000000     0.004180   0.000000   )
 ( -0.000000   0.000000     0.254589   0.000000    -0.049298   0.000000   )
 ( -0.000000   0.000000     0.240259   0.000000    -0.004180   0.000000   )
 ( -0.000000   0.000000    -0.240259   0.000000    -0.004180   0.000000   )
 (  0.000000   0.000000    -0.254589   0.000000    -0.049298   0.000000   )
 ( -0.000000   0.000000    -0.240259   0.000000    -0.004180   0.000000   )
 (  0.000000   0.000000     0.240259   0.000000    -0.004180   0.000000   )
 ( -0.240259   0.000000     0.000000   0.000000     0.004180   0.000000   )
 (  0.240259   0.000000     0.000000   0.000000     0.004180   0.000000   )
 (  0.254589   0.000000     0.000000   0.000000     0.049298   0.000000   )
 ( -0.254589   0.000000    -0.000000   0.000000     0.049298   0.000000   )
 (  0.000000   0.000000     0.254589   0.000000    -0.049298   0.000000   )
 ( -0.000000   0.000000    -0.254589   0.000000    -0.049298   0.000000   )
     freq (   73) =       7.388256 [THz] =     246.445703 [cm-1]
 (  0.002698   0.000000    -0.002698   0.000000     0.000000   0.000000   )
 (  0.002698   0.000000    -0.002698   0.000000    -0.000000   0.000000   )
 ( -0.000000   0.000000     0.000000   0.000000    -0.000000   0.000000   )
 ( -0.000000   0.000000     0.000000   0.000000    -0.000000   0.000000   )
 (  0.002698   0.000000     0.002698   0.000000    -0.000000   0.000000   )
 (  0.002698   0.000000     0.002698   0.000000     0.000000   0.000000   )
 ( -0.002698   0.000000    -0.002698   0.000000     0.000000   0.000000   )
 ( -0.002698   0.000000    -0.002698   0.000000    -0.000000   0.000000   )
 ( -0.000000   0.000000    -0.000000   0.000000     0.000153   0.000000   )
 (  0.000000   0.000000    -0.000000   0.000000    -0.000153   0.000000   )
 ( -0.000000   0.000000     0.000000   0.000000    -0.000153   0.000000   )
 (  0.000000   0.000000    -0.000000   0.000000     0.000153   0.000000   )
 ( -0.002698   0.000000     0.002698   0.000000    -0.000000   0.000000   )
 ( -0.002698   0.000000     0.002698   0.000000     0.000000   0.000000   )
 ( -0.000000   0.000000    -0.000000   0.000000     0.000000   0.000000   )
 (  0.000000   0.000000    -0.000000   0.000000     0.000000   0.000000   )
 ( -0.001921   0.000000     0.001921   0.000000    -0.000000   0.000000   )
 (  0.000000   0.000000     0.000000   0.000000    -0.000000   0.000000   )
 ( -0.001921   0.000000    -0.001921   0.000000    -0.000000   0.000000   )
 (  0.001921   0.000000     0.001921   0.000000    -0.000000   0.000000   )
 ( -0.000000   0.000000    -0.000000   0.000000    -0.000000   0.000000   )
 ( -0.000000   0.000000     0.000000   0.000000    -0.000000   0.000000   )
 (  0.001921   0.000000    -0.001921   0.000000    -0.000000   0.000000   )
 (  0.243310   0.000000     0.000000   0.000000     0.007935   0.000000   )
 ( -0.253744   0.000000     0.000000   0.000000    -0.036509   0.000000   )
 ( -0.253744   0.000000     0.000000   0.000000     0.036509   0.000000   )
 (  0.243310   0.000000    -0.000000   0.000000    -0.007935   0.000000   )
 (  0.000000   0.000000     0.253744   0.000000    -0.036509   0.000000   )
 (  0.000000   0.000000    -0.243310   0.000000     0.007935   0.000000   )
 ( -0.000000   0.000000    -0.243310   0.000000    -0.007935   0.000000   )
 ( -0.000000   0.000000     0.253744   0.000000     0.036509   0.000000   )
 ( -0.000000   0.000000     0.243310   0.000000     0.007935   0.000000   )
 ( -0.000000   0.000000     0.243310   0.000000    -0.007935   0.000000   )
 ( -0.243310   0.000000    -0.000000   0.000000     0.007935   0.000000   )
 ( -0.243310   0.000000    -0.000000   0.000000    -0.007935   0.000000   )
 (  0.253744   0.000000     0.000000   0.000000     0.036509   0.000000   )
 (  0.253744   0.000000    -0.000000   0.000000    -0.036509   0.000000   )
 (  0.000000   0.000000    -0.253744   0.000000     0.036509   0.000000   )
 ( -0.000000   0.000000    -0.253744   0.000000    -0.036509   0.000000   )
     freq (   74) =       8.179502 [THz] =     272.838822 [cm-1]
 ( -0.013804   0.000000     0.005831   0.000000     0.001541   0.000000   )
 (  0.013804   0.000000    -0.005831   0.000000     0.001541   0.000000   )
 (  0.011447   0.000000     0.000774   0.000000    -0.000000   0.000000   )
 ( -0.011447   0.000000    -0.000774   0.000000    -0.000000   0.000000   )
 ( -0.014723   0.000000    -0.007760   0.000000     0.001346   0.000000   )
 (  0.014723   0.000000     0.007760   0.000000     0.001346   0.000000   )
 ( -0.014723   0.000000    -0.007760   0.000000    -0.001346   0.000000   )
 (  0.014723   0.000000     0.007760   0.000000    -0.001346   0.000000   )
 (  0.017361   0.000000     0.000765   0.000000    -0.000000   0.000000   )
 ( -0.017361   0.000000    -0.000765   0.000000    -0.000000   0.000000   )
 (  0.011308   0.000000     0.001174   0.000000     0.000000   0.000000   )
 ( -0.011308   0.000000    -0.001174   0.000000    -0.000000   0.000000   )
 ( -0.013804   0.000000     0.005831   0.000000    -0.001541   0.000000   )
 (  0.013804   0.000000    -0.005831   0.000000    -0.001541   0.000000   )
 (  0.013042   0.000000     0.000882   0.000000     0.000000   0.000000   )
 ( -0.013042   0.000000    -0.000882   0.000000    -0.000000   0.000000   )
 ( -0.000000   0.000000     0.000000   0.000000    -0.002051   0.000000   )
 ( -0.000000   0.000000     0.000000   0.000000    -0.000000   0.000000   )
 ( -0.000000   0.000000     0.000000   0.000000    -0.001791   0.000000   )
 ( -0.000000   0.000000    -0.000000   0.000000     0.001791   0.000000   )
 ( -0.000000   0.000000     0.000000   0.000000    -0.000000   0.000000   )
 ( -0.000000   0.000000    -0.000000   0.000000    -0.000000   0.000000   )
 ( -0.000000   0.000000     0.000000   0.000000     0.002051   0.000000   )
 (  0.179602   0.000000     0.013595   0.000000     0.165252   0.000000   )
 ( -0.245760   0.000000    -0.012293   0.000000    -0.233591   0.000000   )
 (  0.245760   0.000000     0.012293   0.000000    -0.233591   0.000000   )
 ( -0.179602   0.000000    -0.013595   0.000000     0.165252   0.000000   )
 (  0.181786   0.000000     0.016619   0.000000    -0.015797   0.000000   )
 ( -0.201036   0.000000    -0.012146   0.000000     0.011175   0.000000   )
 (  0.201036   0.000000     0.012146   0.000000     0.011175   0.000000   )
 ( -0.181786   0.000000    -0.016619   0.000000    -0.015797   0.000000   )
 ( -0.201036   0.000000    -0.012146   0.000000    -0.011175   0.000000   )
 (  0.201036   0.000000     0.012146   0.000000    -0.011175   0.000000   )
 (  0.179602   0.000000     0.013595   0.000000    -0.165252   0.000000   )
 ( -0.179602   0.000000    -0.013595   0.000000    -0.165252   0.000000   )
 (  0.245760   0.000000     0.012293   0.000000     0.233591   0.000000   )
 ( -0.245760   0.000000    -0.012293   0.000000     0.233591   0.000000   )
 ( -0.181786   0.000000    -0.016619   0.000000     0.015797   0.000000   )
 (  0.181786   0.000000     0.016619   0.000000     0.015797   0.000000   )
     freq (   75) =       8.179502 [THz] =     272.838822 [cm-1]
 (  0.007760   0.000000    -0.014723   0.000000     0.001346   0.000000   )
 ( -0.007760   0.000000     0.014723   0.000000     0.001346   0.000000   )
 ( -0.000774   0.000000     0.011447   0.000000    -0.000000   0.000000   )
 (  0.000774   0.000000    -0.011447   0.000000     0.000000   0.000000   )
 ( -0.005831   0.000000    -0.013804   0.000000    -0.001541   0.000000   )
 (  0.005831   0.000000     0.013804   0.000000    -0.001541   0.000000   )
 ( -0.005831   0.000000    -0.013804   0.000000     0.001541   0.000000   )
 (  0.005831   0.000000     0.013804   0.000000     0.001541   0.000000   )
 ( -0.001174   0.000000     0.011308   0.000000    -0.000000   0.000000   )
 (  0.001174   0.000000    -0.011308   0.000000     0.000000   0.000000   )
 ( -0.000765   0.000000     0.017361   0.000000    -0.000000   0.000000   )
 (  0.000765   0.000000    -0.017361   0.000000    -0.000000   0.000000   )
 (  0.007760   0.000000    -0.014723   0.000000    -0.001346   0.000000   )
 ( -0.007760   0.000000     0.014723   0.000000    -0.001346   0.000000   )
 ( -0.000882   0.000000     0.013042   0.000000     0.000000   0.000000   )
 (  0.000882   0.000000    -0.013042   0.000000    -0.000000   0.000000   )
 (  0.000000   0.000000    -0.000000   0.000000    -0.001791   0.000000   )
 (  0.000000   0.000000    -0.000000   0.000000     0.000000   0.000000   )
 (  0.000000   0.000000    -0.000000   0.000000     0.002051   0.000000   )
 (  0.000000   0.000000    -0.000000   0.000000    -0.002051   0.000000   )
 (  0.000000   0.000000     0.000000   0.000000     0.000000   0.000000   )
 (  0.000000   0.000000    -0.000000   0.000000     0.000000   0.000000   )
 (  0.000000   0.000000    -0.000000   0.000000     0.001791   0.000000   )
 ( -0.012146   0.000000     0.201036   0.000000    -0.011175   0.000000   )
 (  0.016619   0.000000    -0.181786   0.000000     0.015797   0.000000   )
 ( -0.016619   0.000000     0.181786   0.000000     0.015797   0.000000   )
 (  0.012146   0.000000    -0.201036   0.000000    -0.011175   0.000000   )
 ( -0.012293   0.000000     0.245760   0.000000    -0.233591   0.000000   )
 (  0.013595   0.000000    -0.179602   0.000000     0.165252   0.000000   )
 ( -0.013595   0.000000     0.179602   0.000000     0.165252   0.000000   )
 (  0.012293   0.000000    -0.245760   0.000000    -0.233591   0.000000   )
 (  0.013595   0.000000    -0.179602   0.000000    -0.165252   0.000000   )
 ( -0.013595   0.000000     0.179602   0.000000    -0.165252   0.000000   )
 ( -0.012146   0.000000     0.201036   0.000000     0.011175   0.000000   )
 (  0.012146   0.000000    -0.201036   0.000000     0.011175   0.000000   )
 ( -0.016619   0.000000     0.181786   0.000000    -0.015797   0.000000   )
 (  0.016619   0.000000    -0.181786   0.000000    -0.015797   0.000000   )
 (  0.012293   0.000000    -0.245760   0.000000     0.233591   0.000000   )
 ( -0.012293   0.000000     0.245760   0.000000     0.233591   0.000000   )
     freq (   76) =       8.350329 [THz] =     278.536983 [cm-1]
 ( -0.000411   0.000000     0.000411   0.000000    -0.000000   0.000000   )
 (  0.000411   0.000000    -0.000411   0.000000     0.000000   0.000000   )
 (  0.000000   0.000000     0.000000   0.000000     0.000000   0.000000   )
 ( -0.000000   0.000000     0.000000   0.000000     0.000000   0.000000   )
 (  0.000411   0.000000     0.000411   0.000000     0.000000   0.000000   )
 ( -0.000411   0.000000    -0.000411   0.000000     0.000000   0.000000   )
 ( -0.000411   0.000000    -0.000411   0.000000    -0.000000   0.000000   )
 (  0.000411   0.000000     0.000411   0.000000    -0.000000   0.000000   )
 (  0.000000   0.000000    -0.000000   0.000000    -0.000000   0.000000   )
 (  0.000000   0.000000    -0.000000   0.000000    -0.000000   0.000000   )
 (  0.000000   0.000000    -0.000000   0.000000    -0.000000   0.000000   )
 (  0.000000   0.000000     0.000000   0.000000     0.000000   0.000000   )
 (  0.000411   0.000000    -0.000411   0.000000    -0.000000   0.000000   )
 ( -0.000411   0.000000     0.000411   0.000000    -0.000000   0.000000   )
 (  0.000000   0.000000    -0.000000   0.000000    -0.000000   0.000000   )
 (  0.000000   0.000000     0.000000   0.000000     0.000000   0.000000   )
 (  0.000000   0.000000    -0.000000   0.000000     0.000000   0.000000   )
 (  0.000000   0.000000     0.000000   0.000000     0.000000   0.000000   )
 (  0.000000   0.000000    -0.000000   0.000000    -0.000000   0.000000   )
 (  0.000000   0.000000     0.000000   0.000000    -0.000000   0.000000   )
 (  0.000000   0.000000    -0.000000   0.000000    -0.000000   0.000000   )
 (  0.000000   0.000000    -0.000000   0.000000    -0.000000   0.000000   )
 (  0.000000   0.000000    -0.000000   0.000000    -0.000000   0.000000   )
 ( -0.000000   0.000000    -0.241415   0.000000    -0.000000   0.000000   )
 ( -0.000000   0.000000    -0.258299   0.000000    -0.000000   0.000000   )
 ( -0.000000   0.000000     0.258299   0.000000     0.000000   0.000000   )
 ( -0.000000   0.000000     0.241415   0.000000     0.000000   0.000000   )
 ( -0.258299   0.000000    -0.000000   0.000000     0.000000   0.000000   )
 ( -0.241415   0.000000     0.000000   0.000000    -0.000000   0.000000   )
 (  0.241415   0.000000    -0.000000   0.000000     0.000000   0.000000   )
 (  0.258299   0.000000     0.000000   0.000000     0.000000   0.000000   )
 (  0.241415   0.000000     0.000000   0.000000    -0.000000   0.000000   )
 ( -0.241415   0.000000     0.000000   0.000000    -0.000000   0.000000   )
 ( -0.000000   0.000000     0.241415   0.000000     0.000000   0.000000   )
 ( -0.000000   0.000000    -0.241415   0.000000    -0.000000   0.000000   )
 ( -0.000000   0.000000    -0.258299   0.000000    -0.000000   0.000000   )
 ( -0.000000   0.000000     0.258299   0.000000     0.000000   0.000000   )
 ( -0.258299   0.000000     0.000000   0.000000    -0.000000   0.000000   )
 (  0.258299   0.000000    -0.000000   0.000000    -0.000000   0.000000   )
     freq (   77) =       8.757885 [THz] =     292.131600 [cm-1]
 (  0.011948   0.000000    -0.007757   0.000000    -0.001242   0.000000   )
 (  0.011948   0.000000    -0.007757   0.000000     0.001242   0.000000   )
 (  0.003119   0.000000    -0.000413   0.000000     0.000000   0.000000   )
 (  0.003119   0.000000    -0.000413   0.000000     0.000000   0.000000   )
 (  0.010285   0.000000     0.004816   0.000000    -0.001621   0.000000   )
 (  0.010285   0.000000     0.004816   0.000000     0.001621   0.000000   )
 (  0.010285   0.000000     0.004816   0.000000     0.001621   0.000000   )
 (  0.010285   0.000000     0.004816   0.000000    -0.001621   0.000000   )
 (  0.009970   0.000000    -0.001810   0.000000    -0.000000   0.000000   )
 (  0.009970   0.000000    -0.001810   0.000000    -0.000000   0.000000   )
 (  0.013680   0.000000    -0.001319   0.000000    -0.000000   0.000000   )
 (  0.013680   0.000000    -0.001319   0.000000     0.000000   0.000000   )
 (  0.011948   0.000000    -0.007757   0.000000     0.001242   0.000000   )
 (  0.011948   0.000000    -0.007757   0.000000    -0.001242   0.000000   )
 (  0.010290   0.000000    -0.001361   0.000000     0.000000   0.000000   )
 (  0.010290   0.000000    -0.001361   0.000000    -0.000000   0.000000   )
 (  0.025282   0.000000    -0.011604   0.000000    -0.000000   0.000000   )
 (  0.024728   0.000000    -0.003271   0.000000     0.000000   0.000000   )
 (  0.023058   0.000000     0.005210   0.000000     0.000000   0.000000   )
 (  0.023058   0.000000     0.005210   0.000000    -0.000000   0.000000   )
 (  0.026734   0.000000    -0.002505   0.000000    -0.000000   0.000000   )
 (  0.018939   0.000000    -0.003536   0.000000     0.000000   0.000000   )
 (  0.025282   0.000000    -0.011604   0.000000     0.000000   0.000000   )
 ( -0.205507   0.000000     0.011324   0.000000    -0.231408   0.000000   )
 ( -0.219107   0.000000     0.030207   0.000000    -0.202060   0.000000   )
 ( -0.219107   0.000000     0.030207   0.000000     0.202060   0.000000   )
 ( -0.205507   0.000000     0.011324   0.000000     0.231408   0.000000   )
 ( -0.228355   0.000000     0.028984   0.000000    -0.026729   0.000000   )
 ( -0.085606   0.000000     0.027185   0.000000    -0.030611   0.000000   )
 ( -0.085606   0.000000     0.027185   0.000000     0.030611   0.000000   )
 ( -0.228355   0.000000     0.028984   0.000000     0.026729   0.000000   )
 ( -0.085606   0.000000     0.027185   0.000000     0.030611   0.000000   )
 ( -0.085606   0.000000     0.027185   0.000000    -0.030611   0.000000   )
 ( -0.205507   0.000000     0.011324   0.000000     0.231408   0.000000   )
 ( -0.205507   0.000000     0.011324   0.000000    -0.231408   0.000000   )
 ( -0.219107   0.000000     0.030207   0.000000    -0.202060   0.000000   )
 ( -0.219107   0.000000     0.030207   0.000000     0.202060   0.000000   )
 ( -0.228355   0.000000     0.028984   0.000000    -0.026729   0.000000   )
 ( -0.228355   0.000000     0.028984   0.000000     0.026729   0.000000   )
     freq (   78) =       8.757885 [THz] =     292.131600 [cm-1]
 ( -0.004816   0.000000     0.010285   0.000000    -0.001621   0.000000   )
 ( -0.004816   0.000000     0.010285   0.000000     0.001621   0.000000   )
 (  0.000413   0.000000     0.003119   0.000000     0.000000   0.000000   )
 (  0.000413   0.000000     0.003119   0.000000    -0.000000   0.000000   )
 (  0.007757   0.000000     0.011948   0.000000     0.001242   0.000000   )
 (  0.007757   0.000000     0.011948   0.000000    -0.001242   0.000000   )
 (  0.007757   0.000000     0.011948   0.000000    -0.001242   0.000000   )
 (  0.007757   0.000000     0.011948   0.000000     0.001242   0.000000   )
 (  0.001319   0.000000     0.013680   0.000000     0.000000   0.000000   )
 (  0.001319   0.000000     0.013680   0.000000     0.000000   0.000000   )
 (  0.001810   0.000000     0.009970   0.000000    -0.000000   0.000000   )
 (  0.001810   0.000000     0.009970   0.000000    -0.000000   0.000000   )
 ( -0.004816   0.000000     0.010285   0.000000     0.001621   0.000000   )
 ( -0.004816   0.000000     0.010285   0.000000    -0.001621   0.000000   )
 (  0.001361   0.000000     0.010290   0.000000     0.000000   0.000000   )
 (  0.001361   0.000000     0.010290   0.000000     0.000000   0.000000   )
 ( -0.005210   0.000000     0.023058   0.000000    -0.000000   0.000000   )
 (  0.003271   0.000000     0.024728   0.000000     0.000000   0.000000   )
 (  0.011604   0.000000     0.025282   0.000000     0.000000   0.000000   )
 (  0.011604   0.000000     0.025282   0.000000    -0.000000   0.000000   )
 (  0.003536   0.000000     0.018939   0.000000     0.000000   0.000000   )
 (  0.002505   0.000000     0.026734   0.000000     0.000000   0.000000   )
 ( -0.005210   0.000000     0.023058   0.000000     0.000000   0.000000   )
 ( -0.027185   0.000000    -0.085606   0.000000    -0.030611   0.000000   )
 ( -0.028984   0.000000    -0.228355   0.000000    -0.026729   0.000000   )
 ( -0.028984   0.000000    -0.228355   0.000000     0.026729   0.000000   )
 ( -0.027185   0.000000    -0.085606   0.000000     0.030611   0.000000   )
 ( -0.030207   0.000000    -0.219107   0.000000     0.202060   0.000000   )
 ( -0.011324   0.000000    -0.205507   0.000000     0.231408   0.000000   )
 ( -0.011324   0.000000    -0.205507   0.000000    -0.231408   0.000000   )
 ( -0.030207   0.000000    -0.219107   0.000000    -0.202060   0.000000   )
 ( -0.011324   0.000000    -0.205507   0.000000    -0.231408   0.000000   )
 ( -0.011324   0.000000    -0.205507   0.000000     0.231408   0.000000   )
 ( -0.027185   0.000000    -0.085606   0.000000     0.030611   0.000000   )
 ( -0.027185   0.000000    -0.085606   0.000000    -0.030611   0.000000   )
 ( -0.028984   0.000000    -0.228355   0.000000    -0.026729   0.000000   )
 ( -0.028984   0.000000    -0.228355   0.000000     0.026729   0.000000   )
 ( -0.030207   0.000000    -0.219107   0.000000     0.202060   0.000000   )
 ( -0.030207   0.000000    -0.219107   0.000000    -0.202060   0.000000   )
     freq (   79) =       9.074540 [THz] =     302.694063 [cm-1]
 (  0.000283   0.000000    -0.000283   0.000000    -0.000000   0.000000   )
 (  0.000283   0.000000    -0.000283   0.000000    -0.000000   0.000000   )
 ( -0.000000   0.000000     0.000000   0.000000    -0.000000   0.000000   )
 (  0.000000   0.000000    -0.000000   0.000000     0.000000   0.000000   )
 ( -0.000283   0.000000    -0.000283   0.000000    -0.000000   0.000000   )
 ( -0.000283   0.000000    -0.000283   0.000000    -0.000000   0.000000   )
 (  0.000283   0.000000     0.000283   0.000000     0.000000   0.000000   )
 (  0.000283   0.000000     0.000283   0.000000     0.000000   0.000000   )
 ( -0.000000   0.000000     0.000000   0.000000    -0.000000   0.000000   )
 ( -0.000000   0.000000     0.000000   0.000000     0.000000   0.000000   )
 ( -0.000000   0.000000     0.000000   0.000000     0.000000   0.000000   )
 ( -0.000000   0.000000    -0.000000   0.000000    -0.000000   0.000000   )
 ( -0.000283   0.000000     0.000283   0.000000     0.000000   0.000000   )
 ( -0.000283   0.000000     0.000283   0.000000     0.000000   0.000000   )
 ( -0.000000   0.000000     0.000000   0.000000    -0.000000   0.000000   )
 (  0.000000   0.000000    -0.000000   0.000000     0.000000   0.000000   )
 ( -0.001340   0.000000     0.001340   0.000000     0.000000   0.000000   )
 (  0.000000   0.000000     0.000000   0.000000     0.000000   0.000000   )
 (  0.001340   0.000000     0.001340   0.000000     0.000000   0.000000   )
 ( -0.001340   0.000000    -0.001340   0.000000    -0.000000   0.000000   )
 ( -0.000000   0.000000    -0.000000   0.000000     0.000000   0.000000   )
 ( -0.000000   0.000000    -0.000000   0.000000     0.000000   0.000000   )
 (  0.001340   0.000000    -0.001340   0.000000    -0.000000   0.000000   )
 ( -0.000000   0.000000     0.235824   0.000000     0.000000   0.000000   )
 (  0.000000   0.000000    -0.263411   0.000000    -0.000000   0.000000   )
 ( -0.000000   0.000000    -0.263411   0.000000    -0.000000   0.000000   )
 (  0.000000   0.000000     0.235824   0.000000     0.000000   0.000000   )
 (  0.263411   0.000000     0.000000   0.000000     0.000000   0.000000   )
 ( -0.235824   0.000000    -0.000000   0.000000    -0.000000   0.000000   )
 ( -0.235824   0.000000     0.000000   0.000000    -0.000000   0.000000   )
 (  0.263411   0.000000    -0.000000   0.000000     0.000000   0.000000   )
 (  0.235824   0.000000    -0.000000   0.000000     0.000000   0.000000   )
 (  0.235824   0.000000     0.000000   0.000000     0.000000   0.000000   )
 ( -0.000000   0.000000    -0.235824   0.000000    -0.000000   0.000000   )
 (  0.000000   0.000000    -0.235824   0.000000    -0.000000   0.000000   )
 ( -0.000000   0.000000     0.263411   0.000000     0.000000   0.000000   )
 (  0.000000   0.000000     0.263411   0.000000     0.000000   0.000000   )
 ( -0.263411   0.000000    -0.000000   0.000000    -0.000000   0.000000   )
 ( -0.263411   0.000000     0.000000   0.000000    -0.000000   0.000000   )
     freq (   80) =       9.178383 [THz] =     306.157889 [cm-1]
 ( -0.008224   0.000000    -0.007607   0.000000     0.002772   0.000000   )
 (  0.008224   0.000000     0.007607   0.000000     0.002772   0.000000   )
 ( -0.000652   0.000000     0.012210   0.000000     0.000000   0.000000   )
 (  0.000652   0.000000    -0.012210   0.000000    -0.000000   0.000000   )
 (  0.009086   0.000000    -0.008532   0.000000    -0.003084   0.000000   )
 ( -0.009086   0.000000     0.008532   0.000000    -0.003084   0.000000   )
 (  0.009086   0.000000    -0.008532   0.000000     0.003084   0.000000   )
 ( -0.009086   0.000000     0.008532   0.000000     0.003084   0.000000   )
 ( -0.000147   0.000000     0.002069   0.000000     0.000000   0.000000   )
 (  0.000147   0.000000    -0.002069   0.000000     0.000000   0.000000   )
 ( -0.000111   0.000000     0.002760   0.000000     0.000000   0.000000   )
 (  0.000111   0.000000    -0.002760   0.000000     0.000000   0.000000   )
 ( -0.008224   0.000000    -0.007607   0.000000    -0.002772   0.000000   )
 (  0.008224   0.000000     0.007607   0.000000    -0.002772   0.000000   )
 ( -0.000651   0.000000     0.012195   0.000000     0.000000   0.000000   )
 (  0.000651   0.000000    -0.012195   0.000000     0.000000   0.000000   )
 (  0.000000   0.000000    -0.000000   0.000000    -0.002871   0.000000   )
 ( -0.000000   0.000000     0.000000   0.000000     0.000000   0.000000   )
 ( -0.000000   0.000000    -0.000000   0.000000     0.003195   0.000000   )
 ( -0.000000   0.000000    -0.000000   0.000000    -0.003195   0.000000   )
 ( -0.000000   0.000000    -0.000000   0.000000     0.000000   0.000000   )
 (  0.000000   0.000000     0.000000   0.000000     0.000000   0.000000   )
 (  0.000000   0.000000    -0.000000   0.000000     0.002871   0.000000   )
 ( -0.007667   0.000000     0.131711   0.000000     0.019090   0.000000   )
 (  0.006888   0.000000    -0.128412   0.000000    -0.011951   0.000000   )
 ( -0.006888   0.000000     0.128412   0.000000    -0.011951   0.000000   )
 (  0.007667   0.000000    -0.131711   0.000000     0.019090   0.000000   )
 ( -0.006860   0.000000     0.128948   0.000000     0.223722   0.000000   )
 (  0.007036   0.000000    -0.143520   0.000000    -0.357369   0.000000   )
 ( -0.007036   0.000000     0.143520   0.000000    -0.357369   0.000000   )
 (  0.006860   0.000000    -0.128948   0.000000     0.223722   0.000000   )
 (  0.007036   0.000000    -0.143520   0.000000     0.357369   0.000000   )
 ( -0.007036   0.000000     0.143520   0.000000     0.357369   0.000000   )
 ( -0.007667   0.000000     0.131711   0.000000    -0.019090   0.000000   )
 (  0.007667   0.000000    -0.131711   0.000000    -0.019090   0.000000   )
 ( -0.006888   0.000000     0.128412   0.000000     0.011951   0.000000   )
 (  0.006888   0.000000    -0.128412   0.000000     0.011951   0.000000   )
 (  0.006860   0.000000    -0.128948   0.000000    -0.223722   0.000000   )
 ( -0.006860   0.000000     0.128948   0.000000    -0.223722   0.000000   )
     freq (   81) =       9.178383 [THz] =     306.157889 [cm-1]
 ( -0.008532   0.000000    -0.009086   0.000000     0.003084   0.000000   )
 (  0.008532   0.000000     0.009086   0.000000     0.003084   0.000000   )
 (  0.012210   0.000000     0.000652   0.000000    -0.000000   0.000000   )
 ( -0.012210   0.000000    -0.000652   0.000000    -0.000000   0.000000   )
 ( -0.007607   0.000000     0.008224   0.000000     0.002772   0.000000   )
 (  0.007607   0.000000    -0.008224   0.000000     0.002772   0.000000   )
 ( -0.007607   0.000000     0.008224   0.000000    -0.002772   0.000000   )
 (  0.007607   0.000000    -0.008224   0.000000    -0.002772   0.000000   )
 (  0.002760   0.000000     0.000111   0.000000     0.000000   0.000000   )
 ( -0.002760   0.000000    -0.000111   0.000000    -0.000000   0.000000   )
 (  0.002069   0.000000     0.000147   0.000000    -0.000000   0.000000   )
 ( -0.002069   0.000000    -0.000147   0.000000     0.000000   0.000000   )
 ( -0.008532   0.000000    -0.009086   0.000000    -0.003084   0.000000   )
 (  0.008532   0.000000     0.009086   0.000000    -0.003084   0.000000   )
 (  0.012195   0.000000     0.000651   0.000000     0.000000   0.000000   )
 ( -0.012195   0.000000    -0.000651   0.000000     0.000000   0.000000   )
 (  0.000000   0.000000     0.000000   0.000000    -0.003195   0.000000   )
 (  0.000000   0.000000     0.000000   0.000000    -0.000000   0.000000   )
 (  0.000000   0.000000     0.000000   0.000000    -0.002871   0.000000   )
 (  0.000000   0.000000    -0.000000   0.000000     0.002871   0.000000   )
 (  0.000000   0.000000    -0.000000   0.000000    -0.000000   0.000000   )
 ( -0.000000   0.000000    -0.000000   0.000000    -0.000000   0.000000   )
 (  0.000000   0.000000     0.000000   0.000000     0.003195   0.000000   )
 (  0.143520   0.000000     0.007036   0.000000    -0.357369   0.000000   )
 ( -0.128948   0.000000    -0.006860   0.000000     0.223722   0.000000   )
 (  0.128948   0.000000     0.006860   0.000000     0.223722   0.000000   )
 ( -0.143520   0.000000    -0.007036   0.000000    -0.357369   0.000000   )
 (  0.128412   0.000000     0.006888   0.000000     0.011951   0.000000   )
 ( -0.131711   0.000000    -0.007667   0.000000    -0.019090   0.000000   )
 (  0.131711   0.000000     0.007667   0.000000    -0.019090   0.000000   )
 ( -0.128412   0.000000    -0.006888   0.000000     0.011951   0.000000   )
 ( -0.131711   0.000000    -0.007667   0.000000     0.019090   0.000000   )
 (  0.131711   0.000000     0.007667   0.000000     0.019090   0.000000   )
 (  0.143520   0.000000     0.007036   0.000000     0.357369   0.000000   )
 ( -0.143520   0.000000    -0.007036   0.000000     0.357369   0.000000   )
 (  0.128948   0.000000     0.006860   0.000000    -0.223722   0.000000   )
 ( -0.128948   0.000000    -0.006860   0.000000    -0.223722   0.000000   )
 ( -0.128412   0.000000    -0.006888   0.000000    -0.011951   0.000000   )
 (  0.128412   0.000000     0.006888   0.000000    -0.011951   0.000000   )
     freq (   82) =       9.382446 [THz] =     312.964711 [cm-1]
 ( -0.008629   0.000000    -0.008609   0.000000    -0.003050   0.000000   )
 ( -0.008629   0.000000    -0.008609   0.000000     0.003050   0.000000   )
 ( -0.003341   0.000000    -0.000004   0.000000     0.000000   0.000000   )
 ( -0.003341   0.000000    -0.000004   0.000000    -0.000000   0.000000   )
 ( -0.008606   0.000000     0.008587   0.000000    -0.003042   0.000000   )
 ( -0.008606   0.000000     0.008587   0.000000     0.003042   0.000000   )
 ( -0.008606   0.000000     0.008587   0.000000     0.003042   0.000000   )
 ( -0.008606   0.000000     0.008587   0.000000    -0.003042   0.000000   )
 (  0.008226   0.000000    -0.000011   0.000000    -0.000000   0.000000   )
 (  0.008226   0.000000    -0.000011   0.000000    -0.000000   0.000000   )
 ( -0.008599   0.000000     0.000011   0.000000    -0.000000   0.000000   )
 ( -0.008599   0.000000     0.000011   0.000000     0.000000   0.000000   )
 ( -0.008629   0.000000    -0.008609   0.000000     0.003050   0.000000   )
 ( -0.008629   0.000000    -0.008609   0.000000    -0.003050   0.000000   )
 ( -0.018710   0.000000    -0.000025   0.000000    -0.000000   0.000000   )
 ( -0.018710   0.000000    -0.000025   0.000000    -0.000000   0.000000   )
 ( -0.013418   0.000000    -0.007075   0.000000    -0.000000   0.000000   )
 ( -0.050919   0.000000    -0.000067   0.000000    -0.000000   0.000000   )
 ( -0.013400   0.000000     0.007039   0.000000    -0.000000   0.000000   )
 ( -0.013400   0.000000     0.007039   0.000000     0.000000   0.000000   )
 ( -0.011854   0.000000     0.000040   0.000000     0.000000   0.000000   )
 (  0.030760   0.000000    -0.000016   0.000000     0.000000   0.000000   )
 ( -0.013418   0.000000    -0.007075   0.000000     0.000000   0.000000   )
 (  0.170702   0.000000     0.000033   0.000000    -0.106297   0.000000   )
 (  0.083917   0.000000     0.000259   0.000000    -0.401584   0.000000   )
 (  0.083917   0.000000     0.000259   0.000000     0.401584   0.000000   )
 (  0.170702   0.000000     0.000033   0.000000     0.106297   0.000000   )
 (  0.197199   0.000000     0.000110   0.000000     0.000527   0.000000   )
 (  0.025422   0.000000     0.000224   0.000000     0.000139   0.000000   )
 (  0.025422   0.000000     0.000224   0.000000    -0.000139   0.000000   )
 (  0.197199   0.000000     0.000110   0.000000    -0.000527   0.000000   )
 (  0.025422   0.000000     0.000224   0.000000    -0.000139   0.000000   )
 (  0.025422   0.000000     0.000224   0.000000     0.000139   0.000000   )
 (  0.170702   0.000000     0.000033   0.000000     0.106297   0.000000   )
 (  0.170702   0.000000     0.000033   0.000000    -0.106297   0.000000   )
 (  0.083917   0.000000     0.000259   0.000000    -0.401584   0.000000   )
 (  0.083917   0.000000     0.000259   0.000000     0.401584   0.000000   )
 (  0.197199   0.000000     0.000110   0.000000     0.000527   0.000000   )
 (  0.197199   0.000000     0.000110   0.000000    -0.000527   0.000000   )
     freq (   83) =       9.382446 [THz] =     312.964711 [cm-1]
 ( -0.008587   0.000000    -0.008606   0.000000    -0.003042   0.000000   )
 ( -0.008587   0.000000    -0.008606   0.000000     0.003042   0.000000   )
 (  0.000004   0.000000    -0.003341   0.000000    -0.000000   0.000000   )
 (  0.000004   0.000000    -0.003341   0.000000    -0.000000   0.000000   )
 (  0.008609   0.000000    -0.008629   0.000000     0.003050   0.000000   )
 (  0.008609   0.000000    -0.008629   0.000000    -0.003050   0.000000   )
 (  0.008609   0.000000    -0.008629   0.000000    -0.003050   0.000000   )
 (  0.008609   0.000000    -0.008629   0.000000     0.003050   0.000000   )
 ( -0.000011   0.000000    -0.008599   0.000000    -0.000000   0.000000   )
 ( -0.000011   0.000000    -0.008599   0.000000    -0.000000   0.000000   )
 (  0.000011   0.000000     0.008226   0.000000    -0.000000   0.000000   )
 (  0.000011   0.000000     0.008226   0.000000     0.000000   0.000000   )
 ( -0.008587   0.000000    -0.008606   0.000000     0.003042   0.000000   )
 ( -0.008587   0.000000    -0.008606   0.000000    -0.003042   0.000000   )
 (  0.000025   0.000000    -0.018710   0.000000    -0.000000   0.000000   )
 (  0.000025   0.000000    -0.018710   0.000000     0.000000   0.000000   )
 ( -0.007039   0.000000    -0.013400   0.000000    -0.000000   0.000000   )
 (  0.000067   0.000000    -0.050919   0.000000    -0.000000   0.000000   )
 (  0.007075   0.000000    -0.013418   0.000000     0.000000   0.000000   )
 (  0.007075   0.000000    -0.013418   0.000000    -0.000000   0.000000   )
 (  0.000016   0.000000     0.030760   0.000000    -0.000000   0.000000   )
 ( -0.000040   0.000000    -0.011854   0.000000    -0.000000   0.000000   )
 ( -0.007039   0.000000    -0.013400   0.000000    -0.000000   0.000000   )
 ( -0.000224   0.000000     0.025422   0.000000     0.000139   0.000000   )
 ( -0.000110   0.000000     0.197199   0.000000     0.000527   0.000000   )
 ( -0.000110   0.000000     0.197199   0.000000    -0.000527   0.000000   )
 ( -0.000224   0.000000     0.025422   0.000000    -0.000139   0.000000   )
 ( -0.000259   0.000000     0.083917   0.000000     0.401584   0.000000   )
 ( -0.000033   0.000000     0.170702   0.000000     0.106297   0.000000   )
 ( -0.000033   0.000000     0.170702   0.000000    -0.106297   0.000000   )
 ( -0.000259   0.000000     0.083917   0.000000    -0.401584   0.000000   )
 ( -0.000033   0.000000     0.170702   0.000000    -0.106297   0.000000   )
 ( -0.000033   0.000000     0.170702   0.000000     0.106297   0.000000   )
 ( -0.000224   0.000000     0.025422   0.000000    -0.000139   0.000000   )
 ( -0.000224   0.000000     0.025422   0.000000     0.000139   0.000000   )
 ( -0.000110   0.000000     0.197199   0.000000     0.000527   0.000000   )
 ( -0.000110   0.000000     0.197199   0.000000    -0.000527   0.000000   )
 ( -0.000259   0.000000     0.083917   0.000000     0.401584   0.000000   )
 ( -0.000259   0.000000     0.083917   0.000000    -0.401584   0.000000   )
     freq (   84) =       9.959039 [THz] =     332.197771 [cm-1]
 (  0.002959   0.000000     0.001547   0.000000     0.010194   0.000000   )
 ( -0.002959   0.000000    -0.001547   0.000000     0.010194   0.000000   )
 (  0.000251   0.000000    -0.000004   0.000000    -0.000000   0.000000   )
 ( -0.000251   0.000000     0.000004   0.000000     0.000000   0.000000   )
 (  0.003008   0.000000    -0.001639   0.000000     0.010515   0.000000   )
 ( -0.003008   0.000000     0.001639   0.000000     0.010515   0.000000   )
 (  0.003008   0.000000    -0.001639   0.000000    -0.010515   0.000000   )
 ( -0.003008   0.000000     0.001639   0.000000    -0.010515   0.000000   )
 (  0.005404   0.000000     0.000127   0.000000     0.000000   0.000000   )
 ( -0.005404   0.000000    -0.000127   0.000000     0.000000   0.000000   )
 ( -0.008204   0.000000    -0.000084   0.000000    -0.000000   0.000000   )
 (  0.008204   0.000000     0.000084   0.000000    -0.000000   0.000000   )
 (  0.002959   0.000000     0.001547   0.000000    -0.010194   0.000000   )
 ( -0.002959   0.000000    -0.001547   0.000000    -0.010194   0.000000   )
 ( -0.007078   0.000000     0.000110   0.000000     0.000000   0.000000   )
 (  0.007078   0.000000    -0.000110   0.000000    -0.000000   0.000000   )
 ( -0.000000   0.000000     0.000000   0.000000    -0.006875   0.000000   )
 (  0.000000   0.000000     0.000000   0.000000    -0.000000   0.000000   )
 (  0.000000   0.000000    -0.000000   0.000000    -0.007092   0.000000   )
 (  0.000000   0.000000     0.000000   0.000000     0.007092   0.000000   )
 ( -0.000000   0.000000     0.000000   0.000000    -0.000000   0.000000   )
 ( -0.000000   0.000000    -0.000000   0.000000    -0.000000   0.000000   )
 ( -0.000000   0.000000    -0.000000   0.000000     0.006875   0.000000   )
 ( -0.144071   0.000000     0.001208   0.000000    -0.300161   0.000000   )
 ( -0.073589   0.000000    -0.000734   0.000000    -0.353574   0.000000   )
 (  0.073589   0.000000     0.000734   0.000000    -0.353574   0.000000   )
 (  0.144071   0.000000    -0.001208   0.000000    -0.300161   0.000000   )
 ( -0.047316   0.000000    -0.001142   0.000000     0.005488   0.000000   )
 (  0.077839   0.000000    -0.002236   0.000000     0.004659   0.000000   )
 ( -0.077839   0.000000     0.002236   0.000000     0.004659   0.000000   )
 (  0.047316   0.000000     0.001142   0.000000     0.005488   0.000000   )
 (  0.077839   0.000000    -0.002236   0.000000    -0.004659   0.000000   )
 ( -0.077839   0.000000     0.002236   0.000000    -0.004659   0.000000   )
 ( -0.144071   0.000000     0.001208   0.000000     0.300161   0.000000   )
 (  0.144071   0.000000    -0.001208   0.000000     0.300161   0.000000   )
 (  0.073589   0.000000     0.000734   0.000000     0.353574   0.000000   )
 ( -0.073589   0.000000    -0.000734   0.000000     0.353574   0.000000   )
 (  0.047316   0.000000     0.001142   0.000000    -0.005488   0.000000   )
 ( -0.047316   0.000000    -0.001142   0.000000    -0.005488   0.000000   )
     freq (   85) =       9.959039 [THz] =     332.197771 [cm-1]
 (  0.001639   0.000000     0.003008   0.000000     0.010515   0.000000   )
 ( -0.001639   0.000000    -0.003008   0.000000     0.010515   0.000000   )
 (  0.000004   0.000000     0.000251   0.000000    -0.000000   0.000000   )
 ( -0.000004   0.000000    -0.000251   0.000000     0.000000   0.000000   )
 ( -0.001547   0.000000     0.002959   0.000000    -0.010194   0.000000   )
 (  0.001547   0.000000    -0.002959   0.000000    -0.010194   0.000000   )
 ( -0.001547   0.000000     0.002959   0.000000     0.010194   0.000000   )
 (  0.001547   0.000000    -0.002959   0.000000     0.010194   0.000000   )
 (  0.000084   0.000000    -0.008204   0.000000    -0.000000   0.000000   )
 ( -0.000084   0.000000     0.008204   0.000000     0.000000   0.000000   )
 ( -0.000127   0.000000     0.005404   0.000000     0.000000   0.000000   )
 (  0.000127   0.000000    -0.005404   0.000000     0.000000   0.000000   )
 (  0.001639   0.000000     0.003008   0.000000    -0.010515   0.000000   )
 ( -0.001639   0.000000    -0.003008   0.000000    -0.010515   0.000000   )
 ( -0.000110   0.000000    -0.007078   0.000000     0.000000   0.000000   )
 (  0.000110   0.000000     0.007078   0.000000    -0.000000   0.000000   )
 (  0.000000   0.000000     0.000000   0.000000    -0.007092   0.000000   )
 ( -0.000000   0.000000     0.000000   0.000000     0.000000   0.000000   )
 (  0.000000   0.000000    -0.000000   0.000000     0.006875   0.000000   )
 ( -0.000000   0.000000     0.000000   0.000000    -0.006875   0.000000   )
 (  0.000000   0.000000    -0.000000   0.000000     0.000000   0.000000   )
 ( -0.000000   0.000000     0.000000   0.000000     0.000000   0.000000   )
 ( -0.000000   0.000000    -0.000000   0.000000     0.007092   0.000000   )
 ( -0.002236   0.000000    -0.077839   0.000000    -0.004659   0.000000   )
 ( -0.001142   0.000000     0.047316   0.000000    -0.005488   0.000000   )
 (  0.001142   0.000000    -0.047316   0.000000    -0.005488   0.000000   )
 (  0.002236   0.000000     0.077839   0.000000    -0.004659   0.000000   )
 ( -0.000734   0.000000     0.073589   0.000000    -0.353574   0.000000   )
 (  0.001208   0.000000     0.144071   0.000000    -0.300161   0.000000   )
 ( -0.001208   0.000000    -0.144071   0.000000    -0.300161   0.000000   )
 (  0.000734   0.000000    -0.073589   0.000000    -0.353574   0.000000   )
 (  0.001208   0.000000     0.144071   0.000000     0.300161   0.000000   )
 ( -0.001208   0.000000    -0.144071   0.000000     0.300161   0.000000   )
 ( -0.002236   0.000000    -0.077839   0.000000     0.004659   0.000000   )
 (  0.002236   0.000000     0.077839   0.000000     0.004659   0.000000   )
 (  0.001142   0.000000    -0.047316   0.000000     0.005488   0.000000   )
 ( -0.001142   0.000000     0.047316   0.000000     0.005488   0.000000   )
 (  0.000734   0.000000    -0.073589   0.000000     0.353574   0.000000   )
 ( -0.000734   0.000000     0.073589   0.000000     0.353574   0.000000   )
     freq (   86) =      10.132507 [THz] =     337.984046 [cm-1]
 (  0.009133   0.000000     0.009133   0.000000    -0.000055   0.000000   )
 (  0.009133   0.000000     0.009133   0.000000     0.000055   0.000000   )
 ( -0.000000   0.000000    -0.000000   0.000000     0.012894   0.000000   )
 ( -0.000000   0.000000     0.000000   0.000000    -0.012894   0.000000   )
 (  0.009133   0.000000    -0.009133   0.000000    -0.000055   0.000000   )
 (  0.009133   0.000000    -0.009133   0.000000     0.000055   0.000000   )
 ( -0.009133   0.000000     0.009133   0.000000    -0.000055   0.000000   )
 ( -0.009133   0.000000     0.009133   0.000000     0.000055   0.000000   )
 (  0.000000   0.000000    -0.000000   0.000000    -0.000885   0.000000   )
 ( -0.000000   0.000000     0.000000   0.000000     0.000885   0.000000   )
 ( -0.000000   0.000000     0.000000   0.000000    -0.000885   0.000000   )
 (  0.000000   0.000000    -0.000000   0.000000     0.000885   0.000000   )
 ( -0.009133   0.000000    -0.009133   0.000000    -0.000055   0.000000   )
 ( -0.009133   0.000000    -0.009133   0.000000     0.000055   0.000000   )
 ( -0.000000   0.000000    -0.000000   0.000000    -0.014904   0.000000   )
 (  0.000000   0.000000     0.000000   0.000000     0.014904   0.000000   )
 ( -0.025369   0.000000    -0.025369   0.000000    -0.000000   0.000000   )
 (  0.000000   0.000000    -0.000000   0.000000     0.000000   0.000000   )
 ( -0.025369   0.000000     0.025369   0.000000     0.000000   0.000000   )
 (  0.025369   0.000000    -0.025369   0.000000    -0.000000   0.000000   )
 (  0.000000   0.000000    -0.000000   0.000000     0.000000   0.000000   )
 ( -0.000000   0.000000    -0.000000   0.000000     0.000000   0.000000   )
 (  0.025369   0.000000     0.025369   0.000000     0.000000   0.000000   )
 (  0.009621   0.000000     0.000000   0.000000     0.246885   0.000000   )
 (  0.031587   0.000000    -0.000000   0.000000     0.249098   0.000000   )
 (  0.031587   0.000000    -0.000000   0.000000    -0.249098   0.000000   )
 (  0.009621   0.000000     0.000000   0.000000    -0.246885   0.000000   )
 ( -0.000000   0.000000     0.031587   0.000000    -0.249098   0.000000   )
 (  0.000000   0.000000     0.009621   0.000000    -0.246885   0.000000   )
 ( -0.000000   0.000000     0.009621   0.000000     0.246885   0.000000   )
 (  0.000000   0.000000     0.031587   0.000000     0.249098   0.000000   )
 ( -0.000000   0.000000    -0.009621   0.000000    -0.246885   0.000000   )
 ( -0.000000   0.000000    -0.009621   0.000000     0.246885   0.000000   )
 ( -0.009621   0.000000    -0.000000   0.000000     0.246885   0.000000   )
 ( -0.009621   0.000000     0.000000   0.000000    -0.246885   0.000000   )
 ( -0.031587   0.000000    -0.000000   0.000000    -0.249098   0.000000   )
 ( -0.031587   0.000000    -0.000000   0.000000     0.249098   0.000000   )
 ( -0.000000   0.000000    -0.031587   0.000000     0.249098   0.000000   )
 ( -0.000000   0.000000    -0.031587   0.000000    -0.249098   0.000000   )
     freq (   87) =      10.217552 [THz] =     340.820843 [cm-1]
 ( -0.010168   0.000000     0.010168   0.000000    -0.000000   0.000000   )
 ( -0.010168   0.000000     0.010168   0.000000    -0.000000   0.000000   )
 ( -0.000000   0.000000    -0.000000   0.000000    -0.000000   0.000000   )
 (  0.000000   0.000000     0.000000   0.000000    -0.000000   0.000000   )
 ( -0.010168   0.000000    -0.010168   0.000000     0.000000   0.000000   )
 ( -0.010168   0.000000    -0.010168   0.000000     0.000000   0.000000   )
 (  0.010168   0.000000     0.010168   0.000000    -0.000000   0.000000   )
 (  0.010168   0.000000     0.010168   0.000000    -0.000000   0.000000   )
 (  0.000000   0.000000     0.000000   0.000000    -0.014290   0.000000   )
 ( -0.000000   0.000000    -0.000000   0.000000     0.014290   0.000000   )
 ( -0.000000   0.000000    -0.000000   0.000000     0.014290   0.000000   )
 (  0.000000   0.000000     0.000000   0.000000    -0.014290   0.000000   )
 (  0.010168   0.000000    -0.010168   0.000000     0.000000   0.000000   )
 (  0.010168   0.000000    -0.010168   0.000000    -0.000000   0.000000   )
 ( -0.000000   0.000000     0.000000   0.000000    -0.000000   0.000000   )
 (  0.000000   0.000000    -0.000000   0.000000    -0.000000   0.000000   )
 (  0.031368   0.000000    -0.031368   0.000000    -0.000000   0.000000   )
 (  0.000000   0.000000    -0.000000   0.000000    -0.000000   0.000000   )
 (  0.031368   0.000000     0.031368   0.000000    -0.000000   0.000000   )
 ( -0.031368   0.000000    -0.031368   0.000000    -0.000000   0.000000   )
 (  0.000000   0.000000     0.000000   0.000000    -0.000000   0.000000   )
 ( -0.000000   0.000000    -0.000000   0.000000    -0.000000   0.000000   )
 ( -0.031368   0.000000     0.031368   0.000000    -0.000000   0.000000   )
 (  0.072081   0.000000     0.000000   0.000000     0.212477   0.000000   )
 (  0.033028   0.000000    -0.000000   0.000000     0.268838   0.000000   )
 (  0.033028   0.000000    -0.000000   0.000000    -0.268838   0.000000   )
 (  0.072081   0.000000     0.000000   0.000000    -0.212477   0.000000   )
 (  0.000000   0.000000    -0.033028   0.000000     0.268838   0.000000   )
 ( -0.000000   0.000000    -0.072081   0.000000     0.212477   0.000000   )
 ( -0.000000   0.000000    -0.072081   0.000000    -0.212477   0.000000   )
 (  0.000000   0.000000    -0.033028   0.000000    -0.268838   0.000000   )
 (  0.000000   0.000000     0.072081   0.000000     0.212477   0.000000   )
 ( -0.000000   0.000000     0.072081   0.000000    -0.212477   0.000000   )
 ( -0.072081   0.000000     0.000000   0.000000     0.212477   0.000000   )
 ( -0.072081   0.000000    -0.000000   0.000000    -0.212477   0.000000   )
 ( -0.033028   0.000000    -0.000000   0.000000    -0.268838   0.000000   )
 ( -0.033028   0.000000    -0.000000   0.000000     0.268838   0.000000   )
 (  0.000000   0.000000     0.033028   0.000000    -0.268838   0.000000   )
 ( -0.000000   0.000000     0.033028   0.000000     0.268838   0.000000   )
     freq (   88) =      10.426278 [THz] =     347.783190 [cm-1]
 ( -0.006166   0.000000     0.006166   0.000000     0.000000   0.000000   )
 (  0.006166   0.000000    -0.006166   0.000000    -0.000000   0.000000   )
 (  0.000000   0.000000    -0.000000   0.000000     0.000000   0.000000   )
 ( -0.000000   0.000000    -0.000000   0.000000     0.000000   0.000000   )
 ( -0.006166   0.000000    -0.006166   0.000000    -0.000000   0.000000   )
 (  0.006166   0.000000     0.006166   0.000000    -0.000000   0.000000   )
 (  0.006166   0.000000     0.006166   0.000000     0.000000   0.000000   )
 ( -0.006166   0.000000    -0.006166   0.000000    -0.000000   0.000000   )
 (  0.000000   0.000000    -0.000000   0.000000     0.012127   0.000000   )
 ( -0.000000   0.000000     0.000000   0.000000     0.012127   0.000000   )
 ( -0.000000   0.000000     0.000000   0.000000    -0.012127   0.000000   )
 (  0.000000   0.000000    -0.000000   0.000000    -0.012127   0.000000   )
 (  0.006166   0.000000    -0.006166   0.000000    -0.000000   0.000000   )
 ( -0.006166   0.000000     0.006166   0.000000    -0.000000   0.000000   )
 ( -0.000000   0.000000    -0.000000   0.000000    -0.000000   0.000000   )
 (  0.000000   0.000000     0.000000   0.000000    -0.000000   0.000000   )
 ( -0.000000   0.000000     0.000000   0.000000    -0.000000   0.000000   )
 (  0.000000   0.000000     0.000000   0.000000    -0.000000   0.000000   )
 ( -0.000000   0.000000    -0.000000   0.000000    -0.000000   0.000000   )
 (  0.000000   0.000000     0.000000   0.000000    -0.000000   0.000000   )
 (  0.000000   0.000000    -0.000000   0.000000    -0.005913   0.000000   )
 (  0.000000   0.000000     0.000000   0.000000     0.005913   0.000000   )
 (  0.000000   0.000000    -0.000000   0.000000    -0.000000   0.000000   )
 (  0.062975   0.000000    -0.000000   0.000000     0.045778   0.000000   )
 (  0.008177   0.000000     0.000000   0.000000    -0.344548   0.000000   )
 ( -0.008177   0.000000     0.000000   0.000000    -0.344548   0.000000   )
 ( -0.062975   0.000000    -0.000000   0.000000     0.045778   0.000000   )
 ( -0.000000   0.000000     0.008177   0.000000     0.344548   0.000000   )
 ( -0.000000   0.000000     0.062975   0.000000    -0.045778   0.000000   )
 (  0.000000   0.000000    -0.062975   0.000000    -0.045778   0.000000   )
 ( -0.000000   0.000000    -0.008177   0.000000     0.344548   0.000000   )
 ( -0.000000   0.000000    -0.062975   0.000000    -0.045778   0.000000   )
 (  0.000000   0.000000     0.062975   0.000000    -0.045778   0.000000   )
 ( -0.062975   0.000000    -0.000000   0.000000     0.045778   0.000000   )
 (  0.062975   0.000000    -0.000000   0.000000     0.045778   0.000000   )
 (  0.008177   0.000000     0.000000   0.000000    -0.344548   0.000000   )
 ( -0.008177   0.000000     0.000000   0.000000    -0.344548   0.000000   )
 (  0.000000   0.000000     0.008177   0.000000     0.344548   0.000000   )
 ( -0.000000   0.000000    -0.008177   0.000000     0.344548   0.000000   )
     freq (   89) =      10.630302 [THz] =     354.588694 [cm-1]
 (  0.005725   0.000000     0.003046   0.000000    -0.009486   0.000000   )
 (  0.005725   0.000000     0.003046   0.000000     0.009486   0.000000   )
 ( -0.000046   0.000000     0.003286   0.000000    -0.000000   0.000000   )
 ( -0.000046   0.000000     0.003286   0.000000    -0.000000   0.000000   )
 ( -0.005813   0.000000     0.003207   0.000000     0.009755   0.000000   )
 ( -0.005813   0.000000     0.003207   0.000000    -0.009755   0.000000   )
 ( -0.005813   0.000000     0.003207   0.000000    -0.009755   0.000000   )
 ( -0.005813   0.000000     0.003207   0.000000     0.009755   0.000000   )
 ( -0.000050   0.000000    -0.003733   0.000000     0.000000   0.000000   )
 ( -0.000050   0.000000    -0.003733   0.000000     0.000000   0.000000   )
 (  0.000052   0.000000     0.003539   0.000000     0.000000   0.000000   )
 (  0.000052   0.000000     0.003539   0.000000     0.000000   0.000000   )
 (  0.005725   0.000000     0.003046   0.000000     0.009486   0.000000   )
 (  0.005725   0.000000     0.003046   0.000000    -0.009486   0.000000   )
 ( -0.000015   0.000000     0.001055   0.000000     0.000000   0.000000   )
 ( -0.000015   0.000000     0.001055   0.000000     0.000000   0.000000   )
 (  0.002471   0.000000     0.002604   0.000000     0.000000   0.000000   )
 (  0.000202   0.000000    -0.014402   0.000000     0.000000   0.000000   )
 ( -0.002544   0.000000     0.002674   0.000000     0.000000   0.000000   )
 ( -0.002544   0.000000     0.002674   0.000000     0.000000   0.000000   )
 (  0.000250   0.000000     0.013638   0.000000     0.000000   0.000000   )
 ( -0.000191   0.000000    -0.017844   0.000000     0.000000   0.000000   )
 (  0.002471   0.000000     0.002604   0.000000     0.000000   0.000000   )
 (  0.000024   0.000000     0.175927   0.000000    -0.005212   0.000000   )
 (  0.001270   0.000000    -0.182270   0.000000     0.002738   0.000000   )
 (  0.001270   0.000000    -0.182270   0.000000    -0.002738   0.000000   )
 (  0.000024   0.000000     0.175927   0.000000     0.005212   0.000000   )
 (  0.002550   0.000000    -0.090752   0.000000     0.195701   0.000000   )
 ( -0.002462   0.000000    -0.001723   0.000000    -0.372503   0.000000   )
 ( -0.002462   0.000000    -0.001723   0.000000     0.372503   0.000000   )
 (  0.002550   0.000000    -0.090752   0.000000    -0.195701   0.000000   )
 ( -0.002462   0.000000    -0.001723   0.000000     0.372503   0.000000   )
 ( -0.002462   0.000000    -0.001723   0.000000    -0.372503   0.000000   )
 (  0.000024   0.000000     0.175927   0.000000     0.005212   0.000000   )
 (  0.000024   0.000000     0.175927   0.000000    -0.005212   0.000000   )
 (  0.001270   0.000000    -0.182270   0.000000     0.002738   0.000000   )
 (  0.001270   0.000000    -0.182270   0.000000    -0.002738   0.000000   )
 (  0.002550   0.000000    -0.090752   0.000000     0.195701   0.000000   )
 (  0.002550   0.000000    -0.090752   0.000000    -0.195701   0.000000   )
     freq (   90) =      10.630302 [THz] =     354.588694 [cm-1]
 ( -0.003207   0.000000    -0.005813   0.000000     0.009755   0.000000   )
 ( -0.003207   0.000000    -0.005813   0.000000    -0.009755   0.000000   )
 ( -0.003286   0.000000    -0.000046   0.000000     0.000000   0.000000   )
 ( -0.003286   0.000000    -0.000046   0.000000     0.000000   0.000000   )
 ( -0.003046   0.000000     0.005725   0.000000     0.009486   0.000000   )
 ( -0.003046   0.000000     0.005725   0.000000    -0.009486   0.000000   )
 ( -0.003046   0.000000     0.005725   0.000000    -0.009486   0.000000   )
 ( -0.003046   0.000000     0.005725   0.000000     0.009486   0.000000   )
 ( -0.003539   0.000000     0.000052   0.000000     0.000000   0.000000   )
 ( -0.003539   0.000000     0.000052   0.000000    -0.000000   0.000000   )
 (  0.003733   0.000000    -0.000050   0.000000    -0.000000   0.000000   )
 (  0.003733   0.000000    -0.000050   0.000000    -0.000000   0.000000   )
 ( -0.003207   0.000000    -0.005813   0.000000    -0.009755   0.000000   )
 ( -0.003207   0.000000    -0.005813   0.000000     0.009755   0.000000   )
 ( -0.001055   0.000000    -0.000015   0.000000    -0.000000   0.000000   )
 ( -0.001055   0.000000    -0.000015   0.000000    -0.000000   0.000000   )
 ( -0.002674   0.000000    -0.002544   0.000000    -0.000000   0.000000   )
 (  0.014402   0.000000     0.000202   0.000000    -0.000000   0.000000   )
 ( -0.002604   0.000000     0.002471   0.000000    -0.000000   0.000000   )
 ( -0.002604   0.000000     0.002471   0.000000    -0.000000   0.000000   )
 (  0.017844   0.000000    -0.000191   0.000000    -0.000000   0.000000   )
 ( -0.013638   0.000000     0.000250   0.000000    -0.000000   0.000000   )
 ( -0.002674   0.000000    -0.002544   0.000000    -0.000000   0.000000   )
 (  0.001723   0.000000    -0.002462   0.000000    -0.372503   0.000000   )
 (  0.090752   0.000000     0.002550   0.000000     0.195701   0.000000   )
 (  0.090752   0.000000     0.002550   0.000000    -0.195701   0.000000   )
 (  0.001723   0.000000    -0.002462   0.000000     0.372503   0.000000   )
 (  0.182270   0.000000     0.001270   0.000000    -0.002738   0.000000   )
 ( -0.175927   0.000000     0.000024   0.000000     0.005212   0.000000   )
 ( -0.175927   0.000000     0.000024   0.000000    -0.005212   0.000000   )
 (  0.182270   0.000000     0.001270   0.000000     0.002738   0.000000   )
 ( -0.175927   0.000000     0.000024   0.000000    -0.005212   0.000000   )
 ( -0.175927   0.000000     0.000024   0.000000     0.005212   0.000000   )
 (  0.001723   0.000000    -0.002462   0.000000     0.372503   0.000000   )
 (  0.001723   0.000000    -0.002462   0.000000    -0.372503   0.000000   )
 (  0.090752   0.000000     0.002550   0.000000     0.195701   0.000000   )
 (  0.090752   0.000000     0.002550   0.000000    -0.195701   0.000000   )
 (  0.182270   0.000000     0.001270   0.000000    -0.002738   0.000000   )
 (  0.182270   0.000000     0.001270   0.000000     0.002738   0.000000   )
     freq (   91) =      10.648733 [THz] =     355.203490 [cm-1]
 ( -0.006440   0.000000    -0.006440   0.000000    -0.002362   0.000000   )
 (  0.006440   0.000000     0.006440   0.000000    -0.002362   0.000000   )
 (  0.000000   0.000000     0.000000   0.000000     0.010702   0.000000   )
 (  0.000000   0.000000     0.000000   0.000000     0.010702   0.000000   )
 ( -0.006440   0.000000     0.006440   0.000000    -0.002362   0.000000   )
 (  0.006440   0.000000    -0.006440   0.000000    -0.002362   0.000000   )
 (  0.006440   0.000000    -0.006440   0.000000    -0.002362   0.000000   )
 ( -0.006440   0.000000     0.006440   0.000000    -0.002362   0.000000   )
 (  0.000000   0.000000    -0.000000   0.000000    -0.002890   0.000000   )
 (  0.000000   0.000000    -0.000000   0.000000    -0.002890   0.000000   )
 ( -0.000000   0.000000     0.000000   0.000000    -0.002890   0.000000   )
 ( -0.000000   0.000000     0.000000   0.000000    -0.002890   0.000000   )
 (  0.006440   0.000000     0.006440   0.000000    -0.002362   0.000000   )
 ( -0.006440   0.000000    -0.006440   0.000000    -0.002362   0.000000   )
 (  0.000000   0.000000     0.000000   0.000000    -0.016359   0.000000   )
 (  0.000000   0.000000     0.000000   0.000000    -0.016359   0.000000   )
 (  0.000000   0.000000     0.000000   0.000000    -0.011029   0.000000   )
 ( -0.000000   0.000000    -0.000000   0.000000    -0.017042   0.000000   )
 ( -0.000000   0.000000     0.000000   0.000000    -0.011029   0.000000   )
 ( -0.000000   0.000000     0.000000   0.000000    -0.011029   0.000000   )
 ( -0.000000   0.000000     0.000000   0.000000    -0.007286   0.000000   )
 (  0.000000   0.000000    -0.000000   0.000000    -0.007286   0.000000   )
 (  0.000000   0.000000     0.000000   0.000000    -0.011029   0.000000   )
 ( -0.035074   0.000000     0.000000   0.000000    -0.179311   0.000000   )
 (  0.068917   0.000000    -0.000000   0.000000     0.294226   0.000000   )
 ( -0.068917   0.000000    -0.000000   0.000000     0.294226   0.000000   )
 (  0.035074   0.000000     0.000000   0.000000    -0.179311   0.000000   )
 ( -0.000000   0.000000    -0.068917   0.000000     0.294226   0.000000   )
 (  0.000000   0.000000     0.035074   0.000000    -0.179311   0.000000   )
 (  0.000000   0.000000    -0.035074   0.000000    -0.179311   0.000000   )
 ( -0.000000   0.000000     0.068917   0.000000     0.294226   0.000000   )
 (  0.000000   0.000000    -0.035074   0.000000    -0.179311   0.000000   )
 (  0.000000   0.000000     0.035074   0.000000    -0.179311   0.000000   )
 (  0.035074   0.000000     0.000000   0.000000    -0.179311   0.000000   )
 ( -0.035074   0.000000     0.000000   0.000000    -0.179311   0.000000   )
 (  0.068917   0.000000    -0.000000   0.000000     0.294226   0.000000   )
 ( -0.068917   0.000000    -0.000000   0.000000     0.294226   0.000000   )
 ( -0.000000   0.000000    -0.068917   0.000000     0.294226   0.000000   )
 ( -0.000000   0.000000     0.068917   0.000000     0.294226   0.000000   )
     freq (   92) =      10.886193 [THz] =     363.124300 [cm-1]
 (  0.003603   0.000000    -0.003603   0.000000     0.000000   0.000000   )
 ( -0.003603   0.000000     0.003603   0.000000     0.000000   0.000000   )
 ( -0.000000   0.000000    -0.000000   0.000000     0.000000   0.000000   )
 (  0.000000   0.000000    -0.000000   0.000000     0.000000   0.000000   )
 (  0.003603   0.000000     0.003603   0.000000     0.000000   0.000000   )
 ( -0.003603   0.000000    -0.003603   0.000000     0.000000   0.000000   )
 ( -0.003603   0.000000    -0.003603   0.000000     0.000000   0.000000   )
 (  0.003603   0.000000     0.003603   0.000000     0.000000   0.000000   )
 ( -0.000000   0.000000     0.000000   0.000000    -0.008260   0.000000   )
 (  0.000000   0.000000     0.000000   0.000000    -0.008260   0.000000   )
 ( -0.000000   0.000000     0.000000   0.000000     0.008260   0.000000   )
 (  0.000000   0.000000    -0.000000   0.000000     0.008260   0.000000   )
 ( -0.003603   0.000000     0.003603   0.000000     0.000000   0.000000   )
 (  0.003603   0.000000    -0.003603   0.000000     0.000000   0.000000   )
 (  0.000000   0.000000    -0.000000   0.000000     0.000000   0.000000   )
 ( -0.000000   0.000000     0.000000   0.000000     0.000000   0.000000   )
 ( -0.000000   0.000000     0.000000   0.000000     0.000000   0.000000   )
 ( -0.000000   0.000000    -0.000000   0.000000     0.000000   0.000000   )
 ( -0.000000   0.000000    -0.000000   0.000000     0.000000   0.000000   )
 (  0.000000   0.000000     0.000000   0.000000     0.000000   0.000000   )
 ( -0.000000   0.000000    -0.000000   0.000000     0.004325   0.000000   )
 (  0.000000   0.000000    -0.000000   0.000000    -0.004325   0.000000   )
 (  0.000000   0.000000    -0.000000   0.000000     0.000000   0.000000   )
 (  0.019277   0.000000     0.000000   0.000000    -0.349801   0.000000   )
 ( -0.004367   0.000000     0.000000   0.000000    -0.046731   0.000000   )
 (  0.004367   0.000000     0.000000   0.000000    -0.046731   0.000000   )
 ( -0.019277   0.000000     0.000000   0.000000    -0.349801   0.000000   )
 ( -0.000000   0.000000    -0.004367   0.000000     0.046731   0.000000   )
 (  0.000000   0.000000     0.019277   0.000000     0.349801   0.000000   )
 (  0.000000   0.000000    -0.019277   0.000000     0.349801   0.000000   )
 ( -0.000000   0.000000     0.004367   0.000000     0.046731   0.000000   )
 (  0.000000   0.000000    -0.019277   0.000000     0.349801   0.000000   )
 ( -0.000000   0.000000     0.019277   0.000000     0.349801   0.000000   )
 ( -0.019277   0.000000    -0.000000   0.000000    -0.349801   0.000000   )
 (  0.019277   0.000000    -0.000000   0.000000    -0.349801   0.000000   )
 ( -0.004367   0.000000     0.000000   0.000000    -0.046731   0.000000   )
 (  0.004367   0.000000     0.000000   0.000000    -0.046731   0.000000   )
 ( -0.000000   0.000000    -0.004367   0.000000     0.046731   0.000000   )
 (  0.000000   0.000000     0.004367   0.000000     0.046731   0.000000   )
     freq (   93) =      10.893407 [THz] =     363.364961 [cm-1]
 (  0.000046   0.000000    -0.000046   0.000000     0.000000   0.000000   )
 (  0.000046   0.000000    -0.000046   0.000000     0.000000   0.000000   )
 (  0.000000   0.000000     0.000000   0.000000     0.000000   0.000000   )
 (  0.000000   0.000000     0.000000   0.000000     0.000000   0.000000   )
 (  0.000046   0.000000     0.000046   0.000000    -0.000000   0.000000   )
 (  0.000046   0.000000     0.000046   0.000000     0.000000   0.000000   )
 ( -0.000046   0.000000    -0.000046   0.000000     0.000000   0.000000   )
 ( -0.000046   0.000000    -0.000046   0.000000    -0.000000   0.000000   )
 (  0.000000   0.000000     0.000000   0.000000    -0.001369   0.000000   )
 (  0.000000   0.000000     0.000000   0.000000     0.001369   0.000000   )
 ( -0.000000   0.000000     0.000000   0.000000     0.001369   0.000000   )
 ( -0.000000   0.000000    -0.000000   0.000000    -0.001369   0.000000   )
 ( -0.000046   0.000000     0.000046   0.000000     0.000000   0.000000   )
 ( -0.000046   0.000000     0.000046   0.000000     0.000000   0.000000   )
 ( -0.000000   0.000000    -0.000000   0.000000    -0.000000   0.000000   )
 (  0.000000   0.000000    -0.000000   0.000000    -0.000000   0.000000   )
 (  0.001187   0.000000    -0.001187   0.000000     0.000000   0.000000   )
 ( -0.000000   0.000000     0.000000   0.000000     0.000000   0.000000   )
 (  0.001187   0.000000     0.001187   0.000000     0.000000   0.000000   )
 ( -0.001187   0.000000    -0.001187   0.000000     0.000000   0.000000   )
 ( -0.000000   0.000000    -0.000000   0.000000     0.000000   0.000000   )
 (  0.000000   0.000000     0.000000   0.000000    -0.000000   0.000000   )
 ( -0.001187   0.000000     0.001187   0.000000     0.000000   0.000000   )
 ( -0.049133   0.000000    -0.000000   0.000000     0.280853   0.000000   )
 ( -0.008311   0.000000     0.000000   0.000000    -0.208892   0.000000   )
 ( -0.008311   0.000000     0.000000   0.000000     0.208892   0.000000   )
 ( -0.049133   0.000000     0.000000   0.000000    -0.280853   0.000000   )
 ( -0.000000   0.000000     0.008311   0.000000    -0.208892   0.000000   )
 (  0.000000   0.000000     0.049133   0.000000     0.280853   0.000000   )
 (  0.000000   0.000000     0.049133   0.000000    -0.280853   0.000000   )
 ( -0.000000   0.000000     0.008311   0.000000     0.208892   0.000000   )
 ( -0.000000   0.000000    -0.049133   0.000000     0.280853   0.000000   )
 (  0.000000   0.000000    -0.049133   0.000000    -0.280853   0.000000   )
 (  0.049133   0.000000    -0.000000   0.000000     0.280853   0.000000   )
 (  0.049133   0.000000    -0.000000   0.000000    -0.280853   0.000000   )
 (  0.008311   0.000000     0.000000   0.000000     0.208892   0.000000   )
 (  0.008311   0.000000     0.000000   0.000000    -0.208892   0.000000   )
 (  0.000000   0.000000    -0.008311   0.000000     0.208892   0.000000   )
 ( -0.000000   0.000000    -0.008311   0.000000    -0.208892   0.000000   )
     freq (   94) =      10.987746 [THz] =     366.511753 [cm-1]
 (  0.001412   0.000000     0.001412   0.000000    -0.013636   0.000000   )
 ( -0.001412   0.000000    -0.001412   0.000000    -0.013636   0.000000   )
 (  0.000000   0.000000     0.000000   0.000000    -0.012666   0.000000   )
 ( -0.000000   0.000000     0.000000   0.000000    -0.012666   0.000000   )
 (  0.001412   0.000000    -0.001412   0.000000    -0.013636   0.000000   )
 ( -0.001412   0.000000     0.001412   0.000000    -0.013636   0.000000   )
 ( -0.001412   0.000000     0.001412   0.000000    -0.013636   0.000000   )
 (  0.001412   0.000000    -0.001412   0.000000    -0.013636   0.000000   )
 ( -0.000000   0.000000    -0.000000   0.000000    -0.010603   0.000000   )
 (  0.000000   0.000000    -0.000000   0.000000    -0.010603   0.000000   )
 ( -0.000000   0.000000    -0.000000   0.000000    -0.010603   0.000000   )
 ( -0.000000   0.000000     0.000000   0.000000    -0.010603   0.000000   )
 ( -0.001412   0.000000    -0.001412   0.000000    -0.013636   0.000000   )
 (  0.001412   0.000000     0.001412   0.000000    -0.013636   0.000000   )
 (  0.000000   0.000000     0.000000   0.000000    -0.004081   0.000000   )
 (  0.000000   0.000000    -0.000000   0.000000    -0.004081   0.000000   )
 ( -0.000000   0.000000     0.000000   0.000000    -0.043156   0.000000   )
 ( -0.000000   0.000000    -0.000000   0.000000    -0.033394   0.000000   )
 ( -0.000000   0.000000    -0.000000   0.000000    -0.043156   0.000000   )
 (  0.000000   0.000000     0.000000   0.000000    -0.043156   0.000000   )
 ( -0.000000   0.000000     0.000000   0.000000    -0.034616   0.000000   )
 (  0.000000   0.000000    -0.000000   0.000000    -0.034616   0.000000   )
 (  0.000000   0.000000    -0.000000   0.000000    -0.043156   0.000000   )
 (  0.021991   0.000000     0.000000   0.000000     0.303066   0.000000   )
 (  0.050220   0.000000    -0.000000   0.000000     0.168775   0.000000   )
 ( -0.050220   0.000000    -0.000000   0.000000     0.168775   0.000000   )
 ( -0.021991   0.000000     0.000000   0.000000     0.303066   0.000000   )
 (  0.000000   0.000000    -0.050220   0.000000     0.168775   0.000000   )
 (  0.000000   0.000000    -0.021991   0.000000     0.303066   0.000000   )
 (  0.000000   0.000000     0.021991   0.000000     0.303066   0.000000   )
 ( -0.000000   0.000000     0.050220   0.000000     0.168775   0.000000   )
 (  0.000000   0.000000     0.021991   0.000000     0.303066   0.000000   )
 (  0.000000   0.000000    -0.021991   0.000000     0.303066   0.000000   )
 ( -0.021991   0.000000     0.000000   0.000000     0.303066   0.000000   )
 (  0.021991   0.000000     0.000000   0.000000     0.303066   0.000000   )
 (  0.050220   0.000000    -0.000000   0.000000     0.168775   0.000000   )
 ( -0.050220   0.000000    -0.000000   0.000000     0.168775   0.000000   )
 ( -0.000000   0.000000    -0.050220   0.000000     0.168775   0.000000   )
 ( -0.000000   0.000000     0.050220   0.000000     0.168775   0.000000   )
     freq (   95) =      11.327807 [THz] =     377.854969 [cm-1]
 ( -0.000253   0.000000    -0.000611   0.000000    -0.003611   0.000000   )
 (  0.000253   0.000000     0.000611   0.000000    -0.003611   0.000000   )
 ( -0.000556   0.000000    -0.007561   0.000000     0.000000   0.000000   )
 (  0.000556   0.000000     0.007561   0.000000    -0.000000   0.000000   )
 (  0.000165   0.000000    -0.000580   0.000000     0.003116   0.000000   )
 ( -0.000165   0.000000     0.000580   0.000000     0.003116   0.000000   )
 (  0.000165   0.000000    -0.000580   0.000000    -0.003116   0.000000   )
 ( -0.000165   0.000000     0.000580   0.000000    -0.003116   0.000000   )
 (  0.000111   0.000000    -0.004164   0.000000     0.000000   0.000000   )
 ( -0.000111   0.000000     0.004164   0.000000     0.000000   0.000000   )
 ( -0.000306   0.000000     0.001510   0.000000     0.000000   0.000000   )
 (  0.000306   0.000000    -0.001510   0.000000    -0.000000   0.000000   )
 ( -0.000253   0.000000    -0.000611   0.000000     0.003611   0.000000   )
 (  0.000253   0.000000     0.000611   0.000000     0.003611   0.000000   )
 (  0.000710   0.000000     0.009654   0.000000     0.000000   0.000000   )
 ( -0.000710   0.000000    -0.009654   0.000000    -0.000000   0.000000   )
 (  0.000000   0.000000     0.000000   0.000000     0.002137   0.000000   )
 ( -0.000000   0.000000    -0.000000   0.000000    -0.000000   0.000000   )
 (  0.000000   0.000000    -0.000000   0.000000    -0.001844   0.000000   )
 ( -0.000000   0.000000     0.000000   0.000000     0.001844   0.000000   )
 ( -0.000000   0.000000     0.000000   0.000000     0.000000   0.000000   )
 ( -0.000000   0.000000    -0.000000   0.000000     0.000000   0.000000   )
 ( -0.000000   0.000000    -0.000000   0.000000    -0.002137   0.000000   )
 ( -0.025398   0.000000    -0.002191   0.000000     0.005334   0.000000   )
 ( -0.023725   0.000000    -0.021188   0.000000     0.010332   0.000000   )
 (  0.023725   0.000000     0.021188   0.000000     0.010332   0.000000   )
 (  0.025398   0.000000     0.002191   0.000000     0.005334   0.000000   )
 (  0.001559   0.000000     0.322442   0.000000     0.140420   0.000000   )
 (  0.000161   0.000000     0.345174   0.000000     0.072498   0.000000   )
 ( -0.000161   0.000000    -0.345174   0.000000     0.072498   0.000000   )
 ( -0.001559   0.000000    -0.322442   0.000000     0.140420   0.000000   )
 (  0.000161   0.000000     0.345174   0.000000    -0.072498   0.000000   )
 ( -0.000161   0.000000    -0.345174   0.000000    -0.072498   0.000000   )
 ( -0.025398   0.000000    -0.002191   0.000000    -0.005334   0.000000   )
 (  0.025398   0.000000     0.002191   0.000000    -0.005334   0.000000   )
 (  0.023725   0.000000     0.021188   0.000000    -0.010332   0.000000   )
 ( -0.023725   0.000000    -0.021188   0.000000    -0.010332   0.000000   )
 ( -0.001559   0.000000    -0.322442   0.000000    -0.140420   0.000000   )
 (  0.001559   0.000000     0.322442   0.000000    -0.140420   0.000000   )
     freq (   96) =      11.327807 [THz] =     377.854969 [cm-1]
 (  0.000580   0.000000     0.000165   0.000000     0.003116   0.000000   )
 ( -0.000580   0.000000    -0.000165   0.000000     0.003116   0.000000   )
 (  0.007561   0.000000    -0.000556   0.000000     0.000000   0.000000   )
 ( -0.007561   0.000000     0.000556   0.000000     0.000000   0.000000   )
 (  0.000611   0.000000    -0.000253   0.000000     0.003611   0.000000   )
 ( -0.000611   0.000000     0.000253   0.000000     0.003611   0.000000   )
 (  0.000611   0.000000    -0.000253   0.000000    -0.003611   0.000000   )
 ( -0.000611   0.000000     0.000253   0.000000    -0.003611   0.000000   )
 ( -0.001510   0.000000    -0.000306   0.000000    -0.000000   0.000000   )
 (  0.001510   0.000000     0.000306   0.000000     0.000000   0.000000   )
 (  0.004164   0.000000     0.000111   0.000000    -0.000000   0.000000   )
 ( -0.004164   0.000000    -0.000111   0.000000     0.000000   0.000000   )
 (  0.000580   0.000000     0.000165   0.000000    -0.003116   0.000000   )
 ( -0.000580   0.000000    -0.000165   0.000000    -0.003116   0.000000   )
 ( -0.009654   0.000000     0.000710   0.000000    -0.000000   0.000000   )
 (  0.009654   0.000000    -0.000710   0.000000     0.000000   0.000000   )
 (  0.000000   0.000000     0.000000   0.000000    -0.001844   0.000000   )
 (  0.000000   0.000000    -0.000000   0.000000     0.000000   0.000000   )
 (  0.000000   0.000000    -0.000000   0.000000    -0.002137   0.000000   )
 ( -0.000000   0.000000     0.000000   0.000000     0.002137   0.000000   )
 (  0.000000   0.000000    -0.000000   0.000000     0.000000   0.000000   )
 ( -0.000000   0.000000     0.000000   0.000000     0.000000   0.000000   )
 ( -0.000000   0.000000    -0.000000   0.000000     0.001844   0.000000   )
 (  0.345174   0.000000    -0.000161   0.000000    -0.072498   0.000000   )
 (  0.322442   0.000000    -0.001559   0.000000    -0.140420   0.000000   )
 ( -0.322442   0.000000     0.001559   0.000000    -0.140420   0.000000   )
 ( -0.345174   0.000000     0.000161   0.000000    -0.072498   0.000000   )
 ( -0.021188   0.000000     0.023725   0.000000     0.010332   0.000000   )
 ( -0.002191   0.000000     0.025398   0.000000     0.005334   0.000000   )
 (  0.002191   0.000000    -0.025398   0.000000     0.005334   0.000000   )
 (  0.021188   0.000000    -0.023725   0.000000     0.010332   0.000000   )
 ( -0.002191   0.000000     0.025398   0.000000    -0.005334   0.000000   )
 (  0.002191   0.000000    -0.025398   0.000000    -0.005334   0.000000   )
 (  0.345174   0.000000    -0.000161   0.000000     0.072498   0.000000   )
 ( -0.345174   0.000000     0.000161   0.000000     0.072498   0.000000   )
 ( -0.322442   0.000000     0.001559   0.000000     0.140420   0.000000   )
 (  0.322442   0.000000    -0.001559   0.000000     0.140420   0.000000   )
 (  0.021188   0.000000    -0.023725   0.000000    -0.010332   0.000000   )
 ( -0.021188   0.000000     0.023725   0.000000    -0.010332   0.000000   )
     freq (   97) =      11.535236 [THz] =     384.774050 [cm-1]
 (  0.005503   0.000000     0.005503   0.000000     0.003076   0.000000   )
 (  0.005503   0.000000     0.005503   0.000000    -0.003076   0.000000   )
 ( -0.000000   0.000000    -0.000000   0.000000     0.000000   0.000000   )
 ( -0.000000   0.000000    -0.000000   0.000000    -0.000000   0.000000   )
 ( -0.005503   0.000000     0.005503   0.000000    -0.003076   0.000000   )
 ( -0.005503   0.000000     0.005503   0.000000     0.003076   0.000000   )
 (  0.005503   0.000000    -0.005503   0.000000    -0.003076   0.000000   )
 (  0.005503   0.000000    -0.005503   0.000000     0.003076   0.000000   )
 (  0.000000   0.000000     0.000000   0.000000     0.000000   0.000000   )
 (  0.000000   0.000000    -0.000000   0.000000    -0.000000   0.000000   )
 ( -0.000000   0.000000     0.000000   0.000000     0.000000   0.000000   )
 ( -0.000000   0.000000    -0.000000   0.000000    -0.000000   0.000000   )
 ( -0.005503   0.000000    -0.005503   0.000000     0.003076   0.000000   )
 ( -0.005503   0.000000    -0.005503   0.000000    -0.003076   0.000000   )
 (  0.000000   0.000000     0.000000   0.000000    -0.000000   0.000000   )
 (  0.000000   0.000000     0.000000   0.000000    -0.000000   0.000000   )
 (  0.004993   0.000000     0.004993   0.000000     0.000000   0.000000   )
 ( -0.000000   0.000000    -0.000000   0.000000     0.000000   0.000000   )
 ( -0.004993   0.000000     0.004993   0.000000    -0.000000   0.000000   )
 (  0.004993   0.000000    -0.004993   0.000000     0.000000   0.000000   )
 (  0.000000   0.000000    -0.000000   0.000000    -0.000000   0.000000   )
 ( -0.000000   0.000000     0.000000   0.000000     0.000000   0.000000   )
 ( -0.004993   0.000000    -0.004993   0.000000     0.000000   0.000000   )
 (  0.000000   0.000000    -0.279500   0.000000    -0.000000   0.000000   )
 ( -0.000000   0.000000    -0.216297   0.000000     0.000000   0.000000   )
 ( -0.000000   0.000000    -0.216297   0.000000    -0.000000   0.000000   )
 (  0.000000   0.000000    -0.279500   0.000000     0.000000   0.000000   )
 ( -0.216297   0.000000    -0.000000   0.000000    -0.000000   0.000000   )
 ( -0.279500   0.000000     0.000000   0.000000     0.000000   0.000000   )
 ( -0.279500   0.000000     0.000000   0.000000    -0.000000   0.000000   )
 ( -0.216297   0.000000    -0.000000   0.000000     0.000000   0.000000   )
 (  0.279500   0.000000     0.000000   0.000000    -0.000000   0.000000   )
 (  0.279500   0.000000     0.000000   0.000000     0.000000   0.000000   )
 (  0.000000   0.000000     0.279500   0.000000     0.000000   0.000000   )
 (  0.000000   0.000000     0.279500   0.000000    -0.000000   0.000000   )
 ( -0.000000   0.000000     0.216297   0.000000     0.000000   0.000000   )
 ( -0.000000   0.000000     0.216297   0.000000    -0.000000   0.000000   )
 (  0.216297   0.000000    -0.000000   0.000000     0.000000   0.000000   )
 (  0.216297   0.000000    -0.000000   0.000000     0.000000   0.000000   )
     freq (   98) =      11.588598 [THz] =     386.554022 [cm-1]
 (  0.000782   0.000000     0.000160   0.000000    -0.002336   0.000000   )
 (  0.000782   0.000000     0.000160   0.000000     0.002336   0.000000   )
 (  0.000787   0.000000     0.010138   0.000000     0.000000   0.000000   )
 (  0.000787   0.000000     0.010138   0.000000     0.000000   0.000000   )
 ( -0.000766   0.000000     0.000040   0.000000     0.001999   0.000000   )
 ( -0.000766   0.000000     0.000040   0.000000    -0.001999   0.000000   )
 ( -0.000766   0.000000     0.000040   0.000000    -0.001999   0.000000   )
 ( -0.000766   0.000000     0.000040   0.000000     0.001999   0.000000   )
 ( -0.000343   0.000000     0.005913   0.000000     0.000000   0.000000   )
 ( -0.000343   0.000000     0.005913   0.000000     0.000000   0.000000   )
 (  0.000459   0.000000    -0.004426   0.000000     0.000000   0.000000   )
 (  0.000459   0.000000    -0.004426   0.000000    -0.000000   0.000000   )
 (  0.000782   0.000000     0.000160   0.000000     0.002336   0.000000   )
 (  0.000782   0.000000     0.000160   0.000000    -0.002336   0.000000   )
 ( -0.000909   0.000000    -0.011712   0.000000     0.000000   0.000000   )
 ( -0.000909   0.000000    -0.011712   0.000000    -0.000000   0.000000   )
 (  0.000161   0.000000     0.000938   0.000000    -0.000000   0.000000   )
 (  0.000051   0.000000     0.000654   0.000000    -0.000000   0.000000   )
 ( -0.000016   0.000000     0.000924   0.000000    -0.000000   0.000000   )
 ( -0.000016   0.000000     0.000924   0.000000    -0.000000   0.000000   )
 ( -0.001090   0.000000     0.018214   0.000000    -0.000000   0.000000   )
 (  0.001413   0.000000    -0.014047   0.000000    -0.000000   0.000000   )
 (  0.000161   0.000000     0.000938   0.000000    -0.000000   0.000000   )
 ( -0.027638   0.000000    -0.013685   0.000000     0.004024   0.000000   )
 (  0.025894   0.000000     0.023589   0.000000    -0.006299   0.000000   )
 (  0.025894   0.000000     0.023589   0.000000     0.006299   0.000000   )
 ( -0.027638   0.000000    -0.013685   0.000000    -0.004024   0.000000   )
 (  0.001831   0.000000     0.333682   0.000000     0.081168   0.000000   )
 ( -0.001062   0.000000    -0.356158   0.000000    -0.051849   0.000000   )
 ( -0.001062   0.000000    -0.356158   0.000000     0.051849   0.000000   )
 (  0.001831   0.000000     0.333682   0.000000    -0.081168   0.000000   )
 ( -0.001062   0.000000    -0.356158   0.000000     0.051849   0.000000   )
 ( -0.001062   0.000000    -0.356158   0.000000    -0.051849   0.000000   )
 ( -0.027638   0.000000    -0.013685   0.000000    -0.004024   0.000000   )
 ( -0.027638   0.000000    -0.013685   0.000000     0.004024   0.000000   )
 (  0.025894   0.000000     0.023589   0.000000    -0.006299   0.000000   )
 (  0.025894   0.000000     0.023589   0.000000     0.006299   0.000000   )
 (  0.001831   0.000000     0.333682   0.000000     0.081168   0.000000   )
 (  0.001831   0.000000     0.333682   0.000000    -0.081168   0.000000   )
     freq (   99) =      11.588598 [THz] =     386.554022 [cm-1]
 (  0.000040   0.000000     0.000766   0.000000    -0.001999   0.000000   )
 (  0.000040   0.000000     0.000766   0.000000     0.001999   0.000000   )
 (  0.010138   0.000000    -0.000787   0.000000     0.000000   0.000000   )
 (  0.010138   0.000000    -0.000787   0.000000    -0.000000   0.000000   )
 (  0.000160   0.000000    -0.000782   0.000000    -0.002336   0.000000   )
 (  0.000160   0.000000    -0.000782   0.000000     0.002336   0.000000   )
 (  0.000160   0.000000    -0.000782   0.000000     0.002336   0.000000   )
 (  0.000160   0.000000    -0.000782   0.000000    -0.002336   0.000000   )
 ( -0.004426   0.000000    -0.000459   0.000000     0.000000   0.000000   )
 ( -0.004426   0.000000    -0.000459   0.000000     0.000000   0.000000   )
 (  0.005913   0.000000     0.000343   0.000000    -0.000000   0.000000   )
 (  0.005913   0.000000     0.000343   0.000000    -0.000000   0.000000   )
 (  0.000040   0.000000     0.000766   0.000000     0.001999   0.000000   )
 (  0.000040   0.000000     0.000766   0.000000    -0.001999   0.000000   )
 ( -0.011712   0.000000     0.000909   0.000000     0.000000   0.000000   )
 ( -0.011712   0.000000     0.000909   0.000000     0.000000   0.000000   )
 (  0.000924   0.000000     0.000016   0.000000    -0.000000   0.000000   )
 (  0.000654   0.000000    -0.000051   0.000000     0.000000   0.000000   )
 (  0.000938   0.000000    -0.000161   0.000000    -0.000000   0.000000   )
 (  0.000938   0.000000    -0.000161   0.000000     0.000000   0.000000   )
 ( -0.014047   0.000000    -0.001413   0.000000     0.000000   0.000000   )
 (  0.018214   0.000000     0.001090   0.000000     0.000000   0.000000   )
 (  0.000924   0.000000     0.000016   0.000000    -0.000000   0.000000   )
 ( -0.356158   0.000000     0.001062   0.000000     0.051849   0.000000   )
 (  0.333682   0.000000    -0.001831   0.000000    -0.081168   0.000000   )
 (  0.333682   0.000000    -0.001831   0.000000     0.081168   0.000000   )
 ( -0.356158   0.000000     0.001062   0.000000    -0.051849   0.000000   )
 (  0.023589   0.000000    -0.025894   0.000000    -0.006299   0.000000   )
 ( -0.013685   0.000000     0.027638   0.000000     0.004024   0.000000   )
 ( -0.013685   0.000000     0.027638   0.000000    -0.004024   0.000000   )
 (  0.023589   0.000000    -0.025894   0.000000     0.006299   0.000000   )
 ( -0.013685   0.000000     0.027638   0.000000    -0.004024   0.000000   )
 ( -0.013685   0.000000     0.027638   0.000000     0.004024   0.000000   )
 ( -0.356158   0.000000     0.001062   0.000000    -0.051849   0.000000   )
 ( -0.356158   0.000000     0.001062   0.000000     0.051849   0.000000   )
 (  0.333682   0.000000    -0.001831   0.000000    -0.081168   0.000000   )
 (  0.333682   0.000000    -0.001831   0.000000     0.081168   0.000000   )
 (  0.023589   0.000000    -0.025894   0.000000    -0.006299   0.000000   )
 (  0.023589   0.000000    -0.025894   0.000000     0.006299   0.000000   )
     freq (  100) =      11.661400 [THz] =     388.982426 [cm-1]
 ( -0.006033   0.000000     0.006033   0.000000    -0.000000   0.000000   )
 (  0.006033   0.000000    -0.006033   0.000000     0.000000   0.000000   )
 ( -0.000000   0.000000    -0.000000   0.000000     0.000000   0.000000   )
 ( -0.000000   0.000000    -0.000000   0.000000    -0.000000   0.000000   )
 (  0.006033   0.000000     0.006033   0.000000    -0.000000   0.000000   )
 ( -0.006033   0.000000    -0.006033   0.000000    -0.000000   0.000000   )
 ( -0.006033   0.000000    -0.006033   0.000000     0.000000   0.000000   )
 (  0.006033   0.000000     0.006033   0.000000    -0.000000   0.000000   )
 (  0.000000   0.000000    -0.000000   0.000000     0.000000   0.000000   )
 (  0.000000   0.000000    -0.000000   0.000000    -0.000000   0.000000   )
 (  0.000000   0.000000    -0.000000   0.000000     0.000000   0.000000   )
 ( -0.000000   0.000000     0.000000   0.000000     0.000000   0.000000   )
 (  0.006033   0.000000    -0.006033   0.000000    -0.000000   0.000000   )
 ( -0.006033   0.000000     0.006033   0.000000    -0.000000   0.000000   )
 (  0.000000   0.000000     0.000000   0.000000     0.000000   0.000000   )
 (  0.000000   0.000000     0.000000   0.000000     0.000000   0.000000   )
 ( -0.000000   0.000000    -0.000000   0.000000    -0.000000   0.000000   )
 ( -0.000000   0.000000     0.000000   0.000000     0.000000   0.000000   )
 ( -0.000000   0.000000     0.000000   0.000000    -0.000000   0.000000   )
 ( -0.000000   0.000000    -0.000000   0.000000    -0.000000   0.000000   )
 ( -0.000000   0.000000    -0.000000   0.000000    -0.000000   0.000000   )
 ( -0.000000   0.000000     0.000000   0.000000     0.000000   0.000000   )
 (  0.000000   0.000000     0.000000   0.000000    -0.000000   0.000000   )
 (  0.000000   0.000000    -0.258099   0.000000    -0.000000   0.000000   )
 ( -0.000000   0.000000     0.241479   0.000000    -0.000000   0.000000   )
 ( -0.000000   0.000000    -0.241479   0.000000    -0.000000   0.000000   )
 ( -0.000000   0.000000     0.258099   0.000000    -0.000000   0.000000   )
 (  0.241479   0.000000    -0.000000   0.000000    -0.000000   0.000000   )
 ( -0.258099   0.000000     0.000000   0.000000     0.000000   0.000000   )
 (  0.258099   0.000000     0.000000   0.000000     0.000000   0.000000   )
 ( -0.241479   0.000000    -0.000000   0.000000     0.000000   0.000000   )
 (  0.258099   0.000000     0.000000   0.000000    -0.000000   0.000000   )
 ( -0.258099   0.000000     0.000000   0.000000     0.000000   0.000000   )
 (  0.000000   0.000000     0.258099   0.000000    -0.000000   0.000000   )
 (  0.000000   0.000000    -0.258099   0.000000     0.000000   0.000000   )
 ( -0.000000   0.000000     0.241479   0.000000     0.000000   0.000000   )
 ( -0.000000   0.000000    -0.241479   0.000000     0.000000   0.000000   )
 (  0.241479   0.000000    -0.000000   0.000000    -0.000000   0.000000   )
 ( -0.241479   0.000000    -0.000000   0.000000     0.000000   0.000000   )
     freq (  101) =      11.825194 [THz] =     394.446011 [cm-1]
 (  0.006088   0.000000     0.006088   0.000000    -0.001324   0.000000   )
 (  0.006088   0.000000     0.006088   0.000000     0.001324   0.000000   )
 (  0.000000   0.000000     0.000000   0.000000     0.003433   0.000000   )
 (  0.000000   0.000000     0.000000   0.000000    -0.003433   0.000000   )
 (  0.006088   0.000000    -0.006088   0.000000    -0.001324   0.000000   )
 (  0.006088   0.000000    -0.006088   0.000000     0.001324   0.000000   )
 ( -0.006088   0.000000     0.006088   0.000000    -0.001324   0.000000   )
 ( -0.006088   0.000000     0.006088   0.000000     0.001324   0.000000   )
 ( -0.000000   0.000000     0.000000   0.000000     0.000945   0.000000   )
 ( -0.000000   0.000000     0.000000   0.000000    -0.000945   0.000000   )
 (  0.000000   0.000000    -0.000000   0.000000     0.000945   0.000000   )
 (  0.000000   0.000000    -0.000000   0.000000    -0.000945   0.000000   )
 ( -0.006088   0.000000    -0.006088   0.000000    -0.001324   0.000000   )
 ( -0.006088   0.000000    -0.006088   0.000000     0.001324   0.000000   )
 ( -0.000000   0.000000     0.000000   0.000000    -0.002567   0.000000   )
 ( -0.000000   0.000000    -0.000000   0.000000     0.002567   0.000000   )
 ( -0.021393   0.000000    -0.021393   0.000000    -0.000000   0.000000   )
 (  0.000000   0.000000    -0.000000   0.000000     0.000000   0.000000   )
 ( -0.021393   0.000000     0.021393   0.000000    -0.000000   0.000000   )
 (  0.021393   0.000000    -0.021393   0.000000    -0.000000   0.000000   )
 ( -0.000000   0.000000     0.000000   0.000000     0.000000   0.000000   )
 (  0.000000   0.000000    -0.000000   0.000000     0.000000   0.000000   )
 (  0.021393   0.000000     0.021393   0.000000     0.000000   0.000000   )
 ( -0.242473   0.000000    -0.000000   0.000000     0.027896   0.000000   )
 ( -0.254709   0.000000    -0.000000   0.000000    -0.003633   0.000000   )
 ( -0.254709   0.000000    -0.000000   0.000000     0.003633   0.000000   )
 ( -0.242473   0.000000    -0.000000   0.000000    -0.027896   0.000000   )
 (  0.000000   0.000000    -0.254709   0.000000     0.003633   0.000000   )
 (  0.000000   0.000000    -0.242473   0.000000    -0.027896   0.000000   )
 (  0.000000   0.000000    -0.242473   0.000000     0.027896   0.000000   )
 (  0.000000   0.000000    -0.254709   0.000000    -0.003633   0.000000   )
 ( -0.000000   0.000000     0.242473   0.000000    -0.027896   0.000000   )
 ( -0.000000   0.000000     0.242473   0.000000     0.027896   0.000000   )
 (  0.242473   0.000000     0.000000   0.000000     0.027896   0.000000   )
 (  0.242473   0.000000     0.000000   0.000000    -0.027896   0.000000   )
 (  0.254709   0.000000     0.000000   0.000000     0.003633   0.000000   )
 (  0.254709   0.000000     0.000000   0.000000    -0.003633   0.000000   )
 ( -0.000000   0.000000     0.254709   0.000000    -0.003633   0.000000   )
 ( -0.000000   0.000000     0.254709   0.000000     0.003633   0.000000   )
     freq (  102) =      11.861760 [THz] =     395.665722 [cm-1]
 (  0.006738   0.000000    -0.006738   0.000000     0.000000   0.000000   )
 (  0.006738   0.000000    -0.006738   0.000000     0.000000   0.000000   )
 ( -0.000000   0.000000     0.000000   0.000000     0.000000   0.000000   )
 ( -0.000000   0.000000    -0.000000   0.000000    -0.000000   0.000000   )
 ( -0.006738   0.000000    -0.006738   0.000000     0.000000   0.000000   )
 ( -0.006738   0.000000    -0.006738   0.000000     0.000000   0.000000   )
 (  0.006738   0.000000     0.006738   0.000000    -0.000000   0.000000   )
 (  0.006738   0.000000     0.006738   0.000000     0.000000   0.000000   )
 (  0.000000   0.000000    -0.000000   0.000000    -0.000000   0.000000   )
 (  0.000000   0.000000     0.000000   0.000000    -0.000000   0.000000   )
 ( -0.000000   0.000000    -0.000000   0.000000    -0.000000   0.000000   )
 ( -0.000000   0.000000     0.000000   0.000000    -0.000000   0.000000   )
 ( -0.006738   0.000000     0.006738   0.000000    -0.000000   0.000000   )
 ( -0.006738   0.000000     0.006738   0.000000    -0.000000   0.000000   )
 (  0.000000   0.000000    -0.000000   0.000000    -0.000000   0.000000   )
 (  0.000000   0.000000     0.000000   0.000000    -0.000000   0.000000   )
 (  0.001390   0.000000    -0.001390   0.000000    -0.000000   0.000000   )
 (  0.000000   0.000000     0.000000   0.000000    -0.000000   0.000000   )
 ( -0.001390   0.000000    -0.001390   0.000000    -0.000000   0.000000   )
 (  0.001390   0.000000     0.001390   0.000000    -0.000000   0.000000   )
 (  0.000000   0.000000    -0.000000   0.000000    -0.000000   0.000000   )
 ( -0.000000   0.000000     0.000000   0.000000    -0.000000   0.000000   )
 ( -0.001390   0.000000     0.001390   0.000000     0.000000   0.000000   )
 ( -0.000000   0.000000     0.263238   0.000000    -0.000000   0.000000   )
 ( -0.000000   0.000000     0.235824   0.000000    -0.000000   0.000000   )
 ( -0.000000   0.000000     0.235824   0.000000    -0.000000   0.000000   )
 ( -0.000000   0.000000     0.263238   0.000000    -0.000000   0.000000   )
 ( -0.235824   0.000000    -0.000000   0.000000    -0.000000   0.000000   )
 ( -0.263238   0.000000    -0.000000   0.000000    -0.000000   0.000000   )
 ( -0.263238   0.000000    -0.000000   0.000000     0.000000   0.000000   )
 ( -0.235824   0.000000    -0.000000   0.000000     0.000000   0.000000   )
 (  0.263238   0.000000     0.000000   0.000000    -0.000000   0.000000   )
 (  0.263238   0.000000     0.000000   0.000000     0.000000   0.000000   )
 (  0.000000   0.000000    -0.263238   0.000000     0.000000   0.000000   )
 (  0.000000   0.000000    -0.263238   0.000000     0.000000   0.000000   )
 (  0.000000   0.000000    -0.235824   0.000000     0.000000   0.000000   )
 (  0.000000   0.000000    -0.235824   0.000000     0.000000   0.000000   )
 (  0.235824   0.000000     0.000000   0.000000     0.000000   0.000000   )
 (  0.235824   0.000000     0.000000   0.000000    -0.000000   0.000000   )
     freq (  103) =      11.984639 [THz] =     399.764527 [cm-1]
 ( -0.005581   0.000000     0.005581   0.000000     0.000000   0.000000   )
 ( -0.005581   0.000000     0.005581   0.000000     0.000000   0.000000   )
 (  0.000000   0.000000     0.000000   0.000000     0.000000   0.000000   )
 ( -0.000000   0.000000    -0.000000   0.000000     0.000000   0.000000   )
 ( -0.005581   0.000000    -0.005581   0.000000    -0.000000   0.000000   )
 ( -0.005581   0.000000    -0.005581   0.000000    -0.000000   0.000000   )
 (  0.005581   0.000000     0.005581   0.000000     0.000000   0.000000   )
 (  0.005581   0.000000     0.005581   0.000000     0.000000   0.000000   )
 ( -0.000000   0.000000    -0.000000   0.000000     0.000897   0.000000   )
 ( -0.000000   0.000000     0.000000   0.000000    -0.000897   0.000000   )
 ( -0.000000   0.000000     0.000000   0.000000    -0.000897   0.000000   )
 (  0.000000   0.000000    -0.000000   0.000000     0.000897   0.000000   )
 (  0.005581   0.000000    -0.005581   0.000000     0.000000   0.000000   )
 (  0.005581   0.000000    -0.005581   0.000000    -0.000000   0.000000   )
 ( -0.000000   0.000000    -0.000000   0.000000    -0.000000   0.000000   )
 ( -0.000000   0.000000     0.000000   0.000000     0.000000   0.000000   )
 (  0.016416   0.000000    -0.016416   0.000000    -0.000000   0.000000   )
 ( -0.000000   0.000000     0.000000   0.000000     0.000000   0.000000   )
 (  0.016416   0.000000     0.016416   0.000000     0.000000   0.000000   )
 ( -0.016416   0.000000    -0.016416   0.000000     0.000000   0.000000   )
 ( -0.000000   0.000000     0.000000   0.000000    -0.000000   0.000000   )
 (  0.000000   0.000000    -0.000000   0.000000     0.000000   0.000000   )
 ( -0.016416   0.000000     0.016416   0.000000     0.000000   0.000000   )
 (  0.240145   0.000000     0.000000   0.000000    -0.020120   0.000000   )
 (  0.240822   0.000000     0.000000   0.000000    -0.092727   0.000000   )
 (  0.240822   0.000000    -0.000000   0.000000     0.092727   0.000000   )
 (  0.240145   0.000000    -0.000000   0.000000     0.020120   0.000000   )
 ( -0.000000   0.000000    -0.240822   0.000000    -0.092727   0.000000   )
 ( -0.000000   0.000000    -0.240145   0.000000    -0.020120   0.000000   )
 (  0.000000   0.000000    -0.240145   0.000000     0.020120   0.000000   )
 ( -0.000000   0.000000    -0.240822   0.000000     0.092727   0.000000   )
 (  0.000000   0.000000     0.240145   0.000000    -0.020120   0.000000   )
 ( -0.000000   0.000000     0.240145   0.000000     0.020120   0.000000   )
 ( -0.240145   0.000000     0.000000   0.000000    -0.020120   0.000000   )
 ( -0.240145   0.000000    -0.000000   0.000000     0.020120   0.000000   )
 ( -0.240822   0.000000    -0.000000   0.000000     0.092727   0.000000   )
 ( -0.240822   0.000000     0.000000   0.000000    -0.092727   0.000000   )
 (  0.000000   0.000000     0.240822   0.000000     0.092727   0.000000   )
 (  0.000000   0.000000     0.240822   0.000000    -0.092727   0.000000   )
     freq (  104) =      12.022700 [THz] =     401.034089 [cm-1]
 ( -0.007243   0.000000    -0.007243   0.000000     0.000606   0.000000   )
 (  0.007243   0.000000     0.007243   0.000000     0.000606   0.000000   )
 (  0.000000   0.000000     0.000000   0.000000     0.000000   0.000000   )
 ( -0.000000   0.000000     0.000000   0.000000     0.000000   0.000000   )
 (  0.007243   0.000000    -0.007243   0.000000    -0.000606   0.000000   )
 ( -0.007243   0.000000     0.007243   0.000000    -0.000606   0.000000   )
 ( -0.007243   0.000000     0.007243   0.000000    -0.000606   0.000000   )
 (  0.007243   0.000000    -0.007243   0.000000    -0.000606   0.000000   )
 (  0.000000   0.000000    -0.000000   0.000000     0.000000   0.000000   )
 ( -0.000000   0.000000     0.000000   0.000000    -0.000000   0.000000   )
 ( -0.000000   0.000000     0.000000   0.000000     0.000000   0.000000   )
 (  0.000000   0.000000    -0.000000   0.000000     0.000000   0.000000   )
 (  0.007243   0.000000     0.007243   0.000000     0.000606   0.000000   )
 ( -0.007243   0.000000    -0.007243   0.000000     0.000606   0.000000   )
 ( -0.000000   0.000000     0.000000   0.000000     0.000000   0.000000   )
 (  0.000000   0.000000    -0.000000   0.000000    -0.000000   0.000000   )
 (  0.000000   0.000000    -0.000000   0.000000    -0.000044   0.000000   )
 ( -0.000000   0.000000    -0.000000   0.000000     0.000000   0.000000   )
 ( -0.000000   0.000000     0.000000   0.000000     0.000044   0.000000   )
 (  0.000000   0.000000    -0.000000   0.000000     0.000044   0.000000   )
 (  0.000000   0.000000     0.000000   0.000000     0.000000   0.000000   )
 (  0.000000   0.000000    -0.000000   0.000000     0.000000   0.000000   )
 (  0.000000   0.000000     0.000000   0.000000    -0.000044   0.000000   )
 ( -0.000000   0.000000     0.244307   0.000000    -0.000000   0.000000   )
 (  0.000000   0.000000    -0.255360   0.000000    -0.000000   0.000000   )
 ( -0.000000   0.000000     0.255360   0.000000     0.000000   0.000000   )
 ( -0.000000   0.000000    -0.244307   0.000000     0.000000   0.000000   )
 (  0.255360   0.000000     0.000000   0.000000     0.000000   0.000000   )
 ( -0.244307   0.000000     0.000000   0.000000    -0.000000   0.000000   )
 (  0.244307   0.000000    -0.000000   0.000000     0.000000   0.000000   )
 ( -0.255360   0.000000     0.000000   0.000000    -0.000000   0.000000   )
 (  0.244307   0.000000     0.000000   0.000000    -0.000000   0.000000   )
 ( -0.244307   0.000000    -0.000000   0.000000    -0.000000   0.000000   )
 (  0.000000   0.000000    -0.244307   0.000000    -0.000000   0.000000   )
 ( -0.000000   0.000000     0.244307   0.000000     0.000000   0.000000   )
 (  0.000000   0.000000    -0.255360   0.000000     0.000000   0.000000   )
 (  0.000000   0.000000     0.255360   0.000000     0.000000   0.000000   )
 (  0.255360   0.000000     0.000000   0.000000    -0.000000   0.000000   )
 ( -0.255360   0.000000     0.000000   0.000000    -0.000000   0.000000   )
     freq (  105) =      12.197969 [THz] =     406.880443 [cm-1]
 ( -0.000789   0.000000     0.001025   0.000000    -0.002925   0.000000   )
 (  0.000789   0.000000    -0.001025   0.000000    -0.002925   0.000000   )
 (  0.001383   0.000000    -0.006120   0.000000     0.000000   0.000000   )
 ( -0.001383   0.000000     0.006120   0.000000     0.000000   0.000000   )
 (  0.000386   0.000000     0.000759   0.000000     0.004632   0.000000   )
 ( -0.000386   0.000000    -0.000759   0.000000     0.004632   0.000000   )
 (  0.000386   0.000000     0.000759   0.000000    -0.004632   0.000000   )
 ( -0.000386   0.000000    -0.000759   0.000000    -0.004632   0.000000   )
 (  0.001487   0.000000     0.007116   0.000000     0.000000   0.000000   )
 ( -0.001487   0.000000    -0.007116   0.000000    -0.000000   0.000000   )
 ( -0.001608   0.000000    -0.006578   0.000000    -0.000000   0.000000   )
 (  0.001608   0.000000     0.006578   0.000000     0.000000   0.000000   )
 ( -0.000789   0.000000     0.001025   0.000000     0.002925   0.000000   )
 (  0.000789   0.000000    -0.001025   0.000000     0.002925   0.000000   )
 ( -0.001711   0.000000     0.007571   0.000000    -0.000000   0.000000   )
 (  0.001711   0.000000    -0.007571   0.000000    -0.000000   0.000000   )
 (  0.000000   0.000000    -0.000000   0.000000     0.002114   0.000000   )
 ( -0.000000   0.000000    -0.000000   0.000000    -0.000000   0.000000   )
 (  0.000000   0.000000     0.000000   0.000000    -0.003349   0.000000   )
 ( -0.000000   0.000000    -0.000000   0.000000     0.003349   0.000000   )
 (  0.000000   0.000000     0.000000   0.000000     0.000000   0.000000   )
 ( -0.000000   0.000000    -0.000000   0.000000     0.000000   0.000000   )
 ( -0.000000   0.000000     0.000000   0.000000    -0.002114   0.000000   )
 ( -0.014726   0.000000    -0.376242   0.000000    -0.002958   0.000000   )
 (  0.008740   0.000000    -0.300328   0.000000    -0.001636   0.000000   )
 ( -0.008740   0.000000     0.300328   0.000000    -0.001636   0.000000   )
 (  0.014726   0.000000     0.376242   0.000000    -0.002958   0.000000   )
 ( -0.067867   0.000000     0.038676   0.000000     0.007241   0.000000   )
 ( -0.085021   0.000000    -0.065166   0.000000     0.013090   0.000000   )
 (  0.085021   0.000000     0.065166   0.000000     0.013090   0.000000   )
 (  0.067867   0.000000    -0.038676   0.000000     0.007241   0.000000   )
 ( -0.085021   0.000000    -0.065166   0.000000    -0.013090   0.000000   )
 (  0.085021   0.000000     0.065166   0.000000    -0.013090   0.000000   )
 ( -0.014726   0.000000    -0.376242   0.000000     0.002958   0.000000   )
 (  0.014726   0.000000     0.376242   0.000000     0.002958   0.000000   )
 ( -0.008740   0.000000     0.300328   0.000000     0.001636   0.000000   )
 (  0.008740   0.000000    -0.300328   0.000000     0.001636   0.000000   )
 (  0.067867   0.000000    -0.038676   0.000000    -0.007241   0.000000   )
 ( -0.067867   0.000000     0.038676   0.000000    -0.007241   0.000000   )
     freq (  106) =      12.197969 [THz] =     406.880443 [cm-1]
 (  0.000759   0.000000    -0.000386   0.000000    -0.004632   0.000000   )
 ( -0.000759   0.000000     0.000386   0.000000    -0.004632   0.000000   )
 ( -0.006120   0.000000    -0.001383   0.000000     0.000000   0.000000   )
 (  0.006120   0.000000     0.001383   0.000000    -0.000000   0.000000   )
 (  0.001025   0.000000     0.000789   0.000000    -0.002925   0.000000   )
 ( -0.001025   0.000000    -0.000789   0.000000    -0.002925   0.000000   )
 (  0.001025   0.000000     0.000789   0.000000     0.002925   0.000000   )
 ( -0.001025   0.000000    -0.000789   0.000000     0.002925   0.000000   )
 ( -0.006578   0.000000     0.001608   0.000000     0.000000   0.000000   )
 (  0.006578   0.000000    -0.001608   0.000000     0.000000   0.000000   )
 (  0.007116   0.000000    -0.001487   0.000000     0.000000   0.000000   )
 ( -0.007116   0.000000     0.001487   0.000000    -0.000000   0.000000   )
 (  0.000759   0.000000    -0.000386   0.000000     0.004632   0.000000   )
 ( -0.000759   0.000000     0.000386   0.000000     0.004632   0.000000   )
 (  0.007571   0.000000     0.001711   0.000000    -0.000000   0.000000   )
 ( -0.007571   0.000000    -0.001711   0.000000    -0.000000   0.000000   )
 (  0.000000   0.000000    -0.000000   0.000000     0.003349   0.000000   )
 (  0.000000   0.000000     0.000000   0.000000     0.000000   0.000000   )
 (  0.000000   0.000000     0.000000   0.000000     0.002114   0.000000   )
 (  0.000000   0.000000    -0.000000   0.000000    -0.002114   0.000000   )
 ( -0.000000   0.000000     0.000000   0.000000    -0.000000   0.000000   )
 ( -0.000000   0.000000     0.000000   0.000000    -0.000000   0.000000   )
 (  0.000000   0.000000     0.000000   0.000000    -0.003349   0.000000   )
 (  0.065166   0.000000    -0.085021   0.000000     0.013090   0.000000   )
 ( -0.038676   0.000000    -0.067867   0.000000     0.007241   0.000000   )
 (  0.038676   0.000000     0.067867   0.000000     0.007241   0.000000   )
 ( -0.065166   0.000000     0.085021   0.000000     0.013090   0.000000   )
 (  0.300328   0.000000     0.008740   0.000000     0.001636   0.000000   )
 (  0.376242   0.000000    -0.014726   0.000000     0.002958   0.000000   )
 ( -0.376242   0.000000     0.014726   0.000000     0.002958   0.000000   )
 ( -0.300328   0.000000    -0.008740   0.000000     0.001636   0.000000   )
 (  0.376242   0.000000    -0.014726   0.000000    -0.002958   0.000000   )
 ( -0.376242   0.000000     0.014726   0.000000    -0.002958   0.000000   )
 (  0.065166   0.000000    -0.085021   0.000000    -0.013090   0.000000   )
 ( -0.065166   0.000000     0.085021   0.000000    -0.013090   0.000000   )
 (  0.038676   0.000000     0.067867   0.000000    -0.007241   0.000000   )
 ( -0.038676   0.000000    -0.067867   0.000000    -0.007241   0.000000   )
 ( -0.300328   0.000000    -0.008740   0.000000    -0.001636   0.000000   )
 (  0.300328   0.000000     0.008740   0.000000    -0.001636   0.000000   )
     freq (  107) =      12.328902 [THz] =     411.247896 [cm-1]
 (  0.005825   0.000000    -0.005825   0.000000    -0.000000   0.000000   )
 ( -0.005825   0.000000     0.005825   0.000000     0.000000   0.000000   )
 ( -0.000000   0.000000    -0.000000   0.000000    -0.000000   0.000000   )
 ( -0.000000   0.000000     0.000000   0.000000    -0.000000   0.000000   )
 (  0.005825   0.000000     0.005825   0.000000     0.000000   0.000000   )
 ( -0.005825   0.000000    -0.005825   0.000000     0.000000   0.000000   )
 ( -0.005825   0.000000    -0.005825   0.000000    -0.000000   0.000000   )
 (  0.005825   0.000000     0.005825   0.000000     0.000000   0.000000   )
 (  0.000000   0.000000     0.000000   0.000000    -0.001685   0.000000   )
 ( -0.000000   0.000000    -0.000000   0.000000    -0.001685   0.000000   )
 ( -0.000000   0.000000    -0.000000   0.000000     0.001685   0.000000   )
 (  0.000000   0.000000     0.000000   0.000000     0.001685   0.000000   )
 ( -0.005825   0.000000     0.005825   0.000000     0.000000   0.000000   )
 (  0.005825   0.000000    -0.005825   0.000000     0.000000   0.000000   )
 (  0.000000   0.000000     0.000000   0.000000     0.000000   0.000000   )
 (  0.000000   0.000000    -0.000000   0.000000     0.000000   0.000000   )
 (  0.000000   0.000000    -0.000000   0.000000     0.000000   0.000000   )
 ( -0.000000   0.000000    -0.000000   0.000000     0.000000   0.000000   )
 (  0.000000   0.000000     0.000000   0.000000     0.000000   0.000000   )
 ( -0.000000   0.000000    -0.000000   0.000000     0.000000   0.000000   )
 ( -0.000000   0.000000     0.000000   0.000000     0.006421   0.000000   )
 ( -0.000000   0.000000    -0.000000   0.000000    -0.006421   0.000000   )
 ( -0.000000   0.000000     0.000000   0.000000     0.000000   0.000000   )
 ( -0.251238   0.000000    -0.000000   0.000000    -0.009018   0.000000   )
 (  0.244402   0.000000    -0.000000   0.000000    -0.044565   0.000000   )
 ( -0.244402   0.000000     0.000000   0.000000    -0.044565   0.000000   )
 (  0.251238   0.000000     0.000000   0.000000    -0.009018   0.000000   )
 ( -0.000000   0.000000     0.244402   0.000000     0.044565   0.000000   )
 (  0.000000   0.000000    -0.251238   0.000000     0.009018   0.000000   )
 (  0.000000   0.000000     0.251238   0.000000     0.009018   0.000000   )
 (  0.000000   0.000000    -0.244402   0.000000     0.044565   0.000000   )
 ( -0.000000   0.000000     0.251238   0.000000     0.009018   0.000000   )
 (  0.000000   0.000000    -0.251238   0.000000     0.009018   0.000000   )
 (  0.251238   0.000000    -0.000000   0.000000    -0.009018   0.000000   )
 ( -0.251238   0.000000     0.000000   0.000000    -0.009018   0.000000   )
 (  0.244402   0.000000     0.000000   0.000000    -0.044565   0.000000   )
 ( -0.244402   0.000000    -0.000000   0.000000    -0.044565   0.000000   )
 (  0.000000   0.000000     0.244402   0.000000     0.044565   0.000000   )
 ( -0.000000   0.000000    -0.244402   0.000000     0.044565   0.000000   )
     freq (  108) =      12.432644 [THz] =     414.708350 [cm-1]
 (  0.006345   0.000000     0.006345   0.000000     0.001230   0.000000   )
 ( -0.006345   0.000000    -0.006345   0.000000     0.001230   0.000000   )
 ( -0.000000   0.000000    -0.000000   0.000000    -0.004252   0.000000   )
 ( -0.000000   0.000000     0.000000   0.000000    -0.004252   0.000000   )
 (  0.006345   0.000000    -0.006345   0.000000     0.001230   0.000000   )
 ( -0.006345   0.000000     0.006345   0.000000     0.001230   0.000000   )
 ( -0.006345   0.000000     0.006345   0.000000     0.001230   0.000000   )
 (  0.006345   0.000000    -0.006345   0.000000     0.001230   0.000000   )
 (  0.000000   0.000000     0.000000   0.000000     0.001511   0.000000   )
 (  0.000000   0.000000     0.000000   0.000000     0.001511   0.000000   )
 ( -0.000000   0.000000    -0.000000   0.000000     0.001511   0.000000   )
 ( -0.000000   0.000000     0.000000   0.000000     0.001511   0.000000   )
 ( -0.006345   0.000000    -0.006345   0.000000     0.001230   0.000000   )
 (  0.006345   0.000000     0.006345   0.000000     0.001230   0.000000   )
 (  0.000000   0.000000    -0.000000   0.000000     0.006469   0.000000   )
 (  0.000000   0.000000     0.000000   0.000000     0.006469   0.000000   )
 (  0.000000   0.000000    -0.000000   0.000000     0.002262   0.000000   )
 ( -0.000000   0.000000     0.000000   0.000000     0.010584   0.000000   )
 (  0.000000   0.000000     0.000000   0.000000     0.002262   0.000000   )
 ( -0.000000   0.000000    -0.000000   0.000000     0.002262   0.000000   )
 (  0.000000   0.000000    -0.000000   0.000000     0.001696   0.000000   )
 ( -0.000000   0.000000     0.000000   0.000000     0.001696   0.000000   )
 (  0.000000   0.000000     0.000000   0.000000     0.002262   0.000000   )
 ( -0.258348   0.000000    -0.000000   0.000000     0.019465   0.000000   )
 (  0.230857   0.000000     0.000000   0.000000    -0.066836   0.000000   )
 ( -0.230857   0.000000    -0.000000   0.000000    -0.066836   0.000000   )
 (  0.258348   0.000000     0.000000   0.000000     0.019465   0.000000   )
 ( -0.000000   0.000000    -0.230857   0.000000    -0.066836   0.000000   )
 (  0.000000   0.000000     0.258348   0.000000     0.019465   0.000000   )
 ( -0.000000   0.000000    -0.258348   0.000000     0.019465   0.000000   )
 (  0.000000   0.000000     0.230857   0.000000    -0.066836   0.000000   )
 ( -0.000000   0.000000    -0.258348   0.000000     0.019465   0.000000   )
 (  0.000000   0.000000     0.258348   0.000000     0.019465   0.000000   )
 (  0.258348   0.000000     0.000000   0.000000     0.019465   0.000000   )
 ( -0.258348   0.000000    -0.000000   0.000000     0.019465   0.000000   )
 (  0.230857   0.000000    -0.000000   0.000000    -0.066836   0.000000   )
 ( -0.230857   0.000000    -0.000000   0.000000    -0.066836   0.000000   )
 ( -0.000000   0.000000    -0.230857   0.000000    -0.066836   0.000000   )
 ( -0.000000   0.000000     0.230857   0.000000    -0.066836   0.000000   )
     freq (  109) =      13.249853 [THz] =     441.967537 [cm-1]
 (  0.003880   0.000000    -0.001348   0.000000     0.001062   0.000000   )
 (  0.003880   0.000000    -0.001348   0.000000    -0.001062   0.000000   )
 ( -0.004680   0.000000     0.000246   0.000000    -0.000000   0.000000   )
 ( -0.004680   0.000000     0.000246   0.000000     0.000000   0.000000   )
 (  0.003759   0.000000     0.000947   0.000000     0.001180   0.000000   )
 (  0.003759   0.000000     0.000947   0.000000    -0.001180   0.000000   )
 (  0.003759   0.000000     0.000947   0.000000    -0.001180   0.000000   )
 (  0.003759   0.000000     0.000947   0.000000     0.001180   0.000000   )
 ( -0.004481   0.000000    -0.000022   0.000000    -0.000000   0.000000   )
 ( -0.004481   0.000000    -0.000022   0.000000    -0.000000   0.000000   )
 (  0.000417   0.000000     0.000235   0.000000    -0.000000   0.000000   )
 (  0.000417   0.000000     0.000235   0.000000     0.000000   0.000000   )
 (  0.003880   0.000000    -0.001348   0.000000    -0.001062   0.000000   )
 (  0.003880   0.000000    -0.001348   0.000000     0.001062   0.000000   )
 ( -0.001495   0.000000     0.000078   0.000000    -0.000000   0.000000   )
 ( -0.001495   0.000000     0.000078   0.000000     0.000000   0.000000   )
 ( -0.008143   0.000000    -0.000156   0.000000    -0.000000   0.000000   )
 (  0.012716   0.000000    -0.000667   0.000000     0.000000   0.000000   )
 ( -0.008204   0.000000     0.001014   0.000000    -0.000000   0.000000   )
 ( -0.008204   0.000000     0.001014   0.000000     0.000000   0.000000   )
 (  0.013400   0.000000    -0.000174   0.000000     0.000000   0.000000   )
 (  0.003319   0.000000    -0.000703   0.000000     0.000000   0.000000   )
 ( -0.008143   0.000000    -0.000156   0.000000     0.000000   0.000000   )
 (  0.220253   0.000000     0.009085   0.000000    -0.024639   0.000000   )
 (  0.250666   0.000000     0.017142   0.000000    -0.021290   0.000000   )
 (  0.250666   0.000000     0.017142   0.000000     0.021290   0.000000   )
 (  0.220253   0.000000     0.009085   0.000000     0.024639   0.000000   )
 ( -0.326682   0.000000    -0.013153   0.000000    -0.001117   0.000000   )
 ( -0.173134   0.000000    -0.011557   0.000000    -0.001293   0.000000   )
 ( -0.173134   0.000000    -0.011557   0.000000     0.001293   0.000000   )
 ( -0.326682   0.000000    -0.013153   0.000000     0.001117   0.000000   )
 ( -0.173134   0.000000    -0.011557   0.000000     0.001293   0.000000   )
 ( -0.173134   0.000000    -0.011557   0.000000    -0.001293   0.000000   )
 (  0.220253   0.000000     0.009085   0.000000     0.024639   0.000000   )
 (  0.220253   0.000000     0.009085   0.000000    -0.024639   0.000000   )
 (  0.250666   0.000000     0.017142   0.000000    -0.021290   0.000000   )
 (  0.250666   0.000000     0.017142   0.000000     0.021290   0.000000   )
 ( -0.326682   0.000000    -0.013153   0.000000    -0.001117   0.000000   )
 ( -0.326682   0.000000    -0.013153   0.000000     0.001117   0.000000   )
     freq (  110) =      13.249853 [THz] =     441.967537 [cm-1]
 (  0.000947   0.000000    -0.003759   0.000000    -0.001180   0.000000   )
 (  0.000947   0.000000    -0.003759   0.000000     0.001180   0.000000   )
 (  0.000246   0.000000     0.004680   0.000000     0.000000   0.000000   )
 (  0.000246   0.000000     0.004680   0.000000     0.000000   0.000000   )
 ( -0.001348   0.000000    -0.003880   0.000000     0.001062   0.000000   )
 ( -0.001348   0.000000    -0.003880   0.000000    -0.001062   0.000000   )
 ( -0.001348   0.000000    -0.003880   0.000000    -0.001062   0.000000   )
 ( -0.001348   0.000000    -0.003880   0.000000     0.001062   0.000000   )
 (  0.000235   0.000000    -0.000417   0.000000    -0.000000   0.000000   )
 (  0.000235   0.000000    -0.000417   0.000000     0.000000   0.000000   )
 ( -0.000022   0.000000     0.004481   0.000000    -0.000000   0.000000   )
 ( -0.000022   0.000000     0.004481   0.000000     0.000000   0.000000   )
 (  0.000947   0.000000    -0.003759   0.000000     0.001180   0.000000   )
 (  0.000947   0.000000    -0.003759   0.000000    -0.001180   0.000000   )
 (  0.000078   0.000000     0.001495   0.000000    -0.000000   0.000000   )
 (  0.000078   0.000000     0.001495   0.000000     0.000000   0.000000   )
 (  0.001014   0.000000     0.008204   0.000000     0.000000   0.000000   )
 ( -0.000667   0.000000    -0.012716   0.000000    -0.000000   0.000000   )
 ( -0.000156   0.000000     0.008143   0.000000    -0.000000   0.000000   )
 ( -0.000156   0.000000     0.008143   0.000000     0.000000   0.000000   )
 ( -0.000703   0.000000    -0.003319   0.000000     0.000000   0.000000   )
 ( -0.000174   0.000000    -0.013400   0.000000     0.000000   0.000000   )
 (  0.001014   0.000000     0.008204   0.000000    -0.000000   0.000000   )
 ( -0.011557   0.000000     0.173134   0.000000     0.001293   0.000000   )
 ( -0.013153   0.000000     0.326682   0.000000     0.001117   0.000000   )
 ( -0.013153   0.000000     0.326682   0.000000    -0.001117   0.000000   )
 ( -0.011557   0.000000     0.173134   0.000000    -0.001293   0.000000   )
 (  0.017142   0.000000    -0.250666   0.000000    -0.021290   0.000000   )
 (  0.009085   0.000000    -0.220253   0.000000    -0.024639   0.000000   )
 (  0.009085   0.000000    -0.220253   0.000000     0.024639   0.000000   )
 (  0.017142   0.000000    -0.250666   0.000000     0.021290   0.000000   )
 (  0.009085   0.000000    -0.220253   0.000000     0.024639   0.000000   )
 (  0.009085   0.000000    -0.220253   0.000000    -0.024639   0.000000   )
 ( -0.011557   0.000000     0.173134   0.000000    -0.001293   0.000000   )
 ( -0.011557   0.000000     0.173134   0.000000     0.001293   0.000000   )
 ( -0.013153   0.000000     0.326682   0.000000     0.001117   0.000000   )
 ( -0.013153   0.000000     0.326682   0.000000    -0.001117   0.000000   )
 (  0.017142   0.000000    -0.250666   0.000000    -0.021290   0.000000   )
 (  0.017142   0.000000    -0.250666   0.000000     0.021290   0.000000   )
     freq (  111) =      13.284652 [THz] =     443.128283 [cm-1]
 (  0.004720   0.000000     0.000025   0.000000    -0.000142   0.000000   )
 ( -0.004720   0.000000    -0.000025   0.000000    -0.000142   0.000000   )
 (  0.003293   0.000000    -0.000060   0.000000    -0.000000   0.000000   )
 ( -0.003293   0.000000     0.000060   0.000000    -0.000000   0.000000   )
 (  0.004724   0.000000    -0.000197   0.000000    -0.000148   0.000000   )
 ( -0.004724   0.000000     0.000197   0.000000    -0.000148   0.000000   )
 (  0.004724   0.000000    -0.000197   0.000000     0.000148   0.000000   )
 ( -0.004724   0.000000     0.000197   0.000000     0.000148   0.000000   )
 (  0.003562   0.000000    -0.000023   0.000000    -0.000000   0.000000   )
 ( -0.003562   0.000000     0.000023   0.000000    -0.000000   0.000000   )
 (  0.001263   0.000000    -0.000065   0.000000    -0.000000   0.000000   )
 ( -0.001263   0.000000     0.000065   0.000000     0.000000   0.000000   )
 (  0.004720   0.000000     0.000025   0.000000     0.000142   0.000000   )
 ( -0.004720   0.000000    -0.000025   0.000000     0.000142   0.000000   )
 (  0.002680   0.000000    -0.000049   0.000000    -0.000000   0.000000   )
 ( -0.002680   0.000000     0.000049   0.000000     0.000000   0.000000   )
 (  0.000000   0.000000     0.000000   0.000000    -0.001339   0.000000   )
 ( -0.000000   0.000000     0.000000   0.000000    -0.000000   0.000000   )
 (  0.000000   0.000000    -0.000000   0.000000    -0.001389   0.000000   )
 (  0.000000   0.000000    -0.000000   0.000000     0.001389   0.000000   )
 ( -0.000000   0.000000     0.000000   0.000000    -0.000000   0.000000   )
 ( -0.000000   0.000000     0.000000   0.000000     0.000000   0.000000   )
 (  0.000000   0.000000    -0.000000   0.000000     0.001339   0.000000   )
 (  0.227089   0.000000     0.003430   0.000000     0.014611   0.000000   )
 ( -0.246075   0.000000    -0.005800   0.000000     0.031161   0.000000   )
 (  0.246075   0.000000     0.005800   0.000000     0.031161   0.000000   )
 ( -0.227089   0.000000    -0.003430   0.000000     0.014611   0.000000   )
 ( -0.318055   0.000000    -0.004487   0.000000    -0.000568   0.000000   )
 (  0.188117   0.000000     0.004141   0.000000    -0.000266   0.000000   )
 ( -0.188117   0.000000    -0.004141   0.000000    -0.000266   0.000000   )
 (  0.318055   0.000000     0.004487   0.000000    -0.000568   0.000000   )
 (  0.188117   0.000000     0.004141   0.000000     0.000266   0.000000   )
 ( -0.188117   0.000000    -0.004141   0.000000     0.000266   0.000000   )
 (  0.227089   0.000000     0.003430   0.000000    -0.014611   0.000000   )
 ( -0.227089   0.000000    -0.003430   0.000000    -0.014611   0.000000   )
 (  0.246075   0.000000     0.005800   0.000000    -0.031161   0.000000   )
 ( -0.246075   0.000000    -0.005800   0.000000    -0.031161   0.000000   )
 (  0.318055   0.000000     0.004487   0.000000     0.000568   0.000000   )
 ( -0.318055   0.000000    -0.004487   0.000000     0.000568   0.000000   )
     freq (  112) =      13.284652 [THz] =     443.128283 [cm-1]
 (  0.000197   0.000000     0.004724   0.000000    -0.000148   0.000000   )
 ( -0.000197   0.000000    -0.004724   0.000000    -0.000148   0.000000   )
 (  0.000060   0.000000     0.003293   0.000000     0.000000   0.000000   )
 ( -0.000060   0.000000    -0.003293   0.000000     0.000000   0.000000   )
 ( -0.000025   0.000000     0.004720   0.000000     0.000142   0.000000   )
 (  0.000025   0.000000    -0.004720   0.000000     0.000142   0.000000   )
 ( -0.000025   0.000000     0.004720   0.000000    -0.000142   0.000000   )
 (  0.000025   0.000000    -0.004720   0.000000    -0.000142   0.000000   )
 (  0.000065   0.000000     0.001263   0.000000     0.000000   0.000000   )
 ( -0.000065   0.000000    -0.001263   0.000000    -0.000000   0.000000   )
 (  0.000023   0.000000     0.003562   0.000000     0.000000   0.000000   )
 ( -0.000023   0.000000    -0.003562   0.000000    -0.000000   0.000000   )
 (  0.000197   0.000000     0.004724   0.000000     0.000148   0.000000   )
 ( -0.000197   0.000000    -0.004724   0.000000     0.000148   0.000000   )
 (  0.000049   0.000000     0.002680   0.000000     0.000000   0.000000   )
 ( -0.000049   0.000000    -0.002680   0.000000     0.000000   0.000000   )
 (  0.000000   0.000000     0.000000   0.000000    -0.001389   0.000000   )
 ( -0.000000   0.000000    -0.000000   0.000000    -0.000000   0.000000   )
 (  0.000000   0.000000     0.000000   0.000000     0.001339   0.000000   )
 (  0.000000   0.000000     0.000000   0.000000    -0.001339   0.000000   )
 ( -0.000000   0.000000    -0.000000   0.000000     0.000000   0.000000   )
 ( -0.000000   0.000000    -0.000000   0.000000     0.000000   0.000000   )
 (  0.000000   0.000000     0.000000   0.000000     0.001389   0.000000   )
 (  0.004141   0.000000    -0.188117   0.000000     0.000266   0.000000   )
 ( -0.004487   0.000000     0.318055   0.000000     0.000568   0.000000   )
 (  0.004487   0.000000    -0.318055   0.000000     0.000568   0.000000   )
 ( -0.004141   0.000000     0.188117   0.000000     0.000266   0.000000   )
 ( -0.005800   0.000000     0.246075   0.000000     0.031161   0.000000   )
 (  0.003430   0.000000    -0.227089   0.000000     0.014611   0.000000   )
 ( -0.003430   0.000000     0.227089   0.000000     0.014611   0.000000   )
 (  0.005800   0.000000    -0.246075   0.000000     0.031161   0.000000   )
 (  0.003430   0.000000    -0.227089   0.000000    -0.014611   0.000000   )
 ( -0.003430   0.000000     0.227089   0.000000    -0.014611   0.000000   )
 (  0.004141   0.000000    -0.188117   0.000000    -0.000266   0.000000   )
 ( -0.004141   0.000000     0.188117   0.000000    -0.000266   0.000000   )
 (  0.004487   0.000000    -0.318055   0.000000    -0.000568   0.000000   )
 ( -0.004487   0.000000     0.318055   0.000000    -0.000568   0.000000   )
 (  0.005800   0.000000    -0.246075   0.000000    -0.031161   0.000000   )
 ( -0.005800   0.000000     0.246075   0.000000    -0.031161   0.000000   )
     freq (  113) =      13.747373 [THz] =     458.562991 [cm-1]
 (  0.000337   0.000000     0.000337   0.000000    -0.001577   0.000000   )
 ( -0.000337   0.000000    -0.000337   0.000000    -0.001577   0.000000   )
 (  0.000000   0.000000     0.000000   0.000000    -0.006585   0.000000   )
 (  0.000000   0.000000    -0.000000   0.000000    -0.006585   0.000000   )
 (  0.000337   0.000000    -0.000337   0.000000    -0.001577   0.000000   )
 ( -0.000337   0.000000     0.000337   0.000000    -0.001577   0.000000   )
 ( -0.000337   0.000000     0.000337   0.000000    -0.001577   0.000000   )
 (  0.000337   0.000000    -0.000337   0.000000    -0.001577   0.000000   )
 (  0.000000   0.000000     0.000000   0.000000     0.003112   0.000000   )
 ( -0.000000   0.000000    -0.000000   0.000000     0.003112   0.000000   )
 ( -0.000000   0.000000     0.000000   0.000000     0.003112   0.000000   )
 (  0.000000   0.000000    -0.000000   0.000000     0.003112   0.000000   )
 ( -0.000337   0.000000    -0.000337   0.000000    -0.001577   0.000000   )
 (  0.000337   0.000000     0.000337   0.000000    -0.001577   0.000000   )
 ( -0.000000   0.000000     0.000000   0.000000    -0.008527   0.000000   )
 ( -0.000000   0.000000    -0.000000   0.000000    -0.008527   0.000000   )
 ( -0.000000   0.000000     0.000000   0.000000    -0.002748   0.000000   )
 ( -0.000000   0.000000    -0.000000   0.000000     0.006387   0.000000   )
 ( -0.000000   0.000000    -0.000000   0.000000    -0.002748   0.000000   )
 (  0.000000   0.000000     0.000000   0.000000    -0.002748   0.000000   )
 ( -0.000000   0.000000     0.000000   0.000000    -0.018961   0.000000   )
 (  0.000000   0.000000     0.000000   0.000000    -0.018961   0.000000   )
 (  0.000000   0.000000    -0.000000   0.000000    -0.002748   0.000000   )
 ( -0.238223   0.000000    -0.000000   0.000000     0.028370   0.000000   )
 ( -0.255058   0.000000     0.000000   0.000000     0.047489   0.000000   )
 (  0.255058   0.000000    -0.000000   0.000000     0.047489   0.000000   )
 (  0.238223   0.000000     0.000000   0.000000     0.028370   0.000000   )
 (  0.000000   0.000000     0.255058   0.000000     0.047489   0.000000   )
 ( -0.000000   0.000000     0.238223   0.000000     0.028370   0.000000   )
 ( -0.000000   0.000000    -0.238223   0.000000     0.028370   0.000000   )
 (  0.000000   0.000000    -0.255058   0.000000     0.047489   0.000000   )
 (  0.000000   0.000000    -0.238223   0.000000     0.028370   0.000000   )
 (  0.000000   0.000000     0.238223   0.000000     0.028370   0.000000   )
 (  0.238223   0.000000    -0.000000   0.000000     0.028370   0.000000   )
 ( -0.238223   0.000000     0.000000   0.000000     0.028370   0.000000   )
 ( -0.255058   0.000000    -0.000000   0.000000     0.047489   0.000000   )
 (  0.255058   0.000000     0.000000   0.000000     0.047489   0.000000   )
 (  0.000000   0.000000     0.255058   0.000000     0.047489   0.000000   )
 ( -0.000000   0.000000    -0.255058   0.000000     0.047489   0.000000   )
     freq (  114) =      14.067815 [THz] =     469.251784 [cm-1]
 ( -0.000085   0.000000    -0.000085   0.000000    -0.008042   0.000000   )
 ( -0.000085   0.000000    -0.000085   0.000000     0.008042   0.000000   )
 ( -0.000000   0.000000    -0.000000   0.000000     0.000000   0.000000   )
 ( -0.000000   0.000000     0.000000   0.000000     0.000000   0.000000   )
 (  0.000085   0.000000    -0.000085   0.000000     0.008042   0.000000   )
 (  0.000085   0.000000    -0.000085   0.000000    -0.008042   0.000000   )
 ( -0.000085   0.000000     0.000085   0.000000     0.008042   0.000000   )
 ( -0.000085   0.000000     0.000085   0.000000    -0.008042   0.000000   )
 ( -0.000000   0.000000    -0.000000   0.000000    -0.000000   0.000000   )
 ( -0.000000   0.000000    -0.000000   0.000000     0.000000   0.000000   )
 ( -0.000000   0.000000    -0.000000   0.000000    -0.000000   0.000000   )
 ( -0.000000   0.000000     0.000000   0.000000     0.000000   0.000000   )
 (  0.000085   0.000000     0.000085   0.000000    -0.008042   0.000000   )
 (  0.000085   0.000000     0.000085   0.000000     0.008042   0.000000   )
 ( -0.000000   0.000000    -0.000000   0.000000     0.000000   0.000000   )
 ( -0.000000   0.000000     0.000000   0.000000     0.000000   0.000000   )
 ( -0.000679   0.000000    -0.000679   0.000000     0.000000   0.000000   )
 (  0.000000   0.000000     0.000000   0.000000     0.000000   0.000000   )
 (  0.000679   0.000000    -0.000679   0.000000    -0.000000   0.000000   )
 ( -0.000679   0.000000     0.000679   0.000000    -0.000000   0.000000   )
 ( -0.000000   0.000000     0.000000   0.000000     0.000000   0.000000   )
 ( -0.000000   0.000000    -0.000000   0.000000     0.000000   0.000000   )
 (  0.000679   0.000000     0.000679   0.000000     0.000000   0.000000   )
 (  0.000000   0.000000    -0.217110   0.000000    -0.000000   0.000000   )
 (  0.000000   0.000000     0.278923   0.000000    -0.000000   0.000000   )
 (  0.000000   0.000000     0.278923   0.000000    -0.000000   0.000000   )
 ( -0.000000   0.000000    -0.217110   0.000000    -0.000000   0.000000   )
 (  0.278923   0.000000     0.000000   0.000000    -0.000000   0.000000   )
 ( -0.217110   0.000000    -0.000000   0.000000     0.000000   0.000000   )
 ( -0.217110   0.000000     0.000000   0.000000    -0.000000   0.000000   )
 (  0.278923   0.000000     0.000000   0.000000     0.000000   0.000000   )
 (  0.217110   0.000000     0.000000   0.000000     0.000000   0.000000   )
 (  0.217110   0.000000    -0.000000   0.000000    -0.000000   0.000000   )
 ( -0.000000   0.000000     0.217110   0.000000    -0.000000   0.000000   )
 (  0.000000   0.000000     0.217110   0.000000    -0.000000   0.000000   )
 (  0.000000   0.000000    -0.278923   0.000000    -0.000000   0.000000   )
 ( -0.000000   0.000000    -0.278923   0.000000    -0.000000   0.000000   )
 ( -0.278923   0.000000    -0.000000   0.000000     0.000000   0.000000   )
 ( -0.278923   0.000000    -0.000000   0.000000    -0.000000   0.000000   )
     freq (  115) =      14.264536 [THz] =     475.813692 [cm-1]
 ( -0.001113   0.000000    -0.001113   0.000000    -0.008804   0.000000   )
 ( -0.001113   0.000000    -0.001113   0.000000     0.008804   0.000000   )
 (  0.000000   0.000000    -0.000000   0.000000     0.001434   0.000000   )
 (  0.000000   0.000000     0.000000   0.000000    -0.001434   0.000000   )
 ( -0.001113   0.000000     0.001113   0.000000    -0.008804   0.000000   )
 ( -0.001113   0.000000     0.001113   0.000000     0.008804   0.000000   )
 (  0.001113   0.000000    -0.001113   0.000000    -0.008804   0.000000   )
 (  0.001113   0.000000    -0.001113   0.000000     0.008804   0.000000   )
 (  0.000000   0.000000    -0.000000   0.000000     0.016053   0.000000   )
 ( -0.000000   0.000000     0.000000   0.000000    -0.016053   0.000000   )
 ( -0.000000   0.000000    -0.000000   0.000000     0.016053   0.000000   )
 (  0.000000   0.000000     0.000000   0.000000    -0.016053   0.000000   )
 (  0.001113   0.000000     0.001113   0.000000    -0.008804   0.000000   )
 (  0.001113   0.000000     0.001113   0.000000     0.008804   0.000000   )
 ( -0.000000   0.000000     0.000000   0.000000     0.000314   0.000000   )
 (  0.000000   0.000000     0.000000   0.000000    -0.000314   0.000000   )
 (  0.001145   0.000000     0.001145   0.000000    -0.000000   0.000000   )
 ( -0.000000   0.000000    -0.000000   0.000000     0.000000   0.000000   )
 (  0.001145   0.000000    -0.001145   0.000000     0.000000   0.000000   )
 ( -0.001145   0.000000     0.001145   0.000000     0.000000   0.000000   )
 ( -0.000000   0.000000    -0.000000   0.000000    -0.000000   0.000000   )
 (  0.000000   0.000000     0.000000   0.000000    -0.000000   0.000000   )
 ( -0.001145   0.000000    -0.001145   0.000000    -0.000000   0.000000   )
 (  0.234959   0.000000     0.000000   0.000000     0.123706   0.000000   )
 ( -0.208780   0.000000     0.000000   0.000000    -0.103399   0.000000   )
 ( -0.208780   0.000000    -0.000000   0.000000     0.103399   0.000000   )
 (  0.234959   0.000000    -0.000000   0.000000    -0.123706   0.000000   )
 ( -0.000000   0.000000    -0.208780   0.000000     0.103399   0.000000   )
 ( -0.000000   0.000000     0.234959   0.000000    -0.123706   0.000000   )
 (  0.000000   0.000000     0.234959   0.000000     0.123706   0.000000   )
 (  0.000000   0.000000    -0.208780   0.000000    -0.103399   0.000000   )
 (  0.000000   0.000000    -0.234959   0.000000    -0.123706   0.000000   )
 ( -0.000000   0.000000    -0.234959   0.000000     0.123706   0.000000   )
 ( -0.234959   0.000000    -0.000000   0.000000     0.123706   0.000000   )
 ( -0.234959   0.000000     0.000000   0.000000    -0.123706   0.000000   )
 (  0.208780   0.000000     0.000000   0.000000     0.103399   0.000000   )
 (  0.208780   0.000000    -0.000000   0.000000    -0.103399   0.000000   )
 ( -0.000000   0.000000     0.208780   0.000000    -0.103399   0.000000   )
 (  0.000000   0.000000     0.208780   0.000000     0.103399   0.000000   )
     freq (  116) =      14.283747 [THz] =     476.454529 [cm-1]
 ( -0.001051   0.000000    -0.001051   0.000000     0.007365   0.000000   )
 (  0.001051   0.000000     0.001051   0.000000     0.007365   0.000000   )
 (  0.000000   0.000000    -0.000000   0.000000    -0.000000   0.000000   )
 ( -0.000000   0.000000    -0.000000   0.000000     0.000000   0.000000   )
 (  0.001051   0.000000    -0.001051   0.000000    -0.007365   0.000000   )
 ( -0.001051   0.000000     0.001051   0.000000    -0.007365   0.000000   )
 ( -0.001051   0.000000     0.001051   0.000000    -0.007365   0.000000   )
 (  0.001051   0.000000    -0.001051   0.000000    -0.007365   0.000000   )
 (  0.000000   0.000000    -0.000000   0.000000    -0.000000   0.000000   )
 ( -0.000000   0.000000     0.000000   0.000000     0.000000   0.000000   )
 ( -0.000000   0.000000    -0.000000   0.000000    -0.000000   0.000000   )
 (  0.000000   0.000000     0.000000   0.000000     0.000000   0.000000   )
 (  0.001051   0.000000     0.001051   0.000000     0.007365   0.000000   )
 ( -0.001051   0.000000    -0.001051   0.000000     0.007365   0.000000   )
 ( -0.000000   0.000000    -0.000000   0.000000     0.000000   0.000000   )
 ( -0.000000   0.000000     0.000000   0.000000    -0.000000   0.000000   )
 ( -0.000000   0.000000    -0.000000   0.000000    -0.013061   0.000000   )
 ( -0.000000   0.000000     0.000000   0.000000     0.000000   0.000000   )
 ( -0.000000   0.000000     0.000000   0.000000     0.013061   0.000000   )
 (  0.000000   0.000000    -0.000000   0.000000     0.013061   0.000000   )
 (  0.000000   0.000000    -0.000000   0.000000     0.000000   0.000000   )
 (  0.000000   0.000000    -0.000000   0.000000    -0.000000   0.000000   )
 (  0.000000   0.000000    -0.000000   0.000000    -0.013061   0.000000   )
 ( -0.000000   0.000000     0.254816   0.000000    -0.000000   0.000000   )
 (  0.000000   0.000000     0.244800   0.000000     0.000000   0.000000   )
 (  0.000000   0.000000    -0.244800   0.000000    -0.000000   0.000000   )
 ( -0.000000   0.000000    -0.254816   0.000000     0.000000   0.000000   )
 ( -0.244800   0.000000     0.000000   0.000000    -0.000000   0.000000   )
 ( -0.254816   0.000000    -0.000000   0.000000     0.000000   0.000000   )
 (  0.254816   0.000000    -0.000000   0.000000    -0.000000   0.000000   )
 (  0.244800   0.000000     0.000000   0.000000     0.000000   0.000000   )
 (  0.254816   0.000000     0.000000   0.000000     0.000000   0.000000   )
 ( -0.254816   0.000000     0.000000   0.000000    -0.000000   0.000000   )
 (  0.000000   0.000000    -0.254816   0.000000    -0.000000   0.000000   )
 (  0.000000   0.000000     0.254816   0.000000     0.000000   0.000000   )
 ( -0.000000   0.000000     0.244800   0.000000    -0.000000   0.000000   )
 ( -0.000000   0.000000    -0.244800   0.000000     0.000000   0.000000   )
 ( -0.244800   0.000000    -0.000000   0.000000     0.000000   0.000000   )
 (  0.244800   0.000000    -0.000000   0.000000    -0.000000   0.000000   )
     freq (  117) =      14.961682 [THz] =     499.067982 [cm-1]
 ( -0.001014   0.000000    -0.001014   0.000000    -0.016443   0.000000   )
 ( -0.001014   0.000000    -0.001014   0.000000     0.016443   0.000000   )
 ( -0.000000   0.000000    -0.000000   0.000000     0.019319   0.000000   )
 (  0.000000   0.000000    -0.000000   0.000000    -0.019319   0.000000   )
 ( -0.001014   0.000000     0.001014   0.000000    -0.016443   0.000000   )
 ( -0.001014   0.000000     0.001014   0.000000     0.016443   0.000000   )
 (  0.001014   0.000000    -0.001014   0.000000    -0.016443   0.000000   )
 (  0.001014   0.000000    -0.001014   0.000000     0.016443   0.000000   )
 (  0.000000   0.000000    -0.000000   0.000000     0.011562   0.000000   )
 (  0.000000   0.000000    -0.000000   0.000000    -0.011562   0.000000   )
 (  0.000000   0.000000     0.000000   0.000000     0.011562   0.000000   )
 ( -0.000000   0.000000     0.000000   0.000000    -0.011562   0.000000   )
 (  0.001014   0.000000     0.001014   0.000000    -0.016443   0.000000   )
 (  0.001014   0.000000     0.001014   0.000000     0.016443   0.000000   )
 (  0.000000   0.000000    -0.000000   0.000000     0.020545   0.000000   )
 (  0.000000   0.000000     0.000000   0.000000    -0.020545   0.000000   )
 (  0.000727   0.000000     0.000727   0.000000     0.000000   0.000000   )
 (  0.000000   0.000000    -0.000000   0.000000    -0.000000   0.000000   )
 (  0.000727   0.000000    -0.000727   0.000000    -0.000000   0.000000   )
 ( -0.000727   0.000000     0.000727   0.000000    -0.000000   0.000000   )
 (  0.000000   0.000000    -0.000000   0.000000    -0.000000   0.000000   )
 ( -0.000000   0.000000    -0.000000   0.000000    -0.000000   0.000000   )
 ( -0.000727   0.000000    -0.000727   0.000000     0.000000   0.000000   )
 ( -0.108609   0.000000    -0.000000   0.000000     0.214493   0.000000   )
 (  0.130694   0.000000    -0.000000   0.000000    -0.222659   0.000000   )
 (  0.130694   0.000000     0.000000   0.000000     0.222659   0.000000   )
 ( -0.108609   0.000000     0.000000   0.000000    -0.214493   0.000000   )
 (  0.000000   0.000000     0.130694   0.000000     0.222659   0.000000   )
 (  0.000000   0.000000    -0.108609   0.000000    -0.214493   0.000000   )
 ( -0.000000   0.000000    -0.108609   0.000000     0.214493   0.000000   )
 ( -0.000000   0.000000     0.130694   0.000000    -0.222659   0.000000   )
 ( -0.000000   0.000000     0.108609   0.000000    -0.214493   0.000000   )
 (  0.000000   0.000000     0.108609   0.000000     0.214493   0.000000   )
 (  0.108609   0.000000     0.000000   0.000000     0.214493   0.000000   )
 (  0.108609   0.000000    -0.000000   0.000000    -0.214493   0.000000   )
 ( -0.130694   0.000000    -0.000000   0.000000     0.222659   0.000000   )
 ( -0.130694   0.000000     0.000000   0.000000    -0.222659   0.000000   )
 ( -0.000000   0.000000    -0.130694   0.000000    -0.222659   0.000000   )
 ( -0.000000   0.000000    -0.130694   0.000000     0.222659   0.000000   )
 **************************************************************************
