Attaching 20369 to 1060085.pbshpc
Attaching 25660 to 1060085.pbshpc
Attaching 25751 to 1060085.pbshpc
Attaching 27074 to 1060085.pbshpc
Attaching 19537 to 1060085.pbshpc
Attaching 15154 to 1060085.pbshpc
Attaching 28203 to 1060085.pbshpc

     Program PHONON v.7.3.1 starts on 21Sep2026 at 10:19: 8 

     This program is part of the open-source Quantum ESPRESSO suite
     for quantum simulation of materials; please cite
         "P. Giannozzi et al., J. Phys.:Condens. Matter 21 395502 (2009);
         "P. Giannozzi et al., J. Phys.:Condens. Matter 29 465901 (2017);
         "P. Giannozzi et al., J. Chem. Phys. 152 154105 (2020);
          URL http://www.quantum-espresso.org", 
     in publications or presentations arising from this work. More details at
     http://www.quantum-espresso.org/quote

     Parallel version (MPI & OpenMP), running on      64 processor cores
     Number of MPI processes:                64
     Threads/MPI process:                     1

     MPI processes distributed on     8 nodes
     38084 MiB available memory on the printing compute node when the environment starts
 
     Waiting for input...
     Reading input from standard input
      Title line not specified: using 'default'.

     Reading xml data from directory:

     ./out/ga.save/
 
     K-points division:     npool     =       2
     R & G space division:  proc/nbgrp/npool/nimage =      32
     Subspace diagonalization in iterative solution of the eigenvalue problem:
     one sub-group per band group will be used
     scalapack distributed-memory algorithm (size of sub-group:  2*  2 procs)


     IMPORTANT: XC functional enforced from input :
     Exchange-correlation= PZ
                           (   1   1   0   0   0   0   0)
     Any further DFT definition will be discarded
     Please, verify this is what you really want

 
     Parallelization info
     --------------------
     sticks:   dense  smooth     PW     G-vecs:    dense   smooth      PW
     Min         139     124     33                10889     9126    1293
     Max         141     125     34                10894     9131    1300
     Sum        4477    3985   1085               348561   292119   41525
 
     Using Slab Decomposition
 

     Check: negative core charge=   -0.000005
     Reading collected, re-writing distributed wavefunctions in ./out/
        1 /   1 q-points for this run, from  1 to  1:
       N       xq(1)         xq(2)         xq(3) 
       1   0.000000000   0.000000000   0.000000000
 

     Calculation of q =    0.0000000   0.0000000   0.0000000

     Restart in Phonon calculation

     default                                                                    

     bravais-lattice index     =            0
     lattice parameter (alat)  =      14.4170  a.u.
     unit-cell volume          =    4650.3612 (a.u.)^3
     number of atoms/cell      =           39
     number of atomic types    =            3
     kinetic-energy cut-off    =      60.0000  Ry
     charge density cut-off    =     270.0000  Ry
     convergence threshold     =      1.0E-14
     beta                      =       0.7000
     number of iterations used =            4
     Exchange-correlation= PZ
                           (   1   1   0   0   0   0   0)


     celldm(1)=   14.41697  celldm(2)=    0.00000  celldm(3)=    0.00000
     celldm(4)=    0.00000  celldm(5)=    0.00000  celldm(6)=    0.00000

     crystal axes: (cart. coord. in units of alat)
               a(1) = (  1.0000  0.0000  0.0000 )  
               a(2) = (  0.0000  1.0000  0.0000 )  
               a(3) = (  0.0000  0.0000  1.5519 )  

     reciprocal axes: (cart. coord. in units 2 pi/alat)
               b(1) = (  1.0000  0.0000  0.0000 )  
               b(2) = (  0.0000  1.0000  0.0000 )  
               b(3) = (  0.0000  0.0000  0.6444 )  


     Atoms inside the unit cell: 

     Cartesian axes

     site n.  atom      mass           positions (alat units)
        1  Bi    208.9804   tau(    1) = (    0.00115    0.00115    0.55275  )
        2  Bi    208.9804   tau(    2) = (    0.00115    0.00115    0.99915  )
        3  Bi    208.9804   tau(    3) = (    0.25000    0.25000    1.33099  )
        4  Bi    208.9804   tau(    4) = (    0.25000    0.25000    0.22092  )
        5  Bi    208.9804   tau(    5) = (    0.00115    0.49885    0.55275  )
        6  Bi    208.9804   tau(    6) = (    0.00115    0.49885    0.99915  )
        7  Bi    208.9804   tau(    7) = (    0.49885    0.00115    0.55275  )
        8  Bi    208.9804   tau(    8) = (    0.49885    0.00115    0.99915  )
        9  Bi    208.9804   tau(    9) = (    0.25000    0.75000    1.33039  )
       10  Bi    208.9804   tau(   10) = (    0.25000    0.75000    0.22151  )
       11  Bi    208.9804   tau(   11) = (    0.75000    0.25000    1.33039  )
       12  Bi    208.9804   tau(   12) = (    0.75000    0.25000    0.22151  )
       13  Bi    208.9804   tau(   13) = (    0.49885    0.49885    0.55275  )
       14  Bi    208.9804   tau(   14) = (    0.49885    0.49885    0.99915  )
       15  Bi    208.9804   tau(   15) = (    0.75000    0.75000    1.33094  )
       16  Bi    208.9804   tau(   16) = (    0.75000    0.75000    0.22097  )
       17  Se     78.9600   tau(   17) = (    0.00037    0.00037    0.00000  )
       18  Se     78.9600   tau(   18) = (    0.25000    0.25000    0.77595  )
       19  Se     78.9600   tau(   19) = (    0.00037    0.49963    0.00000  )
       20  Se     78.9600   tau(   20) = (    0.49963    0.00037    0.00000  )
       21  Se     78.9600   tau(   21) = (    0.25000    0.75000    0.77595  )
       22  Se     78.9600   tau(   22) = (    0.75000    0.25000    0.77595  )
       23  Se     78.9600   tau(   23) = (    0.49963    0.49963    0.00000  )
       24  O      15.9994   tau(   24) = (    0.00056    0.25000    0.39020  )
       25  O      15.9994   tau(   25) = (   -0.00125    0.75000    1.16289  )
       26  O      15.9994   tau(   26) = (   -0.00125    0.75000    0.38902  )
       27  O      15.9994   tau(   27) = (    0.00056    0.25000    1.16171  )
       28  O      15.9994   tau(   28) = (    0.75000   -0.00125    0.38902  )
       29  O      15.9994   tau(   29) = (    0.25000    0.00056    1.16171  )
       30  O      15.9994   tau(   30) = (    0.25000    0.00056    0.39020  )
       31  O      15.9994   tau(   31) = (    0.75000   -0.00125    1.16289  )
       32  O      15.9994   tau(   32) = (    0.25000    0.49944    1.16171  )
       33  O      15.9994   tau(   33) = (    0.25000    0.49944    0.39020  )
       34  O      15.9994   tau(   34) = (    0.49944    0.25000    0.39020  )
       35  O      15.9994   tau(   35) = (    0.49944    0.25000    1.16171  )
       36  O      15.9994   tau(   36) = (    0.50125    0.75000    0.38902  )
       37  O      15.9994   tau(   37) = (    0.50125    0.75000    1.16289  )
       38  O      15.9994   tau(   38) = (    0.75000    0.50125    1.16289  )
       39  O      15.9994   tau(   39) = (    0.75000    0.50125    0.38902  )

     Computing dynamical matrix for 
                    q = (   0.0000000   0.0000000   0.0000000 )
 
     17 Sym.Ops. (with q -> -q+G )


     G cutoff = 1421.5164  (  10894 G-vectors)     FFT grid: ( 80, 80,120)
     G cutoff = 1263.5701  (   9128 G-vectors)  smooth grid: ( 72, 72,120)
     number of k points=    40
                       cart. coord. in units 2pi/alat
        k(    1) = (   0.0000000   0.0000000   0.0000000), wk =   0.0092593
        k(    2) = (   0.0000000   0.0000000   0.1073949), wk =   0.0185185
        k(    3) = (   0.0000000   0.0000000   0.2147899), wk =   0.0185185
        k(    4) = (   0.0000000   0.0000000  -0.3221848), wk =   0.0092593
        k(    5) = (   0.0000000   0.1666667   0.0000000), wk =   0.0370370
        k(    6) = (   0.0000000   0.1666667   0.1073949), wk =   0.0740741
        k(    7) = (   0.0000000   0.1666667   0.2147899), wk =   0.0740741
        k(    8) = (   0.0000000   0.1666667  -0.3221848), wk =   0.0370370
        k(    9) = (   0.0000000   0.3333333   0.0000000), wk =   0.0370370
        k(   10) = (   0.0000000   0.3333333   0.1073949), wk =   0.0740741
        k(   11) = (   0.0000000   0.3333333   0.2147899), wk =   0.0740741
        k(   12) = (   0.0000000   0.3333333  -0.3221848), wk =   0.0370370
        k(   13) = (   0.0000000  -0.5000000   0.0000000), wk =   0.0185185
        k(   14) = (   0.0000000  -0.5000000   0.1073949), wk =   0.0370370
        k(   15) = (   0.0000000  -0.5000000   0.2147899), wk =   0.0370370
        k(   16) = (   0.0000000  -0.5000000  -0.3221848), wk =   0.0185185
        k(   17) = (   0.1666667   0.1666667   0.0000000), wk =   0.0370370
        k(   18) = (   0.1666667   0.1666667   0.1073949), wk =   0.0740741
        k(   19) = (   0.1666667   0.1666667   0.2147899), wk =   0.0740741
        k(   20) = (   0.1666667   0.1666667  -0.3221848), wk =   0.0370370
        k(   21) = (   0.1666667   0.3333333   0.0000000), wk =   0.0740741
        k(   22) = (   0.1666667   0.3333333   0.1073949), wk =   0.1481481
        k(   23) = (   0.1666667   0.3333333   0.2147899), wk =   0.1481481
        k(   24) = (   0.1666667   0.3333333  -0.3221848), wk =   0.0740741
        k(   25) = (   0.1666667  -0.5000000   0.0000000), wk =   0.0370370
        k(   26) = (   0.1666667  -0.5000000   0.1073949), wk =   0.0740741
        k(   27) = (   0.1666667  -0.5000000   0.2147899), wk =   0.0740741
        k(   28) = (   0.1666667  -0.5000000  -0.3221848), wk =   0.0370370
        k(   29) = (   0.3333333   0.3333333   0.0000000), wk =   0.0370370
        k(   30) = (   0.3333333   0.3333333   0.1073949), wk =   0.0740741
        k(   31) = (   0.3333333   0.3333333   0.2147899), wk =   0.0740741
        k(   32) = (   0.3333333   0.3333333  -0.3221848), wk =   0.0370370
        k(   33) = (   0.3333333  -0.5000000   0.0000000), wk =   0.0370370
        k(   34) = (   0.3333333  -0.5000000   0.1073949), wk =   0.0740741
        k(   35) = (   0.3333333  -0.5000000   0.2147899), wk =   0.0740741
        k(   36) = (   0.3333333  -0.5000000  -0.3221848), wk =   0.0370370
        k(   37) = (  -0.5000000  -0.5000000   0.0000000), wk =   0.0092593
        k(   38) = (  -0.5000000  -0.5000000   0.1073949), wk =   0.0185185
        k(   39) = (  -0.5000000  -0.5000000   0.2147899), wk =   0.0185185
        k(   40) = (  -0.5000000  -0.5000000  -0.3221848), wk =   0.0092593

     PseudoPot. # 1 for Bi read from file:
     ./Bi.upf
     MD5 check sum: 6872f064adb6bc5e400c0fc6d475decc
     Pseudo is Norm-conserving + core correction, Zval = 15.0
     Generated using ONCVPSP code by D. R. Hamann
     Using radial grid of 1562 points,  6 beta functions with: 
                l(1) =   0
                l(2) =   0
                l(3) =   1
                l(4) =   1
                l(5) =   2
                l(6) =   2

     PseudoPot. # 2 for O  read from file:
     ./O.upf
     MD5 check sum: a1969bbd51a79f57ce766e937222aee4
     Pseudo is Norm-conserving + core correction, Zval =  6.0
     Generated using ONCVPSP code by D. R. Hamann
     Using radial grid of  936 points,  5 beta functions with: 
                l(1) =   0
                l(2) =   0
                l(3) =   1
                l(4) =   1
                l(5) =   2

     PseudoPot. # 3 for Se read from file:
     ./Se.upf
     MD5 check sum: 666d3fce17080e2232e5bf8193ff52c1
     Pseudo is Norm-conserving + core correction, Zval = 16.0
     Generated using ONCVPSP code by D. R. Hamann
     Using radial grid of 1214 points,  6 beta functions with: 
                l(1) =   0
                l(2) =   0
                l(3) =   1
                l(4) =   1
                l(5) =   2
                l(6) =   2

     Mode symmetry, D_4h(4/mmm) point group:


     Electric field:
     Dielectric constant
     Born effective charges as d Force / d E
     Raman tensor


     Atomic displacements:
     There are   85 irreducible representations

     Representation     1      1 modes -  Done

     Representation     2      1 modes -  Done

     Representation     3      1 modes -  Done

     Representation     4      1 modes -  Done

     Representation     5      1 modes -  Done

     Representation     6      1 modes -  Done

     Representation     7      1 modes -  Done

     Representation     8      1 modes -  Done

     Representation     9      1 modes -  Done

     Representation    10      1 modes -  Done

     Representation    11      1 modes -  Done

     Representation    12      1 modes -  Done

     Representation    13      1 modes -  Done

     Representation    14      1 modes -  Done

     Representation    15      1 modes -  Done

     Representation    16      1 modes -  Done

     Representation    17      1 modes -  Done

     Representation    18      1 modes -  Done

     Representation    19      1 modes -  Done

     Representation    20      1 modes -  Done

     Representation    21      1 modes -  Done

     Representation    22      1 modes -  Done

     Representation    23      1 modes -  Done

     Representation    24      1 modes -  Done

     Representation    25      1 modes -  Done

     Representation    26      1 modes -  Done

     Representation    27      2 modes -  Done

     Representation    28      2 modes -  Done

     Representation    29      2 modes -  Done

     Representation    30      2 modes -  Done

     Representation    31      2 modes -  Done

     Representation    32      2 modes -  Done

     Representation    33      2 modes -  Done

     Representation    34      2 modes -  Done

     Representation    35      2 modes -  Done

     Representation    36      2 modes -  Done

     Representation    37      2 modes -  Done

     Representation    38      2 modes -  Done

     Representation    39      2 modes -  Done

     Representation    40      2 modes -  Done

     Representation    41      1 modes -  Done

     Representation    42      1 modes -  Done

     Representation    43      1 modes -  Done

     Representation    44      1 modes -  Done

     Representation    45      1 modes -  Done

     Representation    46      1 modes -  Done

     Representation    47      1 modes -  Done

     Representation    48      1 modes -  Done

     Representation    49      1 modes -  Done

     Representation    50      1 modes -  Done

     Representation    51      1 modes -  Done

     Representation    52      1 modes -  Done

     Representation    53      1 modes -  Done

     Representation    54      1 modes -  Done

     Representation    55      1 modes -  Done

     Representation    56      1 modes -  Done

     Representation    57      1 modes -  Done

     Representation    58      1 modes -  Done

     Representation    59      1 modes -  Done

     Representation    60      1 modes -  Done

     Representation    61      1 modes -  Done

     Representation    62      1 modes -  Done

     Representation    63      1 modes -  Done

     Representation    64      1 modes -  Done

     Representation    65      1 modes -  Done

     Representation    66      1 modes -  Done

     Representation    67      1 modes -  Done

     Representation    68      2 modes -  Done

     Representation    69      2 modes -  Done

     Representation    70      2 modes -  Done

     Representation    71      2 modes -  Done

     Representation    72      2 modes -  Done

     Representation    73      2 modes -  Done

     Representation    74      2 modes -  Done

     Representation    75      2 modes -  Done

     Representation    76      2 modes -  Done

     Representation    77      2 modes -  Done

     Representation    78      2 modes -  Done

     Representation    79      2 modes -  Done

     Representation    80      2 modes -  Done

     Representation    81      2 modes -  Done

     Representation    82      2 modes -  Done

     Representation    83      2 modes -  To be done

     Representation    84      2 modes -  To be done

     Representation    85      2 modes -  To be done


     PHONON       :     10.42s CPU     25.80s WALL


          Dielectric constant in cartesian axis 

          (  -35569.779365709       0.000000000       0.000000000 )
          (       0.000000000  -35569.779365709       0.000000000 )
          (       0.000000000       0.000000000     323.036881173 )

          Effective charges (d Force / dE) in cartesian axis without acoustic sum rule applied (asr)

           atom    1  Bi    Mean Z*:      672.51783
      Ex  (     1005.15403      751.47067     -963.93736 )
      Ey  (      751.47067     1005.15403     -963.93736 )
      Ez  (       -3.25220       -3.25220        7.24543 )
           atom    2  Bi    Mean Z*:      672.51783
      Ex  (     1005.15403      751.47067      963.93736 )
      Ey  (      751.47067     1005.15403      963.93736 )
      Ez  (        3.25220        3.25220        7.24543 )
           atom    3  Bi    Mean Z*:      380.85612
      Ex  (      567.45103        0.00000        0.00000 )
      Ey  (        0.00000      567.45103        0.00000 )
      Ez  (        0.00000        0.00000        7.66630 )
           atom    4  Bi    Mean Z*:      380.85612
      Ex  (      567.45103        0.00000        0.00000 )
      Ey  (        0.00000      567.45103        0.00000 )
      Ez  (        0.00000        0.00000        7.66630 )
           atom    5  Bi    Mean Z*:      672.51783
      Ex  (     1005.15403     -751.47067     -963.93736 )
      Ey  (     -751.47067     1005.15403      963.93736 )
      Ez  (       -3.25220        3.25220        7.24543 )
           atom    6  Bi    Mean Z*:      672.51783
      Ex  (     1005.15403     -751.47067      963.93736 )
      Ey  (     -751.47067     1005.15403     -963.93736 )
      Ez  (        3.25220       -3.25220        7.24543 )
           atom    7  Bi    Mean Z*:      672.51783
      Ex  (     1005.15403     -751.47067      963.93736 )
      Ey  (     -751.47067     1005.15403     -963.93736 )
      Ez  (        3.25220       -3.25220        7.24543 )
           atom    8  Bi    Mean Z*:      672.51783
      Ex  (     1005.15403     -751.47067     -963.93736 )
      Ey  (     -751.47067     1005.15403      963.93736 )
      Ez  (       -3.25220        3.25220        7.24543 )
           atom    9  Bi    Mean Z*:     -152.31876
      Ex  (      424.96063        0.00000        0.00000 )
      Ey  (       -0.00000     -890.85881        0.00000 )
      Ez  (        0.00000        0.00000        8.94191 )
           atom   10  Bi    Mean Z*:     -152.31876
      Ex  (      424.96063        0.00000        0.00000 )
      Ey  (        0.00000     -890.85881        0.00000 )
      Ez  (        0.00000        0.00000        8.94191 )
           atom   11  Bi    Mean Z*:     -152.31876
      Ex  (     -890.85881       -0.00000        0.00000 )
      Ey  (        0.00000      424.96063        0.00000 )
      Ez  (        0.00000        0.00000        8.94191 )
           atom   12  Bi    Mean Z*:     -152.31876
      Ex  (     -890.85881       -0.00000        0.00000 )
      Ey  (        0.00000      424.96063        0.00000 )
      Ez  (        0.00000        0.00000        8.94191 )
           atom   13  Bi    Mean Z*:      672.51783
      Ex  (     1005.15403      751.47067      963.93736 )
      Ey  (      751.47067     1005.15403      963.93736 )
      Ez  (        3.25220        3.25220        7.24543 )
           atom   14  Bi    Mean Z*:      672.51783
      Ex  (     1005.15403      751.47067     -963.93736 )
      Ey  (      751.47067     1005.15403     -963.93736 )
      Ez  (       -3.25220       -3.25220        7.24543 )
           atom   15  Bi    Mean Z*:     -146.52789
      Ex  (     -225.22328        0.00000        0.00000 )
      Ey  (        0.00000     -225.22328        0.00000 )
      Ez  (        0.00000        0.00000       10.86289 )
           atom   16  Bi    Mean Z*:     -146.52789
      Ex  (     -225.22328        0.00000        0.00000 )
      Ey  (        0.00000     -225.22328        0.00000 )
      Ez  (        0.00000        0.00000       10.86289 )
           atom   17  Se    Mean Z*:      -20.42072
      Ex  (      -27.48093       -1.66047        0.00000 )
      Ey  (       -1.66047      -27.48093        0.00000 )
      Ez  (        0.00000       -0.00000       -6.30028 )
           atom   18  Se    Mean Z*:     -197.96489
      Ex  (     -295.69600        0.00000        0.00000 )
      Ey  (        0.00000     -295.69600        0.00000 )
      Ez  (        0.00000        0.00000       -2.50266 )
           atom   19  Se    Mean Z*:      -20.42072
      Ex  (      -27.48093        1.66047        0.00000 )
      Ey  (        1.66047      -27.48093       -0.00000 )
      Ez  (        0.00000       -0.00000       -6.30028 )
           atom   20  Se    Mean Z*:      -20.42072
      Ex  (      -27.48093        1.66047       -0.00000 )
      Ey  (        1.66047      -27.48093       -0.00000 )
      Ez  (        0.00000        0.00000       -6.30028 )
           atom   21  Se    Mean Z*:     -449.02920
      Ex  (    -1393.21501        0.00000        0.00000 )
      Ey  (        0.00000       46.66670        0.00000 )
      Ez  (        0.00000        0.00000       -0.53930 )
           atom   22  Se    Mean Z*:     -449.02920
      Ex  (       46.66670        0.00000        0.00000 )
      Ey  (        0.00000    -1393.21501        0.00000 )
      Ez  (        0.00000        0.00000       -0.53930 )
           atom   23  Se    Mean Z*:      -20.42072
      Ex  (      -27.48093       -1.66047        0.00000 )
      Ey  (       -1.66047      -27.48093       -0.00000 )
      Ez  (        0.00000        0.00000       -6.30028 )
           atom   24  O     Mean Z*:     -775.53078
      Ex  (      152.00582        0.00000      630.96326 )
      Ey  (        0.00000    -2473.09726        0.00000 )
      Ez  (       -0.72180       -0.00000       -5.50090 )
           atom   25  O     Mean Z*:      265.15721
      Ex  (     -230.80190        0.00000     -197.71935 )
      Ey  (       -0.00000     1033.55004       -0.00000 )
      Ez  (       -3.01733        0.00000       -7.27652 )
           atom   26  O     Mean Z*:      265.15721
      Ex  (     -230.80190        0.00000      197.71935 )
      Ey  (        0.00000     1033.55004        0.00000 )
      Ez  (        3.01733        0.00000       -7.27652 )
           atom   27  O     Mean Z*:     -775.53078
      Ex  (      152.00582       -0.00000     -630.96326 )
      Ey  (       -0.00000    -2473.09726        0.00000 )
      Ez  (        0.72180        0.00000       -5.50090 )
           atom   28  O     Mean Z*:      265.15721
      Ex  (     1033.55004       -0.00000       -0.00000 )
      Ey  (        0.00000     -230.80190      197.71935 )
      Ez  (        0.00000        3.01733       -7.27652 )
           atom   29  O     Mean Z*:     -775.53078
      Ex  (    -2473.09726        0.00000        0.00000 )
      Ey  (        0.00000      152.00582     -630.96326 )
      Ez  (        0.00000        0.72180       -5.50090 )
           atom   30  O     Mean Z*:     -775.53078
      Ex  (    -2473.09726        0.00000        0.00000 )
      Ey  (       -0.00000      152.00582      630.96326 )
      Ez  (       -0.00000       -0.72180       -5.50090 )
           atom   31  O     Mean Z*:      265.15721
      Ex  (     1033.55004        0.00000       -0.00000 )
      Ey  (        0.00000     -230.80190     -197.71935 )
      Ez  (       -0.00000       -3.01733       -7.27652 )
           atom   32  O     Mean Z*:     -775.53078
      Ex  (    -2473.09726        0.00000        0.00000 )
      Ey  (        0.00000      152.00582      630.96326 )
      Ez  (        0.00000       -0.72180       -5.50090 )
           atom   33  O     Mean Z*:     -775.53078
      Ex  (    -2473.09726        0.00000       -0.00000 )
      Ey  (       -0.00000      152.00582     -630.96326 )
      Ez  (        0.00000        0.72180       -5.50090 )
           atom   34  O     Mean Z*:     -775.53078
      Ex  (      152.00582        0.00000     -630.96326 )
      Ey  (       -0.00000    -2473.09726        0.00000 )
      Ez  (        0.72180       -0.00000       -5.50090 )
           atom   35  O     Mean Z*:     -775.53078
      Ex  (      152.00582        0.00000      630.96326 )
      Ey  (        0.00000    -2473.09726       -0.00000 )
      Ez  (       -0.72180       -0.00000       -5.50090 )
           atom   36  O     Mean Z*:      265.15721
      Ex  (     -230.80190       -0.00000     -197.71935 )
      Ey  (        0.00000     1033.55004        0.00000 )
      Ez  (       -3.01733       -0.00000       -7.27652 )
           atom   37  O     Mean Z*:      265.15721
      Ex  (     -230.80190        0.00000      197.71935 )
      Ey  (       -0.00000     1033.55004        0.00000 )
      Ez  (        3.01733        0.00000       -7.27652 )
           atom   38  O     Mean Z*:      265.15721
      Ex  (     1033.55004        0.00000        0.00000 )
      Ey  (       -0.00000     -230.80190      197.71935 )
      Ez  (        0.00000        3.01733       -7.27652 )
           atom   39  O     Mean Z*:      265.15721
      Ex  (     1033.55004        0.00000        0.00000 )
      Ey  (       -0.00000     -230.80190     -197.71935 )
      Ez  (        0.00000       -3.01733       -7.27652 )

          Effective charges Sum: Mean:      -21.17068
            -31.64988        0.00000        0.00000
              0.00000      -31.64988       -0.00000
             -0.00000        0.00000       -0.21227

          Effective charges (d Force / dE) in cartesian axis with asr applied: 
           atom    1  Bi    Mean Z*:      673.06067
      E*x (     1005.96556      751.47067     -963.93736 )
      E*y (      751.47067     1005.96556     -963.93736 )
      E*z (       -3.25220       -3.25220        7.25087 )
           atom    2  Bi    Mean Z*:      673.06067
      E*x (     1005.96556      751.47067      963.93736 )
      E*y (      751.47067     1005.96556      963.93736 )
      E*z (        3.25220        3.25220        7.25087 )
           atom    3  Bi    Mean Z*:      381.39896
      E*x (      568.26256       -0.00000        0.00000 )
      E*y (       -0.00000      568.26256       -0.00000 )
      E*z (       -0.00000        0.00000        7.67174 )
           atom    4  Bi    Mean Z*:      381.39896
      E*x (      568.26256       -0.00000        0.00000 )
      E*y (       -0.00000      568.26256       -0.00000 )
      E*z (       -0.00000        0.00000        7.67174 )
           atom    5  Bi    Mean Z*:      673.06067
      E*x (     1005.96556     -751.47067     -963.93736 )
      E*y (     -751.47067     1005.96556      963.93736 )
      E*z (       -3.25220        3.25220        7.25087 )
           atom    6  Bi    Mean Z*:      673.06067
      E*x (     1005.96556     -751.47067      963.93736 )
      E*y (     -751.47067     1005.96556     -963.93736 )
      E*z (        3.25220       -3.25220        7.25087 )
           atom    7  Bi    Mean Z*:      673.06067
      E*x (     1005.96556     -751.47067      963.93736 )
      E*y (     -751.47067     1005.96556     -963.93736 )
      E*z (        3.25220       -3.25220        7.25087 )
           atom    8  Bi    Mean Z*:      673.06067
      E*x (     1005.96556     -751.47067     -963.93736 )
      E*y (     -751.47067     1005.96556      963.93736 )
      E*z (       -3.25220        3.25220        7.25087 )
           atom    9  Bi    Mean Z*:     -151.77592
      E*x (      425.77216       -0.00000        0.00000 )
      E*y (       -0.00000     -890.04728       -0.00000 )
      E*z (       -0.00000        0.00000        8.94735 )
           atom   10  Bi    Mean Z*:     -151.77592
      E*x (      425.77216       -0.00000        0.00000 )
      E*y (       -0.00000     -890.04728       -0.00000 )
      E*z (       -0.00000        0.00000        8.94735 )
           atom   11  Bi    Mean Z*:     -151.77592
      E*x (     -890.04728       -0.00000        0.00000 )
      E*y (       -0.00000      425.77216       -0.00000 )
      E*z (       -0.00000        0.00000        8.94735 )
           atom   12  Bi    Mean Z*:     -151.77592
      E*x (     -890.04728       -0.00000        0.00000 )
      E*y (       -0.00000      425.77216       -0.00000 )
      E*z (       -0.00000        0.00000        8.94735 )
           atom   13  Bi    Mean Z*:      673.06067
      E*x (     1005.96556      751.47067      963.93736 )
      E*y (      751.47067     1005.96556      963.93736 )
      E*z (        3.25220        3.25220        7.25087 )
           atom   14  Bi    Mean Z*:      673.06067
      E*x (     1005.96556      751.47067     -963.93736 )
      E*y (      751.47067     1005.96556     -963.93736 )
      E*z (       -3.25220       -3.25220        7.25087 )
           atom   15  Bi    Mean Z*:     -145.98505
      E*x (     -224.41175       -0.00000        0.00000 )
      E*y (       -0.00000     -224.41175       -0.00000 )
      E*z (       -0.00000        0.00000       10.86834 )
           atom   16  Bi    Mean Z*:     -145.98505
      E*x (     -224.41175       -0.00000        0.00000 )
      E*y (       -0.00000     -224.41175       -0.00000 )
      E*z (       -0.00000        0.00000       10.86834 )
           atom   17  Se    Mean Z*:      -19.87788
      E*x (      -26.66940       -1.66047        0.00000 )
      E*y (       -1.66047      -26.66940       -0.00000 )
      E*z (       -0.00000        0.00000       -6.29484 )
           atom   18  Se    Mean Z*:     -197.42205
      E*x (     -294.88446       -0.00000        0.00000 )
      E*y (       -0.00000     -294.88446       -0.00000 )
      E*z (       -0.00000        0.00000       -2.49722 )
           atom   19  Se    Mean Z*:      -19.87788
      E*x (      -26.66940        1.66047        0.00000 )
      E*y (        1.66047      -26.66940       -0.00000 )
      E*z (       -0.00000        0.00000       -6.29484 )
           atom   20  Se    Mean Z*:      -19.87788
      E*x (      -26.66940        1.66047        0.00000 )
      E*y (        1.66047      -26.66940       -0.00000 )
      E*z (       -0.00000        0.00000       -6.29484 )
           atom   21  Se    Mean Z*:     -448.48636
      E*x (    -1392.40347       -0.00000        0.00000 )
      E*y (       -0.00000       47.47823       -0.00000 )
      E*z (       -0.00000        0.00000       -0.53385 )
           atom   22  Se    Mean Z*:     -448.48636
      E*x (       47.47823       -0.00000        0.00000 )
      E*y (       -0.00000    -1392.40347       -0.00000 )
      E*z (       -0.00000        0.00000       -0.53385 )
           atom   23  Se    Mean Z*:      -19.87788
      E*x (      -26.66940       -1.66047        0.00000 )
      E*y (       -1.66047      -26.66940       -0.00000 )
      E*z (       -0.00000        0.00000       -6.29484 )
           atom   24  O     Mean Z*:     -774.98794
      E*x (      152.81735       -0.00000      630.96326 )
      E*y (       -0.00000    -2472.28572       -0.00000 )
      E*z (       -0.72180        0.00000       -5.49545 )
           atom   25  O     Mean Z*:      265.70004
      E*x (     -229.99036       -0.00000     -197.71935 )
      E*y (       -0.00000     1034.36158       -0.00000 )
      E*z (       -3.01733        0.00000       -7.27108 )
           atom   26  O     Mean Z*:      265.70004
      E*x (     -229.99036       -0.00000      197.71935 )
      E*y (       -0.00000     1034.36158       -0.00000 )
      E*z (        3.01733        0.00000       -7.27108 )
           atom   27  O     Mean Z*:     -774.98794
      E*x (      152.81735       -0.00000     -630.96326 )
      E*y (       -0.00000    -2472.28572       -0.00000 )
      E*z (        0.72180        0.00000       -5.49545 )
           atom   28  O     Mean Z*:      265.70004
      E*x (     1034.36158       -0.00000        0.00000 )
      E*y (       -0.00000     -229.99036      197.71935 )
      E*z (       -0.00000        3.01733       -7.27108 )
           atom   29  O     Mean Z*:     -774.98794
      E*x (    -2472.28572       -0.00000        0.00000 )
      E*y (       -0.00000      152.81735     -630.96326 )
      E*z (        0.00000        0.72180       -5.49545 )
           atom   30  O     Mean Z*:     -774.98794
      E*x (    -2472.28572       -0.00000        0.00000 )
      E*y (       -0.00000      152.81735      630.96326 )
      E*z (       -0.00000       -0.72180       -5.49545 )
           atom   31  O     Mean Z*:      265.70004
      E*x (     1034.36158       -0.00000        0.00000 )
      E*y (       -0.00000     -229.99036     -197.71935 )
      E*z (       -0.00000       -3.01733       -7.27108 )
           atom   32  O     Mean Z*:     -774.98794
      E*x (    -2472.28572       -0.00000        0.00000 )
      E*y (       -0.00000      152.81735      630.96326 )
      E*z (       -0.00000       -0.72180       -5.49545 )
           atom   33  O     Mean Z*:     -774.98794
      E*x (    -2472.28572       -0.00000        0.00000 )
      E*y (       -0.00000      152.81735     -630.96326 )
      E*z (       -0.00000        0.72180       -5.49545 )
           atom   34  O     Mean Z*:     -774.98794
      E*x (      152.81735       -0.00000     -630.96326 )
      E*y (       -0.00000    -2472.28572       -0.00000 )
      E*z (        0.72180        0.00000       -5.49545 )
           atom   35  O     Mean Z*:     -774.98794
      E*x (      152.81735       -0.00000      630.96326 )
      E*y (       -0.00000    -2472.28572       -0.00000 )
      E*z (       -0.72180        0.00000       -5.49545 )
           atom   36  O     Mean Z*:      265.70004
      E*x (     -229.99036       -0.00000     -197.71935 )
      E*y (       -0.00000     1034.36158       -0.00000 )
      E*z (       -3.01733        0.00000       -7.27108 )
           atom   37  O     Mean Z*:      265.70004
      E*x (     -229.99036       -0.00000      197.71935 )
      E*y (       -0.00000     1034.36158       -0.00000 )
      E*z (        3.01733        0.00000       -7.27108 )
           atom   38  O     Mean Z*:      265.70004
      E*x (     1034.36158       -0.00000        0.00000 )
      E*y (       -0.00000     -229.99036      197.71935 )
      E*z (        0.00000        3.01733       -7.27108 )
           atom   39  O     Mean Z*:      265.70004
      E*x (     1034.36158       -0.00000        0.00000 )
      E*y (       -0.00000     -229.99036     -197.71935 )
      E*z (       -0.00000       -3.01733       -7.27108 )

     Raman tensor (A^2)

     atom #    1    pol.  1
      0.299601198334E+10     -0.939962564210E+09      0.187474401444E+09
     -0.939962564210E+09      0.215762366096E+08      0.210185586646E+09
      0.187474401444E+09      0.210185586646E+09      0.163620530605E+05
     atom #    1    pol.  2
      0.215762366096E+08     -0.939962564210E+09      0.210185586646E+09
     -0.939962564210E+09      0.299601198334E+10      0.187474401444E+09
      0.210185586646E+09      0.187474401444E+09      0.163620530605E+05
     atom #    1    pol.  3
     -0.952610028513E+09      0.175142881406E+10     -0.183033470386E+09
      0.175142881406E+10     -0.952610028513E+09     -0.183033470386E+09
     -0.183033470386E+09     -0.183033470386E+09     -0.149187470460E+06
     atom #    2    pol.  1
      0.299601198334E+10     -0.939962564210E+09     -0.187474401444E+09
     -0.939962564210E+09      0.215762366096E+08     -0.210185586646E+09
     -0.187474401444E+09     -0.210185586646E+09      0.163620530605E+05
     atom #    2    pol.  2
      0.215762366096E+08     -0.939962564210E+09     -0.210185586646E+09
     -0.939962564210E+09      0.299601198334E+10     -0.187474401444E+09
     -0.210185586646E+09     -0.187474401444E+09      0.163620530605E+05
     atom #    2    pol.  3
      0.952610028513E+09     -0.175142881406E+10     -0.183033470386E+09
     -0.175142881406E+10      0.952610028513E+09     -0.183033470386E+09
     -0.183033470386E+09     -0.183033470386E+09      0.149187470460E+06
     atom #    3    pol.  1
      0.000000000000E+00      0.000000000000E+00     -0.192174231874E+09
      0.000000000000E+00      0.000000000000E+00      0.000000000000E+00
     -0.192174231874E+09      0.000000000000E+00      0.000000000000E+00
     atom #    3    pol.  2
      0.000000000000E+00      0.000000000000E+00      0.000000000000E+00
      0.000000000000E+00      0.000000000000E+00     -0.192174231874E+09
      0.000000000000E+00     -0.192174231874E+09      0.000000000000E+00
     atom #    3    pol.  3
      0.118550032840E+10      0.000000000000E+00      0.000000000000E+00
      0.000000000000E+00      0.118550032840E+10      0.000000000000E+00
      0.000000000000E+00      0.000000000000E+00      0.215471059641E+05
     atom #    4    pol.  1
      0.000000000000E+00      0.000000000000E+00      0.192174231874E+09
      0.000000000000E+00      0.000000000000E+00      0.000000000000E+00
      0.192174231874E+09      0.000000000000E+00      0.000000000000E+00
     atom #    4    pol.  2
      0.000000000000E+00      0.000000000000E+00      0.000000000000E+00
      0.000000000000E+00      0.000000000000E+00      0.192174231874E+09
      0.000000000000E+00      0.192174231874E+09      0.000000000000E+00
     atom #    4    pol.  3
     -0.118550032840E+10      0.000000000000E+00      0.000000000000E+00
      0.000000000000E+00     -0.118550032840E+10      0.000000000000E+00
      0.000000000000E+00      0.000000000000E+00     -0.215471059641E+05
     atom #    5    pol.  1
      0.299601198334E+10      0.939962564210E+09      0.187474401444E+09
      0.939962564210E+09      0.215762366096E+08     -0.210185586646E+09
      0.187474401444E+09     -0.210185586646E+09      0.163620530605E+05
     atom #    5    pol.  2
     -0.215762366096E+08     -0.939962564210E+09     -0.210185586646E+09
     -0.939962564210E+09     -0.299601198334E+10      0.187474401444E+09
     -0.210185586646E+09      0.187474401444E+09     -0.163620530605E+05
     atom #    5    pol.  3
     -0.952610028513E+09     -0.175142881406E+10     -0.183033470386E+09
     -0.175142881406E+10     -0.952610028513E+09      0.183033470386E+09
     -0.183033470386E+09      0.183033470386E+09     -0.149187470460E+06
     atom #    6    pol.  1
      0.299601198334E+10      0.939962564210E+09     -0.187474401444E+09
      0.939962564210E+09      0.215762366096E+08      0.210185586646E+09
     -0.187474401444E+09      0.210185586646E+09      0.163620530605E+05
     atom #    6    pol.  2
     -0.215762366096E+08     -0.939962564210E+09      0.210185586646E+09
     -0.939962564210E+09     -0.299601198334E+10     -0.187474401444E+09
      0.210185586646E+09     -0.187474401444E+09     -0.163620530605E+05
     atom #    6    pol.  3
      0.952610028513E+09      0.175142881406E+10     -0.183033470386E+09
      0.175142881406E+10      0.952610028513E+09      0.183033470386E+09
     -0.183033470386E+09      0.183033470386E+09      0.149187470460E+06
     atom #    7    pol.  1
     -0.299601198334E+10     -0.939962564210E+09      0.187474401444E+09
     -0.939962564210E+09     -0.215762366096E+08     -0.210185586646E+09
      0.187474401444E+09     -0.210185586646E+09     -0.163620530605E+05
     atom #    7    pol.  2
      0.215762366096E+08      0.939962564210E+09     -0.210185586646E+09
      0.939962564210E+09      0.299601198334E+10      0.187474401444E+09
     -0.210185586646E+09      0.187474401444E+09      0.163620530605E+05
     atom #    7    pol.  3
     -0.952610028513E+09     -0.175142881406E+10      0.183033470386E+09
     -0.175142881406E+10     -0.952610028513E+09     -0.183033470386E+09
      0.183033470386E+09     -0.183033470386E+09     -0.149187470460E+06
     atom #    8    pol.  1
     -0.299601198334E+10     -0.939962564210E+09     -0.187474401444E+09
     -0.939962564210E+09     -0.215762366096E+08      0.210185586646E+09
     -0.187474401444E+09      0.210185586646E+09     -0.163620530605E+05
     atom #    8    pol.  2
      0.215762366096E+08      0.939962564210E+09      0.210185586646E+09
      0.939962564210E+09      0.299601198334E+10     -0.187474401444E+09
      0.210185586646E+09     -0.187474401444E+09      0.163620530605E+05
     atom #    8    pol.  3
      0.952610028513E+09      0.175142881406E+10      0.183033470386E+09
      0.175142881406E+10      0.952610028513E+09     -0.183033470386E+09
      0.183033470386E+09     -0.183033470386E+09      0.149187470460E+06
     atom #    9    pol.  1
      0.000000000000E+00      0.000000000000E+00     -0.190499569490E+09
      0.000000000000E+00      0.000000000000E+00      0.000000000000E+00
     -0.190499569490E+09      0.000000000000E+00      0.000000000000E+00
     atom #    9    pol.  2
      0.000000000000E+00      0.000000000000E+00      0.000000000000E+00
      0.000000000000E+00      0.000000000000E+00      0.228197053953E+09
      0.000000000000E+00      0.228197053953E+09      0.000000000000E+00
     atom #    9    pol.  3
      0.571098913361E+09      0.000000000000E+00      0.000000000000E+00
      0.000000000000E+00      0.977351276130E+08      0.000000000000E+00
      0.000000000000E+00      0.000000000000E+00      0.136853170033E+06
     atom #   10    pol.  1
      0.000000000000E+00      0.000000000000E+00      0.190499569490E+09
      0.000000000000E+00      0.000000000000E+00      0.000000000000E+00
      0.190499569490E+09      0.000000000000E+00      0.000000000000E+00
     atom #   10    pol.  2
      0.000000000000E+00      0.000000000000E+00      0.000000000000E+00
      0.000000000000E+00      0.000000000000E+00     -0.228197053953E+09
      0.000000000000E+00     -0.228197053953E+09      0.000000000000E+00
     atom #   10    pol.  3
     -0.571098913361E+09      0.000000000000E+00      0.000000000000E+00
      0.000000000000E+00     -0.977351276130E+08      0.000000000000E+00
      0.000000000000E+00      0.000000000000E+00     -0.136853170033E+06
     atom #   11    pol.  1
      0.000000000000E+00      0.000000000000E+00      0.228197053953E+09
      0.000000000000E+00      0.000000000000E+00      0.000000000000E+00
      0.228197053953E+09      0.000000000000E+00      0.000000000000E+00
     atom #   11    pol.  2
      0.000000000000E+00      0.000000000000E+00      0.000000000000E+00
      0.000000000000E+00      0.000000000000E+00     -0.190499569490E+09
      0.000000000000E+00     -0.190499569490E+09      0.000000000000E+00
     atom #   11    pol.  3
      0.977351276130E+08      0.000000000000E+00      0.000000000000E+00
      0.000000000000E+00      0.571098913361E+09      0.000000000000E+00
      0.000000000000E+00      0.000000000000E+00      0.136853170033E+06
     atom #   12    pol.  1
      0.000000000000E+00      0.000000000000E+00     -0.228197053953E+09
      0.000000000000E+00      0.000000000000E+00      0.000000000000E+00
     -0.228197053953E+09      0.000000000000E+00      0.000000000000E+00
     atom #   12    pol.  2
      0.000000000000E+00      0.000000000000E+00      0.000000000000E+00
      0.000000000000E+00      0.000000000000E+00      0.190499569490E+09
      0.000000000000E+00      0.190499569490E+09      0.000000000000E+00
     atom #   12    pol.  3
     -0.977351276130E+08      0.000000000000E+00      0.000000000000E+00
      0.000000000000E+00     -0.571098913361E+09      0.000000000000E+00
      0.000000000000E+00      0.000000000000E+00     -0.136853170033E+06
     atom #   13    pol.  1
     -0.299601198334E+10      0.939962564210E+09      0.187474401444E+09
      0.939962564210E+09     -0.215762366096E+08      0.210185586646E+09
      0.187474401444E+09      0.210185586646E+09     -0.163620530605E+05
     atom #   13    pol.  2
     -0.215762366096E+08      0.939962564210E+09      0.210185586646E+09
      0.939962564210E+09     -0.299601198334E+10      0.187474401444E+09
      0.210185586646E+09      0.187474401444E+09     -0.163620530605E+05
     atom #   13    pol.  3
     -0.952610028513E+09      0.175142881406E+10      0.183033470386E+09
      0.175142881406E+10     -0.952610028513E+09      0.183033470386E+09
      0.183033470386E+09      0.183033470386E+09     -0.149187470460E+06
     atom #   14    pol.  1
     -0.299601198334E+10      0.939962564210E+09     -0.187474401444E+09
      0.939962564210E+09     -0.215762366096E+08     -0.210185586646E+09
     -0.187474401444E+09     -0.210185586646E+09     -0.163620530605E+05
     atom #   14    pol.  2
     -0.215762366096E+08      0.939962564210E+09     -0.210185586646E+09
      0.939962564210E+09     -0.299601198334E+10     -0.187474401444E+09
     -0.210185586646E+09     -0.187474401444E+09     -0.163620530605E+05
     atom #   14    pol.  3
      0.952610028513E+09     -0.175142881406E+10      0.183033470386E+09
     -0.175142881406E+10      0.952610028513E+09      0.183033470386E+09
      0.183033470386E+09      0.183033470386E+09      0.149187470460E+06
     atom #   15    pol.  1
      0.000000000000E+00      0.000000000000E+00      0.172064984109E+09
      0.000000000000E+00      0.000000000000E+00      0.000000000000E+00
      0.172064984109E+09      0.000000000000E+00      0.000000000000E+00
     atom #   15    pol.  2
      0.000000000000E+00      0.000000000000E+00      0.000000000000E+00
      0.000000000000E+00      0.000000000000E+00      0.172064984109E+09
      0.000000000000E+00      0.172064984109E+09      0.000000000000E+00
     atom #   15    pol.  3
      0.100397190836E+10      0.000000000000E+00      0.000000000000E+00
      0.000000000000E+00      0.100397190836E+10      0.000000000000E+00
      0.000000000000E+00      0.000000000000E+00      0.656474074874E+05
     atom #   16    pol.  1
      0.000000000000E+00      0.000000000000E+00     -0.172064984109E+09
      0.000000000000E+00      0.000000000000E+00      0.000000000000E+00
     -0.172064984109E+09      0.000000000000E+00      0.000000000000E+00
     atom #   16    pol.  2
      0.000000000000E+00      0.000000000000E+00      0.000000000000E+00
      0.000000000000E+00      0.000000000000E+00     -0.172064984109E+09
      0.000000000000E+00     -0.172064984109E+09      0.000000000000E+00
     atom #   16    pol.  3
     -0.100397190836E+10      0.000000000000E+00      0.000000000000E+00
      0.000000000000E+00     -0.100397190836E+10      0.000000000000E+00
      0.000000000000E+00      0.000000000000E+00     -0.656474074874E+05
     atom #   17    pol.  1
      0.286711618317E+09     -0.278680399742E+08      0.000000000000E+00
     -0.278680399742E+08     -0.136358746949E+09      0.000000000000E+00
      0.000000000000E+00      0.000000000000E+00     -0.125638223306E+05
     atom #   17    pol.  2
     -0.136358746949E+09     -0.278680399742E+08      0.000000000000E+00
     -0.278680399742E+08      0.286711618317E+09      0.000000000000E+00
      0.000000000000E+00      0.000000000000E+00     -0.125638223306E+05
     atom #   17    pol.  3
     -0.485852377972E-09      0.000000000000E+00      0.320374082732E+08
      0.000000000000E+00     -0.121463094493E-09      0.320374082732E+08
      0.320374082732E+08      0.320374082732E+08      0.369382077247E-13
     atom #   18    pol.  1
      0.000000000000E+00      0.000000000000E+00      0.000000000000E+00
      0.000000000000E+00      0.000000000000E+00      0.474465212864E-12
      0.000000000000E+00      0.474465212864E-12      0.000000000000E+00
     atom #   18    pol.  2
      0.000000000000E+00      0.000000000000E+00      0.126029822167E-12
      0.000000000000E+00      0.000000000000E+00      0.000000000000E+00
      0.126029822167E-12      0.000000000000E+00      0.000000000000E+00
     atom #   18    pol.  3
      0.000000000000E+00      0.000000000000E+00      0.000000000000E+00
      0.000000000000E+00      0.000000000000E+00      0.000000000000E+00
      0.000000000000E+00      0.000000000000E+00      0.000000000000E+00
     atom #   19    pol.  1
      0.286711618317E+09      0.278680399742E+08      0.000000000000E+00
      0.278680399742E+08     -0.136358746949E+09      0.000000000000E+00
      0.000000000000E+00      0.000000000000E+00     -0.125638223306E+05
     atom #   19    pol.  2
      0.136358746949E+09     -0.278680399742E+08      0.000000000000E+00
     -0.278680399742E+08     -0.286711618317E+09     -0.227743302175E-10
      0.000000000000E+00     -0.227743302175E-10      0.125638223306E+05
     atom #   19    pol.  3
      0.000000000000E+00      0.000000000000E+00      0.320374082732E+08
      0.000000000000E+00      0.000000000000E+00     -0.320374082732E+08
      0.320374082732E+08     -0.320374082732E+08     -0.246254718165E-13
     atom #   20    pol.  1
     -0.286711618317E+09     -0.278680399742E+08      0.000000000000E+00
     -0.278680399742E+08      0.136358746949E+09      0.000000000000E+00
      0.000000000000E+00      0.000000000000E+00      0.125638223306E+05
     atom #   20    pol.  2
     -0.136358746949E+09      0.278680399742E+08      0.000000000000E+00
      0.278680399742E+08      0.286711618317E+09     -0.227743302175E-10
      0.000000000000E+00     -0.227743302175E-10     -0.125638223306E+05
     atom #   20    pol.  3
      0.000000000000E+00      0.000000000000E+00     -0.320374082732E+08
      0.000000000000E+00      0.000000000000E+00      0.320374082732E+08
     -0.320374082732E+08      0.320374082732E+08     -0.246254718165E-13
     atom #   21    pol.  1
      0.000000000000E+00      0.000000000000E+00      0.000000000000E+00
      0.000000000000E+00      0.000000000000E+00     -0.142339563859E-11
      0.000000000000E+00     -0.142339563859E-11      0.000000000000E+00
     atom #   21    pol.  2
      0.000000000000E+00      0.000000000000E+00      0.237232606432E-12
      0.000000000000E+00      0.000000000000E+00      0.000000000000E+00
      0.237232606432E-12      0.000000000000E+00      0.000000000000E+00
     atom #   21    pol.  3
      0.000000000000E+00      0.000000000000E+00      0.000000000000E+00
      0.000000000000E+00      0.000000000000E+00      0.000000000000E+00
      0.000000000000E+00      0.000000000000E+00      0.000000000000E+00
     atom #   22    pol.  1
      0.000000000000E+00      0.000000000000E+00      0.000000000000E+00
      0.000000000000E+00      0.000000000000E+00      0.000000000000E+00
      0.000000000000E+00      0.000000000000E+00      0.000000000000E+00
     atom #   22    pol.  2
      0.000000000000E+00      0.000000000000E+00     -0.948930425727E-12
      0.000000000000E+00      0.000000000000E+00      0.000000000000E+00
     -0.948930425727E-12      0.000000000000E+00      0.000000000000E+00
     atom #   22    pol.  3
      0.000000000000E+00      0.000000000000E+00      0.000000000000E+00
      0.000000000000E+00      0.000000000000E+00      0.000000000000E+00
      0.000000000000E+00      0.000000000000E+00      0.000000000000E+00
     atom #   23    pol.  1
     -0.286711618317E+09      0.278680399742E+08      0.000000000000E+00
      0.278680399742E+08      0.136358746949E+09      0.000000000000E+00
      0.000000000000E+00      0.000000000000E+00      0.125638223306E+05
     atom #   23    pol.  2
      0.136358746949E+09      0.278680399742E+08      0.000000000000E+00
      0.278680399742E+08     -0.286711618317E+09      0.000000000000E+00
      0.000000000000E+00      0.000000000000E+00      0.125638223306E+05
     atom #   23    pol.  3
      0.242926188986E-09      0.000000000000E+00     -0.320374082732E+08
      0.000000000000E+00     -0.121463094493E-09     -0.320374082732E+08
     -0.320374082732E+08     -0.320374082732E+08      0.369382077247E-13
     atom #   24    pol.  1
     -0.599838000870E+09      0.000000000000E+00     -0.537334235354E+08
      0.000000000000E+00      0.527339809155E+09      0.000000000000E+00
     -0.537334235354E+08      0.000000000000E+00      0.385170465072E+04
     atom #   24    pol.  2
      0.000000000000E+00      0.443482081805E+09      0.000000000000E+00
      0.443482081805E+09      0.565497267213E-09     -0.553763148842E+09
      0.000000000000E+00     -0.553763148842E+09     -0.973371037183E-10
     atom #   24    pol.  3
     -0.640654964278E+09      0.000000000000E+00      0.298705621352E+09
      0.000000000000E+00      0.220688415061E+10      0.000000000000E+00
      0.298705621352E+09      0.000000000000E+00      0.274955313851E+05
     atom #   25    pol.  1
      0.868385346450E+09      0.000000000000E+00      0.254310072866E+08
      0.000000000000E+00     -0.179926883499E+10      0.000000000000E+00
      0.254310072866E+08      0.000000000000E+00     -0.347581416165E+05
     atom #   25    pol.  2
      0.000000000000E+00      0.500684437917E+09     -0.242926188986E-09
      0.500684437917E+09     -0.706871584016E-09     -0.226714263438E+09
     -0.242926188986E-09     -0.226714263438E+09     -0.520984713954E-10
     atom #   25    pol.  3
      0.361555899794E+09     -0.242926188986E-09      0.839480838403E+08
     -0.242926188986E-09     -0.122289587246E+10     -0.782671332607E-10
      0.839480838403E+08     -0.782671332607E-10     -0.127243077001E+06
     atom #   26    pol.  1
      0.868385346450E+09     -0.353435792008E-09     -0.254310072866E+08
     -0.353435792008E-09     -0.179926883499E+10      0.607315472465E-10
     -0.254310072866E+08      0.607315472465E-10     -0.347581416165E+05
     atom #   26    pol.  2
      0.000000000000E+00      0.500684437917E+09     -0.242926188986E-09
      0.500684437917E+09      0.753996356284E-09      0.226714263438E+09
     -0.242926188986E-09      0.226714263438E+09      0.520984713954E-10
     atom #   26    pol.  3
     -0.361555899794E+09     -0.121463094493E-09      0.839480838403E+08
     -0.121463094493E-09      0.122289587246E+10      0.000000000000E+00
      0.839480838403E+08      0.000000000000E+00      0.127243077001E+06
     atom #   27    pol.  1
     -0.599838000870E+09      0.376998178142E-09      0.537334235354E+08
      0.376998178142E-09      0.527339809155E+09      0.151828868116E-10
      0.537334235354E+08      0.151828868116E-10      0.385170465072E+04
     atom #   27    pol.  2
      0.113099453443E-08      0.443482081805E+09      0.000000000000E+00
      0.443482081805E+09     -0.612622039480E-09      0.553763148842E+09
      0.000000000000E+00      0.553763148842E+09      0.973371037183E-10
     atom #   27    pol.  3
      0.640654964278E+09     -0.182194641740E-09      0.298705621352E+09
     -0.182194641740E-09     -0.220688415061E+10      0.782671332607E-10
      0.298705621352E+09      0.782671332607E-10     -0.274955313851E+05
     atom #   28    pol.  1
      0.000000000000E+00      0.500684437917E+09      0.226714263438E+09
      0.500684437917E+09      0.000000000000E+00     -0.242926188986E-09
      0.226714263438E+09     -0.242926188986E-09      0.000000000000E+00
     atom #   28    pol.  2
     -0.179926883499E+10      0.188499089071E-09      0.303657736233E-10
      0.188499089071E-09      0.868385346450E+09     -0.254310072866E+08
      0.303657736233E-10     -0.254310072866E+08     -0.347581416165E+05
     atom #   28    pol.  3
      0.122289587246E+10     -0.242926188986E-09      0.000000000000E+00
     -0.242926188986E-09     -0.361555899794E+09      0.839480838403E+08
      0.000000000000E+00      0.839480838403E+08      0.127243077001E+06
     atom #   29    pol.  1
      0.000000000000E+00      0.443482081805E+09      0.553763148842E+09
      0.443482081805E+09      0.000000000000E+00     -0.607315472465E-10
      0.553763148842E+09     -0.607315472465E-10      0.000000000000E+00
     atom #   29    pol.  2
      0.527339809155E+09      0.942495445354E-10      0.151828868116E-10
      0.942495445354E-10     -0.599838000870E+09      0.537334235354E+08
      0.151828868116E-10      0.537334235354E+08      0.385170465072E+04
     atom #   29    pol.  3
     -0.220688415061E+10     -0.485852377972E-09     -0.782671332607E-10
     -0.485852377972E-09      0.640654964278E+09      0.298705621352E+09
     -0.782671332607E-10      0.298705621352E+09     -0.274955313851E+05
     atom #   30    pol.  1
      0.000000000000E+00      0.443482081805E+09     -0.553763148842E+09
      0.443482081805E+09     -0.329873405874E-09      0.000000000000E+00
     -0.553763148842E+09      0.000000000000E+00      0.000000000000E+00
     atom #   30    pol.  2
      0.527339809155E+09     -0.565497267213E-09     -0.151828868116E-10
     -0.565497267213E-09     -0.599838000870E+09     -0.537334235354E+08
     -0.151828868116E-10     -0.537334235354E+08      0.385170465072E+04
     atom #   30    pol.  3
      0.220688415061E+10     -0.121463094493E-09     -0.391335666304E-10
     -0.121463094493E-09     -0.640654964278E+09      0.298705621352E+09
     -0.391335666304E-10      0.298705621352E+09      0.274955313851E+05
     atom #   31    pol.  1
      0.150799271257E-08      0.500684437917E+09     -0.226714263438E+09
      0.500684437917E+09      0.000000000000E+00      0.121463094493E-09
     -0.226714263438E+09      0.121463094493E-09      0.000000000000E+00
     atom #   31    pol.  2
     -0.179926883499E+10      0.000000000000E+00      0.000000000000E+00
      0.000000000000E+00      0.868385346450E+09      0.254310072866E+08
      0.000000000000E+00      0.254310072866E+08     -0.347581416165E+05
     atom #   31    pol.  3
     -0.122289587246E+10      0.242926188986E-09     -0.391335666304E-10
      0.242926188986E-09      0.361555899794E+09      0.839480838403E+08
     -0.391335666304E-10      0.839480838403E+08     -0.127243077001E+06
     atom #   32    pol.  1
      0.000000000000E+00     -0.443482081805E+09      0.553763148842E+09
     -0.443482081805E+09      0.000000000000E+00      0.000000000000E+00
      0.553763148842E+09      0.000000000000E+00      0.000000000000E+00
     atom #   32    pol.  2
     -0.527339809155E+09     -0.753996356284E-09      0.151828868116E-10
     -0.753996356284E-09      0.599838000870E+09      0.537334235354E+08
      0.151828868116E-10      0.537334235354E+08     -0.385170465072E+04
     atom #   32    pol.  3
     -0.220688415061E+10      0.000000000000E+00      0.117400699891E-09
      0.000000000000E+00      0.640654964278E+09     -0.298705621352E+09
      0.117400699891E-09     -0.298705621352E+09     -0.274955313851E+05
     atom #   33    pol.  1
      0.000000000000E+00     -0.443482081805E+09     -0.553763148842E+09
     -0.443482081805E+09     -0.376998178142E-09     -0.607315472465E-10
     -0.553763148842E+09     -0.607315472465E-10      0.000000000000E+00
     atom #   33    pol.  2
     -0.527339809155E+09      0.188499089071E-09     -0.151828868116E-10
      0.188499089071E-09      0.599838000870E+09     -0.537334235354E+08
     -0.151828868116E-10     -0.537334235354E+08     -0.385170465072E+04
     atom #   33    pol.  3
      0.220688415061E+10      0.485852377972E-09      0.782671332607E-10
      0.485852377972E-09     -0.640654964278E+09     -0.298705621352E+09
      0.782671332607E-10     -0.298705621352E+09      0.274955313851E+05
     atom #   34    pol.  1
      0.599838000870E+09      0.376998178142E-09     -0.537334235354E+08
      0.376998178142E-09     -0.527339809155E+09     -0.151828868116E-10
     -0.537334235354E+08     -0.151828868116E-10     -0.385170465072E+04
     atom #   34    pol.  2
      0.000000000000E+00     -0.443482081805E+09      0.242926188986E-09
     -0.443482081805E+09     -0.612622039480E-09     -0.553763148842E+09
      0.242926188986E-09     -0.553763148842E+09      0.973371037183E-10
     atom #   34    pol.  3
     -0.640654964278E+09      0.242926188986E-09     -0.298705621352E+09
      0.242926188986E-09      0.220688415061E+10     -0.156534266521E-09
     -0.298705621352E+09     -0.156534266521E-09      0.274955313851E+05
     atom #   35    pol.  1
      0.599838000870E+09     -0.753996356284E-09      0.537334235354E+08
     -0.753996356284E-09     -0.527339809155E+09      0.000000000000E+00
      0.537334235354E+08      0.000000000000E+00     -0.385170465072E+04
     atom #   35    pol.  2
      0.376998178142E-09     -0.443482081805E+09      0.000000000000E+00
     -0.443482081805E+09      0.659746811748E-09      0.553763148842E+09
      0.000000000000E+00      0.553763148842E+09     -0.973371037183E-10
     atom #   35    pol.  3
      0.640654964278E+09      0.000000000000E+00     -0.298705621352E+09
      0.000000000000E+00     -0.220688415061E+10     -0.782671332607E-10
     -0.298705621352E+09     -0.782671332607E-10     -0.274955313851E+05
     atom #   36    pol.  1
     -0.868385346450E+09      0.000000000000E+00     -0.254310072866E+08
      0.000000000000E+00      0.179926883499E+10      0.607315472465E-10
     -0.254310072866E+08      0.607315472465E-10      0.347581416165E+05
     atom #   36    pol.  2
      0.000000000000E+00     -0.500684437917E+09     -0.242926188986E-09
     -0.500684437917E+09     -0.777558742417E-09      0.226714263438E+09
     -0.242926188986E-09      0.226714263438E+09     -0.521032484421E-10
     atom #   36    pol.  3
     -0.361555899794E+09     -0.242926188986E-09     -0.839480838403E+08
     -0.242926188986E-09      0.122289587246E+10      0.000000000000E+00
     -0.839480838403E+08      0.000000000000E+00      0.127243077001E+06
     atom #   37    pol.  1
     -0.868385346450E+09     -0.141374316803E-09      0.254310072866E+08
     -0.141374316803E-09      0.179926883499E+10     -0.303657736233E-10
      0.254310072866E+08     -0.303657736233E-10      0.347581416165E+05
     atom #   37    pol.  2
      0.000000000000E+00     -0.500684437917E+09     -0.242926188986E-09
     -0.500684437917E+09      0.753996356284E-09     -0.226714263438E+09
     -0.242926188986E-09     -0.226714263438E+09      0.520984713954E-10
     atom #   37    pol.  3
      0.361555899794E+09     -0.242926188986E-09     -0.839480838403E+08
     -0.242926188986E-09     -0.122289587246E+10      0.782671332607E-10
     -0.839480838403E+08      0.782671332607E-10     -0.127243077001E+06
     atom #   38    pol.  1
      0.000000000000E+00     -0.500684437917E+09     -0.226714263438E+09
     -0.500684437917E+09      0.000000000000E+00      0.242926188986E-09
     -0.226714263438E+09      0.242926188986E-09      0.000000000000E+00
     atom #   38    pol.  2
      0.179926883499E+10      0.000000000000E+00      0.000000000000E+00
      0.000000000000E+00     -0.868385346450E+09      0.254310072866E+08
      0.000000000000E+00      0.254310072866E+08      0.347581416165E+05
     atom #   38    pol.  3
     -0.122289587246E+10      0.607315472465E-10     -0.782671332607E-10
      0.607315472465E-10      0.361555899794E+09     -0.839480838403E+08
     -0.782671332607E-10     -0.839480838403E+08     -0.127243077001E+06
     atom #   39    pol.  1
     -0.150799271257E-08     -0.500684437917E+09      0.226714263438E+09
     -0.500684437917E+09      0.000000000000E+00      0.242926188986E-09
      0.226714263438E+09      0.242926188986E-09      0.000000000000E+00
     atom #   39    pol.  2
      0.179926883499E+10      0.942495445354E-10      0.303657736233E-10
      0.942495445354E-10     -0.868385346450E+09     -0.254310072866E+08
      0.303657736233E-10     -0.254310072866E+08      0.347581416165E+05
     atom #   39    pol.  3
      0.122289587246E+10     -0.242926188986E-09     -0.117400699891E-09
     -0.242926188986E-09     -0.361555899794E+09     -0.839480838403E+08
     -0.117400699891E-09     -0.839480838403E+08      0.127243077001E+06


     Representation #  83 modes # 112 113

     Self-consistent Calculation

      iter #   2 total cpu time :    92.1 secs   av.it.:   2.5
      thresh= 7.889E-05 alpha_mix =  0.700 |ddv_scf|^2 =  1.100E-05

      iter #   3 total cpu time :   314.3 secs   av.it.:  14.8
      thresh= 3.317E-04 alpha_mix =  0.700 |ddv_scf|^2 =  2.221E-07

      iter #   4 total cpu time :   561.4 secs   av.it.:  16.9
      thresh= 4.713E-05 alpha_mix =  0.700 |ddv_scf|^2 =  2.339E-08

      iter #   5 total cpu time :   813.1 secs   av.it.:  17.1
      thresh= 1.530E-05 alpha_mix =  0.700 |ddv_scf|^2 =  1.046E-09

      iter #   6 total cpu time :  1072.6 secs   av.it.:  17.9
      thresh= 3.235E-06 alpha_mix =  0.700 |ddv_scf|^2 =  1.612E-10

      iter #   7 total cpu time :  1328.1 secs   av.it.:  17.9
      thresh= 1.270E-06 alpha_mix =  0.700 |ddv_scf|^2 =  9.835E-11

      iter #   8 total cpu time :  1580.3 secs   av.it.:  17.5
      thresh= 9.917E-07 alpha_mix =  0.700 |ddv_scf|^2 =  3.561E-11

      iter #   9 total cpu time :  1819.4 secs   av.it.:  16.4
      thresh= 5.967E-07 alpha_mix =  0.700 |ddv_scf|^2 =  8.111E-14

      iter #  10 total cpu time :  2409.3 secs   av.it.:  18.3
      thresh= 2.848E-08 alpha_mix =  0.700 |ddv_scf|^2 =  2.929E-14

      iter #  11 total cpu time :  2711.0 secs   av.it.:  18.7
      thresh= 1.711E-08 alpha_mix =  0.700 |ddv_scf|^2 =  2.354E-14

      iter #  12 total cpu time :  2962.3 secs   av.it.:  17.3
      thresh= 1.534E-08 alpha_mix =  0.700 |ddv_scf|^2 =  8.218E-15

     End of self-consistent calculation

     Convergence has been achieved 


     Representation #  84 modes # 114 115

     Self-consistent Calculation

      iter #   1 total cpu time :  3177.6 secs   av.it.:   7.7
      thresh= 1.000E-02 alpha_mix =  0.700 |ddv_scf|^2 =  4.956E-07

      iter #   2 total cpu time :  3450.8 secs   av.it.:  18.8
      thresh= 7.040E-05 alpha_mix =  0.700 |ddv_scf|^2 =  8.261E-06

      iter #   3 total cpu time :  3679.4 secs   av.it.:  15.5
      thresh= 2.874E-04 alpha_mix =  0.700 |ddv_scf|^2 =  2.834E-07

      iter #   4 total cpu time :  3920.5 secs   av.it.:  16.3
      thresh= 5.323E-05 alpha_mix =  0.700 |ddv_scf|^2 =  6.613E-09

      iter #   5 total cpu time :  4183.6 secs   av.it.:  18.0
      thresh= 8.132E-06 alpha_mix =  0.700 |ddv_scf|^2 =  4.955E-10

      iter #   6 total cpu time :  4446.3 secs   av.it.:  17.9
      thresh= 2.226E-06 alpha_mix =  0.700 |ddv_scf|^2 =  1.003E-10

      iter #   7 total cpu time :  4700.7 secs   av.it.:  17.7
      thresh= 1.002E-06 alpha_mix =  0.700 |ddv_scf|^2 =  2.079E-11

      iter #   8 total cpu time :  4959.0 secs   av.it.:  17.6
      thresh= 4.560E-07 alpha_mix =  0.700 |ddv_scf|^2 =  2.561E-12

      iter #   9 total cpu time :  5225.6 secs   av.it.:  18.1
      thresh= 1.600E-07 alpha_mix =  0.700 |ddv_scf|^2 =  1.187E-12

      iter #  10 total cpu time :  5485.5 secs   av.it.:  17.5
      thresh= 1.090E-07 alpha_mix =  0.700 |ddv_scf|^2 =  3.468E-12

      iter #  11 total cpu time :  5724.3 secs   av.it.:  16.2
      thresh= 1.862E-07 alpha_mix =  0.700 |ddv_scf|^2 =  1.864E-14

      iter #  12 total cpu time :  5993.0 secs   av.it.:  18.5
      thresh= 1.365E-08 alpha_mix =  0.700 |ddv_scf|^2 =  6.143E-14

      iter #  13 total cpu time :  6239.8 secs   av.it.:  16.8
      thresh= 2.479E-08 alpha_mix =  0.700 |ddv_scf|^2 =  1.174E-15

     End of self-consistent calculation

     Convergence has been achieved 


     Representation #  85 modes # 116 117

     Self-consistent Calculation

      iter #   1 total cpu time :  6448.4 secs   av.it.:   7.7
      thresh= 1.000E-02 alpha_mix =  0.700 |ddv_scf|^2 =  3.853E-07

      iter #   2 total cpu time :  6720.0 secs   av.it.:  18.7
      thresh= 6.208E-05 alpha_mix =  0.700 |ddv_scf|^2 =  5.094E-06

      iter #   3 total cpu time :  6946.8 secs   av.it.:  15.6
      thresh= 2.257E-04 alpha_mix =  0.700 |ddv_scf|^2 =  3.074E-07

      iter #   4 total cpu time :  7188.3 secs   av.it.:  16.3
      thresh= 5.544E-05 alpha_mix =  0.700 |ddv_scf|^2 =  1.114E-08

      iter #   5 total cpu time :  7443.6 secs   av.it.:  17.6
      thresh= 1.055E-05 alpha_mix =  0.700 |ddv_scf|^2 =  5.145E-10

      iter #   6 total cpu time :  7703.4 secs   av.it.:  17.8
      thresh= 2.268E-06 alpha_mix =  0.700 |ddv_scf|^2 =  9.346E-11

      iter #   7 total cpu time :  7961.1 secs   av.it.:  17.5
      thresh= 9.667E-07 alpha_mix =  0.700 |ddv_scf|^2 =  1.763E-11

      iter #   8 total cpu time :  8221.8 secs   av.it.:  17.9
      thresh= 4.198E-07 alpha_mix =  0.700 |ddv_scf|^2 =  2.152E-12

      iter #   9 total cpu time :  8488.2 secs   av.it.:  18.3
      thresh= 1.467E-07 alpha_mix =  0.700 |ddv_scf|^2 =  1.572E-12

      iter #  10 total cpu time :  8740.0 secs   av.it.:  17.0
      thresh= 1.254E-07 alpha_mix =  0.700 |ddv_scf|^2 =  5.106E-12

      iter #  11 total cpu time :  8977.4 secs   av.it.:  16.0
      thresh= 2.260E-07 alpha_mix =  0.700 |ddv_scf|^2 =  8.129E-14

      iter #  12 total cpu time :  9233.8 secs   av.it.:  17.5
      thresh= 2.851E-08 alpha_mix =  0.700 |ddv_scf|^2 =  3.300E-14

      iter #  13 total cpu time :  9496.4 secs   av.it.:  18.0
      thresh= 1.816E-08 alpha_mix =  0.700 |ddv_scf|^2 =  1.350E-14

      iter #  14 total cpu time :  9752.9 secs   av.it.:  17.6
      thresh= 1.162E-08 alpha_mix =  0.700 |ddv_scf|^2 =  2.883E-15

     End of self-consistent calculation

     Convergence has been achieved 
 
     Number of q in the star =    1
     List of q in the star:
          1   0.000000000   0.000000000   0.000000000

          Dielectric constant in cartesian axis 

          (  -35569.779365709       0.000000000       0.000000000 )
          (       0.000000000  -35569.779365709       0.000000000 )
          (       0.000000000       0.000000000     323.036881173 )

          Effective charges (d Force / dE) in cartesian axis without acoustic sum rule applied (asr)

           atom    1  Bi    Mean Z*:      672.51783
      Ex  (     1005.15403      751.47067     -963.93736 )
      Ey  (      751.47067     1005.15403     -963.93736 )
      Ez  (       -3.25220       -3.25220        7.24543 )
           atom    2  Bi    Mean Z*:      672.51783
      Ex  (     1005.15403      751.47067      963.93736 )
      Ey  (      751.47067     1005.15403      963.93736 )
      Ez  (        3.25220        3.25220        7.24543 )
           atom    3  Bi    Mean Z*:      380.85612
      Ex  (      567.45103        0.00000        0.00000 )
      Ey  (        0.00000      567.45103        0.00000 )
      Ez  (        0.00000        0.00000        7.66630 )
           atom    4  Bi    Mean Z*:      380.85612
      Ex  (      567.45103        0.00000        0.00000 )
      Ey  (        0.00000      567.45103        0.00000 )
      Ez  (        0.00000        0.00000        7.66630 )
           atom    5  Bi    Mean Z*:      672.51783
      Ex  (     1005.15403     -751.47067     -963.93736 )
      Ey  (     -751.47067     1005.15403      963.93736 )
      Ez  (       -3.25220        3.25220        7.24543 )
           atom    6  Bi    Mean Z*:      672.51783
      Ex  (     1005.15403     -751.47067      963.93736 )
      Ey  (     -751.47067     1005.15403     -963.93736 )
      Ez  (        3.25220       -3.25220        7.24543 )
           atom    7  Bi    Mean Z*:      672.51783
      Ex  (     1005.15403     -751.47067      963.93736 )
      Ey  (     -751.47067     1005.15403     -963.93736 )
      Ez  (        3.25220       -3.25220        7.24543 )
           atom    8  Bi    Mean Z*:      672.51783
      Ex  (     1005.15403     -751.47067     -963.93736 )
      Ey  (     -751.47067     1005.15403      963.93736 )
      Ez  (       -3.25220        3.25220        7.24543 )
           atom    9  Bi    Mean Z*:     -152.31876
      Ex  (      424.96063        0.00000        0.00000 )
      Ey  (       -0.00000     -890.85881        0.00000 )
      Ez  (        0.00000        0.00000        8.94191 )
           atom   10  Bi    Mean Z*:     -152.31876
      Ex  (      424.96063        0.00000        0.00000 )
      Ey  (        0.00000     -890.85881        0.00000 )
      Ez  (        0.00000        0.00000        8.94191 )
           atom   11  Bi    Mean Z*:     -152.31876
      Ex  (     -890.85881       -0.00000        0.00000 )
      Ey  (        0.00000      424.96063        0.00000 )
      Ez  (        0.00000        0.00000        8.94191 )
           atom   12  Bi    Mean Z*:     -152.31876
      Ex  (     -890.85881       -0.00000        0.00000 )
      Ey  (        0.00000      424.96063        0.00000 )
      Ez  (        0.00000        0.00000        8.94191 )
           atom   13  Bi    Mean Z*:      672.51783
      Ex  (     1005.15403      751.47067      963.93736 )
      Ey  (      751.47067     1005.15403      963.93736 )
      Ez  (        3.25220        3.25220        7.24543 )
           atom   14  Bi    Mean Z*:      672.51783
      Ex  (     1005.15403      751.47067     -963.93736 )
      Ey  (      751.47067     1005.15403     -963.93736 )
      Ez  (       -3.25220       -3.25220        7.24543 )
           atom   15  Bi    Mean Z*:     -146.52789
      Ex  (     -225.22328        0.00000        0.00000 )
      Ey  (        0.00000     -225.22328        0.00000 )
      Ez  (        0.00000        0.00000       10.86289 )
           atom   16  Bi    Mean Z*:     -146.52789
      Ex  (     -225.22328        0.00000        0.00000 )
      Ey  (        0.00000     -225.22328        0.00000 )
      Ez  (        0.00000        0.00000       10.86289 )
           atom   17  Se    Mean Z*:      -20.42072
      Ex  (      -27.48093       -1.66047        0.00000 )
      Ey  (       -1.66047      -27.48093        0.00000 )
      Ez  (        0.00000       -0.00000       -6.30028 )
           atom   18  Se    Mean Z*:     -197.96489
      Ex  (     -295.69600        0.00000        0.00000 )
      Ey  (        0.00000     -295.69600        0.00000 )
      Ez  (        0.00000        0.00000       -2.50266 )
           atom   19  Se    Mean Z*:      -20.42072
      Ex  (      -27.48093        1.66047        0.00000 )
      Ey  (        1.66047      -27.48093       -0.00000 )
      Ez  (        0.00000       -0.00000       -6.30028 )
           atom   20  Se    Mean Z*:      -20.42072
      Ex  (      -27.48093        1.66047       -0.00000 )
      Ey  (        1.66047      -27.48093       -0.00000 )
      Ez  (        0.00000        0.00000       -6.30028 )
           atom   21  Se    Mean Z*:     -449.02920
      Ex  (    -1393.21501        0.00000        0.00000 )
      Ey  (        0.00000       46.66670        0.00000 )
      Ez  (        0.00000        0.00000       -0.53930 )
           atom   22  Se    Mean Z*:     -449.02920
      Ex  (       46.66670        0.00000        0.00000 )
      Ey  (        0.00000    -1393.21501        0.00000 )
      Ez  (        0.00000        0.00000       -0.53930 )
           atom   23  Se    Mean Z*:      -20.42072
      Ex  (      -27.48093       -1.66047        0.00000 )
      Ey  (       -1.66047      -27.48093       -0.00000 )
      Ez  (        0.00000        0.00000       -6.30028 )
           atom   24  O     Mean Z*:     -775.53078
      Ex  (      152.00582        0.00000      630.96326 )
      Ey  (        0.00000    -2473.09726        0.00000 )
      Ez  (       -0.72180       -0.00000       -5.50090 )
           atom   25  O     Mean Z*:      265.15721
      Ex  (     -230.80190        0.00000     -197.71935 )
      Ey  (       -0.00000     1033.55004       -0.00000 )
      Ez  (       -3.01733        0.00000       -7.27652 )
           atom   26  O     Mean Z*:      265.15721
      Ex  (     -230.80190        0.00000      197.71935 )
      Ey  (        0.00000     1033.55004        0.00000 )
      Ez  (        3.01733        0.00000       -7.27652 )
           atom   27  O     Mean Z*:     -775.53078
      Ex  (      152.00582       -0.00000     -630.96326 )
      Ey  (       -0.00000    -2473.09726        0.00000 )
      Ez  (        0.72180        0.00000       -5.50090 )
           atom   28  O     Mean Z*:      265.15721
      Ex  (     1033.55004       -0.00000       -0.00000 )
      Ey  (        0.00000     -230.80190      197.71935 )
      Ez  (        0.00000        3.01733       -7.27652 )
           atom   29  O     Mean Z*:     -775.53078
      Ex  (    -2473.09726        0.00000        0.00000 )
      Ey  (        0.00000      152.00582     -630.96326 )
      Ez  (        0.00000        0.72180       -5.50090 )
           atom   30  O     Mean Z*:     -775.53078
      Ex  (    -2473.09726        0.00000        0.00000 )
      Ey  (       -0.00000      152.00582      630.96326 )
      Ez  (       -0.00000       -0.72180       -5.50090 )
           atom   31  O     Mean Z*:      265.15721
      Ex  (     1033.55004        0.00000       -0.00000 )
      Ey  (        0.00000     -230.80190     -197.71935 )
      Ez  (       -0.00000       -3.01733       -7.27652 )
           atom   32  O     Mean Z*:     -775.53078
      Ex  (    -2473.09726        0.00000        0.00000 )
      Ey  (        0.00000      152.00582      630.96326 )
      Ez  (        0.00000       -0.72180       -5.50090 )
           atom   33  O     Mean Z*:     -775.53078
      Ex  (    -2473.09726        0.00000       -0.00000 )
      Ey  (       -0.00000      152.00582     -630.96326 )
      Ez  (        0.00000        0.72180       -5.50090 )
           atom   34  O     Mean Z*:     -775.53078
      Ex  (      152.00582        0.00000     -630.96326 )
      Ey  (       -0.00000    -2473.09726        0.00000 )
      Ez  (        0.72180       -0.00000       -5.50090 )
           atom   35  O     Mean Z*:     -775.53078
      Ex  (      152.00582        0.00000      630.96326 )
      Ey  (        0.00000    -2473.09726       -0.00000 )
      Ez  (       -0.72180       -0.00000       -5.50090 )
           atom   36  O     Mean Z*:      265.15721
      Ex  (     -230.80190       -0.00000     -197.71935 )
      Ey  (        0.00000     1033.55004        0.00000 )
      Ez  (       -3.01733       -0.00000       -7.27652 )
           atom   37  O     Mean Z*:      265.15721
      Ex  (     -230.80190        0.00000      197.71935 )
      Ey  (       -0.00000     1033.55004        0.00000 )
      Ez  (        3.01733        0.00000       -7.27652 )
           atom   38  O     Mean Z*:      265.15721
      Ex  (     1033.55004        0.00000        0.00000 )
      Ey  (       -0.00000     -230.80190      197.71935 )
      Ez  (        0.00000        3.01733       -7.27652 )
           atom   39  O     Mean Z*:      265.15721
      Ex  (     1033.55004        0.00000        0.00000 )
      Ey  (       -0.00000     -230.80190     -197.71935 )
      Ez  (        0.00000       -3.01733       -7.27652 )

          Effective charges Sum: Mean:      -21.17068
            -31.64988        0.00000        0.00000
              0.00000      -31.64988       -0.00000
             -0.00000        0.00000       -0.21227

          Effective charges (d Force / dE) in cartesian axis with asr applied: 
           atom    1  Bi    Mean Z*:      673.06067
      E*x (     1005.96556      751.47067     -963.93736 )
      E*y (      751.47067     1005.96556     -963.93736 )
      E*z (       -3.25220       -3.25220        7.25087 )
           atom    2  Bi    Mean Z*:      673.06067
      E*x (     1005.96556      751.47067      963.93736 )
      E*y (      751.47067     1005.96556      963.93736 )
      E*z (        3.25220        3.25220        7.25087 )
           atom    3  Bi    Mean Z*:      381.39896
      E*x (      568.26256       -0.00000        0.00000 )
      E*y (       -0.00000      568.26256       -0.00000 )
      E*z (       -0.00000        0.00000        7.67174 )
           atom    4  Bi    Mean Z*:      381.39896
      E*x (      568.26256       -0.00000        0.00000 )
      E*y (       -0.00000      568.26256       -0.00000 )
      E*z (       -0.00000        0.00000        7.67174 )
           atom    5  Bi    Mean Z*:      673.06067
      E*x (     1005.96556     -751.47067     -963.93736 )
      E*y (     -751.47067     1005.96556      963.93736 )
      E*z (       -3.25220        3.25220        7.25087 )
           atom    6  Bi    Mean Z*:      673.06067
      E*x (     1005.96556     -751.47067      963.93736 )
      E*y (     -751.47067     1005.96556     -963.93736 )
      E*z (        3.25220       -3.25220        7.25087 )
           atom    7  Bi    Mean Z*:      673.06067
      E*x (     1005.96556     -751.47067      963.93736 )
      E*y (     -751.47067     1005.96556     -963.93736 )
      E*z (        3.25220       -3.25220        7.25087 )
           atom    8  Bi    Mean Z*:      673.06067
      E*x (     1005.96556     -751.47067     -963.93736 )
      E*y (     -751.47067     1005.96556      963.93736 )
      E*z (       -3.25220        3.25220        7.25087 )
           atom    9  Bi    Mean Z*:     -151.77592
      E*x (      425.77216       -0.00000        0.00000 )
      E*y (       -0.00000     -890.04728       -0.00000 )
      E*z (       -0.00000        0.00000        8.94735 )
           atom   10  Bi    Mean Z*:     -151.77592
      E*x (      425.77216       -0.00000        0.00000 )
      E*y (       -0.00000     -890.04728       -0.00000 )
      E*z (       -0.00000        0.00000        8.94735 )
           atom   11  Bi    Mean Z*:     -151.77592
      E*x (     -890.04728       -0.00000        0.00000 )
      E*y (       -0.00000      425.77216       -0.00000 )
      E*z (       -0.00000        0.00000        8.94735 )
           atom   12  Bi    Mean Z*:     -151.77592
      E*x (     -890.04728       -0.00000        0.00000 )
      E*y (       -0.00000      425.77216       -0.00000 )
      E*z (       -0.00000        0.00000        8.94735 )
           atom   13  Bi    Mean Z*:      673.06067
      E*x (     1005.96556      751.47067      963.93736 )
      E*y (      751.47067     1005.96556      963.93736 )
      E*z (        3.25220        3.25220        7.25087 )
           atom   14  Bi    Mean Z*:      673.06067
      E*x (     1005.96556      751.47067     -963.93736 )
      E*y (      751.47067     1005.96556     -963.93736 )
      E*z (       -3.25220       -3.25220        7.25087 )
           atom   15  Bi    Mean Z*:     -145.98505
      E*x (     -224.41175       -0.00000        0.00000 )
      E*y (       -0.00000     -224.41175       -0.00000 )
      E*z (       -0.00000        0.00000       10.86834 )
           atom   16  Bi    Mean Z*:     -145.98505
      E*x (     -224.41175       -0.00000        0.00000 )
      E*y (       -0.00000     -224.41175       -0.00000 )
      E*z (       -0.00000        0.00000       10.86834 )
           atom   17  Se    Mean Z*:      -19.87788
      E*x (      -26.66940       -1.66047        0.00000 )
      E*y (       -1.66047      -26.66940       -0.00000 )
      E*z (       -0.00000        0.00000       -6.29484 )
           atom   18  Se    Mean Z*:     -197.42205
      E*x (     -294.88446       -0.00000        0.00000 )
      E*y (       -0.00000     -294.88446       -0.00000 )
      E*z (       -0.00000        0.00000       -2.49722 )
           atom   19  Se    Mean Z*:      -19.87788
      E*x (      -26.66940        1.66047        0.00000 )
      E*y (        1.66047      -26.66940       -0.00000 )
      E*z (       -0.00000        0.00000       -6.29484 )
           atom   20  Se    Mean Z*:      -19.87788
      E*x (      -26.66940        1.66047        0.00000 )
      E*y (        1.66047      -26.66940       -0.00000 )
      E*z (       -0.00000        0.00000       -6.29484 )
           atom   21  Se    Mean Z*:     -448.48636
      E*x (    -1392.40347       -0.00000        0.00000 )
      E*y (       -0.00000       47.47823       -0.00000 )
      E*z (       -0.00000        0.00000       -0.53385 )
           atom   22  Se    Mean Z*:     -448.48636
      E*x (       47.47823       -0.00000        0.00000 )
      E*y (       -0.00000    -1392.40347       -0.00000 )
      E*z (       -0.00000        0.00000       -0.53385 )
           atom   23  Se    Mean Z*:      -19.87788
      E*x (      -26.66940       -1.66047        0.00000 )
      E*y (       -1.66047      -26.66940       -0.00000 )
      E*z (       -0.00000        0.00000       -6.29484 )
           atom   24  O     Mean Z*:     -774.98794
      E*x (      152.81735       -0.00000      630.96326 )
      E*y (       -0.00000    -2472.28572       -0.00000 )
      E*z (       -0.72180        0.00000       -5.49545 )
           atom   25  O     Mean Z*:      265.70004
      E*x (     -229.99036       -0.00000     -197.71935 )
      E*y (       -0.00000     1034.36158       -0.00000 )
      E*z (       -3.01733        0.00000       -7.27108 )
           atom   26  O     Mean Z*:      265.70004
      E*x (     -229.99036       -0.00000      197.71935 )
      E*y (       -0.00000     1034.36158       -0.00000 )
      E*z (        3.01733        0.00000       -7.27108 )
           atom   27  O     Mean Z*:     -774.98794
      E*x (      152.81735       -0.00000     -630.96326 )
      E*y (       -0.00000    -2472.28572       -0.00000 )
      E*z (        0.72180        0.00000       -5.49545 )
           atom   28  O     Mean Z*:      265.70004
      E*x (     1034.36158       -0.00000        0.00000 )
      E*y (       -0.00000     -229.99036      197.71935 )
      E*z (       -0.00000        3.01733       -7.27108 )
           atom   29  O     Mean Z*:     -774.98794
      E*x (    -2472.28572       -0.00000        0.00000 )
      E*y (       -0.00000      152.81735     -630.96326 )
      E*z (        0.00000        0.72180       -5.49545 )
           atom   30  O     Mean Z*:     -774.98794
      E*x (    -2472.28572       -0.00000        0.00000 )
      E*y (       -0.00000      152.81735      630.96326 )
      E*z (       -0.00000       -0.72180       -5.49545 )
           atom   31  O     Mean Z*:      265.70004
      E*x (     1034.36158       -0.00000        0.00000 )
      E*y (       -0.00000     -229.99036     -197.71935 )
      E*z (       -0.00000       -3.01733       -7.27108 )
           atom   32  O     Mean Z*:     -774.98794
      E*x (    -2472.28572       -0.00000        0.00000 )
      E*y (       -0.00000      152.81735      630.96326 )
      E*z (       -0.00000       -0.72180       -5.49545 )
           atom   33  O     Mean Z*:     -774.98794
      E*x (    -2472.28572       -0.00000        0.00000 )
      E*y (       -0.00000      152.81735     -630.96326 )
      E*z (       -0.00000        0.72180       -5.49545 )
           atom   34  O     Mean Z*:     -774.98794
      E*x (      152.81735       -0.00000     -630.96326 )
      E*y (       -0.00000    -2472.28572       -0.00000 )
      E*z (        0.72180        0.00000       -5.49545 )
           atom   35  O     Mean Z*:     -774.98794
      E*x (      152.81735       -0.00000      630.96326 )
      E*y (       -0.00000    -2472.28572       -0.00000 )
      E*z (       -0.72180        0.00000       -5.49545 )
           atom   36  O     Mean Z*:      265.70004
      E*x (     -229.99036       -0.00000     -197.71935 )
      E*y (       -0.00000     1034.36158       -0.00000 )
      E*z (       -3.01733        0.00000       -7.27108 )
           atom   37  O     Mean Z*:      265.70004
      E*x (     -229.99036       -0.00000      197.71935 )
      E*y (       -0.00000     1034.36158       -0.00000 )
      E*z (        3.01733        0.00000       -7.27108 )
           atom   38  O     Mean Z*:      265.70004
      E*x (     1034.36158       -0.00000        0.00000 )
      E*y (       -0.00000     -229.99036      197.71935 )
      E*z (        0.00000        3.01733       -7.27108 )
           atom   39  O     Mean Z*:      265.70004
      E*x (     1034.36158       -0.00000        0.00000 )
      E*y (       -0.00000     -229.99036     -197.71935 )
      E*z (       -0.00000       -3.01733       -7.27108 )

     Diagonalizing the dynamical matrix

     q = (    0.000000000   0.000000000   0.000000000 ) 

 **************************************************************************
     freq (    1) =      -6.106934 [THz] =    -203.705391 [cm-1]
     freq (    2) =      -6.106934 [THz] =    -203.705391 [cm-1]
     freq (    3) =      -0.680294 [THz] =     -22.692177 [cm-1]
     freq (    4) =      -0.680294 [THz] =     -22.692177 [cm-1]
     freq (    5) =      -0.589692 [THz] =     -19.669994 [cm-1]
     freq (    6) =      -0.253461 [THz] =      -8.454552 [cm-1]
     freq (    7) =      -0.253461 [THz] =      -8.454552 [cm-1]
     freq (    8) =       1.492346 [THz] =      49.779321 [cm-1]
     freq (    9) =       1.544668 [THz] =      51.524574 [cm-1]
     freq (   10) =       1.544668 [THz] =      51.524574 [cm-1]
     freq (   11) =       1.569029 [THz] =      52.337179 [cm-1]
     freq (   12) =       1.604638 [THz] =      53.524972 [cm-1]
     freq (   13) =       1.604638 [THz] =      53.524972 [cm-1]
     freq (   14) =       1.650640 [THz] =      55.059425 [cm-1]
     freq (   15) =       1.803660 [THz] =      60.163613 [cm-1]
     freq (   16) =       1.858101 [THz] =      61.979572 [cm-1]
     freq (   17) =       1.858101 [THz] =      61.979572 [cm-1]
     freq (   18) =       1.882783 [THz] =      62.802895 [cm-1]
     freq (   19) =       2.027965 [THz] =      67.645644 [cm-1]
     freq (   20) =       2.100514 [THz] =      70.065592 [cm-1]
     freq (   21) =       2.100514 [THz] =      70.065592 [cm-1]
     freq (   22) =       2.120748 [THz] =      70.740533 [cm-1]
     freq (   23) =       2.120748 [THz] =      70.740533 [cm-1]
     freq (   24) =       2.177585 [THz] =      72.636412 [cm-1]
     freq (   25) =       2.177585 [THz] =      72.636412 [cm-1]
     freq (   26) =       2.184815 [THz] =      72.877594 [cm-1]
     freq (   27) =       2.196294 [THz] =      73.260496 [cm-1]
     freq (   28) =       2.241180 [THz] =      74.757704 [cm-1]
     freq (   29) =       2.366432 [THz] =      78.935674 [cm-1]
     freq (   30) =       2.426116 [THz] =      80.926525 [cm-1]
     freq (   31) =       2.426116 [THz] =      80.926525 [cm-1]
     freq (   32) =       2.426245 [THz] =      80.930831 [cm-1]
     freq (   33) =       2.426245 [THz] =      80.930831 [cm-1]
     freq (   34) =       2.443204 [THz] =      81.496498 [cm-1]
     freq (   35) =       2.443204 [THz] =      81.496498 [cm-1]
     freq (   36) =       2.494006 [THz] =      83.191072 [cm-1]
     freq (   37) =       2.516326 [THz] =      83.935600 [cm-1]
     freq (   38) =       2.558030 [THz] =      85.326704 [cm-1]
     freq (   39) =       2.605597 [THz] =      86.913373 [cm-1]
     freq (   40) =       2.605597 [THz] =      86.913373 [cm-1]
     freq (   41) =       2.680046 [THz] =      89.396700 [cm-1]
     freq (   42) =       3.068552 [THz] =     102.355879 [cm-1]
     freq (   43) =       3.161729 [THz] =     105.463942 [cm-1]
     freq (   44) =       3.161729 [THz] =     105.463942 [cm-1]
     freq (   45) =       3.385938 [THz] =     112.942729 [cm-1]
     freq (   46) =       3.390265 [THz] =     113.087063 [cm-1]
     freq (   47) =       3.390265 [THz] =     113.087063 [cm-1]
     freq (   48) =       3.398809 [THz] =     113.372068 [cm-1]
     freq (   49) =       3.448848 [THz] =     115.041202 [cm-1]
     freq (   50) =       3.484214 [THz] =     116.220867 [cm-1]
     freq (   51) =       3.484214 [THz] =     116.220867 [cm-1]
     freq (   52) =       3.495140 [THz] =     116.585334 [cm-1]
     freq (   53) =       3.505199 [THz] =     116.920856 [cm-1]
     freq (   54) =       3.582564 [THz] =     119.501484 [cm-1]
     freq (   55) =       3.600254 [THz] =     120.091546 [cm-1]
     freq (   56) =       4.019483 [THz] =     134.075525 [cm-1]
     freq (   57) =       4.111036 [THz] =     137.129414 [cm-1]
     freq (   58) =       4.111036 [THz] =     137.129414 [cm-1]
     freq (   59) =       4.121332 [THz] =     137.472833 [cm-1]
     freq (   60) =       4.208144 [THz] =     140.368572 [cm-1]
     freq (   61) =       4.208144 [THz] =     140.368572 [cm-1]
     freq (   62) =       4.573002 [THz] =     152.538941 [cm-1]
     freq (   63) =       4.612028 [THz] =     153.840709 [cm-1]
     freq (   64) =       4.612028 [THz] =     153.840709 [cm-1]
     freq (   65) =       4.751523 [THz] =     158.493748 [cm-1]
     freq (   66) =       4.760613 [THz] =     158.796943 [cm-1]
     freq (   67) =       4.760613 [THz] =     158.796943 [cm-1]
     freq (   68) =       4.903227 [THz] =     163.554050 [cm-1]
     freq (   69) =       5.098332 [THz] =     170.062048 [cm-1]
     freq (   70) =       5.165327 [THz] =     172.296774 [cm-1]
     freq (   71) =       5.165327 [THz] =     172.296774 [cm-1]
     freq (   72) =       7.130867 [THz] =     237.860130 [cm-1]
     freq (   73) =       7.388256 [THz] =     246.445700 [cm-1]
     freq (   74) =       8.179503 [THz] =     272.838840 [cm-1]
     freq (   75) =       8.179503 [THz] =     272.838840 [cm-1]
     freq (   76) =       8.350330 [THz] =     278.537018 [cm-1]
     freq (   77) =       8.777942 [THz] =     292.800630 [cm-1]
     freq (   78) =       8.777942 [THz] =     292.800630 [cm-1]
     freq (   79) =       9.074539 [THz] =     302.694050 [cm-1]
     freq (   80) =       9.178382 [THz] =     306.157884 [cm-1]
     freq (   81) =       9.178382 [THz] =     306.157884 [cm-1]
     freq (   82) =       9.392641 [THz] =     313.304763 [cm-1]
     freq (   83) =       9.392641 [THz] =     313.304763 [cm-1]
     freq (   84) =       9.959039 [THz] =     332.197771 [cm-1]
     freq (   85) =       9.959039 [THz] =     332.197771 [cm-1]
     freq (   86) =      10.132507 [THz] =     337.984055 [cm-1]
     freq (   87) =      10.217552 [THz] =     340.820856 [cm-1]
     freq (   88) =      10.426278 [THz] =     347.783196 [cm-1]
     freq (   89) =      10.626832 [THz] =     354.472951 [cm-1]
     freq (   90) =      10.626832 [THz] =     354.472951 [cm-1]
     freq (   91) =      10.649459 [THz] =     355.227706 [cm-1]
     freq (   92) =      10.886193 [THz] =     363.124306 [cm-1]
     freq (   93) =      10.893408 [THz] =     363.364986 [cm-1]
     freq (   94) =      10.972209 [THz] =     365.993489 [cm-1]
     freq (   95) =      11.327807 [THz] =     377.854969 [cm-1]
     freq (   96) =      11.327807 [THz] =     377.854969 [cm-1]
     freq (   97) =      11.535236 [THz] =     384.774044 [cm-1]
     freq (   98) =      11.588599 [THz] =     386.554056 [cm-1]
     freq (   99) =      11.588599 [THz] =     386.554056 [cm-1]
     freq (  100) =      11.661399 [THz] =     388.982414 [cm-1]
     freq (  101) =      11.825194 [THz] =     394.446018 [cm-1]
     freq (  102) =      11.861760 [THz] =     395.665719 [cm-1]
     freq (  103) =      11.984639 [THz] =     399.764526 [cm-1]
     freq (  104) =      12.022700 [THz] =     401.034104 [cm-1]
     freq (  105) =      12.197969 [THz] =     406.880438 [cm-1]
     freq (  106) =      12.197969 [THz] =     406.880438 [cm-1]
     freq (  107) =      12.328903 [THz] =     411.247923 [cm-1]
     freq (  108) =      12.432933 [THz] =     414.718017 [cm-1]
     freq (  109) =      13.250366 [THz] =     441.984643 [cm-1]
     freq (  110) =      13.250366 [THz] =     441.984643 [cm-1]
     freq (  111) =      13.284651 [THz] =     443.128275 [cm-1]
     freq (  112) =      13.284651 [THz] =     443.128275 [cm-1]
     freq (  113) =      13.743494 [THz] =     458.433615 [cm-1]
     freq (  114) =      14.067814 [THz] =     469.251781 [cm-1]
     freq (  115) =      14.264536 [THz] =     475.813693 [cm-1]
     freq (  116) =      14.283747 [THz] =     476.454520 [cm-1]
     freq (  117) =      14.961682 [THz] =     499.067984 [cm-1]
 **************************************************************************

     Mode symmetry, D_4h(4/mmm) point group:

     freq (   1-   2) =       -203.7  [cm-1]   --> E_u  X_5' M_5'  I  
     freq (   3-   4) =        -22.7  [cm-1]   --> E_u  X_5' M_5'  I  
     freq (   5-   5) =        -19.7  [cm-1]   --> A_2u X_4' M_4'  I  
     freq (   6-   7) =         -8.5  [cm-1]   --> E_g  X_5  M_5   R  
     freq (   8-   8) =         49.8  [cm-1]   --> B_2g X_3  M_3   R  
     freq (   9-  10) =         51.5  [cm-1]   --> E_g  X_5  M_5   R  
     freq (  11-  11) =         52.3  [cm-1]   --> A_2u X_4' M_4'  I  
     freq (  12-  13) =         53.5  [cm-1]   --> E_g  X_5  M_5   R  
     freq (  14-  14) =         55.1  [cm-1]   --> B_2u X_3' M_3'     
     freq (  15-  15) =         60.2  [cm-1]   --> A_1u X_1' M_1'     
     freq (  16-  17) =         62.0  [cm-1]   --> E_u  X_5' M_5'  I  
     freq (  18-  18) =         62.8  [cm-1]   --> B_1u X_2' M_2'     
     freq (  19-  19) =         67.6  [cm-1]   --> A_2g X_4  M_4      
     freq (  20-  21) =         70.1  [cm-1]   --> E_g  X_5  M_5   R  
     freq (  22-  23) =         70.7  [cm-1]   --> E_u  X_5' M_5'  I  
     freq (  24-  25) =         72.6  [cm-1]   --> E_u  X_5' M_5'  I  
     freq (  26-  26) =         72.9  [cm-1]   --> A_2u X_4' M_4'  I  
     freq (  27-  27) =         73.3  [cm-1]   --> A_2u X_4' M_4'  I  
     freq (  28-  28) =         74.8  [cm-1]   --> B_1u X_2' M_2'     
     freq (  29-  29) =         78.9  [cm-1]   --> A_1g X_1  M_1   R  
     freq (  30-  31) =         80.9  [cm-1]   --> E_g  X_5  M_5   R  
     freq (  32-  33) =         80.9  [cm-1]   --> E_u  X_5' M_5'  I  
     freq (  34-  35) =         81.5  [cm-1]   --> E_g  X_5  M_5   R  
     freq (  36-  36) =         83.2  [cm-1]   --> A_1g X_1  M_1   R  
     freq (  37-  37) =         83.9  [cm-1]   --> B_1g X_2  M_2   R  
     freq (  38-  38) =         85.3  [cm-1]   --> B_2u X_3' M_3'     
     freq (  39-  40) =         86.9  [cm-1]   --> E_u  X_5' M_5'  I  
     freq (  41-  41) =         89.4  [cm-1]   --> B_2g X_3  M_3   R  
     freq (  42-  42) =        102.4  [cm-1]   --> A_2u X_4' M_4'  I  
     freq (  43-  44) =        105.5  [cm-1]   --> E_u  X_5' M_5'  I  
     freq (  45-  45) =        112.9  [cm-1]   --> A_1g X_1  M_1   R  
     freq (  46-  47) =        113.1  [cm-1]   --> E_u  X_5' M_5'  I  
     freq (  48-  48) =        113.4  [cm-1]   --> B_1u X_2' M_2'     
     freq (  49-  49) =        115.0  [cm-1]   --> A_2u X_4' M_4'  I  
     freq (  50-  51) =        116.2  [cm-1]   --> E_u  X_5' M_5'  I  
     freq (  52-  52) =        116.6  [cm-1]   --> B_1g X_2  M_2   R  
     freq (  53-  53) =        116.9  [cm-1]   --> A_2g X_4  M_4      
     freq (  54-  54) =        119.5  [cm-1]   --> A_1g X_1  M_1   R  
     freq (  55-  55) =        120.1  [cm-1]   --> B_2g X_3  M_3   R  
     freq (  56-  56) =        134.1  [cm-1]   --> A_2u X_4' M_4'  I  
     freq (  57-  58) =        137.1  [cm-1]   --> E_u  X_5' M_5'  I  
     freq (  59-  59) =        137.5  [cm-1]   --> B_2u X_3' M_3'     
     freq (  60-  61) =        140.4  [cm-1]   --> E_g  X_5  M_5   R  
     freq (  62-  62) =        152.5  [cm-1]   --> A_1g X_1  M_1   R  
     freq (  63-  64) =        153.8  [cm-1]   --> E_u  X_5' M_5'  I  
     freq (  65-  65) =        158.5  [cm-1]   --> B_1g X_2  M_2   R  
     freq (  66-  67) =        158.8  [cm-1]   --> E_g  X_5  M_5   R  
     freq (  68-  68) =        163.6  [cm-1]   --> A_2u X_4' M_4'  I  
     freq (  69-  69) =        170.1  [cm-1]   --> A_1g X_1  M_1   R  
     freq (  70-  71) =        172.3  [cm-1]   --> E_u  X_5' M_5'  I  
     freq (  72-  72) =        237.9  [cm-1]   --> B_2u X_3' M_3'     
     freq (  73-  73) =        246.4  [cm-1]   --> B_1g X_2  M_2   R  
     freq (  74-  75) =        272.8  [cm-1]   --> E_g  X_5  M_5   R  
     freq (  76-  76) =        278.5  [cm-1]   --> A_1u X_1' M_1'     
     freq (  77-  78) =        292.8  [cm-1]   --> E_u  X_5' M_5'  I  
     freq (  79-  79) =        302.7  [cm-1]   --> A_2g X_4  M_4      
     freq (  80-  81) =        306.2  [cm-1]   --> E_g  X_5  M_5   R  
     freq (  82-  83) =        313.3  [cm-1]   --> E_u  X_5' M_5'  I  
     freq (  84-  85) =        332.2  [cm-1]   --> E_g  X_5  M_5   R  
     freq (  86-  86) =        338.0  [cm-1]   --> A_1g X_1  M_1   R  
     freq (  87-  87) =        340.8  [cm-1]   --> B_1g X_2  M_2   R  
     freq (  88-  88) =        347.8  [cm-1]   --> B_2u X_3' M_3'     
     freq (  89-  90) =        354.5  [cm-1]   --> E_u  X_5' M_5'  I  
     freq (  91-  91) =        355.2  [cm-1]   --> A_2u X_4' M_4'  I  
     freq (  92-  92) =        363.1  [cm-1]   --> B_2u X_3' M_3'     
     freq (  93-  93) =        363.4  [cm-1]   --> B_1g X_2  M_2   R  
     freq (  94-  94) =        366.0  [cm-1]   --> A_2u X_4' M_4'  I  
     freq (  95-  96) =        377.9  [cm-1]   --> E_g  X_5  M_5   R  
     freq (  97-  97) =        384.8  [cm-1]   --> B_2g X_3  M_3   R  
     freq (  98-  99) =        386.6  [cm-1]   --> E_u  X_5' M_5'  I  
     freq ( 100- 100) =        389.0  [cm-1]   --> A_1u X_1' M_1'     
     freq ( 101- 101) =        394.4  [cm-1]   --> A_1g X_1  M_1   R  
     freq ( 102- 102) =        395.7  [cm-1]   --> A_2g X_4  M_4      
     freq ( 103- 103) =        399.8  [cm-1]   --> B_1g X_2  M_2   R  
     freq ( 104- 104) =        401.0  [cm-1]   --> B_1u X_2' M_2'     
     freq ( 105- 106) =        406.9  [cm-1]   --> E_g  X_5  M_5   R  
     freq ( 107- 107) =        411.2  [cm-1]   --> B_2u X_3' M_3'     
     freq ( 108- 108) =        414.7  [cm-1]   --> A_2u X_4' M_4'  I  
     freq ( 109- 110) =        442.0  [cm-1]   --> E_u  X_5' M_5'  I  
     freq ( 111- 112) =        443.1  [cm-1]   --> E_g  X_5  M_5   R  
     freq ( 113- 113) =        458.4  [cm-1]   --> A_2u X_4' M_4'  I  
     freq ( 114- 114) =        469.3  [cm-1]   --> B_2g X_3  M_3   R  
     freq ( 115- 115) =        475.8  [cm-1]   --> A_1g X_1  M_1   R  
     freq ( 116- 116) =        476.5  [cm-1]   --> B_1u X_2' M_2'     
     freq ( 117- 117) =        499.1  [cm-1]   --> A_1g X_1  M_1   R  
 
     PHONON       :      2h37m CPU      2h42m WALL

     INITIALIZATION: 
     phq_setup    :      0.04s CPU      0.11s WALL (       1 calls)
     phq_init     :      3.58s CPU      3.66s WALL (       1 calls)
 
     phq_init     :      3.58s CPU      3.66s WALL (       1 calls)
     set_drhoc    :      0.02s CPU      0.02s WALL (       1 calls)
     init_vloc    :      0.00s CPU      0.00s WALL (       1 calls)
     init_us_1    :      0.00s CPU      0.00s WALL (       1 calls)
     init_us_2    :      7.36s CPU      8.88s WALL (     900 calls)
 
     DIELECTRIC CONSTANT AND EFFECTIVE CHARGES:
 
     RAMAN COEFFICIENTS, THIRD-ORDER CHI:
 
     DYNAMICAL MATRIX:
     phqscf       :   9457.51s CPU   9735.19s WALL (       1 calls)
     dynmatrix    :      0.10s CPU      0.48s WALL (       1 calls)
 
     phqscf       :   9457.51s CPU   9735.19s WALL (       1 calls)
     solve_linter :   9431.99s CPU   9703.90s WALL (       3 calls)
     sth_kernel   :   9325.81s CPU   9506.64s WALL (      38 calls)
     h_prec       :     26.54s CPU     26.70s WALL (     760 calls)
     apply_dpot_b :    215.52s CPU    220.79s WALL (    1440 calls)
     ortho        :     53.96s CPU     54.22s WALL (    1520 calls)
     cgsolve      :   8781.47s CPU   8934.94s WALL (    1520 calls)
     incdrhoscf   :    215.51s CPU    219.39s WALL (    1520 calls)
                                        0.00s GPU  (    1520 calls)
     dv_of_drho   :      0.47s CPU      0.61s WALL (      76 calls)
     mix_pot      :      0.81s CPU      4.98s WALL (      38 calls)
     drhodv       :     25.43s CPU     31.02s WALL (       3 calls)
     psymdvscf    :     27.41s CPU     27.95s WALL (      38 calls)
 
     dvqpsi_us    :     70.68s CPU    152.68s WALL (     120 calls)
                                        0.00s GPU  (     120 calls)
     dvqpsi_us_on :     15.37s CPU     97.06s WALL (     120 calls)
 
     add_vuspsi   :   1115.92s CPU   1136.50s WALL (   76964 calls)
 
 
      General routines
     calbec       :   2471.06s CPU   2480.19s WALL (  154488 calls)
     fft          :      2.72s CPU      2.99s WALL (    1171 calls)
     ffts         :     40.13s CPU     40.13s WALL (     626 calls)
     fftw         :   3490.18s CPU   3558.98s WALL (12902436 calls)
     davcio       :      1.08s CPU     18.99s WALL (    6020 calls)
     write_rec    :      0.25s CPU      1.57s WALL (      41 calls)
 
      Additional routines
     ch_psi       :   8447.29s CPU   8597.16s WALL (   76964 calls)
     last         :   2342.78s CPU   2350.78s WALL (   76964 calls)
     Hesh         :     58.78s CPU     59.36s WALL (   76964 calls)
     ch_psi_all_k :   2280.84s CPU   2285.28s WALL (   76964 calls)
                                        0.00s GPU  (   76964 calls)
     ch_psi_calbe :   1157.73s CPU   1158.34s WALL (   76964 calls)
                                        0.00s GPU  (   76964 calls)
     h_psi_bgrp   :   5963.25s CPU   6062.26s WALL (   76964 calls)
     h_psi        :   5962.86s CPU   6061.99s WALL (   76964 calls)
     h_psi:pot    :   5907.22s CPU   6005.82s WALL (   76964 calls)
     h_psi:calbec :   1291.43s CPU   1299.49s WALL (   76964 calls)
     s_psi_bgrp   :     97.18s CPU     97.96s WALL (  155448 calls)
 
 
     PHONON       :      2h37m CPU      2h42m WALL

 
   This run was terminated on:  13: 1:51  21Sep2026            

=------------------------------------------------------------------------------=
   JOB DONE.
=------------------------------------------------------------------------------=
