Attaching 13518 to 1057505.pbshpc
Attaching 7699 to 1057505.pbshpc
Attaching 20271 to 1057505.pbshpc
Attaching 11826 to 1057505.pbshpc
Attaching 15573 to 1057505.pbshpc
Attaching 27249 to 1057505.pbshpc
Attaching 3508 to 1057505.pbshpc

     Program PHONON v.7.3.1 starts on 18Sep2026 at  8:41:42 

     This program is part of the open-source Quantum ESPRESSO suite
     for quantum simulation of materials; please cite
         "P. Giannozzi et al., J. Phys.:Condens. Matter 21 395502 (2009);
         "P. Giannozzi et al., J. Phys.:Condens. Matter 29 465901 (2017);
         "P. Giannozzi et al., J. Chem. Phys. 152 154105 (2020);
          URL http://www.quantum-espresso.org", 
     in publications or presentations arising from this work. More details at
     http://www.quantum-espresso.org/quote

     Parallel version (MPI & OpenMP), running on      64 processor cores
     Number of MPI processes:                64
     Threads/MPI process:                     1

     MPI processes distributed on     8 nodes
     46081 MiB available memory on the printing compute node when the environment starts
 
     Waiting for input...
     Reading input from standard input
      Title line not specified: using 'default'.
     Run is not recoverable starting from scratch

     Reading xml data from directory:

     ./out/ga.save/
 
     K-points division:     npool     =       2
     R & G space division:  proc/nbgrp/npool/nimage =      32
     Subspace diagonalization in iterative solution of the eigenvalue problem:
     one sub-group per band group will be used
     scalapack distributed-memory algorithm (size of sub-group:  2*  2 procs)


     IMPORTANT: XC functional enforced from input :
     Exchange-correlation= PZ
                           (   1   1   0   0   0   0   0)
     Any further DFT definition will be discarded
     Please, verify this is what you really want

 
     Parallelization info
     --------------------
     sticks:   dense  smooth     PW     G-vecs:    dense   smooth      PW
     Min         139     124     33                10889     9126    1293
     Max         141     125     34                10894     9131    1300
     Sum        4477    3985   1085               348561   292119   41525
 
     Using Slab Decomposition
 

     Check: negative core charge=   -0.000005
     Reading collected, re-writing distributed wavefunctions in ./out/

     Number and degeneracy of irreps per q-point
       N         xq(1)         xq(2)         xq(3)   N irreps
       1   0.000000000   0.000000000   0.000000000      85
        1   1   1   1   1   1   1   1   1   1   1   1   1   1   1   1   1   1
   1   1   1   1   1   1   1   1   2   2   2   2   2   2   2   2   2   2
   2   2   2   2   1   1   1   1   1   1   1   1   1   1   1   1   1   1
   1   1   1   1   1   1   1   1   1   1   1   1   1   2   2   2   2   2
   2   2   2   2   2   2   2   2   2   2   2   2   2

     Calculation of q =    0.0000000   0.0000000   0.0000000

     default                                                                    

     bravais-lattice index     =            0
     lattice parameter (alat)  =      14.4170  a.u.
     unit-cell volume          =    4650.3612 (a.u.)^3
     number of atoms/cell      =           39
     number of atomic types    =            3
     kinetic-energy cut-off    =      60.0000  Ry
     charge density cut-off    =     270.0000  Ry
     convergence threshold     =      1.0E-14
     beta                      =       0.7000
     number of iterations used =            4
     Exchange-correlation= PZ
                           (   1   1   0   0   0   0   0)


     celldm(1)=   14.41697  celldm(2)=    0.00000  celldm(3)=    0.00000
     celldm(4)=    0.00000  celldm(5)=    0.00000  celldm(6)=    0.00000

     crystal axes: (cart. coord. in units of alat)
               a(1) = (  1.0000  0.0000  0.0000 )  
               a(2) = (  0.0000  1.0000  0.0000 )  
               a(3) = (  0.0000  0.0000  1.5519 )  

     reciprocal axes: (cart. coord. in units 2 pi/alat)
               b(1) = (  1.0000  0.0000  0.0000 )  
               b(2) = (  0.0000  1.0000  0.0000 )  
               b(3) = (  0.0000  0.0000  0.6444 )  


     Atoms inside the unit cell: 

     Cartesian axes

     site n.  atom      mass           positions (alat units)
        1  Bi    208.9804   tau(    1) = (    0.00115    0.00115    0.55275  )
        2  Bi    208.9804   tau(    2) = (    0.00115    0.00115    0.99915  )
        3  Bi    208.9804   tau(    3) = (    0.25000    0.25000    1.33099  )
        4  Bi    208.9804   tau(    4) = (    0.25000    0.25000    0.22092  )
        5  Bi    208.9804   tau(    5) = (    0.00115    0.49885    0.55275  )
        6  Bi    208.9804   tau(    6) = (    0.00115    0.49885    0.99915  )
        7  Bi    208.9804   tau(    7) = (    0.49885    0.00115    0.55275  )
        8  Bi    208.9804   tau(    8) = (    0.49885    0.00115    0.99915  )
        9  Bi    208.9804   tau(    9) = (    0.25000    0.75000    1.33039  )
       10  Bi    208.9804   tau(   10) = (    0.25000    0.75000    0.22151  )
       11  Bi    208.9804   tau(   11) = (    0.75000    0.25000    1.33039  )
       12  Bi    208.9804   tau(   12) = (    0.75000    0.25000    0.22151  )
       13  Bi    208.9804   tau(   13) = (    0.49885    0.49885    0.55275  )
       14  Bi    208.9804   tau(   14) = (    0.49885    0.49885    0.99915  )
       15  Bi    208.9804   tau(   15) = (    0.75000    0.75000    1.33094  )
       16  Bi    208.9804   tau(   16) = (    0.75000    0.75000    0.22097  )
       17  Se     78.9600   tau(   17) = (    0.00037    0.00037    0.00000  )
       18  Se     78.9600   tau(   18) = (    0.25000    0.25000    0.77595  )
       19  Se     78.9600   tau(   19) = (    0.00037    0.49963    0.00000  )
       20  Se     78.9600   tau(   20) = (    0.49963    0.00037    0.00000  )
       21  Se     78.9600   tau(   21) = (    0.25000    0.75000    0.77595  )
       22  Se     78.9600   tau(   22) = (    0.75000    0.25000    0.77595  )
       23  Se     78.9600   tau(   23) = (    0.49963    0.49963    0.00000  )
       24  O      15.9994   tau(   24) = (    0.00056    0.25000    0.39020  )
       25  O      15.9994   tau(   25) = (   -0.00125    0.75000    1.16289  )
       26  O      15.9994   tau(   26) = (   -0.00125    0.75000    0.38902  )
       27  O      15.9994   tau(   27) = (    0.00056    0.25000    1.16171  )
       28  O      15.9994   tau(   28) = (    0.75000   -0.00125    0.38902  )
       29  O      15.9994   tau(   29) = (    0.25000    0.00056    1.16171  )
       30  O      15.9994   tau(   30) = (    0.25000    0.00056    0.39020  )
       31  O      15.9994   tau(   31) = (    0.75000   -0.00125    1.16289  )
       32  O      15.9994   tau(   32) = (    0.25000    0.49944    1.16171  )
       33  O      15.9994   tau(   33) = (    0.25000    0.49944    0.39020  )
       34  O      15.9994   tau(   34) = (    0.49944    0.25000    0.39020  )
       35  O      15.9994   tau(   35) = (    0.49944    0.25000    1.16171  )
       36  O      15.9994   tau(   36) = (    0.50125    0.75000    0.38902  )
       37  O      15.9994   tau(   37) = (    0.50125    0.75000    1.16289  )
       38  O      15.9994   tau(   38) = (    0.75000    0.50125    1.16289  )
       39  O      15.9994   tau(   39) = (    0.75000    0.50125    0.38902  )

     Computing dynamical matrix for 
                    q = (   0.0000000   0.0000000   0.0000000 )
 
     17 Sym.Ops. (with q -> -q+G )


     G cutoff = 1421.5164  (  10894 G-vectors)     FFT grid: ( 80, 80,120)
     G cutoff = 1263.5701  (   9128 G-vectors)  smooth grid: ( 72, 72,120)
     number of k points=    40
                       cart. coord. in units 2pi/alat
        k(    1) = (   0.0000000   0.0000000   0.0000000), wk =   0.0092593
        k(    2) = (   0.0000000   0.0000000   0.1073949), wk =   0.0185185
        k(    3) = (   0.0000000   0.0000000   0.2147899), wk =   0.0185185
        k(    4) = (   0.0000000   0.0000000  -0.3221848), wk =   0.0092593
        k(    5) = (   0.0000000   0.1666667   0.0000000), wk =   0.0370370
        k(    6) = (   0.0000000   0.1666667   0.1073949), wk =   0.0740741
        k(    7) = (   0.0000000   0.1666667   0.2147899), wk =   0.0740741
        k(    8) = (   0.0000000   0.1666667  -0.3221848), wk =   0.0370370
        k(    9) = (   0.0000000   0.3333333   0.0000000), wk =   0.0370370
        k(   10) = (   0.0000000   0.3333333   0.1073949), wk =   0.0740741
        k(   11) = (   0.0000000   0.3333333   0.2147899), wk =   0.0740741
        k(   12) = (   0.0000000   0.3333333  -0.3221848), wk =   0.0370370
        k(   13) = (   0.0000000  -0.5000000   0.0000000), wk =   0.0185185
        k(   14) = (   0.0000000  -0.5000000   0.1073949), wk =   0.0370370
        k(   15) = (   0.0000000  -0.5000000   0.2147899), wk =   0.0370370
        k(   16) = (   0.0000000  -0.5000000  -0.3221848), wk =   0.0185185
        k(   17) = (   0.1666667   0.1666667   0.0000000), wk =   0.0370370
        k(   18) = (   0.1666667   0.1666667   0.1073949), wk =   0.0740741
        k(   19) = (   0.1666667   0.1666667   0.2147899), wk =   0.0740741
        k(   20) = (   0.1666667   0.1666667  -0.3221848), wk =   0.0370370
        k(   21) = (   0.1666667   0.3333333   0.0000000), wk =   0.0740741
        k(   22) = (   0.1666667   0.3333333   0.1073949), wk =   0.1481481
        k(   23) = (   0.1666667   0.3333333   0.2147899), wk =   0.1481481
        k(   24) = (   0.1666667   0.3333333  -0.3221848), wk =   0.0740741
        k(   25) = (   0.1666667  -0.5000000   0.0000000), wk =   0.0370370
        k(   26) = (   0.1666667  -0.5000000   0.1073949), wk =   0.0740741
        k(   27) = (   0.1666667  -0.5000000   0.2147899), wk =   0.0740741
        k(   28) = (   0.1666667  -0.5000000  -0.3221848), wk =   0.0370370
        k(   29) = (   0.3333333   0.3333333   0.0000000), wk =   0.0370370
        k(   30) = (   0.3333333   0.3333333   0.1073949), wk =   0.0740741
        k(   31) = (   0.3333333   0.3333333   0.2147899), wk =   0.0740741
        k(   32) = (   0.3333333   0.3333333  -0.3221848), wk =   0.0370370
        k(   33) = (   0.3333333  -0.5000000   0.0000000), wk =   0.0370370
        k(   34) = (   0.3333333  -0.5000000   0.1073949), wk =   0.0740741
        k(   35) = (   0.3333333  -0.5000000   0.2147899), wk =   0.0740741
        k(   36) = (   0.3333333  -0.5000000  -0.3221848), wk =   0.0370370
        k(   37) = (  -0.5000000  -0.5000000   0.0000000), wk =   0.0092593
        k(   38) = (  -0.5000000  -0.5000000   0.1073949), wk =   0.0185185
        k(   39) = (  -0.5000000  -0.5000000   0.2147899), wk =   0.0185185
        k(   40) = (  -0.5000000  -0.5000000  -0.3221848), wk =   0.0092593

     PseudoPot. # 1 for Bi read from file:
     ./Bi.upf
     MD5 check sum: 6872f064adb6bc5e400c0fc6d475decc
     Pseudo is Norm-conserving + core correction, Zval = 15.0
     Generated using ONCVPSP code by D. R. Hamann
     Using radial grid of 1562 points,  6 beta functions with: 
                l(1) =   0
                l(2) =   0
                l(3) =   1
                l(4) =   1
                l(5) =   2
                l(6) =   2

     PseudoPot. # 2 for O  read from file:
     ./O.upf
     MD5 check sum: a1969bbd51a79f57ce766e937222aee4
     Pseudo is Norm-conserving + core correction, Zval =  6.0
     Generated using ONCVPSP code by D. R. Hamann
     Using radial grid of  936 points,  5 beta functions with: 
                l(1) =   0
                l(2) =   0
                l(3) =   1
                l(4) =   1
                l(5) =   2

     PseudoPot. # 3 for Se read from file:
     ./Se.upf
     MD5 check sum: 666d3fce17080e2232e5bf8193ff52c1
     Pseudo is Norm-conserving + core correction, Zval = 16.0
     Generated using ONCVPSP code by D. R. Hamann
     Using radial grid of 1214 points,  6 beta functions with: 
                l(1) =   0
                l(2) =   0
                l(3) =   1
                l(4) =   1
                l(5) =   2
                l(6) =   2

     Mode symmetry, D_4h(4/mmm) point group:


     Electric field:
     Dielectric constant
     Born effective charges as d Force / d E
     Raman tensor


     Atomic displacements:
     There are   85 irreducible representations

     Representation     1      1 modes -  To be done

     Representation     2      1 modes -  To be done

     Representation     3      1 modes -  To be done

     Representation     4      1 modes -  To be done

     Representation     5      1 modes -  To be done

     Representation     6      1 modes -  To be done

     Representation     7      1 modes -  To be done

     Representation     8      1 modes -  To be done

     Representation     9      1 modes -  To be done

     Representation    10      1 modes -  To be done

     Representation    11      1 modes -  To be done

     Representation    12      1 modes -  To be done

     Representation    13      1 modes -  To be done

     Representation    14      1 modes -  To be done

     Representation    15      1 modes -  To be done

     Representation    16      1 modes -  To be done

     Representation    17      1 modes -  To be done

     Representation    18      1 modes -  To be done

     Representation    19      1 modes -  To be done

     Representation    20      1 modes -  To be done

     Representation    21      1 modes -  To be done

     Representation    22      1 modes -  To be done

     Representation    23      1 modes -  To be done

     Representation    24      1 modes -  To be done

     Representation    25      1 modes -  To be done

     Representation    26      1 modes -  To be done

     Representation    27      2 modes -  To be done

     Representation    28      2 modes -  To be done

     Representation    29      2 modes -  To be done

     Representation    30      2 modes -  To be done

     Representation    31      2 modes -  To be done

     Representation    32      2 modes -  To be done

     Representation    33      2 modes -  To be done

     Representation    34      2 modes -  To be done

     Representation    35      2 modes -  To be done

     Representation    36      2 modes -  To be done

     Representation    37      2 modes -  To be done

     Representation    38      2 modes -  To be done

     Representation    39      2 modes -  To be done

     Representation    40      2 modes -  To be done

     Representation    41      1 modes -  To be done

     Representation    42      1 modes -  To be done

     Representation    43      1 modes -  To be done

     Representation    44      1 modes -  To be done

     Representation    45      1 modes -  To be done

     Representation    46      1 modes -  To be done

     Representation    47      1 modes -  To be done

     Representation    48      1 modes -  To be done

     Representation    49      1 modes -  To be done

     Representation    50      1 modes -  To be done

     Representation    51      1 modes -  To be done

     Representation    52      1 modes -  To be done

     Representation    53      1 modes -  To be done

     Representation    54      1 modes -  To be done

     Representation    55      1 modes -  To be done

     Representation    56      1 modes -  To be done

     Representation    57      1 modes -  To be done

     Representation    58      1 modes -  To be done

     Representation    59      1 modes -  To be done

     Representation    60      1 modes -  To be done

     Representation    61      1 modes -  To be done

     Representation    62      1 modes -  To be done

     Representation    63      1 modes -  To be done

     Representation    64      1 modes -  To be done

     Representation    65      1 modes -  To be done

     Representation    66      1 modes -  To be done

     Representation    67      1 modes -  To be done

     Representation    68      2 modes -  To be done

     Representation    69      2 modes -  To be done

     Representation    70      2 modes -  To be done

     Representation    71      2 modes -  To be done

     Representation    72      2 modes -  To be done

     Representation    73      2 modes -  To be done

     Representation    74      2 modes -  To be done

     Representation    75      2 modes -  To be done

     Representation    76      2 modes -  To be done

     Representation    77      2 modes -  To be done

     Representation    78      2 modes -  To be done

     Representation    79      2 modes -  To be done

     Representation    80      2 modes -  To be done

     Representation    81      2 modes -  To be done

     Representation    82      2 modes -  To be done

     Representation    83      2 modes -  To be done

     Representation    84      2 modes -  To be done

     Representation    85      2 modes -  To be done



     Alpha used in Ewald sum =   2.1000
     PHONON       :     19.59s CPU     21.21s WALL


     Electric Fields Calculation

      iter #   1 total cpu time :  1012.7 secs   av.it.:   9.5
      thresh= 1.000E-02 alpha_mix =  0.700 |ddv_scf|^2 =  5.649E-01

      iter #   2 total cpu time :  1417.7 secs   av.it.:  19.3
      thresh= 1.000E-02 alpha_mix =  0.700 |ddv_scf|^2 =  1.475E+01

      iter #   3 total cpu time :  1820.9 secs   av.it.:  19.2
      thresh= 1.000E-02 alpha_mix =  0.700 |ddv_scf|^2 =  3.604E-02

      iter #   4 total cpu time :  2171.8 secs   av.it.:  16.4
      thresh= 1.000E-02 alpha_mix =  0.700 |ddv_scf|^2 =  4.492E-03

      iter #   5 total cpu time :  2519.7 secs   av.it.:  16.3
      thresh= 6.702E-03 alpha_mix =  0.700 |ddv_scf|^2 =  7.508E-04

      iter #   6 total cpu time :  2874.5 secs   av.it.:  16.7
      thresh= 2.740E-03 alpha_mix =  0.700 |ddv_scf|^2 =  8.674E-04

      iter #   7 total cpu time :  3211.5 secs   av.it.:  15.7
      thresh= 2.945E-03 alpha_mix =  0.700 |ddv_scf|^2 =  5.228E-05

      iter #   8 total cpu time :  3573.7 secs   av.it.:  17.1
      thresh= 7.230E-04 alpha_mix =  0.700 |ddv_scf|^2 =  2.119E-05

      iter #   9 total cpu time :  3920.8 secs   av.it.:  16.2
      thresh= 4.604E-04 alpha_mix =  0.700 |ddv_scf|^2 =  8.514E-06

      iter #  10 total cpu time :  4258.9 secs   av.it.:  15.8
      thresh= 2.918E-04 alpha_mix =  0.700 |ddv_scf|^2 =  1.201E-05

      iter #  11 total cpu time :  4589.2 secs   av.it.:  15.5
      thresh= 3.466E-04 alpha_mix =  0.700 |ddv_scf|^2 =  4.531E-07

      iter #  12 total cpu time :  4973.3 secs   av.it.:  18.2
      thresh= 6.731E-05 alpha_mix =  0.700 |ddv_scf|^2 =  3.817E-06

      iter #  13 total cpu time :  5303.9 secs   av.it.:  15.5
      thresh= 1.954E-04 alpha_mix =  0.700 |ddv_scf|^2 =  4.825E-07

      iter #  14 total cpu time :  5661.0 secs   av.it.:  16.9
      thresh= 6.946E-05 alpha_mix =  0.700 |ddv_scf|^2 =  1.315E-07

      iter #  15 total cpu time :  6010.5 secs   av.it.:  16.5
      thresh= 3.627E-05 alpha_mix =  0.700 |ddv_scf|^2 =  8.817E-08

      iter #  16 total cpu time :  6345.3 secs   av.it.:  15.7
      thresh= 2.969E-05 alpha_mix =  0.700 |ddv_scf|^2 =  1.762E-08

      iter #  17 total cpu time :  6696.7 secs   av.it.:  16.6
      thresh= 1.327E-05 alpha_mix =  0.700 |ddv_scf|^2 =  1.692E-08

      iter #  18 total cpu time :  7063.4 secs   av.it.:  17.1
      thresh= 1.301E-05 alpha_mix =  0.700 |ddv_scf|^2 =  1.456E-08

      iter #  19 total cpu time :  7379.5 secs   av.it.:  14.5
      thresh= 1.207E-05 alpha_mix =  0.700 |ddv_scf|^2 =  3.396E-09

      iter #  20 total cpu time :  7749.2 secs   av.it.:  17.4
      thresh= 5.827E-06 alpha_mix =  0.700 |ddv_scf|^2 =  3.370E-09

      iter #  21 total cpu time :  8091.7 secs   av.it.:  15.9
      thresh= 5.806E-06 alpha_mix =  0.700 |ddv_scf|^2 =  5.641E-10

      iter #  22 total cpu time :  8452.0 secs   av.it.:  16.6
      thresh= 2.375E-06 alpha_mix =  0.700 |ddv_scf|^2 =  2.427E-10

      iter #  23 total cpu time :  8815.4 secs   av.it.:  16.3
      thresh= 1.558E-06 alpha_mix =  0.700 |ddv_scf|^2 =  4.644E-11

      iter #  24 total cpu time :  9216.1 secs   av.it.:  18.0
      thresh= 6.815E-07 alpha_mix =  0.700 |ddv_scf|^2 =  1.233E-10

      iter #  25 total cpu time :  9562.9 secs   av.it.:  15.4
      thresh= 1.111E-06 alpha_mix =  0.700 |ddv_scf|^2 =  1.676E-10

      iter #  26 total cpu time :  9928.8 secs   av.it.:  16.5
      thresh= 1.295E-06 alpha_mix =  0.700 |ddv_scf|^2 =  7.659E-11

      iter #  27 total cpu time : 10286.1 secs   av.it.:  16.0
      thresh= 8.752E-07 alpha_mix =  0.700 |ddv_scf|^2 =  1.250E-11

      iter #  28 total cpu time : 10638.6 secs   av.it.:  15.9
      thresh= 3.536E-07 alpha_mix =  0.700 |ddv_scf|^2 =  2.607E-12

      iter #  29 total cpu time : 11023.0 secs   av.it.:  17.4
      thresh= 1.615E-07 alpha_mix =  0.700 |ddv_scf|^2 =  1.352E-12

      iter #  30 total cpu time : 11417.2 secs   av.it.:  17.9
      thresh= 1.163E-07 alpha_mix =  0.700 |ddv_scf|^2 =  1.230E-12

      iter #  31 total cpu time : 11987.9 secs   av.it.:  16.5
      thresh= 1.109E-07 alpha_mix =  0.700 |ddv_scf|^2 =  2.263E-12

      iter #  32 total cpu time : 12353.8 secs   av.it.:  16.3
      thresh= 1.504E-07 alpha_mix =  0.700 |ddv_scf|^2 =  2.159E-12

      iter #  33 total cpu time : 12711.0 secs   av.it.:  16.0
      thresh= 1.469E-07 alpha_mix =  0.700 |ddv_scf|^2 =  3.535E-13

      iter #  34 total cpu time : 13081.6 secs   av.it.:  16.6
      thresh= 5.946E-08 alpha_mix =  0.700 |ddv_scf|^2 =  3.462E-13

      iter #  35 total cpu time : 13438.3 secs   av.it.:  15.9
      thresh= 5.884E-08 alpha_mix =  0.700 |ddv_scf|^2 =  2.565E-14

      iter #  36 total cpu time : 13843.4 secs   av.it.:  18.6
      thresh= 1.602E-08 alpha_mix =  0.700 |ddv_scf|^2 =  6.052E-14

      iter #  37 total cpu time : 14214.1 secs   av.it.:  16.8
      thresh= 2.460E-08 alpha_mix =  0.700 |ddv_scf|^2 =  1.405E-13

      iter #  38 total cpu time : 14550.5 secs   av.it.:  15.1
      thresh= 3.748E-08 alpha_mix =  0.700 |ddv_scf|^2 =  2.266E-14

      iter #  39 total cpu time : 14913.6 secs   av.it.:  16.3
      thresh= 1.505E-08 alpha_mix =  0.700 |ddv_scf|^2 =  2.336E-14

      iter #  40 total cpu time : 15256.3 secs   av.it.:  15.1
      thresh= 1.528E-08 alpha_mix =  0.700 |ddv_scf|^2 =  3.326E-15

     End of electric fields calculation

          Dielectric constant in cartesian axis 

          ( 1304932.687853170       0.000000000       0.000000000 )
          (       0.000000000 1304932.687853170       0.000000000 )
          (       0.000000000       0.000000000     340.460481735 )

          Effective charges (d Force / dE) in cartesian axis without acoustic sum rule applied (asr)

           atom    1  Bi    Mean Z*:      672.51783
      Ex  (     1005.15403      751.47067     -963.93736 )
      Ey  (      751.47067     1005.15403     -963.93736 )
      Ez  (       -3.25220       -3.25220        7.24543 )
           atom    2  Bi    Mean Z*:      672.51783
      Ex  (     1005.15403      751.47067      963.93736 )
      Ey  (      751.47067     1005.15403      963.93736 )
      Ez  (        3.25220        3.25220        7.24543 )
           atom    3  Bi    Mean Z*:      380.85612
      Ex  (      567.45103        0.00000        0.00000 )
      Ey  (        0.00000      567.45103        0.00000 )
      Ez  (        0.00000        0.00000        7.66630 )
           atom    4  Bi    Mean Z*:      380.85612
      Ex  (      567.45103        0.00000        0.00000 )
      Ey  (        0.00000      567.45103        0.00000 )
      Ez  (        0.00000        0.00000        7.66630 )
           atom    5  Bi    Mean Z*:      672.51783
      Ex  (     1005.15403     -751.47067     -963.93736 )
      Ey  (     -751.47067     1005.15403      963.93736 )
      Ez  (       -3.25220        3.25220        7.24543 )
           atom    6  Bi    Mean Z*:      672.51783
      Ex  (     1005.15403     -751.47067      963.93736 )
      Ey  (     -751.47067     1005.15403     -963.93736 )
      Ez  (        3.25220       -3.25220        7.24543 )
           atom    7  Bi    Mean Z*:      672.51783
      Ex  (     1005.15403     -751.47067      963.93736 )
      Ey  (     -751.47067     1005.15403     -963.93736 )
      Ez  (        3.25220       -3.25220        7.24543 )
           atom    8  Bi    Mean Z*:      672.51783
      Ex  (     1005.15403     -751.47067     -963.93736 )
      Ey  (     -751.47067     1005.15403      963.93736 )
      Ez  (       -3.25220        3.25220        7.24543 )
           atom    9  Bi    Mean Z*:     -152.31876
      Ex  (      424.96063        0.00000        0.00000 )
      Ey  (       -0.00000     -890.85881        0.00000 )
      Ez  (        0.00000        0.00000        8.94191 )
           atom   10  Bi    Mean Z*:     -152.31876
      Ex  (      424.96063        0.00000        0.00000 )
      Ey  (        0.00000     -890.85881        0.00000 )
      Ez  (        0.00000        0.00000        8.94191 )
           atom   11  Bi    Mean Z*:     -152.31876
      Ex  (     -890.85881       -0.00000        0.00000 )
      Ey  (        0.00000      424.96063        0.00000 )
      Ez  (        0.00000        0.00000        8.94191 )
           atom   12  Bi    Mean Z*:     -152.31876
      Ex  (     -890.85881       -0.00000        0.00000 )
      Ey  (        0.00000      424.96063        0.00000 )
      Ez  (        0.00000        0.00000        8.94191 )
           atom   13  Bi    Mean Z*:      672.51783
      Ex  (     1005.15403      751.47067      963.93736 )
      Ey  (      751.47067     1005.15403      963.93736 )
      Ez  (        3.25220        3.25220        7.24543 )
           atom   14  Bi    Mean Z*:      672.51783
      Ex  (     1005.15403      751.47067     -963.93736 )
      Ey  (      751.47067     1005.15403     -963.93736 )
      Ez  (       -3.25220       -3.25220        7.24543 )
           atom   15  Bi    Mean Z*:     -146.52789
      Ex  (     -225.22328        0.00000        0.00000 )
      Ey  (        0.00000     -225.22328        0.00000 )
      Ez  (        0.00000        0.00000       10.86289 )
           atom   16  Bi    Mean Z*:     -146.52789
      Ex  (     -225.22328        0.00000        0.00000 )
      Ey  (        0.00000     -225.22328        0.00000 )
      Ez  (        0.00000        0.00000       10.86289 )
           atom   17  Se    Mean Z*:      -20.42072
      Ex  (      -27.48093       -1.66047        0.00000 )
      Ey  (       -1.66047      -27.48093        0.00000 )
      Ez  (        0.00000       -0.00000       -6.30028 )
           atom   18  Se    Mean Z*:     -197.96489
      Ex  (     -295.69600        0.00000        0.00000 )
      Ey  (        0.00000     -295.69600        0.00000 )
      Ez  (        0.00000        0.00000       -2.50266 )
           atom   19  Se    Mean Z*:      -20.42072
      Ex  (      -27.48093        1.66047        0.00000 )
      Ey  (        1.66047      -27.48093       -0.00000 )
      Ez  (        0.00000       -0.00000       -6.30028 )
           atom   20  Se    Mean Z*:      -20.42072
      Ex  (      -27.48093        1.66047       -0.00000 )
      Ey  (        1.66047      -27.48093       -0.00000 )
      Ez  (        0.00000        0.00000       -6.30028 )
           atom   21  Se    Mean Z*:     -449.02920
      Ex  (    -1393.21501        0.00000        0.00000 )
      Ey  (        0.00000       46.66670        0.00000 )
      Ez  (        0.00000        0.00000       -0.53930 )
           atom   22  Se    Mean Z*:     -449.02920
      Ex  (       46.66670        0.00000        0.00000 )
      Ey  (        0.00000    -1393.21501        0.00000 )
      Ez  (        0.00000        0.00000       -0.53930 )
           atom   23  Se    Mean Z*:      -20.42072
      Ex  (      -27.48093       -1.66047        0.00000 )
      Ey  (       -1.66047      -27.48093       -0.00000 )
      Ez  (        0.00000        0.00000       -6.30028 )
           atom   24  O     Mean Z*:     -775.53078
      Ex  (      152.00582        0.00000      630.96326 )
      Ey  (        0.00000    -2473.09726        0.00000 )
      Ez  (       -0.72180       -0.00000       -5.50090 )
           atom   25  O     Mean Z*:      265.15721
      Ex  (     -230.80190        0.00000     -197.71935 )
      Ey  (       -0.00000     1033.55004       -0.00000 )
      Ez  (       -3.01733        0.00000       -7.27652 )
           atom   26  O     Mean Z*:      265.15721
      Ex  (     -230.80190        0.00000      197.71935 )
      Ey  (        0.00000     1033.55004        0.00000 )
      Ez  (        3.01733        0.00000       -7.27652 )
           atom   27  O     Mean Z*:     -775.53078
      Ex  (      152.00582       -0.00000     -630.96326 )
      Ey  (       -0.00000    -2473.09726        0.00000 )
      Ez  (        0.72180        0.00000       -5.50090 )
           atom   28  O     Mean Z*:      265.15721
      Ex  (     1033.55004       -0.00000       -0.00000 )
      Ey  (        0.00000     -230.80190      197.71935 )
      Ez  (        0.00000        3.01733       -7.27652 )
           atom   29  O     Mean Z*:     -775.53078
      Ex  (    -2473.09726        0.00000        0.00000 )
      Ey  (        0.00000      152.00582     -630.96326 )
      Ez  (        0.00000        0.72180       -5.50090 )
           atom   30  O     Mean Z*:     -775.53078
      Ex  (    -2473.09726        0.00000        0.00000 )
      Ey  (       -0.00000      152.00582      630.96326 )
      Ez  (       -0.00000       -0.72180       -5.50090 )
           atom   31  O     Mean Z*:      265.15721
      Ex  (     1033.55004        0.00000       -0.00000 )
      Ey  (        0.00000     -230.80190     -197.71935 )
      Ez  (       -0.00000       -3.01733       -7.27652 )
           atom   32  O     Mean Z*:     -775.53078
      Ex  (    -2473.09726        0.00000        0.00000 )
      Ey  (        0.00000      152.00582      630.96326 )
      Ez  (        0.00000       -0.72180       -5.50090 )
           atom   33  O     Mean Z*:     -775.53078
      Ex  (    -2473.09726        0.00000       -0.00000 )
      Ey  (       -0.00000      152.00582     -630.96326 )
      Ez  (        0.00000        0.72180       -5.50090 )
           atom   34  O     Mean Z*:     -775.53078
      Ex  (      152.00582        0.00000     -630.96326 )
      Ey  (       -0.00000    -2473.09726        0.00000 )
      Ez  (        0.72180       -0.00000       -5.50090 )
           atom   35  O     Mean Z*:     -775.53078
      Ex  (      152.00582        0.00000      630.96326 )
      Ey  (        0.00000    -2473.09726       -0.00000 )
      Ez  (       -0.72180       -0.00000       -5.50090 )
           atom   36  O     Mean Z*:      265.15721
      Ex  (     -230.80190       -0.00000     -197.71935 )
      Ey  (        0.00000     1033.55004        0.00000 )
      Ez  (       -3.01733       -0.00000       -7.27652 )
           atom   37  O     Mean Z*:      265.15721
      Ex  (     -230.80190        0.00000      197.71935 )
      Ey  (       -0.00000     1033.55004        0.00000 )
      Ez  (        3.01733        0.00000       -7.27652 )
           atom   38  O     Mean Z*:      265.15721
      Ex  (     1033.55004        0.00000        0.00000 )
      Ey  (       -0.00000     -230.80190      197.71935 )
      Ez  (        0.00000        3.01733       -7.27652 )
           atom   39  O     Mean Z*:      265.15721
      Ex  (     1033.55004        0.00000        0.00000 )
      Ey  (       -0.00000     -230.80190     -197.71935 )
      Ez  (        0.00000       -3.01733       -7.27652 )

          Effective charges Sum: Mean:      -21.17068
            -31.64988        0.00000        0.00000
              0.00000      -31.64988       -0.00000
             -0.00000        0.00000       -0.21227

          Effective charges (d Force / dE) in cartesian axis with asr applied: 
           atom    1  Bi    Mean Z*:      673.06067
      E*x (     1005.96556      751.47067     -963.93736 )
      E*y (      751.47067     1005.96556     -963.93736 )
      E*z (       -3.25220       -3.25220        7.25087 )
           atom    2  Bi    Mean Z*:      673.06067
      E*x (     1005.96556      751.47067      963.93736 )
      E*y (      751.47067     1005.96556      963.93736 )
      E*z (        3.25220        3.25220        7.25087 )
           atom    3  Bi    Mean Z*:      381.39896
      E*x (      568.26256       -0.00000        0.00000 )
      E*y (       -0.00000      568.26256       -0.00000 )
      E*z (       -0.00000        0.00000        7.67174 )
           atom    4  Bi    Mean Z*:      381.39896
      E*x (      568.26256       -0.00000        0.00000 )
      E*y (       -0.00000      568.26256       -0.00000 )
      E*z (       -0.00000        0.00000        7.67174 )
           atom    5  Bi    Mean Z*:      673.06067
      E*x (     1005.96556     -751.47067     -963.93736 )
      E*y (     -751.47067     1005.96556      963.93736 )
      E*z (       -3.25220        3.25220        7.25087 )
           atom    6  Bi    Mean Z*:      673.06067
      E*x (     1005.96556     -751.47067      963.93736 )
      E*y (     -751.47067     1005.96556     -963.93736 )
      E*z (        3.25220       -3.25220        7.25087 )
           atom    7  Bi    Mean Z*:      673.06067
      E*x (     1005.96556     -751.47067      963.93736 )
      E*y (     -751.47067     1005.96556     -963.93736 )
      E*z (        3.25220       -3.25220        7.25087 )
           atom    8  Bi    Mean Z*:      673.06067
      E*x (     1005.96556     -751.47067     -963.93736 )
      E*y (     -751.47067     1005.96556      963.93736 )
      E*z (       -3.25220        3.25220        7.25087 )
           atom    9  Bi    Mean Z*:     -151.77592
      E*x (      425.77216       -0.00000        0.00000 )
      E*y (       -0.00000     -890.04728       -0.00000 )
      E*z (       -0.00000        0.00000        8.94735 )
           atom   10  Bi    Mean Z*:     -151.77592
      E*x (      425.77216       -0.00000        0.00000 )
      E*y (       -0.00000     -890.04728       -0.00000 )
      E*z (       -0.00000        0.00000        8.94735 )
           atom   11  Bi    Mean Z*:     -151.77592
      E*x (     -890.04728       -0.00000        0.00000 )
      E*y (       -0.00000      425.77216       -0.00000 )
      E*z (       -0.00000        0.00000        8.94735 )
           atom   12  Bi    Mean Z*:     -151.77592
      E*x (     -890.04728       -0.00000        0.00000 )
      E*y (       -0.00000      425.77216       -0.00000 )
      E*z (       -0.00000        0.00000        8.94735 )
           atom   13  Bi    Mean Z*:      673.06067
      E*x (     1005.96556      751.47067      963.93736 )
      E*y (      751.47067     1005.96556      963.93736 )
      E*z (        3.25220        3.25220        7.25087 )
           atom   14  Bi    Mean Z*:      673.06067
      E*x (     1005.96556      751.47067     -963.93736 )
      E*y (      751.47067     1005.96556     -963.93736 )
      E*z (       -3.25220       -3.25220        7.25087 )
           atom   15  Bi    Mean Z*:     -145.98505
      E*x (     -224.41175       -0.00000        0.00000 )
      E*y (       -0.00000     -224.41175       -0.00000 )
      E*z (       -0.00000        0.00000       10.86834 )
           atom   16  Bi    Mean Z*:     -145.98505
      E*x (     -224.41175       -0.00000        0.00000 )
      E*y (       -0.00000     -224.41175       -0.00000 )
      E*z (       -0.00000        0.00000       10.86834 )
           atom   17  Se    Mean Z*:      -19.87788
      E*x (      -26.66940       -1.66047        0.00000 )
      E*y (       -1.66047      -26.66940       -0.00000 )
      E*z (       -0.00000        0.00000       -6.29484 )
           atom   18  Se    Mean Z*:     -197.42205
      E*x (     -294.88446       -0.00000        0.00000 )
      E*y (       -0.00000     -294.88446       -0.00000 )
      E*z (       -0.00000        0.00000       -2.49722 )
           atom   19  Se    Mean Z*:      -19.87788
      E*x (      -26.66940        1.66047        0.00000 )
      E*y (        1.66047      -26.66940       -0.00000 )
      E*z (       -0.00000        0.00000       -6.29484 )
           atom   20  Se    Mean Z*:      -19.87788
      E*x (      -26.66940        1.66047        0.00000 )
      E*y (        1.66047      -26.66940       -0.00000 )
      E*z (       -0.00000        0.00000       -6.29484 )
           atom   21  Se    Mean Z*:     -448.48636
      E*x (    -1392.40347       -0.00000        0.00000 )
      E*y (       -0.00000       47.47823       -0.00000 )
      E*z (       -0.00000        0.00000       -0.53385 )
           atom   22  Se    Mean Z*:     -448.48636
      E*x (       47.47823       -0.00000        0.00000 )
      E*y (       -0.00000    -1392.40347       -0.00000 )
      E*z (       -0.00000        0.00000       -0.53385 )
           atom   23  Se    Mean Z*:      -19.87788
      E*x (      -26.66940       -1.66047        0.00000 )
      E*y (       -1.66047      -26.66940       -0.00000 )
      E*z (       -0.00000        0.00000       -6.29484 )
           atom   24  O     Mean Z*:     -774.98794
      E*x (      152.81735       -0.00000      630.96326 )
      E*y (       -0.00000    -2472.28572       -0.00000 )
      E*z (       -0.72180        0.00000       -5.49545 )
           atom   25  O     Mean Z*:      265.70004
      E*x (     -229.99036       -0.00000     -197.71935 )
      E*y (       -0.00000     1034.36158       -0.00000 )
      E*z (       -3.01733        0.00000       -7.27108 )
           atom   26  O     Mean Z*:      265.70004
      E*x (     -229.99036       -0.00000      197.71935 )
      E*y (       -0.00000     1034.36158       -0.00000 )
      E*z (        3.01733        0.00000       -7.27108 )
           atom   27  O     Mean Z*:     -774.98794
      E*x (      152.81735       -0.00000     -630.96326 )
      E*y (       -0.00000    -2472.28572       -0.00000 )
      E*z (        0.72180        0.00000       -5.49545 )
           atom   28  O     Mean Z*:      265.70004
      E*x (     1034.36158       -0.00000        0.00000 )
      E*y (       -0.00000     -229.99036      197.71935 )
      E*z (       -0.00000        3.01733       -7.27108 )
           atom   29  O     Mean Z*:     -774.98794
      E*x (    -2472.28572       -0.00000        0.00000 )
      E*y (       -0.00000      152.81735     -630.96326 )
      E*z (       -0.00000        0.72180       -5.49545 )
           atom   30  O     Mean Z*:     -774.98794
      E*x (    -2472.28572       -0.00000        0.00000 )
      E*y (       -0.00000      152.81735      630.96326 )
      E*z (       -0.00000       -0.72180       -5.49545 )
           atom   31  O     Mean Z*:      265.70004
      E*x (     1034.36158       -0.00000        0.00000 )
      E*y (       -0.00000     -229.99036     -197.71935 )
      E*z (       -0.00000       -3.01733       -7.27108 )
           atom   32  O     Mean Z*:     -774.98794
      E*x (    -2472.28572       -0.00000        0.00000 )
      E*y (       -0.00000      152.81735      630.96326 )
      E*z (       -0.00000       -0.72180       -5.49545 )
           atom   33  O     Mean Z*:     -774.98794
      E*x (    -2472.28572       -0.00000        0.00000 )
      E*y (       -0.00000      152.81735     -630.96326 )
      E*z (       -0.00000        0.72180       -5.49545 )
           atom   34  O     Mean Z*:     -774.98794
      E*x (      152.81735       -0.00000     -630.96326 )
      E*y (       -0.00000    -2472.28572       -0.00000 )
      E*z (        0.72180        0.00000       -5.49545 )
           atom   35  O     Mean Z*:     -774.98794
      E*x (      152.81735       -0.00000      630.96326 )
      E*y (       -0.00000    -2472.28572       -0.00000 )
      E*z (       -0.72180        0.00000       -5.49545 )
           atom   36  O     Mean Z*:      265.70004
      E*x (     -229.99036       -0.00000     -197.71935 )
      E*y (       -0.00000     1034.36158       -0.00000 )
      E*z (       -3.01733        0.00000       -7.27108 )
           atom   37  O     Mean Z*:      265.70004
      E*x (     -229.99036       -0.00000      197.71935 )
      E*y (       -0.00000     1034.36158       -0.00000 )
      E*z (        3.01733        0.00000       -7.27108 )
           atom   38  O     Mean Z*:      265.70004
      E*x (     1034.36158       -0.00000        0.00000 )
      E*y (       -0.00000     -229.99036      197.71935 )
      E*z (       -0.00000        3.01733       -7.27108 )
           atom   39  O     Mean Z*:      265.70004
      E*x (     1034.36158       -0.00000        0.00000 )
      E*y (       -0.00000     -229.99036     -197.71935 )
      E*z (       -0.00000       -3.01733       -7.27108 )

     Calling punch_plot_e
     Writing on file  drho                                                                                                                                                                                                                                                            

     Computing Pc [DH,Drho] |psi> 

     Derivative coefficient:  0.001000    Threshold: 1.00E-12
     Non-scf  u_k: avg # of iterations = 28.4
     Non-scf Du_k: avg # of iterations = 56.7

          Dielectric constant from finite-differences

          (  -35569.779365709       0.000000000       0.000000000 )
          (       0.000000000  -35569.779365709       0.000000000 )
          (       0.000000000       0.000000000     323.036881173 )

     Computing Second order response 


      iter #   1   av.it.:  36.8
      thresh= 1.000E-02 alpha_mix =  0.700 |ddv_scf|^2 =  3.439E+12


      iter #   2   av.it.:  44.9
      thresh= 1.000E-02 alpha_mix =  0.700 |ddv_scf|^2 =  4.882E+13


      iter #   3   av.it.:  43.6
      thresh= 1.000E-02 alpha_mix =  0.700 |ddv_scf|^2 =  2.094E+11


      iter #   4   av.it.:  41.7
      thresh= 1.000E-02 alpha_mix =  0.700 |ddv_scf|^2 =  1.824E+10


      iter #   5   av.it.:  40.0
      thresh= 1.000E-02 alpha_mix =  0.700 |ddv_scf|^2 =  3.886E+09


      iter #   6   av.it.:  37.8
      thresh= 1.000E-02 alpha_mix =  0.700 |ddv_scf|^2 =  4.114E+08


      iter #   7   av.it.:  37.2
      thresh= 1.000E-02 alpha_mix =  0.700 |ddv_scf|^2 =  8.017E+07


      iter #   8   av.it.:  35.6
      thresh= 1.000E-02 alpha_mix =  0.700 |ddv_scf|^2 =  3.585E+07


      iter #   9   av.it.:  33.5
      thresh= 1.000E-02 alpha_mix =  0.700 |ddv_scf|^2 =  5.466E+07


      iter #  10   av.it.:  34.7
      thresh= 1.000E-02 alpha_mix =  0.700 |ddv_scf|^2 =  6.670E+06


      iter #  11   av.it.:  32.8
      thresh= 1.000E-02 alpha_mix =  0.700 |ddv_scf|^2 =  2.223E+06


      iter #  12   av.it.:  31.5
      thresh= 1.000E-02 alpha_mix =  0.700 |ddv_scf|^2 =  6.749E+05


      iter #  13   av.it.:  31.6
      thresh= 1.000E-02 alpha_mix =  0.700 |ddv_scf|^2 =  6.322E+05


      iter #  14   av.it.:  30.6
      thresh= 1.000E-02 alpha_mix =  0.700 |ddv_scf|^2 =  1.563E+05


      iter #  15   av.it.:  29.6
      thresh= 1.000E-02 alpha_mix =  0.700 |ddv_scf|^2 =  6.112E+04


      iter #  16   av.it.:  28.5
      thresh= 1.000E-02 alpha_mix =  0.700 |ddv_scf|^2 =  2.991E+04


      iter #  17   av.it.:  28.2
      thresh= 1.000E-02 alpha_mix =  0.700 |ddv_scf|^2 =  4.537E+04


      iter #  18   av.it.:  27.0
      thresh= 1.000E-02 alpha_mix =  0.700 |ddv_scf|^2 =  3.121E+03


      iter #  19   av.it.:  26.3
      thresh= 1.000E-02 alpha_mix =  0.700 |ddv_scf|^2 =  1.529E+03


      iter #  20   av.it.:  25.5
      thresh= 1.000E-02 alpha_mix =  0.700 |ddv_scf|^2 =  5.362E+02


      iter #  21   av.it.:  25.1
      thresh= 1.000E-02 alpha_mix =  0.700 |ddv_scf|^2 =  1.446E+03


      iter #  22   av.it.:  23.7
      thresh= 1.000E-02 alpha_mix =  0.700 |ddv_scf|^2 =  4.541E+02


      iter #  23   av.it.:  23.1
      thresh= 1.000E-02 alpha_mix =  0.700 |ddv_scf|^2 =  1.360E+02


      iter #  24   av.it.:  22.4
      thresh= 1.000E-02 alpha_mix =  0.700 |ddv_scf|^2 =  7.089E+01


      iter #  25   av.it.:  22.8
      thresh= 1.000E-02 alpha_mix =  0.700 |ddv_scf|^2 =  5.226E+01


      iter #  26   av.it.:  22.0
      thresh= 1.000E-02 alpha_mix =  0.700 |ddv_scf|^2 =  9.591E+00


      iter #  27   av.it.:  21.3
      thresh= 1.000E-02 alpha_mix =  0.700 |ddv_scf|^2 =  7.802E+00


      iter #  28   av.it.:  19.3
      thresh= 1.000E-02 alpha_mix =  0.700 |ddv_scf|^2 =  9.522E+00


      iter #  29   av.it.:  19.1
      thresh= 1.000E-02 alpha_mix =  0.700 |ddv_scf|^2 =  7.207E+00


      iter #  30   av.it.:  18.6
      thresh= 1.000E-02 alpha_mix =  0.700 |ddv_scf|^2 =  2.068E+00


      iter #  31   av.it.:  18.8
      thresh= 1.000E-02 alpha_mix =  0.700 |ddv_scf|^2 =  4.648E-01


      iter #  32   av.it.:  18.4
      thresh= 1.000E-02 alpha_mix =  0.700 |ddv_scf|^2 =  4.035E-01


      iter #  33   av.it.:  18.3
      thresh= 1.000E-02 alpha_mix =  0.700 |ddv_scf|^2 =  3.306E-01


      iter #  34   av.it.:  16.3
      thresh= 1.000E-02 alpha_mix =  0.700 |ddv_scf|^2 =  1.640E-01


      iter #  35   av.it.:  14.5
      thresh= 1.000E-02 alpha_mix =  0.700 |ddv_scf|^2 =  5.826E-02


      iter #  36   av.it.:  14.7
      thresh= 1.000E-02 alpha_mix =  0.700 |ddv_scf|^2 =  6.943E-02


      iter #  37   av.it.:  15.2
      thresh= 1.000E-02 alpha_mix =  0.700 |ddv_scf|^2 =  2.367E-02


      iter #  38   av.it.:  15.4
      thresh= 1.000E-02 alpha_mix =  0.700 |ddv_scf|^2 =  1.218E-02


      iter #  39   av.it.:  14.7
      thresh= 1.000E-02 alpha_mix =  0.700 |ddv_scf|^2 =  3.526E-03


      iter #  40   av.it.:  13.8
      thresh= 5.938E-03 alpha_mix =  0.700 |ddv_scf|^2 =  7.876E-03


      iter #  41   av.it.:  12.6
      thresh= 8.875E-03 alpha_mix =  0.700 |ddv_scf|^2 =  5.350E-03


      iter #  42   av.it.:  12.2
      thresh= 7.314E-03 alpha_mix =  0.700 |ddv_scf|^2 =  1.224E-03


      iter #  43   av.it.:  13.2
      thresh= 3.499E-03 alpha_mix =  0.700 |ddv_scf|^2 =  4.857E-04


      iter #  44   av.it.:  14.8
      thresh= 2.204E-03 alpha_mix =  0.700 |ddv_scf|^2 =  4.706E-04


      iter #  45   av.it.:  14.5
      thresh= 2.169E-03 alpha_mix =  0.700 |ddv_scf|^2 =  1.945E-04


      iter #  46   av.it.:  13.8
      thresh= 1.395E-03 alpha_mix =  0.700 |ddv_scf|^2 =  1.554E-04


      iter #  47   av.it.:  12.3
      thresh= 1.247E-03 alpha_mix =  0.700 |ddv_scf|^2 =  5.906E-05


      iter #  48   av.it.:  13.1
      thresh= 7.685E-04 alpha_mix =  0.700 |ddv_scf|^2 =  5.447E-05


      iter #  49   av.it.:  13.2
      thresh= 7.380E-04 alpha_mix =  0.700 |ddv_scf|^2 =  4.321E-05


      iter #  50   av.it.:  13.7
      thresh= 6.573E-04 alpha_mix =  0.700 |ddv_scf|^2 =  1.021E-05


      iter #  51   av.it.:  14.4
      thresh= 3.196E-04 alpha_mix =  0.700 |ddv_scf|^2 =  3.915E-06


      iter #  52   av.it.:  14.2
      thresh= 1.979E-04 alpha_mix =  0.700 |ddv_scf|^2 =  7.808E-06


      iter #  53   av.it.:  12.2
      thresh= 2.794E-04 alpha_mix =  0.700 |ddv_scf|^2 =  4.114E-06


      iter #  54   av.it.:  13.1
      thresh= 2.028E-04 alpha_mix =  0.700 |ddv_scf|^2 =  1.022E-06


      iter #  55   av.it.:  13.3
      thresh= 1.011E-04 alpha_mix =  0.700 |ddv_scf|^2 =  7.274E-07


      iter #  56   av.it.:  13.9
      thresh= 8.529E-05 alpha_mix =  0.700 |ddv_scf|^2 =  3.958E-07


      iter #  57   av.it.:  14.7
      thresh= 6.291E-05 alpha_mix =  0.700 |ddv_scf|^2 =  3.477E-07


      iter #  58   av.it.:  13.8
      thresh= 5.896E-05 alpha_mix =  0.700 |ddv_scf|^2 =  1.204E-07


      iter #  59   av.it.:  12.3
      thresh= 3.470E-05 alpha_mix =  0.700 |ddv_scf|^2 =  6.392E-08


      iter #  60   av.it.:  14.1
      thresh= 2.528E-05 alpha_mix =  0.700 |ddv_scf|^2 =  7.889E-08


      iter #  61   av.it.:  13.1
      thresh= 2.809E-05 alpha_mix =  0.700 |ddv_scf|^2 =  3.980E-08


      iter #  62   av.it.:  13.0
      thresh= 1.995E-05 alpha_mix =  0.700 |ddv_scf|^2 =  8.650E-09


      iter #  63   av.it.:  14.8
      thresh= 9.300E-06 alpha_mix =  0.700 |ddv_scf|^2 =  6.580E-09


      iter #  64   av.it.:  14.4
      thresh= 8.112E-06 alpha_mix =  0.700 |ddv_scf|^2 =  4.786E-09


      iter #  65   av.it.:  13.3
      thresh= 6.918E-06 alpha_mix =  0.700 |ddv_scf|^2 =  5.272E-09


      iter #  66   av.it.:  13.3
      thresh= 7.261E-06 alpha_mix =  0.700 |ddv_scf|^2 =  1.200E-09


      iter #  67   av.it.:  13.6
      thresh= 3.464E-06 alpha_mix =  0.700 |ddv_scf|^2 =  6.866E-10


      iter #  68   av.it.:  13.8
      thresh= 2.620E-06 alpha_mix =  0.700 |ddv_scf|^2 =  6.178E-10


      iter #  69   av.it.:  14.8
      thresh= 2.486E-06 alpha_mix =  0.700 |ddv_scf|^2 =  4.183E-10


      iter #  70   av.it.:  14.2
      thresh= 2.045E-06 alpha_mix =  0.700 |ddv_scf|^2 =  8.236E-11


      iter #  71   av.it.:  14.3
      thresh= 9.075E-07 alpha_mix =  0.700 |ddv_scf|^2 =  9.182E-11


      iter #  72   av.it.:  14.3
      thresh= 9.582E-07 alpha_mix =  0.700 |ddv_scf|^2 =  7.773E-11


      iter #  73   av.it.:  14.1
      thresh= 8.816E-07 alpha_mix =  0.700 |ddv_scf|^2 =  3.522E-11


      iter #  74   av.it.:  13.5
      thresh= 5.934E-07 alpha_mix =  0.700 |ddv_scf|^2 =  1.321E-11


      iter #  75   av.it.:  14.7
      thresh= 3.634E-07 alpha_mix =  0.700 |ddv_scf|^2 =  7.277E-12


      iter #  76   av.it.:  15.0
      thresh= 2.698E-07 alpha_mix =  0.700 |ddv_scf|^2 =  6.566E-12


      iter #  77   av.it.:  14.8
      thresh= 2.562E-07 alpha_mix =  0.700 |ddv_scf|^2 =  6.077E-12


      iter #  78   av.it.:  13.0
      thresh= 2.465E-07 alpha_mix =  0.700 |ddv_scf|^2 =  1.181E-12


      iter #  79   av.it.:  15.1
      thresh= 1.087E-07 alpha_mix =  0.700 |ddv_scf|^2 =  1.010E-12


      iter #  80   av.it.:  15.0
      thresh= 1.005E-07 alpha_mix =  0.700 |ddv_scf|^2 =  8.963E-13


      iter #  81   av.it.:  14.1
      thresh= 9.467E-08 alpha_mix =  0.700 |ddv_scf|^2 =  4.073E-13


      iter #  82   av.it.:  15.5
      thresh= 6.382E-08 alpha_mix =  0.700 |ddv_scf|^2 =  1.592E-13


      iter #  83   av.it.:  15.6
      thresh= 3.990E-08 alpha_mix =  0.700 |ddv_scf|^2 =  1.002E-13


      iter #  84   av.it.:  15.0
      thresh= 3.165E-08 alpha_mix =  0.700 |ddv_scf|^2 =  1.365E-13


      iter #  85   av.it.:  15.6
      thresh= 3.694E-08 alpha_mix =  0.700 |ddv_scf|^2 =  5.961E-14


      iter #  86   av.it.:  15.0
      thresh= 2.441E-08 alpha_mix =  0.700 |ddv_scf|^2 =  1.917E-14


      iter #  87   av.it.:  15.8
      thresh= 1.385E-08 alpha_mix =  0.700 |ddv_scf|^2 =  1.209E-14


      iter #  88   av.it.:  16.9
      thresh= 1.099E-08 alpha_mix =  0.700 |ddv_scf|^2 =  1.444E-14


      iter #  89   av.it.:  15.9
      thresh= 1.202E-08 alpha_mix =  0.700 |ddv_scf|^2 =  5.976E-15

          Raman tensor (au^-1) in cartesian axis 

           atom      1
          (28911089.583818521-9070505.074884284 1809101.313664537 )
          (-9070505.074884284  208207.614979506 2028261.021162753 )
          ( 1809101.313664537 2028261.021162753     157.891485227 )

          (  208207.614979496-9070505.074884282 2028261.021162753 )
          (-9070505.07488428228911089.583818536 1809101.313664537 )
          ( 2028261.021162753 1809101.313664537     157.891485227 )

          (-9192551.30684122116901038.989363525-1766246.960489514 )
          (16901038.989363525-9192551.306841213-1766246.960489514 )
          (-1766246.960489514-1766246.960489514   -1439.637874356 )

           atom      2
          (28911089.583818521-9070505.074884282-1809101.313664537 )
          (-9070505.074884282  208207.614979499-2028261.021162753 )
          (-1809101.313664537-2028261.021162753     157.891485227 )

          (  208207.614979496-9070505.074884282-2028261.021162753 )
          (-9070505.07488428228911089.583818529-1809101.313664537 )
          (-2028261.021162753-1809101.313664537     157.891485227 )

          ( 9192551.306841215******************-1766246.960489514 )
          (****************** 9192551.306841208-1766246.960489514 )
          (-1766246.960489514-1766246.960489514    1439.637874356 )

           atom      3
          (       0.000000000       0.000000000-1854454.008961243 )
          (       0.000000000       0.000000000       0.000000000 )
          (-1854454.008961243       0.000000000       0.000000000 )

          (       0.000000000       0.000000000       0.000000000 )
          (       0.000000000       0.000000000-1854454.008961244 )
          (       0.000000000-1854454.008961244       0.000000000 )

          (11439909.582011530       0.000000000       0.000000000 )
          (       0.00000000011439909.582011530       0.000000000 )
          (       0.000000000       0.000000000     207.926508393 )

           atom      4
          (       0.000000000       0.000000000 1854454.008961243 )
          (       0.000000000       0.000000000       0.000000000 )
          ( 1854454.008961243       0.000000000       0.000000000 )

          (       0.000000000       0.000000000       0.000000000 )
          (       0.000000000       0.000000000 1854454.008961243 )
          (       0.000000000 1854454.008961243       0.000000000 )

          (******************       0.000000000       0.000000000 )
          (       0.000000000******************       0.000000000 )
          (       0.000000000       0.000000000    -207.926508393 )

           atom      5
          (28911089.583818521 9070505.074884282 1809101.313664537 )
          ( 9070505.074884282  208207.614979493-2028261.021162753 )
          ( 1809101.313664537-2028261.021162753     157.891485227 )

          ( -208207.614979497-9070505.074884282-2028261.021162753 )
          (-9070505.074884282****************** 1809101.313664537 )
          (-2028261.021162753 1809101.313664537    -157.891485227 )

          (-9192551.306841215******************-1766246.960489514 )
          (******************-9192551.306841215 1766246.960489514 )
          (-1766246.960489514 1766246.960489514   -1439.637874356 )

           atom      6
          (28911089.583818521 9070505.074884284-1809101.313664537 )
          ( 9070505.074884284  208207.614979505 2028261.021162753 )
          (-1809101.313664537 2028261.021162753     157.891485227 )

          ( -208207.614979502-9070505.074884282 2028261.021162752 )
          (-9070505.074884282******************-1809101.313664537 )
          ( 2028261.021162752-1809101.313664537    -157.891485227 )

          ( 9192551.30684122116901038.989363529-1766246.960489514 )
          (16901038.989363529 9192551.306841219 1766246.960489513 )
          (-1766246.960489514 1766246.960489513    1439.637874356 )

           atom      7
          (******************-9070505.074884282 1809101.313664537 )
          (-9070505.074884282 -208207.614979502-2028261.021162753 )
          ( 1809101.313664537-2028261.021162753    -157.891485227 )

          (  208207.614979493 9070505.074884284-2028261.021162753 )
          ( 9070505.07488428428911089.583818521 1809101.313664537 )
          (-2028261.021162753 1809101.313664537     157.891485227 )

          (-9192551.306841215****************** 1766246.960489514 )
          (******************-9192551.306841215-1766246.960489514 )
          ( 1766246.960489514-1766246.960489514   -1439.637874356 )

           atom      8
          (******************-9070505.074884286-1809101.313664537 )
          (-9070505.074884286 -208207.614979498 2028261.021162753 )
          (-1809101.313664537 2028261.021162753    -157.891485227 )

          (  208207.614979500 9070505.074884282 2028261.021162753 )
          ( 9070505.07488428228911089.583818536-1809101.313664537 )
          ( 2028261.021162753-1809101.313664537     157.891485227 )

          ( 9192551.30684122116901038.989363525 1766246.960489514 )
          (16901038.989363525 9192551.306841223-1766246.960489514 )
          ( 1766246.960489514-1766246.960489514    1439.637874356 )

           atom      9
          (       0.000000000       0.000000000-1838293.755102835 )
          (       0.000000000       0.000000000       0.000000000 )
          (-1838293.755102835       0.000000000       0.000000000 )

          (       0.000000000       0.000000000       0.000000000 )
          (       0.000000000       0.000000000 2202069.119309945 )
          (       0.000000000 2202069.119309945       0.000000000 )

          ( 5511023.299369935       0.000000000       0.000000000 )
          (       0.000000000  943130.082794870       0.000000000 )
          (       0.000000000       0.000000000    1320.613629268 )

           atom     10
          (       0.000000000       0.000000000 1838293.755102837 )
          (       0.000000000       0.000000000       0.000000000 )
          ( 1838293.755102837       0.000000000       0.000000000 )

          (       0.000000000       0.000000000       0.000000000 )
          (       0.000000000       0.000000000-2202069.119309945 )
          (       0.000000000-2202069.119309945       0.000000000 )

          (-5511023.299369935       0.000000000       0.000000000 )
          (       0.000000000 -943130.082794870       0.000000000 )
          (       0.000000000       0.000000000   -1320.613629268 )

           atom     11
          (       0.000000000       0.000000000 2202069.119309946 )
          (       0.000000000       0.000000000       0.000000000 )
          ( 2202069.119309946       0.000000000       0.000000000 )

          (       0.000000000       0.000000000       0.000000000 )
          (       0.000000000       0.000000000-1838293.755102836 )
          (       0.000000000-1838293.755102836       0.000000000 )

          (  943130.082794870       0.000000000       0.000000000 )
          (       0.000000000 5511023.299369930       0.000000000 )
          (       0.000000000       0.000000000    1320.613629268 )

           atom     12
          (       0.000000000       0.000000000-2202069.119309946 )
          (       0.000000000       0.000000000       0.000000000 )
          (-2202069.119309946       0.000000000       0.000000000 )

          (       0.000000000       0.000000000       0.000000000 )
          (       0.000000000       0.000000000 1838293.755102836 )
          (       0.000000000 1838293.755102836       0.000000000 )

          ( -943130.082794870       0.000000000       0.000000000 )
          (       0.000000000-5511023.299369930       0.000000000 )
          (       0.000000000       0.000000000   -1320.613629268 )

           atom     13
          (****************** 9070505.074884284 1809101.313664537 )
          ( 9070505.074884284 -208207.614979497 2028261.021162753 )
          ( 1809101.313664537 2028261.021162753    -157.891485227 )

          ( -208207.614979492 9070505.074884282 2028261.021162753 )
          ( 9070505.074884282****************** 1809101.313664537 )
          ( 2028261.021162753 1809101.313664537    -157.891485227 )

          (-9192551.30684122116901038.989363525 1766246.960489514 )
          (16901038.989363525-9192551.306841208 1766246.960489514 )
          ( 1766246.960489514 1766246.960489514   -1439.637874356 )

           atom     14
          (****************** 9070505.074884282-1809101.313664537 )
          ( 9070505.074884282 -208207.614979503-2028261.021162753 )
          (-1809101.313664537-2028261.021162753    -157.891485227 )

          ( -208207.614979496 9070505.074884282-2028261.021162753 )
          ( 9070505.074884282******************-1809101.313664537 )
          (-2028261.021162753-1809101.313664537    -157.891485227 )

          ( 9192551.306841215****************** 1766246.960489514 )
          (****************** 9192551.306841208 1766246.960489513 )
          ( 1766246.960489514 1766246.960489513    1439.637874356 )

           atom     15
          (       0.000000000       0.000000000 1660402.627715319 )
          (       0.000000000       0.000000000       0.000000000 )
          ( 1660402.627715319       0.000000000       0.000000000 )

          (       0.000000000       0.000000000       0.000000000 )
          (       0.000000000       0.000000000 1660402.627715319 )
          (       0.000000000 1660402.627715319       0.000000000 )

          ( 9688186.143290378       0.000000000       0.000000000 )
          (       0.000000000 9688186.143290378       0.000000000 )
          (       0.000000000       0.000000000     633.488146699 )

           atom     16
          (       0.000000000       0.000000000-1660402.627715319 )
          (       0.000000000       0.000000000       0.000000000 )
          (-1660402.627715319       0.000000000       0.000000000 )

          (       0.000000000       0.000000000       0.000000000 )
          (       0.000000000       0.000000000-1660402.627715319 )
          (       0.000000000-1660402.627715319       0.000000000 )

          (-9688186.143290378       0.000000000       0.000000000 )
          (       0.000000000-9688186.143290376       0.000000000 )
          (       0.000000000       0.000000000    -633.488146699 )

           atom     17
          ( 2766726.344210573 -268922.622706530       0.000000000 )
          ( -268922.622706530-1315842.516814887       0.000000000 )
          (       0.000000000       0.000000000    -121.239098820 )

          (-1315842.516814884 -268922.622706530       0.000000000 )
          ( -268922.622706530 2766726.344210572       0.000000000 )
          (       0.000000000       0.000000000    -121.239098820 )

          (      -0.000000000       0.000000000  309156.433875802 )
          (       0.000000000      -0.000000000  309156.433875802 )
          (  309156.433875802  309156.433875802       0.000000000 )

           atom     18
          (       0.000000000       0.000000000       0.000000000 )
          (       0.000000000       0.000000000       0.000000000 )
          (       0.000000000       0.000000000       0.000000000 )

          (       0.000000000       0.000000000       0.000000000 )
          (       0.000000000       0.000000000       0.000000000 )
          (       0.000000000       0.000000000       0.000000000 )

          (       0.000000000       0.000000000       0.000000000 )
          (       0.000000000       0.000000000       0.000000000 )
          (       0.000000000       0.000000000       0.000000000 )

           atom     19
          ( 2766726.344210572  268922.622706530       0.000000000 )
          (  268922.622706530-1315842.516814886       0.000000000 )
          (       0.000000000       0.000000000    -121.239098820 )

          ( 1315842.516814881 -268922.622706530       0.000000000 )
          ( -268922.622706530-2766726.344210572      -0.000000000 )
          (       0.000000000      -0.000000000     121.239098820 )

          (       0.000000000       0.000000000  309156.433875802 )
          (       0.000000000       0.000000000 -309156.433875802 )
          (  309156.433875802 -309156.433875802      -0.000000000 )

           atom     20
          (-2766726.344210572 -268922.622706530       0.000000000 )
          ( -268922.622706530 1315842.516814878       0.000000000 )
          (       0.000000000       0.000000000     121.239098820 )

          (-1315842.516814881  268922.622706530       0.000000000 )
          (  268922.622706530 2766726.344210572      -0.000000000 )
          (       0.000000000      -0.000000000    -121.239098820 )

          (       0.000000000       0.000000000 -309156.433875802 )
          (       0.000000000       0.000000000  309156.433875802 )
          ( -309156.433875802  309156.433875802      -0.000000000 )

           atom     21
          (       0.000000000       0.000000000       0.000000000 )
          (       0.000000000       0.000000000      -0.000000000 )
          (       0.000000000      -0.000000000       0.000000000 )

          (       0.000000000       0.000000000       0.000000000 )
          (       0.000000000       0.000000000       0.000000000 )
          (       0.000000000       0.000000000       0.000000000 )

          (       0.000000000       0.000000000       0.000000000 )
          (       0.000000000       0.000000000       0.000000000 )
          (       0.000000000       0.000000000       0.000000000 )

           atom     22
          (       0.000000000       0.000000000       0.000000000 )
          (       0.000000000       0.000000000       0.000000000 )
          (       0.000000000       0.000000000       0.000000000 )

          (       0.000000000       0.000000000      -0.000000000 )
          (       0.000000000       0.000000000       0.000000000 )
          (      -0.000000000       0.000000000       0.000000000 )

          (       0.000000000       0.000000000       0.000000000 )
          (       0.000000000       0.000000000       0.000000000 )
          (       0.000000000       0.000000000       0.000000000 )

           atom     23
          (-2766726.344210573  268922.622706530       0.000000000 )
          (  268922.622706530 1315842.516814887       0.000000000 )
          (       0.000000000       0.000000000     121.239098820 )

          ( 1315842.516814886  268922.622706530       0.000000000 )
          (  268922.622706530-2766726.344210572       0.000000000 )
          (       0.000000000       0.000000000     121.239098820 )

          (       0.000000000       0.000000000 -309156.433875802 )
          (       0.000000000      -0.000000000 -309156.433875802 )
          ( -309156.433875802 -309156.433875802       0.000000000 )

           atom     24
          (-5788351.406921891       0.000000000 -518519.895819918 )
          (       0.000000000 5088754.166662697       0.000000000 )
          ( -518519.895819918       0.000000000      37.168402138 )

          (       0.000000000 4279539.022926741       0.000000000 )
          ( 4279539.022926741       0.000000000-5343735.637039556 )
          (       0.000000000-5343735.637039556      -0.000000000 )

          (-6182229.299325522       0.000000000 2882466.767859353 )
          (       0.00000000021296118.217879634       0.000000000 )
          ( 2882466.767859353       0.000000000     265.327967795 )

           atom     25
          ( 8379795.102313112       0.000000000  245405.603835007 )
          (       0.000000000******************       0.000000000 )
          (  245405.603835007       0.000000000    -335.411123730 )

          (       0.000000000 4831533.624805489      -0.000000000 )
          ( 4831533.624805489      -0.000000000-2187760.401705844 )
          (      -0.000000000-2187760.401705844      -0.000000000 )

          ( 3488963.017039933      -0.000000000  810087.071010203 )
          (      -0.000000000******************      -0.000000000 )
          (  810087.071010203      -0.000000000   -1227.877598138 )

           atom     26
          ( 8379795.102313112      -0.000000000 -245405.603835007 )
          (      -0.000000000******************       0.000000000 )
          ( -245405.603835007       0.000000000    -335.411123730 )

          (       0.000000000 4831533.624805488      -0.000000000 )
          ( 4831533.624805488       0.000000000 2187760.401705844 )
          (      -0.000000000 2187760.401705844       0.000000000 )

          (-3488963.017039935      -0.000000000  810087.071010202 )
          (      -0.00000000011800771.264229544       0.000000000 )
          (  810087.071010202       0.000000000    1227.877598138 )

           atom     27
          (-5788351.406921890       0.000000000  518519.895819918 )
          (       0.000000000 5088754.166662698       0.000000000 )
          (  518519.895819918       0.000000000      37.168402138 )

          (       0.000000000 4279539.022926742       0.000000000 )
          ( 4279539.022926742      -0.000000000 5343735.637039556 )
          (       0.000000000 5343735.637039556       0.000000000 )

          ( 6182229.299325522      -0.000000000 2882466.767859353 )
          (      -0.000000000******************       0.000000000 )
          ( 2882466.767859353       0.000000000    -265.327967795 )

           atom     28
          (       0.000000000 4831533.624805487 2187760.401705844 )
          ( 4831533.624805487       0.000000000      -0.000000000 )
          ( 2187760.401705844      -0.000000000       0.000000000 )

          (******************       0.000000000       0.000000000 )
          (       0.000000000 8379795.102313109 -245405.603835007 )
          (       0.000000000 -245405.603835007    -335.411123730 )

          (11800771.264229544      -0.000000000       0.000000000 )
          (      -0.000000000-3488963.017039932  810087.071010203 )
          (       0.000000000  810087.071010203    1227.877598138 )

           atom     29
          (       0.000000000 4279539.022926741 5343735.637039556 )
          ( 4279539.022926741       0.000000000      -0.000000000 )
          ( 5343735.637039556      -0.000000000       0.000000000 )

          ( 5088754.166662703       0.000000000       0.000000000 )
          (       0.000000000-5788351.406921890  518519.895819917 )
          (       0.000000000  518519.895819917      37.168402138 )

          (******************      -0.000000000      -0.000000000 )
          (      -0.000000000 6182229.299325523 2882466.767859352 )
          (      -0.000000000 2882466.767859352    -265.327967795 )

           atom     30
          (       0.000000000 4279539.022926742-5343735.637039556 )
          ( 4279539.022926742      -0.000000000       0.000000000 )
          (-5343735.637039556       0.000000000       0.000000000 )

          ( 5088754.166662701      -0.000000000      -0.000000000 )
          (      -0.000000000-5788351.406921891 -518519.895819918 )
          (      -0.000000000 -518519.895819918      37.168402138 )

          (21296118.217879642      -0.000000000      -0.000000000 )
          (      -0.000000000-6182229.299325522 2882466.767859352 )
          (      -0.000000000 2882466.767859352     265.327967795 )

           atom     31
          (       0.000000000 4831533.624805488-2187760.401705843 )
          ( 4831533.624805488       0.000000000       0.000000000 )
          (-2187760.401705843       0.000000000       0.000000000 )

          (******************       0.000000000       0.000000000 )
          (       0.000000000 8379795.102313113  245405.603835007 )
          (       0.000000000  245405.603835007    -335.411123730 )

          (******************       0.000000000      -0.000000000 )
          (       0.000000000 3488963.017039932  810087.071010203 )
          (      -0.000000000  810087.071010203   -1227.877598138 )

           atom     32
          (       0.000000000-4279539.022926741 5343735.637039555 )
          (-4279539.022926741       0.000000000       0.000000000 )
          ( 5343735.637039555       0.000000000       0.000000000 )

          (-5088754.166662695      -0.000000000       0.000000000 )
          (      -0.000000000 5788351.406921890  518519.895819918 )
          (       0.000000000  518519.895819918     -37.168402138 )

          (******************       0.000000000       0.000000000 )
          (       0.000000000 6182229.299325523-2882466.767859352 )
          (       0.000000000-2882466.767859352    -265.327967795 )

           atom     33
          (       0.000000000-4279539.022926742-5343735.637039554 )
          (-4279539.022926742      -0.000000000      -0.000000000 )
          (-5343735.637039554      -0.000000000       0.000000000 )

          (-5088754.166662699       0.000000000      -0.000000000 )
          (       0.000000000 5788351.406921891 -518519.895819918 )
          (      -0.000000000 -518519.895819918     -37.168402138 )

          (21296118.217879642       0.000000000       0.000000000 )
          (       0.000000000-6182229.299325522-2882466.767859352 )
          (       0.000000000-2882466.767859352     265.327967795 )

           atom     34
          ( 5788351.406921892       0.000000000 -518519.895819918 )
          (       0.000000000-5088754.166662700      -0.000000000 )
          ( -518519.895819918      -0.000000000     -37.168402138 )

          (       0.000000000-4279539.022926742       0.000000000 )
          (-4279539.022926742      -0.000000000-5343735.637039556 )
          (       0.000000000-5343735.637039556       0.000000000 )

          (-6182229.299325521       0.000000000-2882466.767859353 )
          (       0.00000000021296118.217879642      -0.000000000 )
          (-2882466.767859353      -0.000000000     265.327967795 )

           atom     35
          ( 5788351.406921890      -0.000000000  518519.895819918 )
          (      -0.000000000-5088754.166662699       0.000000000 )
          (  518519.895819918       0.000000000     -37.168402138 )

          (       0.000000000-4279539.022926742       0.000000000 )
          (-4279539.022926742       0.000000000 5343735.637039556 )
          (       0.000000000 5343735.637039556      -0.000000000 )

          ( 6182229.299325523       0.000000000-2882466.767859353 )
          (       0.000000000******************      -0.000000000 )
          (-2882466.767859353      -0.000000000    -265.327967795 )

           atom     36
          (-8379795.102313111       0.000000000 -245405.603835007 )
          (       0.00000000017362688.388054062       0.000000000 )
          ( -245405.603835007       0.000000000     335.411123730 )

          (       0.000000000-4831533.624805487      -0.000000000 )
          (-4831533.624805487      -0.000000000 2187760.401705844 )
          (      -0.000000000 2187760.401705844      -0.000000000 )

          (-3488963.017039933      -0.000000000 -810087.071010203 )
          (      -0.00000000011800771.264229547       0.000000000 )
          ( -810087.071010203       0.000000000    1227.877598138 )

           atom     37
          (-8379795.102313111      -0.000000000  245405.603835007 )
          (      -0.00000000017362688.388054058      -0.000000000 )
          (  245405.603835007      -0.000000000     335.411123730 )

          (       0.000000000-4831533.624805487      -0.000000000 )
          (-4831533.624805487       0.000000000-2187760.401705844 )
          (      -0.000000000-2187760.401705844       0.000000000 )

          ( 3488963.017039933      -0.000000000 -810087.071010203 )
          (      -0.000000000******************       0.000000000 )
          ( -810087.071010203       0.000000000   -1227.877598138 )

           atom     38
          (       0.000000000-4831533.624805486-2187760.401705844 )
          (-4831533.624805486       0.000000000       0.000000000 )
          (-2187760.401705844       0.000000000       0.000000000 )

          (17362688.388054065       0.000000000       0.000000000 )
          (       0.000000000-8379795.102313112  245405.603835007 )
          (       0.000000000  245405.603835007     335.411123730 )

          (******************       0.000000000      -0.000000000 )
          (       0.000000000 3488963.017039931 -810087.071010203 )
          (      -0.000000000 -810087.071010203   -1227.877598138 )

           atom     39
          (      -0.000000000-4831533.624805487 2187760.401705844 )
          (-4831533.624805487       0.000000000       0.000000000 )
          ( 2187760.401705844       0.000000000       0.000000000 )

          (17362688.388054062       0.000000000       0.000000000 )
          (       0.000000000-8379795.102313112 -245405.603835007 )
          (       0.000000000 -245405.603835007     335.411123730 )

          (11800771.264229544      -0.000000000      -0.000000000 )
          (      -0.000000000-3488963.017039930 -810087.071010203 )
          (      -0.000000000 -810087.071010203    1227.877598138 )


     Raman tensor (A^2)

     atom #    1    pol.  1
      0.299601198334E+10     -0.939962564210E+09      0.187474401444E+09
     -0.939962564210E+09      0.215762366096E+08      0.210185586646E+09
      0.187474401444E+09      0.210185586646E+09      0.163620530605E+05
     atom #    1    pol.  2
      0.215762366096E+08     -0.939962564210E+09      0.210185586646E+09
     -0.939962564210E+09      0.299601198334E+10      0.187474401444E+09
      0.210185586646E+09      0.187474401444E+09      0.163620530605E+05
     atom #    1    pol.  3
     -0.952610028513E+09      0.175142881406E+10     -0.183033470386E+09
      0.175142881406E+10     -0.952610028513E+09     -0.183033470386E+09
     -0.183033470386E+09     -0.183033470386E+09     -0.149187470460E+06
     atom #    2    pol.  1
      0.299601198334E+10     -0.939962564210E+09     -0.187474401444E+09
     -0.939962564210E+09      0.215762366096E+08     -0.210185586646E+09
     -0.187474401444E+09     -0.210185586646E+09      0.163620530605E+05
     atom #    2    pol.  2
      0.215762366096E+08     -0.939962564210E+09     -0.210185586646E+09
     -0.939962564210E+09      0.299601198334E+10     -0.187474401444E+09
     -0.210185586646E+09     -0.187474401444E+09      0.163620530605E+05
     atom #    2    pol.  3
      0.952610028513E+09     -0.175142881406E+10     -0.183033470386E+09
     -0.175142881406E+10      0.952610028513E+09     -0.183033470386E+09
     -0.183033470386E+09     -0.183033470386E+09      0.149187470460E+06
     atom #    3    pol.  1
      0.000000000000E+00      0.000000000000E+00     -0.192174231874E+09
      0.000000000000E+00      0.000000000000E+00      0.000000000000E+00
     -0.192174231874E+09      0.000000000000E+00      0.000000000000E+00
     atom #    3    pol.  2
      0.000000000000E+00      0.000000000000E+00      0.000000000000E+00
      0.000000000000E+00      0.000000000000E+00     -0.192174231874E+09
      0.000000000000E+00     -0.192174231874E+09      0.000000000000E+00
     atom #    3    pol.  3
      0.118550032840E+10      0.000000000000E+00      0.000000000000E+00
      0.000000000000E+00      0.118550032840E+10      0.000000000000E+00
      0.000000000000E+00      0.000000000000E+00      0.215471059641E+05
     atom #    4    pol.  1
      0.000000000000E+00      0.000000000000E+00      0.192174231874E+09
      0.000000000000E+00      0.000000000000E+00      0.000000000000E+00
      0.192174231874E+09      0.000000000000E+00      0.000000000000E+00
     atom #    4    pol.  2
      0.000000000000E+00      0.000000000000E+00      0.000000000000E+00
      0.000000000000E+00      0.000000000000E+00      0.192174231874E+09
      0.000000000000E+00      0.192174231874E+09      0.000000000000E+00
     atom #    4    pol.  3
     -0.118550032840E+10      0.000000000000E+00      0.000000000000E+00
      0.000000000000E+00     -0.118550032840E+10      0.000000000000E+00
      0.000000000000E+00      0.000000000000E+00     -0.215471059641E+05
     atom #    5    pol.  1
      0.299601198334E+10      0.939962564210E+09      0.187474401444E+09
      0.939962564210E+09      0.215762366096E+08     -0.210185586646E+09
      0.187474401444E+09     -0.210185586646E+09      0.163620530605E+05
     atom #    5    pol.  2
     -0.215762366096E+08     -0.939962564210E+09     -0.210185586646E+09
     -0.939962564210E+09     -0.299601198334E+10      0.187474401444E+09
     -0.210185586646E+09      0.187474401444E+09     -0.163620530605E+05
     atom #    5    pol.  3
     -0.952610028513E+09     -0.175142881406E+10     -0.183033470386E+09
     -0.175142881406E+10     -0.952610028513E+09      0.183033470386E+09
     -0.183033470386E+09      0.183033470386E+09     -0.149187470460E+06
     atom #    6    pol.  1
      0.299601198334E+10      0.939962564210E+09     -0.187474401444E+09
      0.939962564210E+09      0.215762366096E+08      0.210185586646E+09
     -0.187474401444E+09      0.210185586646E+09      0.163620530605E+05
     atom #    6    pol.  2
     -0.215762366096E+08     -0.939962564210E+09      0.210185586646E+09
     -0.939962564210E+09     -0.299601198334E+10     -0.187474401444E+09
      0.210185586646E+09     -0.187474401444E+09     -0.163620530605E+05
     atom #    6    pol.  3
      0.952610028513E+09      0.175142881406E+10     -0.183033470386E+09
      0.175142881406E+10      0.952610028513E+09      0.183033470386E+09
     -0.183033470386E+09      0.183033470386E+09      0.149187470460E+06
     atom #    7    pol.  1
     -0.299601198334E+10     -0.939962564210E+09      0.187474401444E+09
     -0.939962564210E+09     -0.215762366096E+08     -0.210185586646E+09
      0.187474401444E+09     -0.210185586646E+09     -0.163620530605E+05
     atom #    7    pol.  2
      0.215762366096E+08      0.939962564210E+09     -0.210185586646E+09
      0.939962564210E+09      0.299601198334E+10      0.187474401444E+09
     -0.210185586646E+09      0.187474401444E+09      0.163620530605E+05
     atom #    7    pol.  3
     -0.952610028513E+09     -0.175142881406E+10      0.183033470386E+09
     -0.175142881406E+10     -0.952610028513E+09     -0.183033470386E+09
      0.183033470386E+09     -0.183033470386E+09     -0.149187470460E+06
     atom #    8    pol.  1
     -0.299601198334E+10     -0.939962564210E+09     -0.187474401444E+09
     -0.939962564210E+09     -0.215762366096E+08      0.210185586646E+09
     -0.187474401444E+09      0.210185586646E+09     -0.163620530605E+05
     atom #    8    pol.  2
      0.215762366096E+08      0.939962564210E+09      0.210185586646E+09
      0.939962564210E+09      0.299601198334E+10     -0.187474401444E+09
      0.210185586646E+09     -0.187474401444E+09      0.163620530605E+05
     atom #    8    pol.  3
      0.952610028513E+09      0.175142881406E+10      0.183033470386E+09
      0.175142881406E+10      0.952610028513E+09     -0.183033470386E+09
      0.183033470386E+09     -0.183033470386E+09      0.149187470460E+06
     atom #    9    pol.  1
      0.000000000000E+00      0.000000000000E+00     -0.190499569490E+09
      0.000000000000E+00      0.000000000000E+00      0.000000000000E+00
     -0.190499569490E+09      0.000000000000E+00      0.000000000000E+00
     atom #    9    pol.  2
      0.000000000000E+00      0.000000000000E+00      0.000000000000E+00
      0.000000000000E+00      0.000000000000E+00      0.228197053953E+09
      0.000000000000E+00      0.228197053953E+09      0.000000000000E+00
     atom #    9    pol.  3
      0.571098913361E+09      0.000000000000E+00      0.000000000000E+00
      0.000000000000E+00      0.977351276130E+08      0.000000000000E+00
      0.000000000000E+00      0.000000000000E+00      0.136853170033E+06
     atom #   10    pol.  1
      0.000000000000E+00      0.000000000000E+00      0.190499569490E+09
      0.000000000000E+00      0.000000000000E+00      0.000000000000E+00
      0.190499569490E+09      0.000000000000E+00      0.000000000000E+00
     atom #   10    pol.  2
      0.000000000000E+00      0.000000000000E+00      0.000000000000E+00
      0.000000000000E+00      0.000000000000E+00     -0.228197053953E+09
      0.000000000000E+00     -0.228197053953E+09      0.000000000000E+00
     atom #   10    pol.  3
     -0.571098913361E+09      0.000000000000E+00      0.000000000000E+00
      0.000000000000E+00     -0.977351276130E+08      0.000000000000E+00
      0.000000000000E+00      0.000000000000E+00     -0.136853170033E+06
     atom #   11    pol.  1
      0.000000000000E+00      0.000000000000E+00      0.228197053953E+09
      0.000000000000E+00      0.000000000000E+00      0.000000000000E+00
      0.228197053953E+09      0.000000000000E+00      0.000000000000E+00
     atom #   11    pol.  2
      0.000000000000E+00      0.000000000000E+00      0.000000000000E+00
      0.000000000000E+00      0.000000000000E+00     -0.190499569490E+09
      0.000000000000E+00     -0.190499569490E+09      0.000000000000E+00
     atom #   11    pol.  3
      0.977351276130E+08      0.000000000000E+00      0.000000000000E+00
      0.000000000000E+00      0.571098913361E+09      0.000000000000E+00
      0.000000000000E+00      0.000000000000E+00      0.136853170033E+06
     atom #   12    pol.  1
      0.000000000000E+00      0.000000000000E+00     -0.228197053953E+09
      0.000000000000E+00      0.000000000000E+00      0.000000000000E+00
     -0.228197053953E+09      0.000000000000E+00      0.000000000000E+00
     atom #   12    pol.  2
      0.000000000000E+00      0.000000000000E+00      0.000000000000E+00
      0.000000000000E+00      0.000000000000E+00      0.190499569490E+09
      0.000000000000E+00      0.190499569490E+09      0.000000000000E+00
     atom #   12    pol.  3
     -0.977351276130E+08      0.000000000000E+00      0.000000000000E+00
      0.000000000000E+00     -0.571098913361E+09      0.000000000000E+00
      0.000000000000E+00      0.000000000000E+00     -0.136853170033E+06
     atom #   13    pol.  1
     -0.299601198334E+10      0.939962564210E+09      0.187474401444E+09
      0.939962564210E+09     -0.215762366096E+08      0.210185586646E+09
      0.187474401444E+09      0.210185586646E+09     -0.163620530605E+05
     atom #   13    pol.  2
     -0.215762366096E+08      0.939962564210E+09      0.210185586646E+09
      0.939962564210E+09     -0.299601198334E+10      0.187474401444E+09
      0.210185586646E+09      0.187474401444E+09     -0.163620530605E+05
     atom #   13    pol.  3
     -0.952610028513E+09      0.175142881406E+10      0.183033470386E+09
      0.175142881406E+10     -0.952610028513E+09      0.183033470386E+09
      0.183033470386E+09      0.183033470386E+09     -0.149187470460E+06
     atom #   14    pol.  1
     -0.299601198334E+10      0.939962564210E+09     -0.187474401444E+09
      0.939962564210E+09     -0.215762366096E+08     -0.210185586646E+09
     -0.187474401444E+09     -0.210185586646E+09     -0.163620530605E+05
     atom #   14    pol.  2
     -0.215762366096E+08      0.939962564210E+09     -0.210185586646E+09
      0.939962564210E+09     -0.299601198334E+10     -0.187474401444E+09
     -0.210185586646E+09     -0.187474401444E+09     -0.163620530605E+05
     atom #   14    pol.  3
      0.952610028513E+09     -0.175142881406E+10      0.183033470386E+09
     -0.175142881406E+10      0.952610028513E+09      0.183033470386E+09
      0.183033470386E+09      0.183033470386E+09      0.149187470460E+06
     atom #   15    pol.  1
      0.000000000000E+00      0.000000000000E+00      0.172064984109E+09
      0.000000000000E+00      0.000000000000E+00      0.000000000000E+00
      0.172064984109E+09      0.000000000000E+00      0.000000000000E+00
     atom #   15    pol.  2
      0.000000000000E+00      0.000000000000E+00      0.000000000000E+00
      0.000000000000E+00      0.000000000000E+00      0.172064984109E+09
      0.000000000000E+00      0.172064984109E+09      0.000000000000E+00
     atom #   15    pol.  3
      0.100397190836E+10      0.000000000000E+00      0.000000000000E+00
      0.000000000000E+00      0.100397190836E+10      0.000000000000E+00
      0.000000000000E+00      0.000000000000E+00      0.656474074874E+05
     atom #   16    pol.  1
      0.000000000000E+00      0.000000000000E+00     -0.172064984109E+09
      0.000000000000E+00      0.000000000000E+00      0.000000000000E+00
     -0.172064984109E+09      0.000000000000E+00      0.000000000000E+00
     atom #   16    pol.  2
      0.000000000000E+00      0.000000000000E+00      0.000000000000E+00
      0.000000000000E+00      0.000000000000E+00     -0.172064984109E+09
      0.000000000000E+00     -0.172064984109E+09      0.000000000000E+00
     atom #   16    pol.  3
     -0.100397190836E+10      0.000000000000E+00      0.000000000000E+00
      0.000000000000E+00     -0.100397190836E+10      0.000000000000E+00
      0.000000000000E+00      0.000000000000E+00     -0.656474074874E+05
     atom #   17    pol.  1
      0.286711618317E+09     -0.278680399742E+08      0.000000000000E+00
     -0.278680399742E+08     -0.136358746949E+09      0.000000000000E+00
      0.000000000000E+00      0.000000000000E+00     -0.125638223306E+05
     atom #   17    pol.  2
     -0.136358746949E+09     -0.278680399742E+08      0.000000000000E+00
     -0.278680399742E+08      0.286711618317E+09      0.000000000000E+00
      0.000000000000E+00      0.000000000000E+00     -0.125638223306E+05
     atom #   17    pol.  3
     -0.485852377972E-09      0.000000000000E+00      0.320374082732E+08
      0.000000000000E+00     -0.121463094493E-09      0.320374082732E+08
      0.320374082732E+08      0.320374082732E+08      0.369382077247E-13
     atom #   18    pol.  1
      0.000000000000E+00      0.000000000000E+00      0.000000000000E+00
      0.000000000000E+00      0.000000000000E+00      0.474465212864E-12
      0.000000000000E+00      0.474465212864E-12      0.000000000000E+00
     atom #   18    pol.  2
      0.000000000000E+00      0.000000000000E+00      0.126029822167E-12
      0.000000000000E+00      0.000000000000E+00      0.000000000000E+00
      0.126029822167E-12      0.000000000000E+00      0.000000000000E+00
     atom #   18    pol.  3
      0.000000000000E+00      0.000000000000E+00      0.000000000000E+00
      0.000000000000E+00      0.000000000000E+00      0.000000000000E+00
      0.000000000000E+00      0.000000000000E+00      0.000000000000E+00
     atom #   19    pol.  1
      0.286711618317E+09      0.278680399742E+08      0.000000000000E+00
      0.278680399742E+08     -0.136358746949E+09      0.000000000000E+00
      0.000000000000E+00      0.000000000000E+00     -0.125638223306E+05
     atom #   19    pol.  2
      0.136358746949E+09     -0.278680399742E+08      0.000000000000E+00
     -0.278680399742E+08     -0.286711618317E+09     -0.227743302175E-10
      0.000000000000E+00     -0.227743302175E-10      0.125638223306E+05
     atom #   19    pol.  3
      0.000000000000E+00      0.000000000000E+00      0.320374082732E+08
      0.000000000000E+00      0.000000000000E+00     -0.320374082732E+08
      0.320374082732E+08     -0.320374082732E+08     -0.246254718165E-13
     atom #   20    pol.  1
     -0.286711618317E+09     -0.278680399742E+08      0.000000000000E+00
     -0.278680399742E+08      0.136358746949E+09      0.000000000000E+00
      0.000000000000E+00      0.000000000000E+00      0.125638223306E+05
     atom #   20    pol.  2
     -0.136358746949E+09      0.278680399742E+08      0.000000000000E+00
      0.278680399742E+08      0.286711618317E+09     -0.227743302175E-10
      0.000000000000E+00     -0.227743302175E-10     -0.125638223306E+05
     atom #   20    pol.  3
      0.000000000000E+00      0.000000000000E+00     -0.320374082732E+08
      0.000000000000E+00      0.000000000000E+00      0.320374082732E+08
     -0.320374082732E+08      0.320374082732E+08     -0.246254718165E-13
     atom #   21    pol.  1
      0.000000000000E+00      0.000000000000E+00      0.000000000000E+00
      0.000000000000E+00      0.000000000000E+00     -0.142339563859E-11
      0.000000000000E+00     -0.142339563859E-11      0.000000000000E+00
     atom #   21    pol.  2
      0.000000000000E+00      0.000000000000E+00      0.237232606432E-12
      0.000000000000E+00      0.000000000000E+00      0.000000000000E+00
      0.237232606432E-12      0.000000000000E+00      0.000000000000E+00
     atom #   21    pol.  3
      0.000000000000E+00      0.000000000000E+00      0.000000000000E+00
      0.000000000000E+00      0.000000000000E+00      0.000000000000E+00
      0.000000000000E+00      0.000000000000E+00      0.000000000000E+00
     atom #   22    pol.  1
      0.000000000000E+00      0.000000000000E+00      0.000000000000E+00
      0.000000000000E+00      0.000000000000E+00      0.000000000000E+00
      0.000000000000E+00      0.000000000000E+00      0.000000000000E+00
     atom #   22    pol.  2
      0.000000000000E+00      0.000000000000E+00     -0.948930425727E-12
      0.000000000000E+00      0.000000000000E+00      0.000000000000E+00
     -0.948930425727E-12      0.000000000000E+00      0.000000000000E+00
     atom #   22    pol.  3
      0.000000000000E+00      0.000000000000E+00      0.000000000000E+00
      0.000000000000E+00      0.000000000000E+00      0.000000000000E+00
      0.000000000000E+00      0.000000000000E+00      0.000000000000E+00
     atom #   23    pol.  1
     -0.286711618317E+09      0.278680399742E+08      0.000000000000E+00
      0.278680399742E+08      0.136358746949E+09      0.000000000000E+00
      0.000000000000E+00      0.000000000000E+00      0.125638223306E+05
     atom #   23    pol.  2
      0.136358746949E+09      0.278680399742E+08      0.000000000000E+00
      0.278680399742E+08     -0.286711618317E+09      0.000000000000E+00
      0.000000000000E+00      0.000000000000E+00      0.125638223306E+05
     atom #   23    pol.  3
      0.242926188986E-09      0.000000000000E+00     -0.320374082732E+08
      0.000000000000E+00     -0.121463094493E-09     -0.320374082732E+08
     -0.320374082732E+08     -0.320374082732E+08      0.369382077247E-13
     atom #   24    pol.  1
     -0.599838000870E+09      0.000000000000E+00     -0.537334235354E+08
      0.000000000000E+00      0.527339809155E+09      0.000000000000E+00
     -0.537334235354E+08      0.000000000000E+00      0.385170465072E+04
     atom #   24    pol.  2
      0.000000000000E+00      0.443482081805E+09      0.000000000000E+00
      0.443482081805E+09      0.565497267213E-09     -0.553763148842E+09
      0.000000000000E+00     -0.553763148842E+09     -0.973371037183E-10
     atom #   24    pol.  3
     -0.640654964278E+09      0.000000000000E+00      0.298705621352E+09
      0.000000000000E+00      0.220688415061E+10      0.000000000000E+00
      0.298705621352E+09      0.000000000000E+00      0.274955313851E+05
     atom #   25    pol.  1
      0.868385346450E+09      0.000000000000E+00      0.254310072866E+08
      0.000000000000E+00     -0.179926883499E+10      0.000000000000E+00
      0.254310072866E+08      0.000000000000E+00     -0.347581416165E+05
     atom #   25    pol.  2
      0.000000000000E+00      0.500684437917E+09     -0.242926188986E-09
      0.500684437917E+09     -0.706871584016E-09     -0.226714263438E+09
     -0.242926188986E-09     -0.226714263438E+09     -0.520984713954E-10
     atom #   25    pol.  3
      0.361555899794E+09     -0.242926188986E-09      0.839480838403E+08
     -0.242926188986E-09     -0.122289587246E+10     -0.782671332607E-10
      0.839480838403E+08     -0.782671332607E-10     -0.127243077001E+06
     atom #   26    pol.  1
      0.868385346450E+09     -0.353435792008E-09     -0.254310072866E+08
     -0.353435792008E-09     -0.179926883499E+10      0.607315472465E-10
     -0.254310072866E+08      0.607315472465E-10     -0.347581416165E+05
     atom #   26    pol.  2
      0.000000000000E+00      0.500684437917E+09     -0.242926188986E-09
      0.500684437917E+09      0.753996356284E-09      0.226714263438E+09
     -0.242926188986E-09      0.226714263438E+09      0.520984713954E-10
     atom #   26    pol.  3
     -0.361555899794E+09     -0.121463094493E-09      0.839480838403E+08
     -0.121463094493E-09      0.122289587246E+10      0.000000000000E+00
      0.839480838403E+08      0.000000000000E+00      0.127243077001E+06
     atom #   27    pol.  1
     -0.599838000870E+09      0.376998178142E-09      0.537334235354E+08
      0.376998178142E-09      0.527339809155E+09      0.151828868116E-10
      0.537334235354E+08      0.151828868116E-10      0.385170465072E+04
     atom #   27    pol.  2
      0.113099453443E-08      0.443482081805E+09      0.000000000000E+00
      0.443482081805E+09     -0.612622039480E-09      0.553763148842E+09
      0.000000000000E+00      0.553763148842E+09      0.973371037183E-10
     atom #   27    pol.  3
      0.640654964278E+09     -0.182194641740E-09      0.298705621352E+09
     -0.182194641740E-09     -0.220688415061E+10      0.782671332607E-10
      0.298705621352E+09      0.782671332607E-10     -0.274955313851E+05
     atom #   28    pol.  1
      0.000000000000E+00      0.500684437917E+09      0.226714263438E+09
      0.500684437917E+09      0.000000000000E+00     -0.242926188986E-09
      0.226714263438E+09     -0.242926188986E-09      0.000000000000E+00
     atom #   28    pol.  2
     -0.179926883499E+10      0.188499089071E-09      0.303657736233E-10
      0.188499089071E-09      0.868385346450E+09     -0.254310072866E+08
      0.303657736233E-10     -0.254310072866E+08     -0.347581416165E+05
     atom #   28    pol.  3
      0.122289587246E+10     -0.242926188986E-09      0.000000000000E+00
     -0.242926188986E-09     -0.361555899794E+09      0.839480838403E+08
      0.000000000000E+00      0.839480838403E+08      0.127243077001E+06
     atom #   29    pol.  1
      0.000000000000E+00      0.443482081805E+09      0.553763148842E+09
      0.443482081805E+09      0.000000000000E+00     -0.607315472465E-10
      0.553763148842E+09     -0.607315472465E-10      0.000000000000E+00
     atom #   29    pol.  2
      0.527339809155E+09      0.942495445354E-10      0.151828868116E-10
      0.942495445354E-10     -0.599838000870E+09      0.537334235354E+08
      0.151828868116E-10      0.537334235354E+08      0.385170465072E+04
     atom #   29    pol.  3
     -0.220688415061E+10     -0.485852377972E-09     -0.782671332607E-10
     -0.485852377972E-09      0.640654964278E+09      0.298705621352E+09
     -0.782671332607E-10      0.298705621352E+09     -0.274955313851E+05
     atom #   30    pol.  1
      0.000000000000E+00      0.443482081805E+09     -0.553763148842E+09
      0.443482081805E+09     -0.329873405874E-09      0.000000000000E+00
     -0.553763148842E+09      0.000000000000E+00      0.000000000000E+00
     atom #   30    pol.  2
      0.527339809155E+09     -0.565497267213E-09     -0.151828868116E-10
     -0.565497267213E-09     -0.599838000870E+09     -0.537334235354E+08
     -0.151828868116E-10     -0.537334235354E+08      0.385170465072E+04
     atom #   30    pol.  3
      0.220688415061E+10     -0.121463094493E-09     -0.391335666304E-10
     -0.121463094493E-09     -0.640654964278E+09      0.298705621352E+09
     -0.391335666304E-10      0.298705621352E+09      0.274955313851E+05
     atom #   31    pol.  1
      0.150799271257E-08      0.500684437917E+09     -0.226714263438E+09
      0.500684437917E+09      0.000000000000E+00      0.121463094493E-09
     -0.226714263438E+09      0.121463094493E-09      0.000000000000E+00
     atom #   31    pol.  2
     -0.179926883499E+10      0.000000000000E+00      0.000000000000E+00
      0.000000000000E+00      0.868385346450E+09      0.254310072866E+08
      0.000000000000E+00      0.254310072866E+08     -0.347581416165E+05
     atom #   31    pol.  3
     -0.122289587246E+10      0.242926188986E-09     -0.391335666304E-10
      0.242926188986E-09      0.361555899794E+09      0.839480838403E+08
     -0.391335666304E-10      0.839480838403E+08     -0.127243077001E+06
     atom #   32    pol.  1
      0.000000000000E+00     -0.443482081805E+09      0.553763148842E+09
     -0.443482081805E+09      0.000000000000E+00      0.000000000000E+00
      0.553763148842E+09      0.000000000000E+00      0.000000000000E+00
     atom #   32    pol.  2
     -0.527339809155E+09     -0.753996356284E-09      0.151828868116E-10
     -0.753996356284E-09      0.599838000870E+09      0.537334235354E+08
      0.151828868116E-10      0.537334235354E+08     -0.385170465072E+04
     atom #   32    pol.  3
     -0.220688415061E+10      0.000000000000E+00      0.117400699891E-09
      0.000000000000E+00      0.640654964278E+09     -0.298705621352E+09
      0.117400699891E-09     -0.298705621352E+09     -0.274955313851E+05
     atom #   33    pol.  1
      0.000000000000E+00     -0.443482081805E+09     -0.553763148842E+09
     -0.443482081805E+09     -0.376998178142E-09     -0.607315472465E-10
     -0.553763148842E+09     -0.607315472465E-10      0.000000000000E+00
     atom #   33    pol.  2
     -0.527339809155E+09      0.188499089071E-09     -0.151828868116E-10
      0.188499089071E-09      0.599838000870E+09     -0.537334235354E+08
     -0.151828868116E-10     -0.537334235354E+08     -0.385170465072E+04
     atom #   33    pol.  3
      0.220688415061E+10      0.485852377972E-09      0.782671332607E-10
      0.485852377972E-09     -0.640654964278E+09     -0.298705621352E+09
      0.782671332607E-10     -0.298705621352E+09      0.274955313851E+05
     atom #   34    pol.  1
      0.599838000870E+09      0.376998178142E-09     -0.537334235354E+08
      0.376998178142E-09     -0.527339809155E+09     -0.151828868116E-10
     -0.537334235354E+08     -0.151828868116E-10     -0.385170465072E+04
     atom #   34    pol.  2
      0.000000000000E+00     -0.443482081805E+09      0.242926188986E-09
     -0.443482081805E+09     -0.612622039480E-09     -0.553763148842E+09
      0.242926188986E-09     -0.553763148842E+09      0.973371037183E-10
     atom #   34    pol.  3
     -0.640654964278E+09      0.242926188986E-09     -0.298705621352E+09
      0.242926188986E-09      0.220688415061E+10     -0.156534266521E-09
     -0.298705621352E+09     -0.156534266521E-09      0.274955313851E+05
     atom #   35    pol.  1
      0.599838000870E+09     -0.753996356284E-09      0.537334235354E+08
     -0.753996356284E-09     -0.527339809155E+09      0.000000000000E+00
      0.537334235354E+08      0.000000000000E+00     -0.385170465072E+04
     atom #   35    pol.  2
      0.376998178142E-09     -0.443482081805E+09      0.000000000000E+00
     -0.443482081805E+09      0.659746811748E-09      0.553763148842E+09
      0.000000000000E+00      0.553763148842E+09     -0.973371037183E-10
     atom #   35    pol.  3
      0.640654964278E+09      0.000000000000E+00     -0.298705621352E+09
      0.000000000000E+00     -0.220688415061E+10     -0.782671332607E-10
     -0.298705621352E+09     -0.782671332607E-10     -0.274955313851E+05
     atom #   36    pol.  1
     -0.868385346450E+09      0.000000000000E+00     -0.254310072866E+08
      0.000000000000E+00      0.179926883499E+10      0.607315472465E-10
     -0.254310072866E+08      0.607315472465E-10      0.347581416165E+05
     atom #   36    pol.  2
      0.000000000000E+00     -0.500684437917E+09     -0.242926188986E-09
     -0.500684437917E+09     -0.777558742417E-09      0.226714263438E+09
     -0.242926188986E-09      0.226714263438E+09     -0.521032484421E-10
     atom #   36    pol.  3
     -0.361555899794E+09     -0.242926188986E-09     -0.839480838403E+08
     -0.242926188986E-09      0.122289587246E+10      0.000000000000E+00
     -0.839480838403E+08      0.000000000000E+00      0.127243077001E+06
     atom #   37    pol.  1
     -0.868385346450E+09     -0.141374316803E-09      0.254310072866E+08
     -0.141374316803E-09      0.179926883499E+10     -0.303657736233E-10
      0.254310072866E+08     -0.303657736233E-10      0.347581416165E+05
     atom #   37    pol.  2
      0.000000000000E+00     -0.500684437917E+09     -0.242926188986E-09
     -0.500684437917E+09      0.753996356284E-09     -0.226714263438E+09
     -0.242926188986E-09     -0.226714263438E+09      0.520984713954E-10
     atom #   37    pol.  3
      0.361555899794E+09     -0.242926188986E-09     -0.839480838403E+08
     -0.242926188986E-09     -0.122289587246E+10      0.782671332607E-10
     -0.839480838403E+08      0.782671332607E-10     -0.127243077001E+06
     atom #   38    pol.  1
      0.000000000000E+00     -0.500684437917E+09     -0.226714263438E+09
     -0.500684437917E+09      0.000000000000E+00      0.242926188986E-09
     -0.226714263438E+09      0.242926188986E-09      0.000000000000E+00
     atom #   38    pol.  2
      0.179926883499E+10      0.000000000000E+00      0.000000000000E+00
      0.000000000000E+00     -0.868385346450E+09      0.254310072866E+08
      0.000000000000E+00      0.254310072866E+08      0.347581416165E+05
     atom #   38    pol.  3
     -0.122289587246E+10      0.607315472465E-10     -0.782671332607E-10
      0.607315472465E-10      0.361555899794E+09     -0.839480838403E+08
     -0.782671332607E-10     -0.839480838403E+08     -0.127243077001E+06
     atom #   39    pol.  1
     -0.150799271257E-08     -0.500684437917E+09      0.226714263438E+09
     -0.500684437917E+09      0.000000000000E+00      0.242926188986E-09
      0.226714263438E+09      0.242926188986E-09      0.000000000000E+00
     atom #   39    pol.  2
      0.179926883499E+10      0.942495445354E-10      0.303657736233E-10
      0.942495445354E-10     -0.868385346450E+09     -0.254310072866E+08
      0.303657736233E-10     -0.254310072866E+08      0.347581416165E+05
     atom #   39    pol.  3
      0.122289587246E+10     -0.242926188986E-09     -0.117400699891E-09
     -0.242926188986E-09     -0.361555899794E+09     -0.839480838403E+08
     -0.117400699891E-09     -0.839480838403E+08      0.127243077001E+06


     Representation #   1 mode #   1

     Self-consistent Calculation

      iter #   1 total cpu time :117390.6 secs   av.it.:   6.0
      thresh= 1.000E-02 alpha_mix =  0.700 |ddv_scf|^2 =  4.221E-07

      iter #   2 total cpu time :117516.5 secs   av.it.:  16.9
      thresh= 6.497E-05 alpha_mix =  0.700 |ddv_scf|^2 =  2.350E-06

      iter #   3 total cpu time :117626.2 secs   av.it.:  14.8
      thresh= 1.533E-04 alpha_mix =  0.700 |ddv_scf|^2 =  1.142E-07

      iter #   4 total cpu time :117740.7 secs   av.it.:  15.1
      thresh= 3.379E-05 alpha_mix =  0.700 |ddv_scf|^2 =  1.606E-08

      iter #   5 total cpu time :117845.0 secs   av.it.:  13.8
      thresh= 1.267E-05 alpha_mix =  0.700 |ddv_scf|^2 =  1.656E-09

      iter #   6 total cpu time :117960.4 secs   av.it.:  15.5
      thresh= 4.069E-06 alpha_mix =  0.700 |ddv_scf|^2 =  2.153E-10

      iter #   7 total cpu time :118078.4 secs   av.it.:  15.8
      thresh= 1.467E-06 alpha_mix =  0.700 |ddv_scf|^2 =  1.782E-11

      iter #   8 total cpu time :118197.3 secs   av.it.:  15.8
      thresh= 4.221E-07 alpha_mix =  0.700 |ddv_scf|^2 =  4.069E-12

      iter #   9 total cpu time :118327.2 secs   av.it.:  16.6
      thresh= 2.017E-07 alpha_mix =  0.700 |ddv_scf|^2 =  5.270E-12

      iter #  10 total cpu time :118448.5 secs   av.it.:  15.3
      thresh= 2.296E-07 alpha_mix =  0.700 |ddv_scf|^2 =  9.491E-14

      iter #  11 total cpu time :118576.6 secs   av.it.:  16.2
      thresh= 3.081E-08 alpha_mix =  0.700 |ddv_scf|^2 =  9.361E-14

      iter #  12 total cpu time :118691.9 secs   av.it.:  14.8
      thresh= 3.059E-08 alpha_mix =  0.700 |ddv_scf|^2 =  9.347E-14

      iter #  13 total cpu time :118805.4 secs   av.it.:  14.4
      thresh= 3.057E-08 alpha_mix =  0.700 |ddv_scf|^2 =  5.341E-15

     End of self-consistent calculation

     Convergence has been achieved 


     Representation #   2 mode #   2

     Self-consistent Calculation

      iter #   1 total cpu time :118893.5 secs   av.it.:   7.9
      thresh= 1.000E-02 alpha_mix =  0.700 |ddv_scf|^2 =  1.163E-05

      iter #   2 total cpu time :119014.1 secs   av.it.:  15.9
      thresh= 3.411E-04 alpha_mix =  0.700 |ddv_scf|^2 =  1.728E-04

      iter #   3 total cpu time :119115.0 secs   av.it.:  12.9
      thresh= 1.315E-03 alpha_mix =  0.700 |ddv_scf|^2 =  6.643E-07

      iter #   4 total cpu time :119235.2 secs   av.it.:  15.4
      thresh= 8.150E-05 alpha_mix =  0.700 |ddv_scf|^2 =  6.786E-08

      iter #   5 total cpu time :119353.5 secs   av.it.:  15.8
      thresh= 2.605E-05 alpha_mix =  0.700 |ddv_scf|^2 =  4.991E-09

      iter #   6 total cpu time :119477.7 secs   av.it.:  15.8
      thresh= 7.064E-06 alpha_mix =  0.700 |ddv_scf|^2 =  2.417E-09

      iter #   7 total cpu time :119588.9 secs   av.it.:  14.9
      thresh= 4.916E-06 alpha_mix =  0.700 |ddv_scf|^2 =  1.766E-10

      iter #   8 total cpu time :119714.5 secs   av.it.:  16.0
      thresh= 1.329E-06 alpha_mix =  0.700 |ddv_scf|^2 =  3.758E-11

      iter #   9 total cpu time :119831.3 secs   av.it.:  15.5
      thresh= 6.131E-07 alpha_mix =  0.700 |ddv_scf|^2 =  1.565E-11

      iter #  10 total cpu time :119953.1 secs   av.it.:  15.5
      thresh= 3.956E-07 alpha_mix =  0.700 |ddv_scf|^2 =  1.835E-12

      iter #  11 total cpu time :120075.8 secs   av.it.:  16.1
      thresh= 1.355E-07 alpha_mix =  0.700 |ddv_scf|^2 =  2.439E-13

      iter #  12 total cpu time :120200.6 secs   av.it.:  15.9
      thresh= 4.939E-08 alpha_mix =  0.700 |ddv_scf|^2 =  4.148E-13

      iter #  13 total cpu time :120317.7 secs   av.it.:  15.4
      thresh= 6.441E-08 alpha_mix =  0.700 |ddv_scf|^2 =  3.343E-13

      iter #  14 total cpu time :120432.1 secs   av.it.:  14.9
      thresh= 5.782E-08 alpha_mix =  0.700 |ddv_scf|^2 =  1.352E-14

      iter #  15 total cpu time :120557.0 secs   av.it.:  15.8
      thresh= 1.163E-08 alpha_mix =  0.700 |ddv_scf|^2 =  1.207E-14

      iter #  16 total cpu time :120666.8 secs   av.it.:  14.4
      thresh= 1.099E-08 alpha_mix =  0.700 |ddv_scf|^2 =  1.507E-15

     End of self-consistent calculation

     Convergence has been achieved 


     Representation #   3 mode #   3

     Self-consistent Calculation

      iter #   1 total cpu time :120744.8 secs   av.it.:   8.0
      thresh= 1.000E-02 alpha_mix =  0.700 |ddv_scf|^2 =  4.737E-06

      iter #   2 total cpu time :120872.6 secs   av.it.:  16.9
      thresh= 2.176E-04 alpha_mix =  0.700 |ddv_scf|^2 =  4.561E-05

      iter #   3 total cpu time :120983.3 secs   av.it.:  14.3
      thresh= 6.753E-04 alpha_mix =  0.700 |ddv_scf|^2 =  9.007E-07

      iter #   4 total cpu time :121098.1 secs   av.it.:  14.5
      thresh= 9.491E-05 alpha_mix =  0.700 |ddv_scf|^2 =  7.122E-08

      iter #   5 total cpu time :121215.6 secs   av.it.:  15.4
      thresh= 2.669E-05 alpha_mix =  0.700 |ddv_scf|^2 =  5.289E-09

      iter #   6 total cpu time :121338.2 secs   av.it.:  15.4
      thresh= 7.272E-06 alpha_mix =  0.700 |ddv_scf|^2 =  4.090E-10

      iter #   7 total cpu time :121455.5 secs   av.it.:  15.5
      thresh= 2.022E-06 alpha_mix =  0.700 |ddv_scf|^2 =  4.505E-11

      iter #   8 total cpu time :121589.0 secs   av.it.:  16.9
      thresh= 6.712E-07 alpha_mix =  0.700 |ddv_scf|^2 =  1.000E-10

      iter #   9 total cpu time :121705.2 secs   av.it.:  15.3
      thresh= 1.000E-06 alpha_mix =  0.700 |ddv_scf|^2 =  4.396E-12

      iter #  10 total cpu time :121827.3 secs   av.it.:  15.5
      thresh= 2.097E-07 alpha_mix =  0.700 |ddv_scf|^2 =  1.176E-11

      iter #  11 total cpu time :121931.9 secs   av.it.:  13.7
      thresh= 3.429E-07 alpha_mix =  0.700 |ddv_scf|^2 =  4.235E-13

      iter #  12 total cpu time :122048.7 secs   av.it.:  14.8
      thresh= 6.507E-08 alpha_mix =  0.700 |ddv_scf|^2 =  5.734E-14

      iter #  13 total cpu time :122171.2 secs   av.it.:  15.8
      thresh= 2.395E-08 alpha_mix =  0.700 |ddv_scf|^2 =  8.551E-14

      iter #  14 total cpu time :122289.2 secs   av.it.:  15.0
      thresh= 2.924E-08 alpha_mix =  0.700 |ddv_scf|^2 =  1.169E-14

      iter #  15 total cpu time :122406.4 secs   av.it.:  15.7
      thresh= 1.081E-08 alpha_mix =  0.700 |ddv_scf|^2 =  6.082E-16

     End of self-consistent calculation

     Convergence has been achieved 


     Representation #   4 mode #   4

     Self-consistent Calculation

      iter #   1 total cpu time :122479.5 secs   av.it.:   7.7
      thresh= 1.000E-02 alpha_mix =  0.700 |ddv_scf|^2 =  3.799E-06

      iter #   2 total cpu time :122606.4 secs   av.it.:  16.4
      thresh= 1.949E-04 alpha_mix =  0.700 |ddv_scf|^2 =  5.489E-05

      iter #   3 total cpu time :122710.3 secs   av.it.:  13.2
      thresh= 7.408E-04 alpha_mix =  0.700 |ddv_scf|^2 =  4.473E-07

      iter #   4 total cpu time :122830.6 secs   av.it.:  15.7
      thresh= 6.688E-05 alpha_mix =  0.700 |ddv_scf|^2 =  2.671E-08

      iter #   5 total cpu time :122957.4 secs   av.it.:  16.1
      thresh= 1.634E-05 alpha_mix =  0.700 |ddv_scf|^2 =  7.116E-09

      iter #   6 total cpu time :123072.1 secs   av.it.:  14.9
      thresh= 8.436E-06 alpha_mix =  0.700 |ddv_scf|^2 =  2.909E-10

      iter #   7 total cpu time :123195.1 secs   av.it.:  15.8
      thresh= 1.706E-06 alpha_mix =  0.700 |ddv_scf|^2 =  1.317E-10

      iter #   8 total cpu time :123315.9 secs   av.it.:  15.8
      thresh= 1.148E-06 alpha_mix =  0.700 |ddv_scf|^2 =  1.773E-10

      iter #   9 total cpu time :123431.0 secs   av.it.:  14.5
      thresh= 1.331E-06 alpha_mix =  0.700 |ddv_scf|^2 =  6.492E-12

      iter #  10 total cpu time :123555.8 secs   av.it.:  16.8
      thresh= 2.548E-07 alpha_mix =  0.700 |ddv_scf|^2 =  8.017E-12

      iter #  11 total cpu time :123676.7 secs   av.it.:  15.5
      thresh= 2.831E-07 alpha_mix =  0.700 |ddv_scf|^2 =  7.881E-13

      iter #  12 total cpu time :123795.3 secs   av.it.:  15.6
      thresh= 8.877E-08 alpha_mix =  0.700 |ddv_scf|^2 =  1.905E-13

      iter #  13 total cpu time :123920.4 secs   av.it.:  16.1
      thresh= 4.365E-08 alpha_mix =  0.700 |ddv_scf|^2 =  4.916E-14

      iter #  14 total cpu time :124043.9 secs   av.it.:  16.9
      thresh= 2.217E-08 alpha_mix =  0.700 |ddv_scf|^2 =  8.575E-14

      iter #  15 total cpu time :124161.7 secs   av.it.:  14.9
      thresh= 2.928E-08 alpha_mix =  0.700 |ddv_scf|^2 =  7.411E-16

     End of self-consistent calculation

     Convergence has been achieved 


     Representation #   5 mode #   5

     Self-consistent Calculation

      iter #   1 total cpu time :124225.2 secs   av.it.:   6.0
      thresh= 1.000E-02 alpha_mix =  0.700 |ddv_scf|^2 =  3.044E-06

      iter #   2 total cpu time :124348.1 secs   av.it.:  15.8
      thresh= 1.745E-04 alpha_mix =  0.700 |ddv_scf|^2 =  4.472E-05

      iter #   3 total cpu time :124449.8 secs   av.it.:  12.8
      thresh= 6.688E-04 alpha_mix =  0.700 |ddv_scf|^2 =  8.226E-08

      iter #   4 total cpu time :124570.3 secs   av.it.:  15.8
      thresh= 2.868E-05 alpha_mix =  0.700 |ddv_scf|^2 =  1.016E-08

      iter #   5 total cpu time :124693.9 secs   av.it.:  15.9
      thresh= 1.008E-05 alpha_mix =  0.700 |ddv_scf|^2 =  5.599E-09

      iter #   6 total cpu time :124807.1 secs   av.it.:  14.8
      thresh= 7.483E-06 alpha_mix =  0.700 |ddv_scf|^2 =  4.550E-10

      iter #   7 total cpu time :124927.6 secs   av.it.:  15.7
      thresh= 2.133E-06 alpha_mix =  0.700 |ddv_scf|^2 =  2.802E-11

      iter #   8 total cpu time :125057.2 secs   av.it.:  16.9
      thresh= 5.294E-07 alpha_mix =  0.700 |ddv_scf|^2 =  9.560E-11

      iter #   9 total cpu time :125169.3 secs   av.it.:  14.8
      thresh= 9.778E-07 alpha_mix =  0.700 |ddv_scf|^2 =  1.183E-12

      iter #  10 total cpu time :125300.2 secs   av.it.:  16.8
      thresh= 1.088E-07 alpha_mix =  0.700 |ddv_scf|^2 =  9.337E-13

      iter #  11 total cpu time :125414.6 secs   av.it.:  15.4
      thresh= 9.663E-08 alpha_mix =  0.700 |ddv_scf|^2 =  1.851E-13

      iter #  12 total cpu time :125540.6 secs   av.it.:  15.8
      thresh= 4.303E-08 alpha_mix =  0.700 |ddv_scf|^2 =  1.742E-13

      iter #  13 total cpu time :125655.2 secs   av.it.:  15.6
      thresh= 4.173E-08 alpha_mix =  0.700 |ddv_scf|^2 =  1.389E-13

      iter #  14 total cpu time :125778.8 secs   av.it.:  15.7
      thresh= 3.727E-08 alpha_mix =  0.700 |ddv_scf|^2 =  2.914E-14

      iter #  15 total cpu time :125899.8 secs   av.it.:  15.8
      thresh= 1.707E-08 alpha_mix =  0.700 |ddv_scf|^2 =  5.514E-15

     End of self-consistent calculation

     Convergence has been achieved 


     Representation #   6 mode #   6

     Self-consistent Calculation

      iter #   1 total cpu time :125966.2 secs   av.it.:   6.0
      thresh= 1.000E-02 alpha_mix =  0.700 |ddv_scf|^2 =  1.897E-06

      iter #   2 total cpu time :126090.0 secs   av.it.:  16.0
      thresh= 1.377E-04 alpha_mix =  0.700 |ddv_scf|^2 =  2.704E-05

      iter #   3 total cpu time :126196.8 secs   av.it.:  12.9
      thresh= 5.200E-04 alpha_mix =  0.700 |ddv_scf|^2 =  9.051E-08

      iter #   4 total cpu time :126314.6 secs   av.it.:  15.8
      thresh= 3.008E-05 alpha_mix =  0.700 |ddv_scf|^2 =  1.980E-08

      iter #   5 total cpu time :126434.6 secs   av.it.:  14.9
      thresh= 1.407E-05 alpha_mix =  0.700 |ddv_scf|^2 =  2.677E-09

      iter #   6 total cpu time :126551.5 secs   av.it.:  15.4
      thresh= 5.174E-06 alpha_mix =  0.700 |ddv_scf|^2 =  2.761E-10

      iter #   7 total cpu time :126673.9 secs   av.it.:  15.5
      thresh= 1.662E-06 alpha_mix =  0.700 |ddv_scf|^2 =  1.025E-11

      iter #   8 total cpu time :126799.7 secs   av.it.:  16.9
      thresh= 3.202E-07 alpha_mix =  0.700 |ddv_scf|^2 =  2.959E-11

      iter #   9 total cpu time :126918.6 secs   av.it.:  14.9
      thresh= 5.440E-07 alpha_mix =  0.700 |ddv_scf|^2 =  3.845E-13

      iter #  10 total cpu time :127052.4 secs   av.it.:  17.7
      thresh= 6.201E-08 alpha_mix =  0.700 |ddv_scf|^2 =  1.768E-12

      iter #  11 total cpu time :127170.7 secs   av.it.:  14.8
      thresh= 1.330E-07 alpha_mix =  0.700 |ddv_scf|^2 =  5.999E-14

      iter #  12 total cpu time :127293.3 secs   av.it.:  15.8
      thresh= 2.449E-08 alpha_mix =  0.700 |ddv_scf|^2 =  5.532E-14

      iter #  13 total cpu time :127408.9 secs   av.it.:  15.0
      thresh= 2.352E-08 alpha_mix =  0.700 |ddv_scf|^2 =  7.816E-15

     End of self-consistent calculation

     Convergence has been achieved 


     Representation #   7 mode #   7

     Self-consistent Calculation

      iter #   1 total cpu time :127482.2 secs   av.it.:   7.6
      thresh= 1.000E-02 alpha_mix =  0.700 |ddv_scf|^2 =  6.649E-06

      iter #   2 total cpu time :127603.9 secs   av.it.:  16.0
      thresh= 2.579E-04 alpha_mix =  0.700 |ddv_scf|^2 =  1.052E-04

      iter #   3 total cpu time :127704.2 secs   av.it.:  12.8
      thresh= 1.026E-03 alpha_mix =  0.700 |ddv_scf|^2 =  2.794E-07

      iter #   4 total cpu time :127826.2 secs   av.it.:  15.8
      thresh= 5.286E-05 alpha_mix =  0.700 |ddv_scf|^2 =  6.419E-08

      iter #   5 total cpu time :127942.2 secs   av.it.:  15.7
      thresh= 2.534E-05 alpha_mix =  0.700 |ddv_scf|^2 =  1.976E-09

      iter #   6 total cpu time :128067.9 secs   av.it.:  15.9
      thresh= 4.445E-06 alpha_mix =  0.700 |ddv_scf|^2 =  2.043E-09

      iter #   7 total cpu time :128180.8 secs   av.it.:  14.8
      thresh= 4.520E-06 alpha_mix =  0.700 |ddv_scf|^2 =  2.411E-11

      iter #   8 total cpu time :128307.1 secs   av.it.:  16.8
      thresh= 4.910E-07 alpha_mix =  0.700 |ddv_scf|^2 =  5.234E-12

      iter #   9 total cpu time :128429.4 secs   av.it.:  15.9
      thresh= 2.288E-07 alpha_mix =  0.700 |ddv_scf|^2 =  4.346E-12

      iter #  10 total cpu time :128542.5 secs   av.it.:  14.8
      thresh= 2.085E-07 alpha_mix =  0.700 |ddv_scf|^2 =  3.609E-13

      iter #  11 total cpu time :128665.9 secs   av.it.:  15.9
      thresh= 6.007E-08 alpha_mix =  0.700 |ddv_scf|^2 =  2.007E-14

      iter #  12 total cpu time :128784.2 secs   av.it.:  15.8
      thresh= 1.417E-08 alpha_mix =  0.700 |ddv_scf|^2 =  4.654E-15

     End of self-consistent calculation

     Convergence has been achieved 


     Representation #   8 mode #   8

     Self-consistent Calculation

      iter #   1 total cpu time :128859.0 secs   av.it.:   7.5
      thresh= 1.000E-02 alpha_mix =  0.700 |ddv_scf|^2 =  3.884E-06

      iter #   2 total cpu time :128983.2 secs   av.it.:  16.4
      thresh= 1.971E-04 alpha_mix =  0.700 |ddv_scf|^2 =  2.037E-05

      iter #   3 total cpu time :129089.2 secs   av.it.:  14.3
      thresh= 4.514E-04 alpha_mix =  0.700 |ddv_scf|^2 =  6.012E-07

      iter #   4 total cpu time :129209.8 secs   av.it.:  15.3
      thresh= 7.754E-05 alpha_mix =  0.700 |ddv_scf|^2 =  6.099E-08

      iter #   5 total cpu time :129322.7 secs   av.it.:  14.8
      thresh= 2.470E-05 alpha_mix =  0.700 |ddv_scf|^2 =  2.875E-08

      iter #   6 total cpu time :129433.4 secs   av.it.:  14.7
      thresh= 1.696E-05 alpha_mix =  0.700 |ddv_scf|^2 =  2.134E-10

      iter #   7 total cpu time :129560.9 secs   av.it.:  16.1
      thresh= 1.461E-06 alpha_mix =  0.700 |ddv_scf|^2 =  1.428E-10

      iter #   8 total cpu time :129677.5 secs   av.it.:  15.6
      thresh= 1.195E-06 alpha_mix =  0.700 |ddv_scf|^2 =  1.116E-11

      iter #   9 total cpu time :129805.9 secs   av.it.:  16.4
      thresh= 3.341E-07 alpha_mix =  0.700 |ddv_scf|^2 =  1.008E-12

      iter #  10 total cpu time :129936.0 secs   av.it.:  17.1
      thresh= 1.004E-07 alpha_mix =  0.700 |ddv_scf|^2 =  3.726E-13

      iter #  11 total cpu time :130058.7 secs   av.it.:  15.9
      thresh= 6.104E-08 alpha_mix =  0.700 |ddv_scf|^2 =  8.698E-14

      iter #  12 total cpu time :130182.5 secs   av.it.:  15.9
      thresh= 2.949E-08 alpha_mix =  0.700 |ddv_scf|^2 =  4.672E-14

      iter #  13 total cpu time :130304.1 secs   av.it.:  15.7
      thresh= 2.161E-08 alpha_mix =  0.700 |ddv_scf|^2 =  1.481E-14

      iter #  14 total cpu time :130420.3 secs   av.it.:  15.4
      thresh= 1.217E-08 alpha_mix =  0.700 |ddv_scf|^2 =  4.310E-15

     End of self-consistent calculation

     Convergence has been achieved 


     Representation #   9 mode #   9

     Self-consistent Calculation

      iter #   1 total cpu time :130490.1 secs   av.it.:   7.7
      thresh= 1.000E-02 alpha_mix =  0.700 |ddv_scf|^2 =  3.711E-06

      iter #   2 total cpu time :130617.9 secs   av.it.:  16.5
      thresh= 1.926E-04 alpha_mix =  0.700 |ddv_scf|^2 =  5.169E-05

      iter #   3 total cpu time :130716.7 secs   av.it.:  13.2
      thresh= 7.190E-04 alpha_mix =  0.700 |ddv_scf|^2 =  4.329E-07

      iter #   4 total cpu time :130838.4 secs   av.it.:  15.8
      thresh= 6.579E-05 alpha_mix =  0.700 |ddv_scf|^2 =  4.255E-08

      iter #   5 total cpu time :131577.8 secs   av.it.:  15.8
      thresh= 2.063E-05 alpha_mix =  0.700 |ddv_scf|^2 =  1.011E-08

      iter #   6 total cpu time :131709.5 secs   av.it.:  14.8
      thresh= 1.006E-05 alpha_mix =  0.700 |ddv_scf|^2 =  3.653E-10

      iter #   7 total cpu time :131840.0 secs   av.it.:  16.5
      thresh= 1.911E-06 alpha_mix =  0.700 |ddv_scf|^2 =  3.824E-10

      iter #   8 total cpu time :131958.6 secs   av.it.:  15.7
      thresh= 1.956E-06 alpha_mix =  0.700 |ddv_scf|^2 =  1.169E-10

      iter #   9 total cpu time :132073.7 secs   av.it.:  14.8
      thresh= 1.081E-06 alpha_mix =  0.700 |ddv_scf|^2 =  7.589E-12

      iter #  10 total cpu time :132200.2 secs   av.it.:  16.8
      thresh= 2.755E-07 alpha_mix =  0.700 |ddv_scf|^2 =  9.348E-12

      iter #  11 total cpu time :132318.2 secs   av.it.:  15.5
      thresh= 3.057E-07 alpha_mix =  0.700 |ddv_scf|^2 =  1.136E-12

      iter #  12 total cpu time :132434.3 secs   av.it.:  14.9
      thresh= 1.066E-07 alpha_mix =  0.700 |ddv_scf|^2 =  1.587E-13

      iter #  13 total cpu time :132559.5 secs   av.it.:  16.7
      thresh= 3.984E-08 alpha_mix =  0.700 |ddv_scf|^2 =  1.217E-13

      iter #  14 total cpu time :132687.5 secs   av.it.:  16.8
      thresh= 3.488E-08 alpha_mix =  0.700 |ddv_scf|^2 =  2.014E-13

      iter #  15 total cpu time :132804.5 secs   av.it.:  14.9
      thresh= 4.487E-08 alpha_mix =  0.700 |ddv_scf|^2 =  9.058E-16

     End of self-consistent calculation

     Convergence has been achieved 


     Representation #  10 mode #  10

     Self-consistent Calculation

      iter #   1 total cpu time :132899.6 secs   av.it.:   6.0
      thresh= 1.000E-02 alpha_mix =  0.700 |ddv_scf|^2 =  1.571E-06

      iter #   2 total cpu time :133025.1 secs   av.it.:  16.1
      thresh= 1.254E-04 alpha_mix =  0.700 |ddv_scf|^2 =  2.033E-05

      iter #   3 total cpu time :133127.9 secs   av.it.:  13.0
      thresh= 4.508E-04 alpha_mix =  0.700 |ddv_scf|^2 =  1.506E-07

      iter #   4 total cpu time :133244.6 secs   av.it.:  14.9
      thresh= 3.880E-05 alpha_mix =  0.700 |ddv_scf|^2 =  2.493E-08

      iter #   5 total cpu time :133361.6 secs   av.it.:  15.4
      thresh= 1.579E-05 alpha_mix =  0.700 |ddv_scf|^2 =  2.450E-09

      iter #   6 total cpu time :133482.7 secs   av.it.:  15.8
      thresh= 4.950E-06 alpha_mix =  0.700 |ddv_scf|^2 =  4.358E-10

      iter #   7 total cpu time :133605.9 secs   av.it.:  15.8
      thresh= 2.088E-06 alpha_mix =  0.700 |ddv_scf|^2 =  4.195E-11

      iter #   8 total cpu time :133946.6 secs   av.it.:  16.0
      thresh= 6.477E-07 alpha_mix =  0.700 |ddv_scf|^2 =  6.646E-11

      iter #   9 total cpu time :134077.1 secs   av.it.:  14.6
      thresh= 8.153E-07 alpha_mix =  0.700 |ddv_scf|^2 =  2.179E-12

      iter #  10 total cpu time :134203.7 secs   av.it.:  16.1
      thresh= 1.476E-07 alpha_mix =  0.700 |ddv_scf|^2 =  2.302E-12

      iter #  11 total cpu time :134313.7 secs   av.it.:  14.3
      thresh= 1.517E-07 alpha_mix =  0.700 |ddv_scf|^2 =  1.747E-13

      iter #  12 total cpu time :134442.1 secs   av.it.:  16.8
      thresh= 4.179E-08 alpha_mix =  0.700 |ddv_scf|^2 =  4.434E-13

      iter #  13 total cpu time :134560.0 secs   av.it.:  15.3
      thresh= 6.659E-08 alpha_mix =  0.700 |ddv_scf|^2 =  3.978E-14

      iter #  14 total cpu time :134679.6 secs   av.it.:  15.9
      thresh= 1.994E-08 alpha_mix =  0.700 |ddv_scf|^2 =  1.440E-14

      iter #  15 total cpu time :134798.7 secs   av.it.:  15.3
      thresh= 1.200E-08 alpha_mix =  0.700 |ddv_scf|^2 =  1.116E-15

     End of self-consistent calculation

     Convergence has been achieved 


     Representation #  11 mode #  11

     Self-consistent Calculation

      iter #   1 total cpu time :134925.4 secs   av.it.:   5.9
      thresh= 1.000E-02 alpha_mix =  0.700 |ddv_scf|^2 =  3.103E-07

      iter #   2 total cpu time :135038.4 secs   av.it.:  15.4
      thresh= 5.570E-05 alpha_mix =  0.700 |ddv_scf|^2 =  8.431E-08

      iter #   3 total cpu time :135149.4 secs   av.it.:  15.2
      thresh= 2.904E-05 alpha_mix =  0.700 |ddv_scf|^2 =  5.527E-11

      iter #   4 total cpu time :135273.7 secs   av.it.:  16.6
      thresh= 7.434E-07 alpha_mix =  0.700 |ddv_scf|^2 =  4.660E-12

      iter #   5 total cpu time :135400.8 secs   av.it.:  17.1
      thresh= 2.159E-07 alpha_mix =  0.700 |ddv_scf|^2 =  4.967E-13

      iter #   6 total cpu time :135522.2 secs   av.it.:  16.6
      thresh= 7.048E-08 alpha_mix =  0.700 |ddv_scf|^2 =  4.129E-15

     End of self-consistent calculation

     Convergence has been achieved 


     Representation #  12 mode #  12

     Self-consistent Calculation

      iter #   1 total cpu time :135601.3 secs   av.it.:   6.8
      thresh= 1.000E-02 alpha_mix =  0.700 |ddv_scf|^2 =  1.529E-07

      iter #   2 total cpu time :135723.7 secs   av.it.:  16.6
      thresh= 3.910E-05 alpha_mix =  0.700 |ddv_scf|^2 =  7.486E-08

      iter #   3 total cpu time :135842.2 secs   av.it.:  15.9
      thresh= 2.736E-05 alpha_mix =  0.700 |ddv_scf|^2 =  3.028E-11

      iter #   4 total cpu time :135967.1 secs   av.it.:  16.9
      thresh= 5.503E-07 alpha_mix =  0.700 |ddv_scf|^2 =  7.155E-13

      iter #   5 total cpu time :136091.4 secs   av.it.:  16.4
      thresh= 8.459E-08 alpha_mix =  0.700 |ddv_scf|^2 =  9.114E-14

      iter #   6 total cpu time :136215.6 secs   av.it.:  16.7
      thresh= 3.019E-08 alpha_mix =  0.700 |ddv_scf|^2 =  2.381E-15

     End of self-consistent calculation

     Convergence has been achieved 


     Representation #  13 mode #  13

     Self-consistent Calculation

      iter #   1 total cpu time :136272.1 secs   av.it.:   5.0
      thresh= 1.000E-02 alpha_mix =  0.700 |ddv_scf|^2 =  2.226E-08

      iter #   2 total cpu time :136395.3 secs   av.it.:  16.6
      thresh= 1.492E-05 alpha_mix =  0.700 |ddv_scf|^2 =  2.499E-09

      iter #   3 total cpu time :136523.3 secs   av.it.:  16.9
      thresh= 4.999E-06 alpha_mix =  0.700 |ddv_scf|^2 =  2.217E-10

      iter #   4 total cpu time :136643.1 secs   av.it.:  16.5
      thresh= 1.489E-06 alpha_mix =  0.700 |ddv_scf|^2 =  7.817E-13

      iter #   5 total cpu time :136769.2 secs   av.it.:  17.1
      thresh= 8.841E-08 alpha_mix =  0.700 |ddv_scf|^2 =  2.782E-14

      iter #   6 total cpu time :136897.1 secs   av.it.:  16.8
      thresh= 1.668E-08 alpha_mix =  0.700 |ddv_scf|^2 =  2.154E-15

     End of self-consistent calculation

     Convergence has been achieved 


     Representation #  14 mode #  14

     Self-consistent Calculation

      iter #   1 total cpu time :136952.7 secs   av.it.:   5.0
      thresh= 1.000E-02 alpha_mix =  0.700 |ddv_scf|^2 =  2.203E-08

      iter #   2 total cpu time :137073.4 secs   av.it.:  16.6
      thresh= 1.484E-05 alpha_mix =  0.700 |ddv_scf|^2 =  2.384E-09

      iter #   3 total cpu time :137200.2 secs   av.it.:  16.9
      thresh= 4.883E-06 alpha_mix =  0.700 |ddv_scf|^2 =  2.183E-10

      iter #   4 total cpu time :137322.7 secs   av.it.:  16.5
      thresh= 1.478E-06 alpha_mix =  0.700 |ddv_scf|^2 =  7.987E-13

      iter #   5 total cpu time :137449.4 secs   av.it.:  17.1
      thresh= 8.937E-08 alpha_mix =  0.700 |ddv_scf|^2 =  2.852E-14

      iter #   6 total cpu time :137577.3 secs   av.it.:  16.8
      thresh= 1.689E-08 alpha_mix =  0.700 |ddv_scf|^2 =  2.156E-15

     End of self-consistent calculation

     Convergence has been achieved 


     Representation #  15 mode #  15

     Self-consistent Calculation

      iter #   1 total cpu time :137658.9 secs   av.it.:   7.9
      thresh= 1.000E-02 alpha_mix =  0.700 |ddv_scf|^2 =  4.715E-06

      iter #   2 total cpu time :137784.2 secs   av.it.:  16.8
      thresh= 2.171E-04 alpha_mix =  0.700 |ddv_scf|^2 =  4.359E-05

      iter #   3 total cpu time :137895.2 secs   av.it.:  14.3
      thresh= 6.602E-04 alpha_mix =  0.700 |ddv_scf|^2 =  1.864E-07

      iter #   4 total cpu time :138016.7 secs   av.it.:  15.8
      thresh= 4.318E-05 alpha_mix =  0.700 |ddv_scf|^2 =  8.434E-09

      iter #   5 total cpu time :138246.3 secs   av.it.:  15.8
      thresh= 9.184E-06 alpha_mix =  0.700 |ddv_scf|^2 =  4.883E-10

      iter #   6 total cpu time :138368.5 secs   av.it.:  15.8
      thresh= 2.210E-06 alpha_mix =  0.700 |ddv_scf|^2 =  3.411E-11

      iter #   7 total cpu time :138490.1 secs   av.it.:  15.9
      thresh= 5.840E-07 alpha_mix =  0.700 |ddv_scf|^2 =  5.315E-12

      iter #   8 total cpu time :138611.8 secs   av.it.:  16.3
      thresh= 2.305E-07 alpha_mix =  0.700 |ddv_scf|^2 =  2.185E-12

      iter #   9 total cpu time :138736.8 secs   av.it.:  16.1
      thresh= 1.478E-07 alpha_mix =  0.700 |ddv_scf|^2 =  3.427E-13

      iter #  10 total cpu time :138855.8 secs   av.it.:  16.1
      thresh= 5.854E-08 alpha_mix =  0.700 |ddv_scf|^2 =  1.530E-13

      iter #  11 total cpu time :138981.8 secs   av.it.:  16.4
      thresh= 3.911E-08 alpha_mix =  0.700 |ddv_scf|^2 =  1.405E-14

      iter #  12 total cpu time :139103.6 secs   av.it.:  16.4
      thresh= 1.185E-08 alpha_mix =  0.700 |ddv_scf|^2 =  3.775E-15

     End of self-consistent calculation

     Convergence has been achieved 


     Representation #  16 mode #  16

     Self-consistent Calculation

      iter #   1 total cpu time :139169.9 secs   av.it.:   5.9
      thresh= 1.000E-02 alpha_mix =  0.700 |ddv_scf|^2 =  2.945E-07

      iter #   2 total cpu time :139292.4 secs   av.it.:  16.7
      thresh= 5.426E-05 alpha_mix =  0.700 |ddv_scf|^2 =  2.089E-06

      iter #   3 total cpu time :139406.0 secs   av.it.:  14.3
      thresh= 1.445E-04 alpha_mix =  0.700 |ddv_scf|^2 =  3.608E-08

      iter #   4 total cpu time :139583.7 secs   av.it.:  15.4
      thresh= 1.900E-05 alpha_mix =  0.700 |ddv_scf|^2 =  3.601E-09

      iter #   5 total cpu time :139739.7 secs   av.it.:  15.6
      thresh= 6.001E-06 alpha_mix =  0.700 |ddv_scf|^2 =  2.143E-10

      iter #   6 total cpu time :139879.5 secs   av.it.:  16.1
      thresh= 1.464E-06 alpha_mix =  0.700 |ddv_scf|^2 =  1.791E-12

      iter #   7 total cpu time :140014.5 secs   av.it.:  16.8
      thresh= 1.338E-07 alpha_mix =  0.700 |ddv_scf|^2 =  2.233E-13

      iter #   8 total cpu time :140151.8 secs   av.it.:  17.8
      thresh= 4.726E-08 alpha_mix =  0.700 |ddv_scf|^2 =  2.726E-13

      iter #   9 total cpu time :140286.5 secs   av.it.:  16.0
      thresh= 5.221E-08 alpha_mix =  0.700 |ddv_scf|^2 =  2.096E-14

      iter #  10 total cpu time :140416.8 secs   av.it.:  16.8
      thresh= 1.448E-08 alpha_mix =  0.700 |ddv_scf|^2 =  5.059E-15

     End of self-consistent calculation

     Convergence has been achieved 


     Representation #  17 mode #  17

     Self-consistent Calculation

      iter #   1 total cpu time :140513.0 secs   av.it.:   5.8
      thresh= 1.000E-02 alpha_mix =  0.700 |ddv_scf|^2 =  1.334E-07

      iter #   2 total cpu time :140646.6 secs   av.it.:  17.1
      thresh= 3.652E-05 alpha_mix =  0.700 |ddv_scf|^2 =  7.424E-07

      iter #   3 total cpu time :140777.3 secs   av.it.:  14.8
      thresh= 8.616E-05 alpha_mix =  0.700 |ddv_scf|^2 =  3.708E-08

      iter #   4 total cpu time :140898.4 secs   av.it.:  14.9
      thresh= 1.926E-05 alpha_mix =  0.700 |ddv_scf|^2 =  4.147E-09

      iter #   5 total cpu time :141016.2 secs   av.it.:  15.2
      thresh= 6.440E-06 alpha_mix =  0.700 |ddv_scf|^2 =  8.577E-11

      iter #   6 total cpu time :141152.1 secs   av.it.:  16.4
      thresh= 9.261E-07 alpha_mix =  0.700 |ddv_scf|^2 =  2.933E-12

      iter #   7 total cpu time :141316.1 secs   av.it.:  17.1
      thresh= 1.713E-07 alpha_mix =  0.700 |ddv_scf|^2 =  3.676E-12

      iter #   8 total cpu time :141443.4 secs   av.it.:  15.8
      thresh= 1.917E-07 alpha_mix =  0.700 |ddv_scf|^2 =  5.058E-14

      iter #   9 total cpu time :141589.1 secs   av.it.:  17.6
      thresh= 2.249E-08 alpha_mix =  0.700 |ddv_scf|^2 =  2.056E-14

      iter #  10 total cpu time :141764.3 secs   av.it.:  16.6
      thresh= 1.434E-08 alpha_mix =  0.700 |ddv_scf|^2 =  1.670E-14

      iter #  11 total cpu time :141904.3 secs   av.it.:  15.9
      thresh= 1.292E-08 alpha_mix =  0.700 |ddv_scf|^2 =  1.955E-15

     End of self-consistent calculation

     Convergence has been achieved 


     Representation #  18 mode #  18

     Self-consistent Calculation

      iter #   1 total cpu time :141998.1 secs   av.it.:   7.5
      thresh= 1.000E-02 alpha_mix =  0.700 |ddv_scf|^2 =  3.906E-06

      iter #   2 total cpu time :142134.1 secs   av.it.:  16.4
      thresh= 1.976E-04 alpha_mix =  0.700 |ddv_scf|^2 =  2.061E-05

      iter #   3 total cpu time :142250.8 secs   av.it.:  14.3
      thresh= 4.540E-04 alpha_mix =  0.700 |ddv_scf|^2 =  5.706E-07

      iter #   4 total cpu time :142373.1 secs   av.it.:  15.4
      thresh= 7.554E-05 alpha_mix =  0.700 |ddv_scf|^2 =  3.641E-08

      iter #   5 total cpu time :142496.6 secs   av.it.:  15.7
      thresh= 1.908E-05 alpha_mix =  0.700 |ddv_scf|^2 =  1.797E-10

      iter #   6 total cpu time :142635.6 secs   av.it.:  16.1
      thresh= 1.341E-06 alpha_mix =  0.700 |ddv_scf|^2 =  2.819E-11

      iter #   7 total cpu time :142763.8 secs   av.it.:  16.5
      thresh= 5.309E-07 alpha_mix =  0.700 |ddv_scf|^2 =  4.204E-12

      iter #   8 total cpu time :142897.2 secs   av.it.:  16.8
      thresh= 2.050E-07 alpha_mix =  0.700 |ddv_scf|^2 =  2.936E-12

      iter #   9 total cpu time :143056.3 secs   av.it.:  15.9
      thresh= 1.713E-07 alpha_mix =  0.700 |ddv_scf|^2 =  2.361E-13

      iter #  10 total cpu time :143204.1 secs   av.it.:  16.7
      thresh= 4.859E-08 alpha_mix =  0.700 |ddv_scf|^2 =  5.765E-14

      iter #  11 total cpu time :143408.4 secs   av.it.:  17.1
      thresh= 2.401E-08 alpha_mix =  0.700 |ddv_scf|^2 =  4.980E-14

      iter #  12 total cpu time :143636.2 secs   av.it.:  15.7
      thresh= 2.232E-08 alpha_mix =  0.700 |ddv_scf|^2 =  1.011E-15

     End of self-consistent calculation

     Convergence has been achieved 


     Representation #  19 mode #  19

     Self-consistent Calculation

      iter #   1 total cpu time :143773.1 secs   av.it.:   7.7
      thresh= 1.000E-02 alpha_mix =  0.700 |ddv_scf|^2 =  9.791E-07

      iter #   2 total cpu time :144003.8 secs   av.it.:  17.4
      thresh= 9.895E-05 alpha_mix =  0.700 |ddv_scf|^2 =  3.934E-06

      iter #   3 total cpu time :144150.9 secs   av.it.:  15.5
      thresh= 1.983E-04 alpha_mix =  0.700 |ddv_scf|^2 =  4.326E-07

      iter #   4 total cpu time :144282.9 secs   av.it.:  14.8
      thresh= 6.577E-05 alpha_mix =  0.700 |ddv_scf|^2 =  8.643E-09

      iter #   5 total cpu time :144422.1 secs   av.it.:  16.3
      thresh= 9.297E-06 alpha_mix =  0.700 |ddv_scf|^2 =  1.492E-10

      iter #   6 total cpu time :144556.8 secs   av.it.:  15.9
      thresh= 1.221E-06 alpha_mix =  0.700 |ddv_scf|^2 =  1.002E-11

      iter #   7 total cpu time :144695.3 secs   av.it.:  16.9
      thresh= 3.166E-07 alpha_mix =  0.700 |ddv_scf|^2 =  2.557E-12

      iter #   8 total cpu time :144829.3 secs   av.it.:  16.9
      thresh= 1.599E-07 alpha_mix =  0.700 |ddv_scf|^2 =  1.360E-12

      iter #   9 total cpu time :144964.8 secs   av.it.:  16.4
      thresh= 1.166E-07 alpha_mix =  0.700 |ddv_scf|^2 =  1.697E-13

      iter #  10 total cpu time :145089.5 secs   av.it.:  15.9
      thresh= 4.119E-08 alpha_mix =  0.700 |ddv_scf|^2 =  3.619E-14

      iter #  11 total cpu time :145225.8 secs   av.it.:  16.8
      thresh= 1.902E-08 alpha_mix =  0.700 |ddv_scf|^2 =  1.102E-13

      iter #  12 total cpu time :145351.1 secs   av.it.:  14.8
      thresh= 3.320E-08 alpha_mix =  0.700 |ddv_scf|^2 =  1.306E-15

     End of self-consistent calculation

     Convergence has been achieved 


     Representation #  20 mode #  20

     Self-consistent Calculation

      iter #   1 total cpu time :145418.0 secs   av.it.:   5.8
      thresh= 1.000E-02 alpha_mix =  0.700 |ddv_scf|^2 =  2.355E-07

      iter #   2 total cpu time :145550.3 secs   av.it.:  16.6
      thresh= 4.853E-05 alpha_mix =  0.700 |ddv_scf|^2 =  1.471E-06

      iter #   3 total cpu time :145664.8 secs   av.it.:  14.4
      thresh= 1.213E-04 alpha_mix =  0.700 |ddv_scf|^2 =  4.207E-08

      iter #   4 total cpu time :145790.3 secs   av.it.:  15.2
      thresh= 2.051E-05 alpha_mix =  0.700 |ddv_scf|^2 =  3.649E-09

      iter #   5 total cpu time :145908.7 secs   av.it.:  15.8
      thresh= 6.041E-06 alpha_mix =  0.700 |ddv_scf|^2 =  1.834E-10

      iter #   6 total cpu time :146035.2 secs   av.it.:  16.1
      thresh= 1.354E-06 alpha_mix =  0.700 |ddv_scf|^2 =  1.518E-12

      iter #   7 total cpu time :146168.8 secs   av.it.:  17.0
      thresh= 1.232E-07 alpha_mix =  0.700 |ddv_scf|^2 =  3.125E-13

      iter #   8 total cpu time :146310.0 secs   av.it.:  17.3
      thresh= 5.590E-08 alpha_mix =  0.700 |ddv_scf|^2 =  2.310E-13

      iter #   9 total cpu time :146440.8 secs   av.it.:  16.3
      thresh= 4.806E-08 alpha_mix =  0.700 |ddv_scf|^2 =  2.457E-14

      iter #  10 total cpu time :146576.9 secs   av.it.:  16.8
      thresh= 1.567E-08 alpha_mix =  0.700 |ddv_scf|^2 =  1.096E-14

      iter #  11 total cpu time :146714.8 secs   av.it.:  15.8
      thresh= 1.047E-08 alpha_mix =  0.700 |ddv_scf|^2 =  1.831E-15

     End of self-consistent calculation

     Convergence has been achieved 


     Representation #  21 mode #  21

     Self-consistent Calculation

      iter #   1 total cpu time :146776.7 secs   av.it.:   5.8
      thresh= 1.000E-02 alpha_mix =  0.700 |ddv_scf|^2 =  1.901E-07

      iter #   2 total cpu time :146902.6 secs   av.it.:  16.7
      thresh= 4.360E-05 alpha_mix =  0.700 |ddv_scf|^2 =  1.340E-06

      iter #   3 total cpu time :147022.1 secs   av.it.:  14.4
      thresh= 1.157E-04 alpha_mix =  0.700 |ddv_scf|^2 =  2.670E-08

      iter #   4 total cpu time :147144.6 secs   av.it.:  15.6
      thresh= 1.634E-05 alpha_mix =  0.700 |ddv_scf|^2 =  4.053E-09

      iter #   5 total cpu time :147270.2 secs   av.it.:  15.2
      thresh= 6.366E-06 alpha_mix =  0.700 |ddv_scf|^2 =  1.463E-10

      iter #   6 total cpu time :147396.6 secs   av.it.:  16.1
      thresh= 1.210E-06 alpha_mix =  0.700 |ddv_scf|^2 =  2.390E-12

      iter #   7 total cpu time :147534.2 secs   av.it.:  17.4
      thresh= 1.546E-07 alpha_mix =  0.700 |ddv_scf|^2 =  3.395E-12

      iter #   8 total cpu time :147660.4 secs   av.it.:  15.8
      thresh= 1.842E-07 alpha_mix =  0.700 |ddv_scf|^2 =  9.229E-14

      iter #   9 total cpu time :147800.3 secs   av.it.:  17.2
      thresh= 3.038E-08 alpha_mix =  0.700 |ddv_scf|^2 =  3.383E-14

      iter #  10 total cpu time :147930.0 secs   av.it.:  16.7
      thresh= 1.839E-08 alpha_mix =  0.700 |ddv_scf|^2 =  2.364E-14

      iter #  11 total cpu time :148060.5 secs   av.it.:  15.9
      thresh= 1.538E-08 alpha_mix =  0.700 |ddv_scf|^2 =  3.206E-15

     End of self-consistent calculation

     Convergence has been achieved 


     Representation #  22 mode #  22

     Self-consistent Calculation

      iter #   1 total cpu time :148133.3 secs   av.it.:   6.9
      thresh= 1.000E-02 alpha_mix =  0.700 |ddv_scf|^2 =  2.418E-07

      iter #   2 total cpu time :148268.0 secs   av.it.:  16.8
      thresh= 4.918E-05 alpha_mix =  0.700 |ddv_scf|^2 =  1.761E-07

      iter #   3 total cpu time :148406.1 secs   av.it.:  15.8
      thresh= 4.197E-05 alpha_mix =  0.700 |ddv_scf|^2 =  1.979E-09

      iter #   4 total cpu time :148533.8 secs   av.it.:  15.8
      thresh= 4.448E-06 alpha_mix =  0.700 |ddv_scf|^2 =  6.645E-11

      iter #   5 total cpu time :148660.3 secs   av.it.:  16.2
      thresh= 8.152E-07 alpha_mix =  0.700 |ddv_scf|^2 =  8.037E-12

      iter #   6 total cpu time :148785.4 secs   av.it.:  16.5
      thresh= 2.835E-07 alpha_mix =  0.700 |ddv_scf|^2 =  1.380E-13

      iter #   7 total cpu time :148912.3 secs   av.it.:  16.7
      thresh= 3.714E-08 alpha_mix =  0.700 |ddv_scf|^2 =  1.720E-14

      iter #   8 total cpu time :149044.0 secs   av.it.:  16.8
      thresh= 1.312E-08 alpha_mix =  0.700 |ddv_scf|^2 =  1.084E-14

      iter #   9 total cpu time :149170.0 secs   av.it.:  15.8
      thresh= 1.041E-08 alpha_mix =  0.700 |ddv_scf|^2 =  1.042E-16

     End of self-consistent calculation

     Convergence has been achieved 


     Representation #  23 mode #  23

     Self-consistent Calculation

      iter #   1 total cpu time :149233.7 secs   av.it.:   5.8
      thresh= 1.000E-02 alpha_mix =  0.700 |ddv_scf|^2 =  1.364E-07

      iter #   2 total cpu time :149361.4 secs   av.it.:  16.6
      thresh= 3.694E-05 alpha_mix =  0.700 |ddv_scf|^2 =  1.300E-07

      iter #   3 total cpu time :149482.6 secs   av.it.:  15.5
      thresh= 3.606E-05 alpha_mix =  0.700 |ddv_scf|^2 =  9.676E-10

      iter #   4 total cpu time :149613.0 secs   av.it.:  16.2
      thresh= 3.111E-06 alpha_mix =  0.700 |ddv_scf|^2 =  2.387E-10

      iter #   5 total cpu time :149735.6 secs   av.it.:  15.4
      thresh= 1.545E-06 alpha_mix =  0.700 |ddv_scf|^2 =  2.272E-12

      iter #   6 total cpu time :149872.4 secs   av.it.:  16.8
      thresh= 1.507E-07 alpha_mix =  0.700 |ddv_scf|^2 =  5.869E-13

      iter #   7 total cpu time :150003.2 secs   av.it.:  16.4
      thresh= 7.661E-08 alpha_mix =  0.700 |ddv_scf|^2 =  1.883E-14

      iter #   8 total cpu time :150143.3 secs   av.it.:  17.2
      thresh= 1.372E-08 alpha_mix =  0.700 |ddv_scf|^2 =  3.080E-15

     End of self-consistent calculation

     Convergence has been achieved 


     Representation #  24 mode #  24

     Self-consistent Calculation

      iter #   1 total cpu time :150218.3 secs   av.it.:   5.9
      thresh= 1.000E-02 alpha_mix =  0.700 |ddv_scf|^2 =  3.095E-07

      iter #   2 total cpu time :150338.6 secs   av.it.:  15.4
      thresh= 5.563E-05 alpha_mix =  0.700 |ddv_scf|^2 =  8.356E-08

      iter #   3 total cpu time :150447.8 secs   av.it.:  15.2
      thresh= 2.891E-05 alpha_mix =  0.700 |ddv_scf|^2 =  5.955E-11

      iter #   4 total cpu time :150574.8 secs   av.it.:  16.8
      thresh= 7.717E-07 alpha_mix =  0.700 |ddv_scf|^2 =  1.782E-11

      iter #   5 total cpu time :150693.9 secs   av.it.:  16.3
      thresh= 4.221E-07 alpha_mix =  0.700 |ddv_scf|^2 =  2.656E-12

      iter #   6 total cpu time :150813.4 secs   av.it.:  15.7
      thresh= 1.630E-07 alpha_mix =  0.700 |ddv_scf|^2 =  1.460E-13

      iter #   7 total cpu time :150936.4 secs   av.it.:  16.6
      thresh= 3.821E-08 alpha_mix =  0.700 |ddv_scf|^2 =  2.300E-15

     End of self-consistent calculation

     Convergence has been achieved 


     Representation #  25 mode #  25

     Self-consistent Calculation

      iter #   1 total cpu time :151005.4 secs   av.it.:   7.0
      thresh= 1.000E-02 alpha_mix =  0.700 |ddv_scf|^2 =  2.669E-07

      iter #   2 total cpu time :151133.0 secs   av.it.:  16.8
      thresh= 5.167E-05 alpha_mix =  0.700 |ddv_scf|^2 =  2.144E-07

      iter #   3 total cpu time :151253.4 secs   av.it.:  15.8
      thresh= 4.631E-05 alpha_mix =  0.700 |ddv_scf|^2 =  1.793E-09

      iter #   4 total cpu time :151367.3 secs   av.it.:  15.8
      thresh= 4.234E-06 alpha_mix =  0.700 |ddv_scf|^2 =  8.065E-11

      iter #   5 total cpu time :151487.3 secs   av.it.:  15.8
      thresh= 8.981E-07 alpha_mix =  0.700 |ddv_scf|^2 =  9.181E-12

      iter #   6 total cpu time :151609.3 secs   av.it.:  16.3
      thresh= 3.030E-07 alpha_mix =  0.700 |ddv_scf|^2 =  2.217E-13

      iter #   7 total cpu time :151728.3 secs   av.it.:  16.4
      thresh= 4.709E-08 alpha_mix =  0.700 |ddv_scf|^2 =  7.460E-14

      iter #   8 total cpu time :151853.6 secs   av.it.:  16.6
      thresh= 2.731E-08 alpha_mix =  0.700 |ddv_scf|^2 =  9.915E-15

     End of self-consistent calculation

     Convergence has been achieved 


     Representation #  26 mode #  26

     Self-consistent Calculation

      iter #   1 total cpu time :151912.4 secs   av.it.:   5.8
      thresh= 1.000E-02 alpha_mix =  0.700 |ddv_scf|^2 =  1.326E-07

      iter #   2 total cpu time :152031.4 secs   av.it.:  16.5
      thresh= 3.641E-05 alpha_mix =  0.700 |ddv_scf|^2 =  1.172E-07

      iter #   3 total cpu time :152148.7 secs   av.it.:  15.5
      thresh= 3.423E-05 alpha_mix =  0.700 |ddv_scf|^2 =  1.269E-09

      iter #   4 total cpu time :152266.9 secs   av.it.:  16.2
      thresh= 3.563E-06 alpha_mix =  0.700 |ddv_scf|^2 =  2.240E-10

      iter #   5 total cpu time :152382.6 secs   av.it.:  15.6
      thresh= 1.497E-06 alpha_mix =  0.700 |ddv_scf|^2 =  3.143E-12

      iter #   6 total cpu time :152509.0 secs   av.it.:  16.7
      thresh= 1.773E-07 alpha_mix =  0.700 |ddv_scf|^2 =  5.695E-13

      iter #   7 total cpu time :152630.5 secs   av.it.:  16.6
      thresh= 7.546E-08 alpha_mix =  0.700 |ddv_scf|^2 =  2.282E-14

      iter #   8 total cpu time :152759.8 secs   av.it.:  17.1
      thresh= 1.511E-08 alpha_mix =  0.700 |ddv_scf|^2 =  3.790E-15

     End of self-consistent calculation

     Convergence has been achieved 


     Representation #  27 modes #  27  28

     Self-consistent Calculation

      iter #   1 total cpu time :152876.7 secs   av.it.:   6.0
      thresh= 1.000E-02 alpha_mix =  0.700 |ddv_scf|^2 =  3.989E-08

      iter #   2 total cpu time :153157.7 secs   av.it.:  18.8
      thresh= 1.997E-05 alpha_mix =  0.700 |ddv_scf|^2 =  1.502E-07

      iter #   3 total cpu time :153410.7 secs   av.it.:  16.8
      thresh= 3.875E-05 alpha_mix =  0.700 |ddv_scf|^2 =  6.181E-09

      iter #   4 total cpu time :153669.8 secs   av.it.:  17.3
      thresh= 7.862E-06 alpha_mix =  0.700 |ddv_scf|^2 =  3.790E-10

      iter #   5 total cpu time :153937.2 secs   av.it.:  17.8
      thresh= 1.947E-06 alpha_mix =  0.700 |ddv_scf|^2 =  8.763E-12

      iter #   6 total cpu time :154209.4 secs   av.it.:  18.2
      thresh= 2.960E-07 alpha_mix =  0.700 |ddv_scf|^2 =  3.956E-12

      iter #   7 total cpu time :154471.9 secs   av.it.:  17.5
      thresh= 1.989E-07 alpha_mix =  0.700 |ddv_scf|^2 =  3.857E-13

      iter #   8 total cpu time :154735.7 secs   av.it.:  17.6
      thresh= 6.211E-08 alpha_mix =  0.700 |ddv_scf|^2 =  8.534E-15

     End of self-consistent calculation

     Convergence has been achieved 


     Representation #  28 modes #  29  30

     Self-consistent Calculation

      iter #   1 total cpu time :154858.2 secs   av.it.:   6.0
      thresh= 1.000E-02 alpha_mix =  0.700 |ddv_scf|^2 =  4.056E-08

      iter #   2 total cpu time :155134.7 secs   av.it.:  18.5
      thresh= 2.014E-05 alpha_mix =  0.700 |ddv_scf|^2 =  1.395E-07

      iter #   3 total cpu time :155381.4 secs   av.it.:  16.6
      thresh= 3.735E-05 alpha_mix =  0.700 |ddv_scf|^2 =  7.302E-09

      iter #   4 total cpu time :155641.3 secs   av.it.:  17.2
      thresh= 8.545E-06 alpha_mix =  0.700 |ddv_scf|^2 =  4.193E-10

      iter #   5 total cpu time :155906.3 secs   av.it.:  17.5
      thresh= 2.048E-06 alpha_mix =  0.700 |ddv_scf|^2 =  1.005E-11

      iter #   6 total cpu time :156185.0 secs   av.it.:  18.2
      thresh= 3.169E-07 alpha_mix =  0.700 |ddv_scf|^2 =  3.304E-12

      iter #   7 total cpu time :156453.8 secs   av.it.:  17.6
      thresh= 1.818E-07 alpha_mix =  0.700 |ddv_scf|^2 =  5.477E-13

      iter #   8 total cpu time :156716.4 secs   av.it.:  17.7
      thresh= 7.400E-08 alpha_mix =  0.700 |ddv_scf|^2 =  1.347E-14

      iter #   9 total cpu time :156985.5 secs   av.it.:  18.4
      thresh= 1.160E-08 alpha_mix =  0.700 |ddv_scf|^2 =  9.246E-16

     End of self-consistent calculation

     Convergence has been achieved 


     Representation #  29 modes #  31  32

     Self-consistent Calculation

      iter #   1 total cpu time :157120.6 secs   av.it.:   5.5
      thresh= 1.000E-02 alpha_mix =  0.700 |ddv_scf|^2 =  1.514E-08

      iter #   2 total cpu time :157397.7 secs   av.it.:  18.4
      thresh= 1.231E-05 alpha_mix =  0.700 |ddv_scf|^2 =  1.111E-08

      iter #   3 total cpu time :157665.2 secs   av.it.:  17.6
      thresh= 1.054E-05 alpha_mix =  0.700 |ddv_scf|^2 =  3.697E-09

      iter #   4 total cpu time :157913.4 secs   av.it.:  16.7
      thresh= 6.080E-06 alpha_mix =  0.700 |ddv_scf|^2 =  2.207E-10

      iter #   5 total cpu time :158166.7 secs   av.it.:  17.5
      thresh= 1.486E-06 alpha_mix =  0.700 |ddv_scf|^2 =  9.408E-13

      iter #   6 total cpu time :158454.8 secs   av.it.:  18.9
      thresh= 9.699E-08 alpha_mix =  0.700 |ddv_scf|^2 =  9.401E-13

      iter #   7 total cpu time :158700.4 secs   av.it.:  17.0
      thresh= 9.696E-08 alpha_mix =  0.700 |ddv_scf|^2 =  1.426E-13

      iter #   8 total cpu time :158967.6 secs   av.it.:  17.9
      thresh= 3.776E-08 alpha_mix =  0.700 |ddv_scf|^2 =  2.047E-14

      iter #   9 total cpu time :159228.1 secs   av.it.:  17.9
      thresh= 1.431E-08 alpha_mix =  0.700 |ddv_scf|^2 =  1.245E-15

     End of self-consistent calculation

     Convergence has been achieved 


     Representation #  30 modes #  33  34

     Self-consistent Calculation

      iter #   1 total cpu time :159367.5 secs   av.it.:   7.0
      thresh= 1.000E-02 alpha_mix =  0.700 |ddv_scf|^2 =  1.037E-07

      iter #   2 total cpu time :159643.3 secs   av.it.:  18.9
      thresh= 3.220E-05 alpha_mix =  0.700 |ddv_scf|^2 =  4.136E-07

      iter #   3 total cpu time :159893.0 secs   av.it.:  16.9
      thresh= 6.431E-05 alpha_mix =  0.700 |ddv_scf|^2 =  1.790E-08

      iter #   4 total cpu time :160147.5 secs   av.it.:  17.7
      thresh= 1.338E-05 alpha_mix =  0.700 |ddv_scf|^2 =  3.570E-10

      iter #   5 total cpu time :160399.9 secs   av.it.:  17.3
      thresh= 1.889E-06 alpha_mix =  0.700 |ddv_scf|^2 =  1.195E-10

      iter #   6 total cpu time :160646.4 secs   av.it.:  16.9
      thresh= 1.093E-06 alpha_mix =  0.700 |ddv_scf|^2 =  5.232E-12

      iter #   7 total cpu time :160909.0 secs   av.it.:  18.3
      thresh= 2.287E-07 alpha_mix =  0.700 |ddv_scf|^2 =  3.321E-13

      iter #   8 total cpu time :161182.7 secs   av.it.:  18.3
      thresh= 5.763E-08 alpha_mix =  0.700 |ddv_scf|^2 =  3.320E-14

      iter #   9 total cpu time :161454.6 secs   av.it.:  18.4
      thresh= 1.822E-08 alpha_mix =  0.700 |ddv_scf|^2 =  2.157E-15

     End of self-consistent calculation

     Convergence has been achieved 


     Representation #  31 modes #  35  36

     Self-consistent Calculation

      iter #   1 total cpu time :161588.7 secs   av.it.:   7.1
      thresh= 1.000E-02 alpha_mix =  0.700 |ddv_scf|^2 =  1.581E-07

      iter #   2 total cpu time :161872.2 secs   av.it.:  18.8
      thresh= 3.977E-05 alpha_mix =  0.700 |ddv_scf|^2 =  6.931E-07

      iter #   3 total cpu time :162127.6 secs   av.it.:  16.8
      thresh= 8.325E-05 alpha_mix =  0.700 |ddv_scf|^2 =  2.185E-08

      iter #   4 total cpu time :162386.3 secs   av.it.:  17.4
      thresh= 1.478E-05 alpha_mix =  0.700 |ddv_scf|^2 =  3.810E-10

      iter #   5 total cpu time :162652.4 secs   av.it.:  17.8
      thresh= 1.952E-06 alpha_mix =  0.700 |ddv_scf|^2 =  1.516E-10

      iter #   6 total cpu time :162910.7 secs   av.it.:  16.9
      thresh= 1.231E-06 alpha_mix =  0.700 |ddv_scf|^2 =  6.370E-12

      iter #   7 total cpu time :163179.0 secs   av.it.:  18.4
      thresh= 2.524E-07 alpha_mix =  0.700 |ddv_scf|^2 =  3.286E-13

      iter #   8 total cpu time :163442.8 secs   av.it.:  18.4
      thresh= 5.733E-08 alpha_mix =  0.700 |ddv_scf|^2 =  4.279E-14

      iter #   9 total cpu time :163703.7 secs   av.it.:  18.2
      thresh= 2.069E-08 alpha_mix =  0.700 |ddv_scf|^2 =  6.256E-15

     End of self-consistent calculation

     Convergence has been achieved 


     Representation #  32 modes #  37  38

     Self-consistent Calculation

      iter #   1 total cpu time :163839.6 secs   av.it.:   7.6
      thresh= 1.000E-02 alpha_mix =  0.700 |ddv_scf|^2 =  1.916E-07

      iter #   2 total cpu time :164114.2 secs   av.it.:  18.9
      thresh= 4.377E-05 alpha_mix =  0.700 |ddv_scf|^2 =  9.117E-07

      iter #   3 total cpu time :164361.0 secs   av.it.:  16.9
      thresh= 9.548E-05 alpha_mix =  0.700 |ddv_scf|^2 =  2.124E-08

      iter #   4 total cpu time :164629.7 secs   av.it.:  17.7
      thresh= 1.457E-05 alpha_mix =  0.700 |ddv_scf|^2 =  4.276E-10

      iter #   5 total cpu time :164910.3 secs   av.it.:  17.9
      thresh= 2.068E-06 alpha_mix =  0.700 |ddv_scf|^2 =  7.568E-11

      iter #   6 total cpu time :165158.2 secs   av.it.:  17.1
      thresh= 8.700E-07 alpha_mix =  0.700 |ddv_scf|^2 =  1.224E-11

      iter #   7 total cpu time :165428.5 secs   av.it.:  17.9
      thresh= 3.498E-07 alpha_mix =  0.700 |ddv_scf|^2 =  3.754E-13

      iter #   8 total cpu time :165699.5 secs   av.it.:  18.3
      thresh= 6.127E-08 alpha_mix =  0.700 |ddv_scf|^2 =  4.847E-14

      iter #   9 total cpu time :165963.5 secs   av.it.:  18.1
      thresh= 2.202E-08 alpha_mix =  0.700 |ddv_scf|^2 =  6.569E-15

     End of self-consistent calculation

     Convergence has been achieved 


     Representation #  33 modes #  39  40

     Self-consistent Calculation

      iter #   1 total cpu time :166092.4 secs   av.it.:   7.2
      thresh= 1.000E-02 alpha_mix =  0.700 |ddv_scf|^2 =  1.556E-07

      iter #   2 total cpu time :166360.6 secs   av.it.:  18.7
      thresh= 3.945E-05 alpha_mix =  0.700 |ddv_scf|^2 =  6.581E-07

      iter #   3 total cpu time :166599.4 secs   av.it.:  16.7
      thresh= 8.112E-05 alpha_mix =  0.700 |ddv_scf|^2 =  2.123E-08

      iter #   4 total cpu time :166859.3 secs   av.it.:  17.4
      thresh= 1.457E-05 alpha_mix =  0.700 |ddv_scf|^2 =  4.683E-10

      iter #   5 total cpu time :167115.5 secs   av.it.:  17.6
      thresh= 2.164E-06 alpha_mix =  0.700 |ddv_scf|^2 =  1.683E-10

      iter #   6 total cpu time :167371.9 secs   av.it.:  17.0
      thresh= 1.297E-06 alpha_mix =  0.700 |ddv_scf|^2 =  6.223E-12

      iter #   7 total cpu time :167646.5 secs   av.it.:  18.4
      thresh= 2.495E-07 alpha_mix =  0.700 |ddv_scf|^2 =  3.196E-13

      iter #   8 total cpu time :167916.3 secs   av.it.:  18.3
      thresh= 5.654E-08 alpha_mix =  0.700 |ddv_scf|^2 =  4.034E-14

      iter #   9 total cpu time :168180.4 secs   av.it.:  18.2
      thresh= 2.008E-08 alpha_mix =  0.700 |ddv_scf|^2 =  5.830E-15

     End of self-consistent calculation

     Convergence has been achieved 


     Representation #  34 modes #  41  42

     Self-consistent Calculation

      iter #   1 total cpu time :168307.4 secs   av.it.:   7.1
      thresh= 1.000E-02 alpha_mix =  0.700 |ddv_scf|^2 =  2.604E-07

      iter #   2 total cpu time :168571.5 secs   av.it.:  18.5
      thresh= 5.103E-05 alpha_mix =  0.700 |ddv_scf|^2 =  7.986E-07

      iter #   3 total cpu time :168817.3 secs   av.it.:  16.9
      thresh= 8.936E-05 alpha_mix =  0.700 |ddv_scf|^2 =  5.394E-08

      iter #   4 total cpu time :169083.6 secs   av.it.:  17.0
      thresh= 2.322E-05 alpha_mix =  0.700 |ddv_scf|^2 =  2.220E-09

      iter #   5 total cpu time :169344.7 secs   av.it.:  17.6
      thresh= 4.711E-06 alpha_mix =  0.700 |ddv_scf|^2 =  4.388E-11

      iter #   6 total cpu time :169610.1 secs   av.it.:  18.3
      thresh= 6.624E-07 alpha_mix =  0.700 |ddv_scf|^2 =  3.124E-11

      iter #   7 total cpu time :169859.8 secs   av.it.:  17.0
      thresh= 5.590E-07 alpha_mix =  0.700 |ddv_scf|^2 =  1.655E-12

      iter #   8 total cpu time :170125.0 secs   av.it.:  18.3
      thresh= 1.286E-07 alpha_mix =  0.700 |ddv_scf|^2 =  5.215E-13

      iter #   9 total cpu time :170378.9 secs   av.it.:  17.5
      thresh= 7.221E-08 alpha_mix =  0.700 |ddv_scf|^2 =  1.969E-14

      iter #  10 total cpu time :170645.4 secs   av.it.:  18.6
      thresh= 1.403E-08 alpha_mix =  0.700 |ddv_scf|^2 =  3.026E-15

     End of self-consistent calculation

     Convergence has been achieved 


     Representation #  35 modes #  43  44

     Self-consistent Calculation

      iter #   1 total cpu time :170761.9 secs   av.it.:   5.9
      thresh= 1.000E-02 alpha_mix =  0.700 |ddv_scf|^2 =  2.570E-08

      iter #   2 total cpu time :171031.2 secs   av.it.:  18.5
      thresh= 1.603E-05 alpha_mix =  0.700 |ddv_scf|^2 =  5.214E-08

      iter #   3 total cpu time :171280.9 secs   av.it.:  16.9
      thresh= 2.283E-05 alpha_mix =  0.700 |ddv_scf|^2 =  8.196E-09

      iter #   4 total cpu time :171530.3 secs   av.it.:  17.1
      thresh= 9.053E-06 alpha_mix =  0.700 |ddv_scf|^2 =  2.136E-10

      iter #   5 total cpu time :171788.9 secs   av.it.:  17.8
      thresh= 1.462E-06 alpha_mix =  0.700 |ddv_scf|^2 =  2.854E-12

      iter #   6 total cpu time :172058.7 secs   av.it.:  18.6
      thresh= 1.689E-07 alpha_mix =  0.700 |ddv_scf|^2 =  9.488E-13

      iter #   7 total cpu time :172315.2 secs   av.it.:  17.6
      thresh= 9.741E-08 alpha_mix =  0.700 |ddv_scf|^2 =  3.442E-13

      iter #   8 total cpu time :172570.6 secs   av.it.:  17.6
      thresh= 5.867E-08 alpha_mix =  0.700 |ddv_scf|^2 =  1.002E-14

      iter #   9 total cpu time :172839.5 secs   av.it.:  18.3
      thresh= 1.001E-08 alpha_mix =  0.700 |ddv_scf|^2 =  1.308E-15

     End of self-consistent calculation

     Convergence has been achieved 


     Representation #  36 modes #  45  46

     Self-consistent Calculation

      iter #   1 total cpu time :172969.1 secs   av.it.:   5.0
      thresh= 1.000E-02 alpha_mix =  0.700 |ddv_scf|^2 =  8.381E-09

      iter #   2 total cpu time :173240.7 secs   av.it.:  18.3
      thresh= 9.155E-06 alpha_mix =  0.700 |ddv_scf|^2 =  1.890E-09

      iter #   3 total cpu time :173514.1 secs   av.it.:  18.5
      thresh= 4.347E-06 alpha_mix =  0.700 |ddv_scf|^2 =  9.460E-10

      iter #   4 total cpu time :173762.0 secs   av.it.:  17.0
      thresh= 3.076E-06 alpha_mix =  0.700 |ddv_scf|^2 =  1.614E-10

      iter #   5 total cpu time :174012.8 secs   av.it.:  17.4
      thresh= 1.270E-06 alpha_mix =  0.700 |ddv_scf|^2 =  3.112E-13

      iter #   6 total cpu time :174298.9 secs   av.it.:  19.3
      thresh= 5.578E-08 alpha_mix =  0.700 |ddv_scf|^2 =  5.692E-13

      iter #   7 total cpu time :174563.2 secs   av.it.:  17.4
      thresh= 7.545E-08 alpha_mix =  0.700 |ddv_scf|^2 =  7.397E-14

      iter #   8 total cpu time :174822.1 secs   av.it.:  18.0
      thresh= 2.720E-08 alpha_mix =  0.700 |ddv_scf|^2 =  9.120E-15

     End of self-consistent calculation

     Convergence has been achieved 


     Representation #  37 modes #  47  48

     Self-consistent Calculation

      iter #   1 total cpu time :174935.5 secs   av.it.:   5.8
      thresh= 1.000E-02 alpha_mix =  0.700 |ddv_scf|^2 =  1.777E-08

      iter #   2 total cpu time :175206.4 secs   av.it.:  18.8
      thresh= 1.333E-05 alpha_mix =  0.700 |ddv_scf|^2 =  5.157E-08

      iter #   3 total cpu time :175453.7 secs   av.it.:  16.9
      thresh= 2.271E-05 alpha_mix =  0.700 |ddv_scf|^2 =  4.384E-09

      iter #   4 total cpu time :175704.0 secs   av.it.:  17.0
      thresh= 6.621E-06 alpha_mix =  0.700 |ddv_scf|^2 =  2.452E-10

      iter #   5 total cpu time :175965.0 secs   av.it.:  17.9
      thresh= 1.566E-06 alpha_mix =  0.700 |ddv_scf|^2 =  7.546E-12

      iter #   6 total cpu time :176227.0 secs   av.it.:  18.1
      thresh= 2.747E-07 alpha_mix =  0.700 |ddv_scf|^2 =  2.620E-12

      iter #   7 total cpu time :176476.2 secs   av.it.:  17.5
      thresh= 1.619E-07 alpha_mix =  0.700 |ddv_scf|^2 =  3.991E-13

      iter #   8 total cpu time :176729.7 secs   av.it.:  17.4
      thresh= 6.318E-08 alpha_mix =  0.700 |ddv_scf|^2 =  3.679E-15

     End of self-consistent calculation

     Convergence has been achieved 


     Representation #  38 modes #  49  50

     Self-consistent Calculation

      iter #   1 total cpu time :176868.7 secs   av.it.:   7.1
      thresh= 1.000E-02 alpha_mix =  0.700 |ddv_scf|^2 =  1.175E-07

      iter #   2 total cpu time :177144.4 secs   av.it.:  18.9
      thresh= 3.428E-05 alpha_mix =  0.700 |ddv_scf|^2 =  4.938E-07

      iter #   3 total cpu time :177395.0 secs   av.it.:  16.9
      thresh= 7.027E-05 alpha_mix =  0.700 |ddv_scf|^2 =  1.666E-08

      iter #   4 total cpu time :177653.2 secs   av.it.:  17.8
      thresh= 1.291E-05 alpha_mix =  0.700 |ddv_scf|^2 =  4.602E-10

      iter #   5 total cpu time :177902.2 secs   av.it.:  17.2
      thresh= 2.145E-06 alpha_mix =  0.700 |ddv_scf|^2 =  1.203E-10

      iter #   6 total cpu time :178153.7 secs   av.it.:  17.0
      thresh= 1.097E-06 alpha_mix =  0.700 |ddv_scf|^2 =  6.273E-12

      iter #   7 total cpu time :178422.9 secs   av.it.:  18.3
      thresh= 2.505E-07 alpha_mix =  0.700 |ddv_scf|^2 =  3.028E-13

      iter #   8 total cpu time :178690.5 secs   av.it.:  18.3
      thresh= 5.503E-08 alpha_mix =  0.700 |ddv_scf|^2 =  3.742E-14

      iter #   9 total cpu time :179043.7 secs   av.it.:  18.1
      thresh= 1.934E-08 alpha_mix =  0.700 |ddv_scf|^2 =  2.121E-15

     End of self-consistent calculation

     Convergence has been achieved 


     Representation #  39 modes #  51  52

     Self-consistent Calculation

      iter #   1 total cpu time :179176.9 secs   av.it.:   7.1
      thresh= 1.000E-02 alpha_mix =  0.700 |ddv_scf|^2 =  1.224E-07

      iter #   2 total cpu time :179448.3 secs   av.it.:  18.9
      thresh= 3.498E-05 alpha_mix =  0.700 |ddv_scf|^2 =  4.369E-07

      iter #   3 total cpu time :179698.5 secs   av.it.:  17.0
      thresh= 6.610E-05 alpha_mix =  0.700 |ddv_scf|^2 =  2.165E-08

      iter #   4 total cpu time :179952.4 secs   av.it.:  17.5
      thresh= 1.471E-05 alpha_mix =  0.700 |ddv_scf|^2 =  3.109E-10

      iter #   5 total cpu time :180210.5 secs   av.it.:  17.7
      thresh= 1.763E-06 alpha_mix =  0.700 |ddv_scf|^2 =  1.408E-10

      iter #   6 total cpu time :180461.1 secs   av.it.:  17.1
      thresh= 1.187E-06 alpha_mix =  0.700 |ddv_scf|^2 =  5.301E-12

      iter #   7 total cpu time :180728.4 secs   av.it.:  18.6
      thresh= 2.302E-07 alpha_mix =  0.700 |ddv_scf|^2 =  2.997E-13

      iter #   8 total cpu time :180994.3 secs   av.it.:  18.5
      thresh= 5.475E-08 alpha_mix =  0.700 |ddv_scf|^2 =  3.995E-14

      iter #   9 total cpu time :181258.0 secs   av.it.:  18.4
      thresh= 1.999E-08 alpha_mix =  0.700 |ddv_scf|^2 =  4.425E-15

     End of self-consistent calculation

     Convergence has been achieved 


     Representation #  40 modes #  53  54

     Self-consistent Calculation

      iter #   1 total cpu time :181395.0 secs   av.it.:   7.0
      thresh= 1.000E-02 alpha_mix =  0.700 |ddv_scf|^2 =  1.056E-07

      iter #   2 total cpu time :181667.8 secs   av.it.:  18.9
      thresh= 3.250E-05 alpha_mix =  0.700 |ddv_scf|^2 =  3.171E-07

      iter #   3 total cpu time :181918.6 secs   av.it.:  17.0
      thresh= 5.631E-05 alpha_mix =  0.700 |ddv_scf|^2 =  2.233E-08

      iter #   4 total cpu time :182172.9 secs   av.it.:  17.4
      thresh= 1.494E-05 alpha_mix =  0.700 |ddv_scf|^2 =  7.311E-11

      iter #   5 total cpu time :182437.3 secs   av.it.:  18.0
      thresh= 8.551E-07 alpha_mix =  0.700 |ddv_scf|^2 =  9.502E-11

      iter #   6 total cpu time :182679.4 secs   av.it.:  16.9
      thresh= 9.748E-07 alpha_mix =  0.700 |ddv_scf|^2 =  1.384E-12

      iter #   7 total cpu time :182942.9 secs   av.it.:  18.0
      thresh= 1.177E-07 alpha_mix =  0.700 |ddv_scf|^2 =  1.206E-13

      iter #   8 total cpu time :183206.0 secs   av.it.:  18.0
      thresh= 3.472E-08 alpha_mix =  0.700 |ddv_scf|^2 =  1.895E-14

      iter #   9 total cpu time :183470.5 secs   av.it.:  18.0
      thresh= 1.376E-08 alpha_mix =  0.700 |ddv_scf|^2 =  4.971E-16

     End of self-consistent calculation

     Convergence has been achieved 


     Representation #  41 mode #  55

     Self-consistent Calculation

      iter #   1 total cpu time :183538.0 secs   av.it.:   6.7
      thresh= 1.000E-02 alpha_mix =  0.700 |ddv_scf|^2 =  1.350E-07

      iter #   2 total cpu time :183655.6 secs   av.it.:  16.3
      thresh= 3.675E-05 alpha_mix =  0.700 |ddv_scf|^2 =  6.029E-08

      iter #   3 total cpu time :183769.6 secs   av.it.:  15.7
      thresh= 2.455E-05 alpha_mix =  0.700 |ddv_scf|^2 =  3.349E-11

      iter #   4 total cpu time :183886.6 secs   av.it.:  16.2
      thresh= 5.787E-07 alpha_mix =  0.700 |ddv_scf|^2 =  3.974E-13

      iter #   5 total cpu time :184002.1 secs   av.it.:  15.8
      thresh= 6.304E-08 alpha_mix =  0.700 |ddv_scf|^2 =  3.759E-14

      iter #   6 total cpu time :184115.4 secs   av.it.:  16.1
      thresh= 1.939E-08 alpha_mix =  0.700 |ddv_scf|^2 =  8.187E-17

     End of self-consistent calculation

     Convergence has been achieved 


     Representation #  42 mode #  56

     Self-consistent Calculation

      iter #   1 total cpu time :184166.1 secs   av.it.:   5.0
      thresh= 1.000E-02 alpha_mix =  0.700 |ddv_scf|^2 =  2.208E-08

      iter #   2 total cpu time :184284.6 secs   av.it.:  16.4
      thresh= 1.486E-05 alpha_mix =  0.700 |ddv_scf|^2 =  2.259E-09

      iter #   3 total cpu time :184403.2 secs   av.it.:  16.6
      thresh= 4.753E-06 alpha_mix =  0.700 |ddv_scf|^2 =  1.856E-10

      iter #   4 total cpu time :184518.6 secs   av.it.:  15.8
      thresh= 1.362E-06 alpha_mix =  0.700 |ddv_scf|^2 =  7.363E-13

      iter #   5 total cpu time :184637.4 secs   av.it.:  16.6
      thresh= 8.581E-08 alpha_mix =  0.700 |ddv_scf|^2 =  8.722E-15

     End of self-consistent calculation

     Convergence has been achieved 


     Representation #  43 mode #  57

     Self-consistent Calculation

      iter #   1 total cpu time :184689.8 secs   av.it.:   5.0
      thresh= 1.000E-02 alpha_mix =  0.700 |ddv_scf|^2 =  2.180E-08

      iter #   2 total cpu time :184808.6 secs   av.it.:  16.4
      thresh= 1.476E-05 alpha_mix =  0.700 |ddv_scf|^2 =  2.114E-09

      iter #   3 total cpu time :184927.1 secs   av.it.:  16.6
      thresh= 4.597E-06 alpha_mix =  0.700 |ddv_scf|^2 =  1.816E-10

      iter #   4 total cpu time :185042.3 secs   av.it.:  15.8
      thresh= 1.347E-06 alpha_mix =  0.700 |ddv_scf|^2 =  7.460E-13

      iter #   5 total cpu time :185160.8 secs   av.it.:  16.6
      thresh= 8.637E-08 alpha_mix =  0.700 |ddv_scf|^2 =  8.960E-15

     End of self-consistent calculation

     Convergence has been achieved 


     Representation #  44 mode #  58

     Self-consistent Calculation

      iter #   1 total cpu time :185226.9 secs   av.it.:   7.1
      thresh= 1.000E-02 alpha_mix =  0.700 |ddv_scf|^2 =  3.975E-06

      iter #   2 total cpu time :185346.8 secs   av.it.:  16.3
      thresh= 1.994E-04 alpha_mix =  0.700 |ddv_scf|^2 =  1.453E-04

      iter #   3 total cpu time :185440.7 secs   av.it.:  12.2
      thresh= 1.205E-03 alpha_mix =  0.700 |ddv_scf|^2 =  3.837E-07

      iter #   4 total cpu time :185556.8 secs   av.it.:  15.8
      thresh= 6.194E-05 alpha_mix =  0.700 |ddv_scf|^2 =  5.657E-08

      iter #   5 total cpu time :185669.6 secs   av.it.:  15.9
      thresh= 2.378E-05 alpha_mix =  0.700 |ddv_scf|^2 =  3.097E-09

      iter #   6 total cpu time :185787.4 secs   av.it.:  15.9
      thresh= 5.565E-06 alpha_mix =  0.700 |ddv_scf|^2 =  3.107E-10

      iter #   7 total cpu time :185902.7 secs   av.it.:  15.8
      thresh= 1.763E-06 alpha_mix =  0.700 |ddv_scf|^2 =  1.696E-11

      iter #   8 total cpu time :186021.2 secs   av.it.:  16.1
      thresh= 4.118E-07 alpha_mix =  0.700 |ddv_scf|^2 =  1.079E-12

      iter #   9 total cpu time :186144.1 secs   av.it.:  16.8
      thresh= 1.039E-07 alpha_mix =  0.700 |ddv_scf|^2 =  4.231E-12

      iter #  10 total cpu time :186247.5 secs   av.it.:  13.8
      thresh= 2.057E-07 alpha_mix =  0.700 |ddv_scf|^2 =  2.032E-14

      iter #  11 total cpu time :186370.6 secs   av.it.:  16.9
      thresh= 1.426E-08 alpha_mix =  0.700 |ddv_scf|^2 =  9.587E-15

     End of self-consistent calculation

     Convergence has been achieved 


     Representation #  45 mode #  59

     Self-consistent Calculation

      iter #   1 total cpu time :186437.2 secs   av.it.:   7.4
      thresh= 1.000E-02 alpha_mix =  0.700 |ddv_scf|^2 =  2.106E-05

      iter #   2 total cpu time :186552.4 secs   av.it.:  15.8
      thresh= 4.589E-04 alpha_mix =  0.700 |ddv_scf|^2 =  7.381E-04

      iter #   3 total cpu time :186645.1 secs   av.it.:  12.1
      thresh= 2.717E-03 alpha_mix =  0.700 |ddv_scf|^2 =  1.401E-06

      iter #   4 total cpu time :186757.0 secs   av.it.:  15.2
      thresh= 1.184E-04 alpha_mix =  0.700 |ddv_scf|^2 =  1.300E-07

      iter #   5 total cpu time :186867.2 secs   av.it.:  14.8
      thresh= 3.606E-05 alpha_mix =  0.700 |ddv_scf|^2 =  6.124E-09

      iter #   6 total cpu time :186981.9 secs   av.it.:  15.8
      thresh= 7.825E-06 alpha_mix =  0.700 |ddv_scf|^2 =  1.177E-09

      iter #   7 total cpu time :187095.1 secs   av.it.:  15.2
      thresh= 3.430E-06 alpha_mix =  0.700 |ddv_scf|^2 =  1.614E-11

      iter #   8 total cpu time :187218.3 secs   av.it.:  17.1
      thresh= 4.017E-07 alpha_mix =  0.700 |ddv_scf|^2 =  2.527E-11

      iter #   9 total cpu time :187322.1 secs   av.it.:  14.2
      thresh= 5.027E-07 alpha_mix =  0.700 |ddv_scf|^2 =  6.012E-13

      iter #  10 total cpu time :187447.4 secs   av.it.:  17.1
      thresh= 7.754E-08 alpha_mix =  0.700 |ddv_scf|^2 =  2.577E-13

      iter #  11 total cpu time :187563.5 secs   av.it.:  15.8
      thresh= 5.076E-08 alpha_mix =  0.700 |ddv_scf|^2 =  7.233E-14

      iter #  12 total cpu time :187679.9 secs   av.it.:  15.8
      thresh= 2.689E-08 alpha_mix =  0.700 |ddv_scf|^2 =  4.249E-15

     End of self-consistent calculation

     Convergence has been achieved 


     Representation #  46 mode #  60

     Self-consistent Calculation

      iter #   1 total cpu time :187747.2 secs   av.it.:   7.5
      thresh= 1.000E-02 alpha_mix =  0.700 |ddv_scf|^2 =  7.230E-06

      iter #   2 total cpu time :187866.1 secs   av.it.:  16.1
      thresh= 2.689E-04 alpha_mix =  0.700 |ddv_scf|^2 =  2.789E-04

      iter #   3 total cpu time :187960.8 secs   av.it.:  12.1
      thresh= 1.670E-03 alpha_mix =  0.700 |ddv_scf|^2 =  8.157E-08

      iter #   4 total cpu time :188080.8 secs   av.it.:  16.4
      thresh= 2.856E-05 alpha_mix =  0.700 |ddv_scf|^2 =  6.773E-09

      iter #   5 total cpu time :188199.8 secs   av.it.:  15.8
      thresh= 8.230E-06 alpha_mix =  0.700 |ddv_scf|^2 =  2.110E-09

      iter #   6 total cpu time :188313.9 secs   av.it.:  15.5
      thresh= 4.593E-06 alpha_mix =  0.700 |ddv_scf|^2 =  3.739E-11

      iter #   7 total cpu time :188437.0 secs   av.it.:  16.5
      thresh= 6.115E-07 alpha_mix =  0.700 |ddv_scf|^2 =  8.272E-12

      iter #   8 total cpu time :188556.2 secs   av.it.:  15.9
      thresh= 2.876E-07 alpha_mix =  0.700 |ddv_scf|^2 =  2.086E-11

      iter #   9 total cpu time :188664.7 secs   av.it.:  14.6
      thresh= 4.567E-07 alpha_mix =  0.700 |ddv_scf|^2 =  5.898E-12

      iter #  10 total cpu time :188769.2 secs   av.it.:  14.8
      thresh= 2.429E-07 alpha_mix =  0.700 |ddv_scf|^2 =  4.166E-14

      iter #  11 total cpu time :188891.6 secs   av.it.:  16.9
      thresh= 2.041E-08 alpha_mix =  0.700 |ddv_scf|^2 =  1.239E-14

      iter #  12 total cpu time :189011.0 secs   av.it.:  16.3
      thresh= 1.113E-08 alpha_mix =  0.700 |ddv_scf|^2 =  6.776E-16

     End of self-consistent calculation

     Convergence has been achieved 


     Representation #  47 mode #  61

     Self-consistent Calculation

      iter #   1 total cpu time :189077.3 secs   av.it.:   7.1
      thresh= 1.000E-02 alpha_mix =  0.700 |ddv_scf|^2 =  3.908E-06

      iter #   2 total cpu time :189198.4 secs   av.it.:  16.4
      thresh= 1.977E-04 alpha_mix =  0.700 |ddv_scf|^2 =  1.420E-04

      iter #   3 total cpu time :189291.5 secs   av.it.:  12.3
      thresh= 1.192E-03 alpha_mix =  0.700 |ddv_scf|^2 =  3.983E-07

      iter #   4 total cpu time :189407.3 secs   av.it.:  15.8
      thresh= 6.311E-05 alpha_mix =  0.700 |ddv_scf|^2 =  5.530E-08

      iter #   5 total cpu time :189523.2 secs   av.it.:  15.9
      thresh= 2.352E-05 alpha_mix =  0.700 |ddv_scf|^2 =  2.992E-09

      iter #   6 total cpu time :189642.4 secs   av.it.:  16.0
      thresh= 5.470E-06 alpha_mix =  0.700 |ddv_scf|^2 =  3.779E-10

      iter #   7 total cpu time :189758.1 secs   av.it.:  15.8
      thresh= 1.944E-06 alpha_mix =  0.700 |ddv_scf|^2 =  1.553E-11

      iter #   8 total cpu time :189878.0 secs   av.it.:  16.0
      thresh= 3.940E-07 alpha_mix =  0.700 |ddv_scf|^2 =  2.228E-12

      iter #   9 total cpu time :189997.5 secs   av.it.:  16.3
      thresh= 1.493E-07 alpha_mix =  0.700 |ddv_scf|^2 =  6.043E-12

      iter #  10 total cpu time :190102.9 secs   av.it.:  13.9
      thresh= 2.458E-07 alpha_mix =  0.700 |ddv_scf|^2 =  5.735E-14

      iter #  11 total cpu time :190220.0 secs   av.it.:  15.9
      thresh= 2.395E-08 alpha_mix =  0.700 |ddv_scf|^2 =  8.928E-15

     End of self-consistent calculation

     Convergence has been achieved 


     Representation #  48 mode #  62

     Self-consistent Calculation

      iter #   1 total cpu time :190281.4 secs   av.it.:   6.9
      thresh= 1.000E-02 alpha_mix =  0.700 |ddv_scf|^2 =  6.110E-06

      iter #   2 total cpu time :190398.9 secs   av.it.:  16.1
      thresh= 2.472E-04 alpha_mix =  0.700 |ddv_scf|^2 =  1.979E-04

      iter #   3 total cpu time :190493.3 secs   av.it.:  12.2
      thresh= 1.407E-03 alpha_mix =  0.700 |ddv_scf|^2 =  1.064E-06

      iter #   4 total cpu time :190606.7 secs   av.it.:  15.4
      thresh= 1.032E-04 alpha_mix =  0.700 |ddv_scf|^2 =  1.098E-07

      iter #   5 total cpu time :190722.8 secs   av.it.:  15.7
      thresh= 3.314E-05 alpha_mix =  0.700 |ddv_scf|^2 =  1.752E-08

      iter #   6 total cpu time :190836.5 secs   av.it.:  15.5
      thresh= 1.324E-05 alpha_mix =  0.700 |ddv_scf|^2 =  1.167E-09

      iter #   7 total cpu time :190951.7 secs   av.it.:  15.6
      thresh= 3.417E-06 alpha_mix =  0.700 |ddv_scf|^2 =  6.881E-11

      iter #   8 total cpu time :191073.4 secs   av.it.:  16.8
      thresh= 8.295E-07 alpha_mix =  0.700 |ddv_scf|^2 =  5.578E-12

      iter #   9 total cpu time :191191.2 secs   av.it.:  15.8
      thresh= 2.362E-07 alpha_mix =  0.700 |ddv_scf|^2 =  4.977E-12

      iter #  10 total cpu time :191296.0 secs   av.it.:  13.8
      thresh= 2.231E-07 alpha_mix =  0.700 |ddv_scf|^2 =  9.916E-14

      iter #  11 total cpu time :191421.7 secs   av.it.:  17.1
      thresh= 3.149E-08 alpha_mix =  0.700 |ddv_scf|^2 =  1.616E-13

      iter #  12 total cpu time :191535.3 secs   av.it.:  15.4
      thresh= 4.020E-08 alpha_mix =  0.700 |ddv_scf|^2 =  3.939E-14

      iter #  13 total cpu time :191650.4 secs   av.it.:  15.6
      thresh= 1.985E-08 alpha_mix =  0.700 |ddv_scf|^2 =  5.196E-15

     End of self-consistent calculation

     Convergence has been achieved 


     Representation #  49 mode #  63

     Self-consistent Calculation

      iter #   1 total cpu time :191727.2 secs   av.it.:   8.0
      thresh= 1.000E-02 alpha_mix =  0.700 |ddv_scf|^2 =  8.947E-06

      iter #   2 total cpu time :191843.4 secs   av.it.:  16.4
      thresh= 2.991E-04 alpha_mix =  0.700 |ddv_scf|^2 =  3.285E-04

      iter #   3 total cpu time :191937.3 secs   av.it.:  12.3
      thresh= 1.812E-03 alpha_mix =  0.700 |ddv_scf|^2 =  9.123E-07

      iter #   4 total cpu time :192050.7 secs   av.it.:  15.3
      thresh= 9.551E-05 alpha_mix =  0.700 |ddv_scf|^2 =  7.820E-08

      iter #   5 total cpu time :192167.0 secs   av.it.:  15.9
      thresh= 2.796E-05 alpha_mix =  0.700 |ddv_scf|^2 =  7.760E-09

      iter #   6 total cpu time :192284.9 secs   av.it.:  15.9
      thresh= 8.809E-06 alpha_mix =  0.700 |ddv_scf|^2 =  4.845E-10

      iter #   7 total cpu time :192458.1 secs   av.it.:  15.9
      thresh= 2.201E-06 alpha_mix =  0.700 |ddv_scf|^2 =  1.519E-11

      iter #   8 total cpu time :192583.3 secs   av.it.:  16.9
      thresh= 3.898E-07 alpha_mix =  0.700 |ddv_scf|^2 =  3.291E-11

      iter #   9 total cpu time :192690.8 secs   av.it.:  14.7
      thresh= 5.736E-07 alpha_mix =  0.700 |ddv_scf|^2 =  2.279E-11

      iter #  10 total cpu time :192796.0 secs   av.it.:  14.2
      thresh= 4.774E-07 alpha_mix =  0.700 |ddv_scf|^2 =  3.225E-13

      iter #  11 total cpu time :192912.8 secs   av.it.:  15.9
      thresh= 5.679E-08 alpha_mix =  0.700 |ddv_scf|^2 =  4.295E-14

      iter #  12 total cpu time :193026.7 secs   av.it.:  15.4
      thresh= 2.073E-08 alpha_mix =  0.700 |ddv_scf|^2 =  7.489E-15

     End of self-consistent calculation

     Convergence has been achieved 


     Representation #  50 mode #  64

     Self-consistent Calculation

      iter #   1 total cpu time :193091.8 secs   av.it.:   6.0
      thresh= 1.000E-02 alpha_mix =  0.700 |ddv_scf|^2 =  2.118E-07

      iter #   2 total cpu time :193214.6 secs   av.it.:  16.9
      thresh= 4.603E-05 alpha_mix =  0.700 |ddv_scf|^2 =  5.558E-07

      iter #   3 total cpu time :193327.4 secs   av.it.:  15.3
      thresh= 7.455E-05 alpha_mix =  0.700 |ddv_scf|^2 =  3.455E-07

      iter #   4 total cpu time :193426.0 secs   av.it.:  13.0
      thresh= 5.878E-05 alpha_mix =  0.700 |ddv_scf|^2 =  2.372E-08

      iter #   5 total cpu time :193534.8 secs   av.it.:  14.8
      thresh= 1.540E-05 alpha_mix =  0.700 |ddv_scf|^2 =  2.746E-09

      iter #   6 total cpu time :193648.2 secs   av.it.:  15.6
      thresh= 5.240E-06 alpha_mix =  0.700 |ddv_scf|^2 =  5.037E-11

      iter #   7 total cpu time :193772.6 secs   av.it.:  16.9
      thresh= 7.097E-07 alpha_mix =  0.700 |ddv_scf|^2 =  4.085E-12

      iter #   8 total cpu time :193895.8 secs   av.it.:  17.0
      thresh= 2.021E-07 alpha_mix =  0.700 |ddv_scf|^2 =  6.454E-13

      iter #   9 total cpu time :194016.2 secs   av.it.:  16.2
      thresh= 8.034E-08 alpha_mix =  0.700 |ddv_scf|^2 =  1.079E-13

      iter #  10 total cpu time :194135.3 secs   av.it.:  16.3
      thresh= 3.285E-08 alpha_mix =  0.700 |ddv_scf|^2 =  2.680E-13

      iter #  11 total cpu time :194242.8 secs   av.it.:  14.3
      thresh= 5.177E-08 alpha_mix =  0.700 |ddv_scf|^2 =  1.991E-14

      iter #  12 total cpu time :194352.3 secs   av.it.:  14.9
      thresh= 1.411E-08 alpha_mix =  0.700 |ddv_scf|^2 =  1.324E-15

     End of self-consistent calculation

     Convergence has been achieved 


     Representation #  51 mode #  65

     Self-consistent Calculation

      iter #   1 total cpu time :194432.6 secs   av.it.:   8.0
      thresh= 1.000E-02 alpha_mix =  0.700 |ddv_scf|^2 =  6.426E-06

      iter #   2 total cpu time :194553.7 secs   av.it.:  16.5
      thresh= 2.535E-04 alpha_mix =  0.700 |ddv_scf|^2 =  2.177E-04

      iter #   3 total cpu time :194648.9 secs   av.it.:  12.4
      thresh= 1.475E-03 alpha_mix =  0.700 |ddv_scf|^2 =  1.584E-06

      iter #   4 total cpu time :194761.6 secs   av.it.:  15.0
      thresh= 1.259E-04 alpha_mix =  0.700 |ddv_scf|^2 =  6.580E-08

      iter #   5 total cpu time :194880.0 secs   av.it.:  16.1
      thresh= 2.565E-05 alpha_mix =  0.700 |ddv_scf|^2 =  6.402E-09

      iter #   6 total cpu time :194998.4 secs   av.it.:  15.9
      thresh= 8.001E-06 alpha_mix =  0.700 |ddv_scf|^2 =  4.760E-10

      iter #   7 total cpu time :195112.2 secs   av.it.:  15.8
      thresh= 2.182E-06 alpha_mix =  0.700 |ddv_scf|^2 =  1.700E-11

      iter #   8 total cpu time :195236.4 secs   av.it.:  16.9
      thresh= 4.123E-07 alpha_mix =  0.700 |ddv_scf|^2 =  4.114E-12

      iter #   9 total cpu time :195357.3 secs   av.it.:  16.3
      thresh= 2.028E-07 alpha_mix =  0.700 |ddv_scf|^2 =  4.425E-12

      iter #  10 total cpu time :195468.3 secs   av.it.:  14.8
      thresh= 2.104E-07 alpha_mix =  0.700 |ddv_scf|^2 =  1.354E-13

      iter #  11 total cpu time :195589.4 secs   av.it.:  16.4
      thresh= 3.679E-08 alpha_mix =  0.700 |ddv_scf|^2 =  1.731E-14

      iter #  12 total cpu time :195711.2 secs   av.it.:  16.8
      thresh= 1.316E-08 alpha_mix =  0.700 |ddv_scf|^2 =  4.874E-15

     End of self-consistent calculation

     Convergence has been achieved 


     Representation #  52 mode #  66

     Self-consistent Calculation

      iter #   1 total cpu time :195774.9 secs   av.it.:   6.8
      thresh= 1.000E-02 alpha_mix =  0.700 |ddv_scf|^2 =  1.119E-05

      iter #   2 total cpu time :195890.9 secs   av.it.:  15.8
      thresh= 3.345E-04 alpha_mix =  0.700 |ddv_scf|^2 =  3.923E-04

      iter #   3 total cpu time :195984.4 secs   av.it.:  12.0
      thresh= 1.981E-03 alpha_mix =  0.700 |ddv_scf|^2 =  7.082E-07

      iter #   4 total cpu time :196098.2 secs   av.it.:  15.5
      thresh= 8.415E-05 alpha_mix =  0.700 |ddv_scf|^2 =  7.496E-08

      iter #   5 total cpu time :196211.3 secs   av.it.:  15.2
      thresh= 2.738E-05 alpha_mix =  0.700 |ddv_scf|^2 =  2.108E-09

      iter #   6 total cpu time :196330.5 secs   av.it.:  16.1
      thresh= 4.592E-06 alpha_mix =  0.700 |ddv_scf|^2 =  6.917E-10

      iter #   7 total cpu time :196446.1 secs   av.it.:  15.5
      thresh= 2.630E-06 alpha_mix =  0.700 |ddv_scf|^2 =  5.785E-11

      iter #   8 total cpu time :196565.3 secs   av.it.:  15.9
      thresh= 7.606E-07 alpha_mix =  0.700 |ddv_scf|^2 =  1.828E-11

      iter #   9 total cpu time :196671.3 secs   av.it.:  14.6
      thresh= 4.275E-07 alpha_mix =  0.700 |ddv_scf|^2 =  5.519E-12

      iter #  10 total cpu time :196787.7 secs   av.it.:  15.8
      thresh= 2.349E-07 alpha_mix =  0.700 |ddv_scf|^2 =  2.662E-12

      iter #  11 total cpu time :196897.9 secs   av.it.:  14.9
      thresh= 1.632E-07 alpha_mix =  0.700 |ddv_scf|^2 =  1.153E-13

      iter #  12 total cpu time :197010.9 secs   av.it.:  15.0
      thresh= 3.396E-08 alpha_mix =  0.700 |ddv_scf|^2 =  2.982E-14

      iter #  13 total cpu time :197127.5 secs   av.it.:  15.8
      thresh= 1.727E-08 alpha_mix =  0.700 |ddv_scf|^2 =  6.112E-15

     End of self-consistent calculation

     Convergence has been achieved 


     Representation #  53 mode #  67

     Self-consistent Calculation

      iter #   1 total cpu time :197192.3 secs   av.it.:   6.0
      thresh= 1.000E-02 alpha_mix =  0.700 |ddv_scf|^2 =  1.974E-07

      iter #   2 total cpu time :197323.4 secs   av.it.:  16.9
      thresh= 4.443E-05 alpha_mix =  0.700 |ddv_scf|^2 =  4.114E-07

      iter #   3 total cpu time :197447.3 secs   av.it.:  14.9
      thresh= 6.414E-05 alpha_mix =  0.700 |ddv_scf|^2 =  3.013E-07

      iter #   4 total cpu time :197551.0 secs   av.it.:  12.7
      thresh= 5.489E-05 alpha_mix =  0.700 |ddv_scf|^2 =  6.482E-09

      iter #   5 total cpu time :197672.8 secs   av.it.:  15.4
      thresh= 8.051E-06 alpha_mix =  0.700 |ddv_scf|^2 =  7.338E-11

      iter #   6 total cpu time :197794.8 secs   av.it.:  16.4
      thresh= 8.566E-07 alpha_mix =  0.700 |ddv_scf|^2 =  3.720E-12

      iter #   7 total cpu time :197920.1 secs   av.it.:  16.9
      thresh= 1.929E-07 alpha_mix =  0.700 |ddv_scf|^2 =  3.562E-12

      iter #   8 total cpu time :198037.0 secs   av.it.:  15.4
      thresh= 1.887E-07 alpha_mix =  0.700 |ddv_scf|^2 =  5.031E-13

      iter #   9 total cpu time :198155.5 secs   av.it.:  15.8
      thresh= 7.093E-08 alpha_mix =  0.700 |ddv_scf|^2 =  1.800E-13

      iter #  10 total cpu time :198265.7 secs   av.it.:  14.6
      thresh= 4.242E-08 alpha_mix =  0.700 |ddv_scf|^2 =  3.038E-14

      iter #  11 total cpu time :198382.8 secs   av.it.:  15.7
      thresh= 1.743E-08 alpha_mix =  0.700 |ddv_scf|^2 =  3.366E-15

     End of self-consistent calculation

     Convergence has been achieved 


     Representation #  54 mode #  68

     Self-consistent Calculation

      iter #   1 total cpu time :198442.6 secs   av.it.:   6.0
      thresh= 1.000E-02 alpha_mix =  0.700 |ddv_scf|^2 =  2.787E-07

      iter #   2 total cpu time :198570.9 secs   av.it.:  17.0
      thresh= 5.279E-05 alpha_mix =  0.700 |ddv_scf|^2 =  8.045E-07

      iter #   3 total cpu time :198685.4 secs   av.it.:  15.4
      thresh= 8.969E-05 alpha_mix =  0.700 |ddv_scf|^2 =  9.558E-08

      iter #   4 total cpu time :198798.4 secs   av.it.:  14.9
      thresh= 3.092E-05 alpha_mix =  0.700 |ddv_scf|^2 =  4.988E-08

      iter #   5 total cpu time :198899.0 secs   av.it.:  13.1
      thresh= 2.233E-05 alpha_mix =  0.700 |ddv_scf|^2 =  1.001E-09

      iter #   6 total cpu time :199016.6 secs   av.it.:  15.9
      thresh= 3.163E-06 alpha_mix =  0.700 |ddv_scf|^2 =  5.778E-11

      iter #   7 total cpu time :199135.6 secs   av.it.:  15.9
      thresh= 7.601E-07 alpha_mix =  0.700 |ddv_scf|^2 =  4.535E-12

      iter #   8 total cpu time :199256.1 secs   av.it.:  16.4
      thresh= 2.130E-07 alpha_mix =  0.700 |ddv_scf|^2 =  3.513E-13

      iter #   9 total cpu time :199380.4 secs   av.it.:  16.8
      thresh= 5.927E-08 alpha_mix =  0.700 |ddv_scf|^2 =  1.091E-13

      iter #  10 total cpu time :199507.8 secs   av.it.:  16.3
      thresh= 3.303E-08 alpha_mix =  0.700 |ddv_scf|^2 =  2.457E-14

      iter #  11 total cpu time :199623.0 secs   av.it.:  15.4
      thresh= 1.567E-08 alpha_mix =  0.700 |ddv_scf|^2 =  3.321E-14

      iter #  12 total cpu time :199732.1 secs   av.it.:  13.9
      thresh= 1.822E-08 alpha_mix =  0.700 |ddv_scf|^2 =  8.113E-16

     End of self-consistent calculation

     Convergence has been achieved 


     Representation #  55 mode #  69

     Self-consistent Calculation

      iter #   1 total cpu time :199795.7 secs   av.it.:   6.0
      thresh= 1.000E-02 alpha_mix =  0.700 |ddv_scf|^2 =  2.510E-07

      iter #   2 total cpu time :199917.8 secs   av.it.:  17.0
      thresh= 5.010E-05 alpha_mix =  0.700 |ddv_scf|^2 =  5.950E-07

      iter #   3 total cpu time :200039.4 secs   av.it.:  15.7
      thresh= 7.714E-05 alpha_mix =  0.700 |ddv_scf|^2 =  8.635E-08

      iter #   4 total cpu time :200151.6 secs   av.it.:  14.9
      thresh= 2.938E-05 alpha_mix =  0.700 |ddv_scf|^2 =  3.328E-08

      iter #   5 total cpu time :200256.1 secs   av.it.:  13.4
      thresh= 1.824E-05 alpha_mix =  0.700 |ddv_scf|^2 =  2.413E-09

      iter #   6 total cpu time :200369.1 secs   av.it.:  14.9
      thresh= 4.913E-06 alpha_mix =  0.700 |ddv_scf|^2 =  1.135E-10

      iter #   7 total cpu time :200487.4 secs   av.it.:  15.8
      thresh= 1.065E-06 alpha_mix =  0.700 |ddv_scf|^2 =  4.188E-12

      iter #   8 total cpu time :200608.8 secs   av.it.:  16.4
      thresh= 2.047E-07 alpha_mix =  0.700 |ddv_scf|^2 =  2.257E-13

      iter #   9 total cpu time :200732.8 secs   av.it.:  16.8
      thresh= 4.751E-08 alpha_mix =  0.700 |ddv_scf|^2 =  2.658E-14

      iter #  10 total cpu time :200858.1 secs   av.it.:  16.9
      thresh= 1.630E-08 alpha_mix =  0.700 |ddv_scf|^2 =  1.693E-14

      iter #  11 total cpu time :200976.2 secs   av.it.:  14.9
      thresh= 1.301E-08 alpha_mix =  0.700 |ddv_scf|^2 =  2.345E-14

      iter #  12 total cpu time :201081.1 secs   av.it.:  13.8
      thresh= 1.531E-08 alpha_mix =  0.700 |ddv_scf|^2 =  1.971E-15

     End of self-consistent calculation

     Convergence has been achieved 


     Representation #  56 mode #  70

     Self-consistent Calculation

      iter #   1 total cpu time :201143.4 secs   av.it.:   6.0
      thresh= 1.000E-02 alpha_mix =  0.700 |ddv_scf|^2 =  1.228E-07

      iter #   2 total cpu time :201268.1 secs   av.it.:  16.6
      thresh= 3.505E-05 alpha_mix =  0.700 |ddv_scf|^2 =  9.440E-08

      iter #   3 total cpu time :201384.3 secs   av.it.:  15.8
      thresh= 3.072E-05 alpha_mix =  0.700 |ddv_scf|^2 =  2.812E-10

      iter #   4 total cpu time :201512.3 secs   av.it.:  16.9
      thresh= 1.677E-06 alpha_mix =  0.700 |ddv_scf|^2 =  1.115E-11

      iter #   5 total cpu time :201635.1 secs   av.it.:  16.8
      thresh= 3.340E-07 alpha_mix =  0.700 |ddv_scf|^2 =  5.774E-13

      iter #   6 total cpu time :201763.3 secs   av.it.:  16.8
      thresh= 7.599E-08 alpha_mix =  0.700 |ddv_scf|^2 =  1.116E-14

      iter #   7 total cpu time :201892.9 secs   av.it.:  17.5
      thresh= 1.056E-08 alpha_mix =  0.700 |ddv_scf|^2 =  2.756E-15

     End of self-consistent calculation

     Convergence has been achieved 


     Representation #  57 mode #  71

     Self-consistent Calculation

      iter #   1 total cpu time :201960.5 secs   av.it.:   6.8
      thresh= 1.000E-02 alpha_mix =  0.700 |ddv_scf|^2 =  1.381E-07

      iter #   2 total cpu time :202082.3 secs   av.it.:  16.7
      thresh= 3.716E-05 alpha_mix =  0.700 |ddv_scf|^2 =  6.473E-08

      iter #   3 total cpu time :202199.0 secs   av.it.:  16.1
      thresh= 2.544E-05 alpha_mix =  0.700 |ddv_scf|^2 =  1.952E-10

      iter #   4 total cpu time :202324.2 secs   av.it.:  16.2
      thresh= 1.397E-06 alpha_mix =  0.700 |ddv_scf|^2 =  2.449E-11

      iter #   5 total cpu time :202444.0 secs   av.it.:  16.3
      thresh= 4.949E-07 alpha_mix =  0.700 |ddv_scf|^2 =  2.054E-13

      iter #   6 total cpu time :202575.7 secs   av.it.:  16.8
      thresh= 4.532E-08 alpha_mix =  0.700 |ddv_scf|^2 =  2.706E-14

      iter #   7 total cpu time :202696.4 secs   av.it.:  16.6
      thresh= 1.645E-08 alpha_mix =  0.700 |ddv_scf|^2 =  2.193E-15

     End of self-consistent calculation

     Convergence has been achieved 


     Representation #  58 mode #  72

     Self-consistent Calculation

      iter #   1 total cpu time :202757.6 secs   av.it.:   6.0
      thresh= 1.000E-02 alpha_mix =  0.700 |ddv_scf|^2 =  1.218E-07

      iter #   2 total cpu time :202881.5 secs   av.it.:  16.6
      thresh= 3.490E-05 alpha_mix =  0.700 |ddv_scf|^2 =  9.182E-08

      iter #   3 total cpu time :203000.4 secs   av.it.:  15.8
      thresh= 3.030E-05 alpha_mix =  0.700 |ddv_scf|^2 =  3.114E-10

      iter #   4 total cpu time :203126.0 secs   av.it.:  16.9
      thresh= 1.765E-06 alpha_mix =  0.700 |ddv_scf|^2 =  1.092E-11

      iter #   5 total cpu time :203253.2 secs   av.it.:  16.8
      thresh= 3.304E-07 alpha_mix =  0.700 |ddv_scf|^2 =  6.076E-13

      iter #   6 total cpu time :203376.8 secs   av.it.:  16.8
      thresh= 7.795E-08 alpha_mix =  0.700 |ddv_scf|^2 =  1.288E-14

      iter #   7 total cpu time :203505.5 secs   av.it.:  17.5
      thresh= 1.135E-08 alpha_mix =  0.700 |ddv_scf|^2 =  3.438E-15

     End of self-consistent calculation

     Convergence has been achieved 


     Representation #  59 mode #  73

     Self-consistent Calculation

      iter #   1 total cpu time :203569.2 secs   av.it.:   6.3
      thresh= 1.000E-02 alpha_mix =  0.700 |ddv_scf|^2 =  4.945E-07

      iter #   2 total cpu time :203694.2 secs   av.it.:  16.0
      thresh= 7.032E-05 alpha_mix =  0.700 |ddv_scf|^2 =  2.761E-07

      iter #   3 total cpu time :203808.2 secs   av.it.:  15.6
      thresh= 5.254E-05 alpha_mix =  0.700 |ddv_scf|^2 =  3.973E-09

      iter #   4 total cpu time :203933.5 secs   av.it.:  16.3
      thresh= 6.303E-06 alpha_mix =  0.700 |ddv_scf|^2 =  8.218E-11

      iter #   5 total cpu time :204056.5 secs   av.it.:  16.3
      thresh= 9.065E-07 alpha_mix =  0.700 |ddv_scf|^2 =  1.493E-12

      iter #   6 total cpu time :204182.2 secs   av.it.:  16.8
      thresh= 1.222E-07 alpha_mix =  0.700 |ddv_scf|^2 =  4.790E-14

      iter #   7 total cpu time :204311.6 secs   av.it.:  16.8
      thresh= 2.189E-08 alpha_mix =  0.700 |ddv_scf|^2 =  7.129E-15

     End of self-consistent calculation

     Convergence has been achieved 


     Representation #  60 mode #  74

     Self-consistent Calculation

      iter #   1 total cpu time :204381.8 secs   av.it.:   6.9
      thresh= 1.000E-02 alpha_mix =  0.700 |ddv_scf|^2 =  2.018E-07

      iter #   2 total cpu time :204508.5 secs   av.it.:  16.7
      thresh= 4.492E-05 alpha_mix =  0.700 |ddv_scf|^2 =  1.749E-07

      iter #   3 total cpu time :204623.2 secs   av.it.:  15.8
      thresh= 4.182E-05 alpha_mix =  0.700 |ddv_scf|^2 =  1.246E-09

      iter #   4 total cpu time :204744.6 secs   av.it.:  16.4
      thresh= 3.529E-06 alpha_mix =  0.700 |ddv_scf|^2 =  1.028E-11

      iter #   5 total cpu time :204874.6 secs   av.it.:  16.8
      thresh= 3.206E-07 alpha_mix =  0.700 |ddv_scf|^2 =  2.487E-13

      iter #   6 total cpu time :205000.6 secs   av.it.:  17.2
      thresh= 4.987E-08 alpha_mix =  0.700 |ddv_scf|^2 =  4.776E-14

      iter #   7 total cpu time :205128.4 secs   av.it.:  16.4
      thresh= 2.185E-08 alpha_mix =  0.700 |ddv_scf|^2 =  3.179E-15

     End of self-consistent calculation

     Convergence has been achieved 


     Representation #  61 mode #  75

     Self-consistent Calculation

      iter #   1 total cpu time :205184.3 secs   av.it.:   5.0
      thresh= 1.000E-02 alpha_mix =  0.700 |ddv_scf|^2 =  8.604E-08

      iter #   2 total cpu time :205313.5 secs   av.it.:  16.4
      thresh= 2.933E-05 alpha_mix =  0.700 |ddv_scf|^2 =  1.701E-07

      iter #   3 total cpu time :205426.5 secs   av.it.:  15.3
      thresh= 4.125E-05 alpha_mix =  0.700 |ddv_scf|^2 =  2.608E-08

      iter #   4 total cpu time :205544.2 secs   av.it.:  15.4
      thresh= 1.615E-05 alpha_mix =  0.700 |ddv_scf|^2 =  8.619E-10

      iter #   5 total cpu time :205663.0 secs   av.it.:  15.8
      thresh= 2.936E-06 alpha_mix =  0.700 |ddv_scf|^2 =  8.418E-12

      iter #   6 total cpu time :205789.4 secs   av.it.:  17.1
      thresh= 2.901E-07 alpha_mix =  0.700 |ddv_scf|^2 =  3.116E-12

      iter #   7 total cpu time :205907.2 secs   av.it.:  16.0
      thresh= 1.765E-07 alpha_mix =  0.700 |ddv_scf|^2 =  6.612E-13

      iter #   8 total cpu time :206031.3 secs   av.it.:  15.8
      thresh= 8.131E-08 alpha_mix =  0.700 |ddv_scf|^2 =  7.480E-14

      iter #   9 total cpu time :206155.3 secs   av.it.:  16.5
      thresh= 2.735E-08 alpha_mix =  0.700 |ddv_scf|^2 =  3.105E-15

     End of self-consistent calculation

     Convergence has been achieved 


     Representation #  62 mode #  76

     Self-consistent Calculation

      iter #   1 total cpu time :206213.7 secs   av.it.:   5.8
      thresh= 1.000E-02 alpha_mix =  0.700 |ddv_scf|^2 =  1.686E-07

      iter #   2 total cpu time :206340.4 secs   av.it.:  16.7
      thresh= 4.106E-05 alpha_mix =  0.700 |ddv_scf|^2 =  6.021E-07

      iter #   3 total cpu time :206452.1 secs   av.it.:  14.9
      thresh= 7.759E-05 alpha_mix =  0.700 |ddv_scf|^2 =  2.411E-08

      iter #   4 total cpu time :206573.5 secs   av.it.:  15.4
      thresh= 1.553E-05 alpha_mix =  0.700 |ddv_scf|^2 =  1.446E-09

      iter #   5 total cpu time :206693.0 secs   av.it.:  15.8
      thresh= 3.802E-06 alpha_mix =  0.700 |ddv_scf|^2 =  2.360E-11

      iter #   6 total cpu time :206814.6 secs   av.it.:  16.7
      thresh= 4.858E-07 alpha_mix =  0.700 |ddv_scf|^2 =  1.823E-12

      iter #   7 total cpu time :206931.8 secs   av.it.:  15.4
      thresh= 1.350E-07 alpha_mix =  0.700 |ddv_scf|^2 =  1.895E-14

      iter #   8 total cpu time :207065.8 secs   av.it.:  17.6
      thresh= 1.377E-08 alpha_mix =  0.700 |ddv_scf|^2 =  5.384E-14

      iter #   9 total cpu time :207188.7 secs   av.it.:  15.3
      thresh= 2.320E-08 alpha_mix =  0.700 |ddv_scf|^2 =  4.842E-15

     End of self-consistent calculation

     Convergence has been achieved 


     Representation #  63 mode #  77

     Self-consistent Calculation

      iter #   1 total cpu time :207263.6 secs   av.it.:   7.8
      thresh= 1.000E-02 alpha_mix =  0.700 |ddv_scf|^2 =  1.587E-06

      iter #   2 total cpu time :207395.0 secs   av.it.:  16.9
      thresh= 1.260E-04 alpha_mix =  0.700 |ddv_scf|^2 =  8.143E-06

      iter #   3 total cpu time :207509.8 secs   av.it.:  14.8
      thresh= 2.854E-04 alpha_mix =  0.700 |ddv_scf|^2 =  1.088E-07

      iter #   4 total cpu time :207626.2 secs   av.it.:  15.8
      thresh= 3.299E-05 alpha_mix =  0.700 |ddv_scf|^2 =  1.626E-09

      iter #   5 total cpu time :207749.8 secs   av.it.:  16.1
      thresh= 4.033E-06 alpha_mix =  0.700 |ddv_scf|^2 =  6.525E-11

      iter #   6 total cpu time :207871.5 secs   av.it.:  16.6
      thresh= 8.077E-07 alpha_mix =  0.700 |ddv_scf|^2 =  1.118E-11

      iter #   7 total cpu time :207990.1 secs   av.it.:  15.8
      thresh= 3.343E-07 alpha_mix =  0.700 |ddv_scf|^2 =  2.904E-12

      iter #   8 total cpu time :208107.8 secs   av.it.:  15.9
      thresh= 1.704E-07 alpha_mix =  0.700 |ddv_scf|^2 =  1.339E-13

      iter #   9 total cpu time :208227.7 secs   av.it.:  16.2
      thresh= 3.659E-08 alpha_mix =  0.700 |ddv_scf|^2 =  1.167E-14

      iter #  10 total cpu time :208352.6 secs   av.it.:  17.1
      thresh= 1.080E-08 alpha_mix =  0.700 |ddv_scf|^2 =  4.745E-15

     End of self-consistent calculation

     Convergence has been achieved 


     Representation #  64 mode #  78

     Self-consistent Calculation

      iter #   1 total cpu time :208417.6 secs   av.it.:   6.9
      thresh= 1.000E-02 alpha_mix =  0.700 |ddv_scf|^2 =  5.251E-07

      iter #   2 total cpu time :208541.7 secs   av.it.:  17.0
      thresh= 7.246E-05 alpha_mix =  0.700 |ddv_scf|^2 =  2.484E-06

      iter #   3 total cpu time :208653.2 secs   av.it.:  14.8
      thresh= 1.576E-04 alpha_mix =  0.700 |ddv_scf|^2 =  4.963E-08

      iter #   4 total cpu time :208771.9 secs   av.it.:  16.1
      thresh= 2.228E-05 alpha_mix =  0.700 |ddv_scf|^2 =  2.023E-09

      iter #   5 total cpu time :208888.8 secs   av.it.:  15.8
      thresh= 4.498E-06 alpha_mix =  0.700 |ddv_scf|^2 =  3.048E-11

      iter #   6 total cpu time :209010.6 secs   av.it.:  16.9
      thresh= 5.521E-07 alpha_mix =  0.700 |ddv_scf|^2 =  4.617E-12

      iter #   7 total cpu time :209133.4 secs   av.it.:  16.7
      thresh= 2.149E-07 alpha_mix =  0.700 |ddv_scf|^2 =  1.865E-12

      iter #   8 total cpu time :209250.7 secs   av.it.:  15.8
      thresh= 1.366E-07 alpha_mix =  0.700 |ddv_scf|^2 =  3.285E-13

      iter #   9 total cpu time :209368.9 secs   av.it.:  15.9
      thresh= 5.732E-08 alpha_mix =  0.700 |ddv_scf|^2 =  1.440E-14

      iter #  10 total cpu time :209496.8 secs   av.it.:  17.3
      thresh= 1.200E-08 alpha_mix =  0.700 |ddv_scf|^2 =  1.485E-14

      iter #  11 total cpu time :209612.9 secs   av.it.:  15.8
      thresh= 1.219E-08 alpha_mix =  0.700 |ddv_scf|^2 =  1.432E-16

     End of self-consistent calculation

     Convergence has been achieved 


     Representation #  65 mode #  79

     Self-consistent Calculation

      iter #   1 total cpu time :209676.5 secs   av.it.:   6.8
      thresh= 1.000E-02 alpha_mix =  0.700 |ddv_scf|^2 =  1.016E-06

      iter #   2 total cpu time :209799.0 secs   av.it.:  16.6
      thresh= 1.008E-04 alpha_mix =  0.700 |ddv_scf|^2 =  2.913E-06

      iter #   3 total cpu time :209911.5 secs   av.it.:  15.2
      thresh= 1.707E-04 alpha_mix =  0.700 |ddv_scf|^2 =  2.035E-07

      iter #   4 total cpu time :210026.4 secs   av.it.:  15.4
      thresh= 4.511E-05 alpha_mix =  0.700 |ddv_scf|^2 =  8.698E-09

      iter #   5 total cpu time :210143.0 secs   av.it.:  15.9
      thresh= 9.326E-06 alpha_mix =  0.700 |ddv_scf|^2 =  1.120E-10

      iter #   6 total cpu time :210267.1 secs   av.it.:  16.7
      thresh= 1.058E-06 alpha_mix =  0.700 |ddv_scf|^2 =  7.141E-12

      iter #   7 total cpu time :210390.4 secs   av.it.:  16.8
      thresh= 2.672E-07 alpha_mix =  0.700 |ddv_scf|^2 =  9.816E-13

      iter #   8 total cpu time :210509.9 secs   av.it.:  16.2
      thresh= 9.907E-08 alpha_mix =  0.700 |ddv_scf|^2 =  1.450E-13

      iter #   9 total cpu time :210628.7 secs   av.it.:  16.4
      thresh= 3.808E-08 alpha_mix =  0.700 |ddv_scf|^2 =  1.946E-13

      iter #  10 total cpu time :210743.7 secs   av.it.:  15.8
      thresh= 4.411E-08 alpha_mix =  0.700 |ddv_scf|^2 =  8.802E-15

     End of self-consistent calculation

     Convergence has been achieved 


     Representation #  66 mode #  80

     Self-consistent Calculation

      iter #   1 total cpu time :210801.1 secs   av.it.:   5.5
      thresh= 1.000E-02 alpha_mix =  0.700 |ddv_scf|^2 =  5.562E-08

      iter #   2 total cpu time :210924.3 secs   av.it.:  16.9
      thresh= 2.358E-05 alpha_mix =  0.700 |ddv_scf|^2 =  9.506E-08

      iter #   3 total cpu time :211038.5 secs   av.it.:  15.6
      thresh= 3.083E-05 alpha_mix =  0.700 |ddv_scf|^2 =  2.357E-08

      iter #   4 total cpu time :211147.8 secs   av.it.:  14.8
      thresh= 1.535E-05 alpha_mix =  0.700 |ddv_scf|^2 =  5.483E-10

      iter #   5 total cpu time :211266.7 secs   av.it.:  16.5
      thresh= 2.342E-06 alpha_mix =  0.700 |ddv_scf|^2 =  4.745E-11

      iter #   6 total cpu time :211383.0 secs   av.it.:  15.8
      thresh= 6.888E-07 alpha_mix =  0.700 |ddv_scf|^2 =  2.094E-12

      iter #   7 total cpu time :211499.5 secs   av.it.:  15.9
      thresh= 1.447E-07 alpha_mix =  0.700 |ddv_scf|^2 =  7.916E-14

      iter #   8 total cpu time :211623.8 secs   av.it.:  17.1
      thresh= 2.814E-08 alpha_mix =  0.700 |ddv_scf|^2 =  1.597E-13

      iter #   9 total cpu time :211735.3 secs   av.it.:  15.3
      thresh= 3.997E-08 alpha_mix =  0.700 |ddv_scf|^2 =  2.463E-15

     End of self-consistent calculation

     Convergence has been achieved 


     Representation #  67 mode #  81

     Self-consistent Calculation

      iter #   1 total cpu time :211792.0 secs   av.it.:   5.9
      thresh= 1.000E-02 alpha_mix =  0.700 |ddv_scf|^2 =  1.386E-07

      iter #   2 total cpu time :211914.1 secs   av.it.:  16.8
      thresh= 3.722E-05 alpha_mix =  0.700 |ddv_scf|^2 =  5.234E-07

      iter #   3 total cpu time :212024.6 secs   av.it.:  14.9
      thresh= 7.235E-05 alpha_mix =  0.700 |ddv_scf|^2 =  1.793E-08

      iter #   4 total cpu time :212137.3 secs   av.it.:  15.3
      thresh= 1.339E-05 alpha_mix =  0.700 |ddv_scf|^2 =  1.836E-09

      iter #   5 total cpu time :212253.4 secs   av.it.:  15.8
      thresh= 4.285E-06 alpha_mix =  0.700 |ddv_scf|^2 =  4.593E-12

      iter #   6 total cpu time :212388.2 secs   av.it.:  16.9
      thresh= 2.143E-07 alpha_mix =  0.700 |ddv_scf|^2 =  1.664E-12

      iter #   7 total cpu time :212505.2 secs   av.it.:  16.1
      thresh= 1.290E-07 alpha_mix =  0.700 |ddv_scf|^2 =  4.202E-13

      iter #   8 total cpu time :212625.9 secs   av.it.:  16.4
      thresh= 6.482E-08 alpha_mix =  0.700 |ddv_scf|^2 =  4.148E-14

      iter #   9 total cpu time :212749.9 secs   av.it.:  16.9
      thresh= 2.037E-08 alpha_mix =  0.700 |ddv_scf|^2 =  1.509E-15

     End of self-consistent calculation

     Convergence has been achieved 


     Representation #  68 modes #  82  83

     Self-consistent Calculation

      iter #   1 total cpu time :212872.1 secs   av.it.:   6.0
      thresh= 1.000E-02 alpha_mix =  0.700 |ddv_scf|^2 =  1.067E-07

      iter #   2 total cpu time :213145.1 secs   av.it.:  18.6
      thresh= 3.266E-05 alpha_mix =  0.700 |ddv_scf|^2 =  2.013E-06

      iter #   3 total cpu time :213373.3 secs   av.it.:  15.1
      thresh= 1.419E-04 alpha_mix =  0.700 |ddv_scf|^2 =  2.987E-08

      iter #   4 total cpu time :213622.3 secs   av.it.:  16.8
      thresh= 1.728E-05 alpha_mix =  0.700 |ddv_scf|^2 =  2.573E-09

      iter #   5 total cpu time :213877.2 secs   av.it.:  17.3
      thresh= 5.073E-06 alpha_mix =  0.700 |ddv_scf|^2 =  2.049E-10

      iter #   6 total cpu time :214140.6 secs   av.it.:  18.1
      thresh= 1.431E-06 alpha_mix =  0.700 |ddv_scf|^2 =  2.862E-11

      iter #   7 total cpu time :214403.3 secs   av.it.:  17.9
      thresh= 5.350E-07 alpha_mix =  0.700 |ddv_scf|^2 =  5.282E-12

      iter #   8 total cpu time :214665.2 secs   av.it.:  17.9
      thresh= 2.298E-07 alpha_mix =  0.700 |ddv_scf|^2 =  2.291E-12

      iter #   9 total cpu time :214924.0 secs   av.it.:  17.4
      thresh= 1.514E-07 alpha_mix =  0.700 |ddv_scf|^2 =  8.856E-12

      iter #  10 total cpu time :215157.7 secs   av.it.:  15.7
      thresh= 2.976E-07 alpha_mix =  0.700 |ddv_scf|^2 =  5.509E-13

      iter #  11 total cpu time :215412.1 secs   av.it.:  17.4
      thresh= 7.422E-08 alpha_mix =  0.700 |ddv_scf|^2 =  5.424E-14

      iter #  12 total cpu time :215684.0 secs   av.it.:  18.7
      thresh= 2.329E-08 alpha_mix =  0.700 |ddv_scf|^2 =  5.971E-14

      iter #  13 total cpu time :215946.6 secs   av.it.:  17.5
      thresh= 2.444E-08 alpha_mix =  0.700 |ddv_scf|^2 =  6.946E-15

     End of self-consistent calculation

     Convergence has been achieved 


     Representation #  69 modes #  84  85

     Self-consistent Calculation

      iter #   1 total cpu time :216082.6 secs   av.it.:   7.7
      thresh= 1.000E-02 alpha_mix =  0.700 |ddv_scf|^2 =  4.513E-07

      iter #   2 total cpu time :216354.4 secs   av.it.:  18.6
      thresh= 6.718E-05 alpha_mix =  0.700 |ddv_scf|^2 =  6.337E-06

      iter #   3 total cpu time :216582.1 secs   av.it.:  15.5
      thresh= 2.517E-04 alpha_mix =  0.700 |ddv_scf|^2 =  3.308E-07

      iter #   4 total cpu time :216819.7 secs   av.it.:  16.2
      thresh= 5.751E-05 alpha_mix =  0.700 |ddv_scf|^2 =  9.746E-09

      iter #   5 total cpu time :217079.2 secs   av.it.:  17.8
      thresh= 9.872E-06 alpha_mix =  0.700 |ddv_scf|^2 =  6.563E-10

      iter #   6 total cpu time :217339.6 secs   av.it.:  17.7
      thresh= 2.562E-06 alpha_mix =  0.700 |ddv_scf|^2 =  1.148E-10

      iter #   7 total cpu time :217592.5 secs   av.it.:  17.5
      thresh= 1.071E-06 alpha_mix =  0.700 |ddv_scf|^2 =  2.077E-11

      iter #   8 total cpu time :217851.1 secs   av.it.:  17.9
      thresh= 4.558E-07 alpha_mix =  0.700 |ddv_scf|^2 =  2.801E-12

      iter #   9 total cpu time :218113.4 secs   av.it.:  18.1
      thresh= 1.674E-07 alpha_mix =  0.700 |ddv_scf|^2 =  1.483E-12

      iter #  10 total cpu time :218366.5 secs   av.it.:  17.2
      thresh= 1.218E-07 alpha_mix =  0.700 |ddv_scf|^2 =  7.027E-12

      iter #  11 total cpu time :218599.5 secs   av.it.:  15.9
      thresh= 2.651E-07 alpha_mix =  0.700 |ddv_scf|^2 =  7.444E-14

      iter #  12 total cpu time :218851.7 secs   av.it.:  17.5
      thresh= 2.728E-08 alpha_mix =  0.700 |ddv_scf|^2 =  3.705E-14

      iter #  13 total cpu time :219111.8 secs   av.it.:  17.9
      thresh= 1.925E-08 alpha_mix =  0.700 |ddv_scf|^2 =  1.385E-14

      iter #  14 total cpu time :219368.8 secs   av.it.:  17.6
      thresh= 1.177E-08 alpha_mix =  0.700 |ddv_scf|^2 =  3.838E-15

     End of self-consistent calculation

     Convergence has been achieved 


     Representation #  70 modes #  86  87

     Self-consistent Calculation

      iter #   1 total cpu time :219520.4 secs   av.it.:   7.8
      thresh= 1.000E-02 alpha_mix =  0.700 |ddv_scf|^2 =  2.213E-07

      iter #   2 total cpu time :219799.9 secs   av.it.:  19.0
      thresh= 4.704E-05 alpha_mix =  0.700 |ddv_scf|^2 =  9.929E-07

      iter #   3 total cpu time :220051.6 secs   av.it.:  16.9
      thresh= 9.964E-05 alpha_mix =  0.700 |ddv_scf|^2 =  1.569E-07

      iter #   4 total cpu time :220285.0 secs   av.it.:  15.9
      thresh= 3.960E-05 alpha_mix =  0.700 |ddv_scf|^2 =  2.340E-08

      iter #   5 total cpu time :220530.9 secs   av.it.:  16.7
      thresh= 1.530E-05 alpha_mix =  0.700 |ddv_scf|^2 =  1.060E-10

      iter #   6 total cpu time :220801.2 secs   av.it.:  18.4
      thresh= 1.030E-06 alpha_mix =  0.700 |ddv_scf|^2 =  1.762E-11

      iter #   7 total cpu time :221072.0 secs   av.it.:  18.4
      thresh= 4.198E-07 alpha_mix =  0.700 |ddv_scf|^2 =  9.352E-12

      iter #   8 total cpu time :221328.2 secs   av.it.:  17.3
      thresh= 3.058E-07 alpha_mix =  0.700 |ddv_scf|^2 =  6.573E-13

      iter #   9 total cpu time :221599.2 secs   av.it.:  18.3
      thresh= 8.107E-08 alpha_mix =  0.700 |ddv_scf|^2 =  4.395E-13

      iter #  10 total cpu time :221851.2 secs   av.it.:  17.2
      thresh= 6.629E-08 alpha_mix =  0.700 |ddv_scf|^2 =  6.857E-13

      iter #  11 total cpu time :222086.0 secs   av.it.:  15.8
      thresh= 8.281E-08 alpha_mix =  0.700 |ddv_scf|^2 =  4.801E-15

     End of self-consistent calculation

     Convergence has been achieved 


     Representation #  71 modes #  88  89

     Self-consistent Calculation

      iter #   1 total cpu time :222210.5 secs   av.it.:   6.0
      thresh= 1.000E-02 alpha_mix =  0.700 |ddv_scf|^2 =  1.043E-07

      iter #   2 total cpu time :222476.2 secs   av.it.:  18.2
      thresh= 3.229E-05 alpha_mix =  0.700 |ddv_scf|^2 =  2.308E-06

      iter #   3 total cpu time :222695.1 secs   av.it.:  14.6
      thresh= 1.519E-04 alpha_mix =  0.700 |ddv_scf|^2 =  1.703E-08

      iter #   4 total cpu time :222948.2 secs   av.it.:  17.3
      thresh= 1.305E-05 alpha_mix =  0.700 |ddv_scf|^2 =  2.885E-09

      iter #   5 total cpu time :223200.6 secs   av.it.:  17.1
      thresh= 5.371E-06 alpha_mix =  0.700 |ddv_scf|^2 =  1.374E-10

      iter #   6 total cpu time :223463.0 secs   av.it.:  18.1
      thresh= 1.172E-06 alpha_mix =  0.700 |ddv_scf|^2 =  1.750E-11

      iter #   7 total cpu time :223723.0 secs   av.it.:  17.8
      thresh= 4.184E-07 alpha_mix =  0.700 |ddv_scf|^2 =  4.191E-12

      iter #   8 total cpu time :223989.2 secs   av.it.:  18.1
      thresh= 2.047E-07 alpha_mix =  0.700 |ddv_scf|^2 =  1.077E-11

      iter #   9 total cpu time :224219.9 secs   av.it.:  15.4
      thresh= 3.282E-07 alpha_mix =  0.700 |ddv_scf|^2 =  4.368E-13

      iter #  10 total cpu time :224480.1 secs   av.it.:  17.9
      thresh= 6.609E-08 alpha_mix =  0.700 |ddv_scf|^2 =  3.083E-13

      iter #  11 total cpu time :224727.0 secs   av.it.:  16.9
      thresh= 5.553E-08 alpha_mix =  0.700 |ddv_scf|^2 =  2.818E-14

      iter #  12 total cpu time :224989.7 secs   av.it.:  18.1
      thresh= 1.679E-08 alpha_mix =  0.700 |ddv_scf|^2 =  5.110E-15

     End of self-consistent calculation

     Convergence has been achieved 


     Representation #  72 modes #  90  91

     Self-consistent Calculation

      iter #   1 total cpu time :225111.0 secs   av.it.:   6.0
      thresh= 1.000E-02 alpha_mix =  0.700 |ddv_scf|^2 =  8.560E-08

      iter #   2 total cpu time :225376.6 secs   av.it.:  18.2
      thresh= 2.926E-05 alpha_mix =  0.700 |ddv_scf|^2 =  1.680E-06

      iter #   3 total cpu time :225593.5 secs   av.it.:  14.6
      thresh= 1.296E-04 alpha_mix =  0.700 |ddv_scf|^2 =  2.250E-08

      iter #   4 total cpu time :225841.1 secs   av.it.:  17.0
      thresh= 1.500E-05 alpha_mix =  0.700 |ddv_scf|^2 =  2.524E-09

      iter #   5 total cpu time :226093.1 secs   av.it.:  17.2
      thresh= 5.024E-06 alpha_mix =  0.700 |ddv_scf|^2 =  1.841E-10

      iter #   6 total cpu time :226353.8 secs   av.it.:  17.9
      thresh= 1.357E-06 alpha_mix =  0.700 |ddv_scf|^2 =  1.357E-11

      iter #   7 total cpu time :226612.6 secs   av.it.:  17.9
      thresh= 3.684E-07 alpha_mix =  0.700 |ddv_scf|^2 =  6.552E-12

      iter #   8 total cpu time :226866.8 secs   av.it.:  17.4
      thresh= 2.560E-07 alpha_mix =  0.700 |ddv_scf|^2 =  5.809E-13

      iter #   9 total cpu time :227138.0 secs   av.it.:  18.4
      thresh= 7.621E-08 alpha_mix =  0.700 |ddv_scf|^2 =  7.771E-13

      iter #  10 total cpu time :227387.1 secs   av.it.:  16.9
      thresh= 8.815E-08 alpha_mix =  0.700 |ddv_scf|^2 =  1.560E-13

      iter #  11 total cpu time :227636.9 secs   av.it.:  17.0
      thresh= 3.950E-08 alpha_mix =  0.700 |ddv_scf|^2 =  2.652E-14

      iter #  12 total cpu time :227897.8 secs   av.it.:  17.9
      thresh= 1.628E-08 alpha_mix =  0.700 |ddv_scf|^2 =  1.290E-14

      iter #  13 total cpu time :228147.4 secs   av.it.:  17.4
      thresh= 1.136E-08 alpha_mix =  0.700 |ddv_scf|^2 =  6.341E-15

     End of self-consistent calculation

     Convergence has been achieved 


     Representation #  73 modes #  92  93

     Self-consistent Calculation

      iter #   1 total cpu time :228298.3 secs   av.it.:   7.8
      thresh= 1.000E-02 alpha_mix =  0.700 |ddv_scf|^2 =  2.414E-07

      iter #   2 total cpu time :228575.7 secs   av.it.:  19.0
      thresh= 4.913E-05 alpha_mix =  0.700 |ddv_scf|^2 =  9.321E-07

      iter #   3 total cpu time :228828.3 secs   av.it.:  16.9
      thresh= 9.654E-05 alpha_mix =  0.700 |ddv_scf|^2 =  2.460E-08

      iter #   4 total cpu time :229088.3 secs   av.it.:  17.7
      thresh= 1.568E-05 alpha_mix =  0.700 |ddv_scf|^2 =  5.322E-09

      iter #   5 total cpu time :229321.8 secs   av.it.:  15.6
      thresh= 7.295E-06 alpha_mix =  0.700 |ddv_scf|^2 =  2.366E-10

      iter #   6 total cpu time :229573.8 secs   av.it.:  17.0
      thresh= 1.538E-06 alpha_mix =  0.700 |ddv_scf|^2 =  4.471E-11

      iter #   7 total cpu time :229826.9 secs   av.it.:  17.4
      thresh= 6.686E-07 alpha_mix =  0.700 |ddv_scf|^2 =  4.040E-12

      iter #   8 total cpu time :230088.3 secs   av.it.:  17.8
      thresh= 2.010E-07 alpha_mix =  0.700 |ddv_scf|^2 =  1.284E-12

      iter #   9 total cpu time :230347.5 secs   av.it.:  17.8
      thresh= 1.133E-07 alpha_mix =  0.700 |ddv_scf|^2 =  3.825E-13

      iter #  10 total cpu time :230601.7 secs   av.it.:  17.1
      thresh= 6.185E-08 alpha_mix =  0.700 |ddv_scf|^2 =  1.481E-13

      iter #  11 total cpu time :230861.3 secs   av.it.:  17.7
      thresh= 3.849E-08 alpha_mix =  0.700 |ddv_scf|^2 =  1.624E-13

      iter #  12 total cpu time :231111.2 secs   av.it.:  16.9
      thresh= 4.030E-08 alpha_mix =  0.700 |ddv_scf|^2 =  6.497E-15

     End of self-consistent calculation

     Convergence has been achieved 


     Representation #  74 modes #  94  95

     Self-consistent Calculation

      iter #   1 total cpu time :231251.4 secs   av.it.:   8.0
      thresh= 1.000E-02 alpha_mix =  0.700 |ddv_scf|^2 =  5.865E-07

      iter #   2 total cpu time :231525.2 secs   av.it.:  18.8
      thresh= 7.659E-05 alpha_mix =  0.700 |ddv_scf|^2 =  1.038E-05

      iter #   3 total cpu time :231756.1 secs   av.it.:  15.3
      thresh= 3.222E-04 alpha_mix =  0.700 |ddv_scf|^2 =  2.791E-07

      iter #   4 total cpu time :232002.0 secs   av.it.:  16.5
      thresh= 5.283E-05 alpha_mix =  0.700 |ddv_scf|^2 =  6.255E-09

      iter #   5 total cpu time :232267.8 secs   av.it.:  18.1
      thresh= 7.909E-06 alpha_mix =  0.700 |ddv_scf|^2 =  5.861E-10

      iter #   6 total cpu time :232529.4 secs   av.it.:  17.9
      thresh= 2.421E-06 alpha_mix =  0.700 |ddv_scf|^2 =  8.121E-11

      iter #   7 total cpu time :232791.1 secs   av.it.:  17.8
      thresh= 9.011E-07 alpha_mix =  0.700 |ddv_scf|^2 =  8.886E-12

      iter #   8 total cpu time :233051.6 secs   av.it.:  17.8
      thresh= 2.981E-07 alpha_mix =  0.700 |ddv_scf|^2 =  5.530E-12

      iter #   9 total cpu time :233311.0 secs   av.it.:  17.6
      thresh= 2.352E-07 alpha_mix =  0.700 |ddv_scf|^2 =  5.569E-13

      iter #  10 total cpu time :233582.7 secs   av.it.:  18.6
      thresh= 7.463E-08 alpha_mix =  0.700 |ddv_scf|^2 =  3.087E-12

      iter #  11 total cpu time :233822.5 secs   av.it.:  16.1
      thresh= 1.757E-07 alpha_mix =  0.700 |ddv_scf|^2 =  9.536E-15

     End of self-consistent calculation

     Convergence has been achieved 


     Representation #  75 modes #  96  97

     Self-consistent Calculation

      iter #   1 total cpu time :233955.7 secs   av.it.:   7.1
      thresh= 1.000E-02 alpha_mix =  0.700 |ddv_scf|^2 =  2.496E-07

      iter #   2 total cpu time :234224.2 secs   av.it.:  18.5
      thresh= 4.996E-05 alpha_mix =  0.700 |ddv_scf|^2 =  4.601E-07

      iter #   3 total cpu time :234477.5 secs   av.it.:  17.4
      thresh= 6.783E-05 alpha_mix =  0.700 |ddv_scf|^2 =  1.172E-07

      iter #   4 total cpu time :234722.4 secs   av.it.:  16.5
      thresh= 3.424E-05 alpha_mix =  0.700 |ddv_scf|^2 =  2.552E-08

      iter #   5 total cpu time :234965.8 secs   av.it.:  16.3
      thresh= 1.598E-05 alpha_mix =  0.700 |ddv_scf|^2 =  1.480E-09

      iter #   6 total cpu time :235226.1 secs   av.it.:  17.8
      thresh= 3.848E-06 alpha_mix =  0.700 |ddv_scf|^2 =  5.399E-11

      iter #   7 total cpu time :235496.3 secs   av.it.:  18.4
      thresh= 7.348E-07 alpha_mix =  0.700 |ddv_scf|^2 =  6.671E-11

      iter #   8 total cpu time :235758.0 secs   av.it.:  17.8
      thresh= 8.168E-07 alpha_mix =  0.700 |ddv_scf|^2 =  6.960E-12

      iter #   9 total cpu time :236014.0 secs   av.it.:  17.9
      thresh= 2.638E-07 alpha_mix =  0.700 |ddv_scf|^2 =  5.799E-14

      iter #  10 total cpu time :236283.5 secs   av.it.:  18.6
      thresh= 2.408E-08 alpha_mix =  0.700 |ddv_scf|^2 =  4.647E-14

      iter #  11 total cpu time :236543.4 secs   av.it.:  17.9
      thresh= 2.156E-08 alpha_mix =  0.700 |ddv_scf|^2 =  2.252E-13

      iter #  12 total cpu time :236784.5 secs   av.it.:  16.2
      thresh= 4.745E-08 alpha_mix =  0.700 |ddv_scf|^2 =  9.659E-15

     End of self-consistent calculation

     Convergence has been achieved 


     Representation #  76 modes #  98  99

     Self-consistent Calculation

      iter #   1 total cpu time :236913.6 secs   av.it.:   6.9
      thresh= 1.000E-02 alpha_mix =  0.700 |ddv_scf|^2 =  8.907E-07

      iter #   2 total cpu time :237176.7 secs   av.it.:  17.9
      thresh= 9.438E-05 alpha_mix =  0.700 |ddv_scf|^2 =  1.714E-05

      iter #   3 total cpu time :237397.0 secs   av.it.:  14.8
      thresh= 4.139E-04 alpha_mix =  0.700 |ddv_scf|^2 =  2.423E-07

      iter #   4 total cpu time :237646.0 secs   av.it.:  17.0
      thresh= 4.923E-05 alpha_mix =  0.700 |ddv_scf|^2 =  2.224E-08

      iter #   5 total cpu time :237898.6 secs   av.it.:  17.2
      thresh= 1.491E-05 alpha_mix =  0.700 |ddv_scf|^2 =  8.672E-10

      iter #   6 total cpu time :238164.5 secs   av.it.:  18.0
      thresh= 2.945E-06 alpha_mix =  0.700 |ddv_scf|^2 =  1.953E-10

      iter #   7 total cpu time :238427.7 secs   av.it.:  17.9
      thresh= 1.398E-06 alpha_mix =  0.700 |ddv_scf|^2 =  8.251E-11

      iter #   8 total cpu time :238688.1 secs   av.it.:  17.8
      thresh= 9.083E-07 alpha_mix =  0.700 |ddv_scf|^2 =  3.013E-11

      iter #   9 total cpu time :238935.2 secs   av.it.:  16.7
      thresh= 5.489E-07 alpha_mix =  0.700 |ddv_scf|^2 =  9.338E-14

      iter #  10 total cpu time :239207.2 secs   av.it.:  18.7
      thresh= 3.056E-08 alpha_mix =  0.700 |ddv_scf|^2 =  1.257E-13

      iter #  11 total cpu time :239465.9 secs   av.it.:  17.6
      thresh= 3.546E-08 alpha_mix =  0.700 |ddv_scf|^2 =  3.610E-14

      iter #  12 total cpu time :239721.8 secs   av.it.:  17.2
      thresh= 1.900E-08 alpha_mix =  0.700 |ddv_scf|^2 =  1.117E-14

      iter #  13 total cpu time :239982.8 secs   av.it.:  17.6
      thresh= 1.057E-08 alpha_mix =  0.700 |ddv_scf|^2 =  2.029E-15

     End of self-consistent calculation

     Convergence has been achieved 


     Representation #  77 modes # 100 101

     Self-consistent Calculation

      iter #   1 total cpu time :240099.9 secs   av.it.:   5.2
      thresh= 1.000E-02 alpha_mix =  0.700 |ddv_scf|^2 =  2.066E-08

      iter #   2 total cpu time :240374.7 secs   av.it.:  18.8
      thresh= 1.437E-05 alpha_mix =  0.700 |ddv_scf|^2 =  2.741E-07

      iter #   3 total cpu time :240605.2 secs   av.it.:  15.3
      thresh= 5.235E-05 alpha_mix =  0.700 |ddv_scf|^2 =  1.138E-08

      iter #   4 total cpu time :240852.1 secs   av.it.:  16.9
      thresh= 1.067E-05 alpha_mix =  0.700 |ddv_scf|^2 =  1.645E-09

      iter #   5 total cpu time :241104.4 secs   av.it.:  16.9
      thresh= 4.056E-06 alpha_mix =  0.700 |ddv_scf|^2 =  6.856E-11

      iter #   6 total cpu time :241371.7 secs   av.it.:  18.2
      thresh= 8.280E-07 alpha_mix =  0.700 |ddv_scf|^2 =  9.938E-12

      iter #   7 total cpu time :241632.8 secs   av.it.:  17.9
      thresh= 3.152E-07 alpha_mix =  0.700 |ddv_scf|^2 =  1.967E-12

      iter #   8 total cpu time :241895.4 secs   av.it.:  17.9
      thresh= 1.402E-07 alpha_mix =  0.700 |ddv_scf|^2 =  4.522E-13

      iter #   9 total cpu time :242173.7 secs   av.it.:  18.9
      thresh= 6.724E-08 alpha_mix =  0.700 |ddv_scf|^2 =  5.131E-12

      iter #  10 total cpu time :242403.2 secs   av.it.:  15.8
      thresh= 2.265E-07 alpha_mix =  0.700 |ddv_scf|^2 =  1.132E-14

      iter #  11 total cpu time :242675.4 secs   av.it.:  18.6
      thresh= 1.064E-08 alpha_mix =  0.700 |ddv_scf|^2 =  1.095E-14

      iter #  12 total cpu time :242927.1 secs   av.it.:  17.2
      thresh= 1.046E-08 alpha_mix =  0.700 |ddv_scf|^2 =  1.456E-15

     End of self-consistent calculation

     Convergence has been achieved 


     Representation #  78 modes # 102 103

     Self-consistent Calculation

      iter #   1 total cpu time :243051.4 secs   av.it.:   6.7
      thresh= 1.000E-02 alpha_mix =  0.700 |ddv_scf|^2 =  1.123E-07

      iter #   2 total cpu time :243314.4 secs   av.it.:  18.3
      thresh= 3.351E-05 alpha_mix =  0.700 |ddv_scf|^2 =  9.721E-08

      iter #   3 total cpu time :243574.2 secs   av.it.:  17.9
      thresh= 3.118E-05 alpha_mix =  0.700 |ddv_scf|^2 =  5.352E-08

      iter #   4 total cpu time :243818.0 secs   av.it.:  16.6
      thresh= 2.314E-05 alpha_mix =  0.700 |ddv_scf|^2 =  1.246E-08

      iter #   5 total cpu time :244056.8 secs   av.it.:  16.2
      thresh= 1.116E-05 alpha_mix =  0.700 |ddv_scf|^2 =  7.088E-10

      iter #   6 total cpu time :244314.8 secs   av.it.:  17.8
      thresh= 2.662E-06 alpha_mix =  0.700 |ddv_scf|^2 =  2.536E-11

      iter #   7 total cpu time :244584.3 secs   av.it.:  18.4
      thresh= 5.036E-07 alpha_mix =  0.700 |ddv_scf|^2 =  1.873E-11

      iter #   8 total cpu time :244843.0 secs   av.it.:  17.6
      thresh= 4.327E-07 alpha_mix =  0.700 |ddv_scf|^2 =  1.652E-12

      iter #   9 total cpu time :245106.0 secs   av.it.:  18.0
      thresh= 1.285E-07 alpha_mix =  0.700 |ddv_scf|^2 =  9.255E-14

      iter #  10 total cpu time :245376.1 secs   av.it.:  18.6
      thresh= 3.042E-08 alpha_mix =  0.700 |ddv_scf|^2 =  3.628E-13

      iter #  11 total cpu time :245602.9 secs   av.it.:  15.5
      thresh= 6.023E-08 alpha_mix =  0.700 |ddv_scf|^2 =  5.413E-14

      iter #  12 total cpu time :245858.6 secs   av.it.:  17.4
      thresh= 2.327E-08 alpha_mix =  0.700 |ddv_scf|^2 =  2.136E-14

      iter #  13 total cpu time :246117.6 secs   av.it.:  17.4
      thresh= 1.461E-08 alpha_mix =  0.700 |ddv_scf|^2 =  7.782E-16

     End of self-consistent calculation

     Convergence has been achieved 


     Representation #  79 modes # 104 105

     Self-consistent Calculation

      iter #   1 total cpu time :246243.3 secs   av.it.:   6.0
      thresh= 1.000E-02 alpha_mix =  0.700 |ddv_scf|^2 =  9.397E-08

      iter #   2 total cpu time :246517.6 secs   av.it.:  18.6
      thresh= 3.066E-05 alpha_mix =  0.700 |ddv_scf|^2 =  1.624E-06

      iter #   3 total cpu time :246744.6 secs   av.it.:  15.1
      thresh= 1.274E-04 alpha_mix =  0.700 |ddv_scf|^2 =  3.570E-08

      iter #   4 total cpu time :246991.2 secs   av.it.:  16.6
      thresh= 1.889E-05 alpha_mix =  0.700 |ddv_scf|^2 =  3.034E-09

      iter #   5 total cpu time :247241.0 secs   av.it.:  17.2
      thresh= 5.508E-06 alpha_mix =  0.700 |ddv_scf|^2 =  1.877E-10

      iter #   6 total cpu time :247505.6 secs   av.it.:  18.1
      thresh= 1.370E-06 alpha_mix =  0.700 |ddv_scf|^2 =  3.316E-11

      iter #   7 total cpu time :247764.6 secs   av.it.:  17.8
      thresh= 5.759E-07 alpha_mix =  0.700 |ddv_scf|^2 =  4.538E-12

      iter #   8 total cpu time :248030.3 secs   av.it.:  18.0
      thresh= 2.130E-07 alpha_mix =  0.700 |ddv_scf|^2 =  1.689E-12

      iter #   9 total cpu time :248299.8 secs   av.it.:  18.3
      thresh= 1.300E-07 alpha_mix =  0.700 |ddv_scf|^2 =  1.331E-11

      iter #  10 total cpu time :248523.0 secs   av.it.:  14.9
      thresh= 3.648E-07 alpha_mix =  0.700 |ddv_scf|^2 =  3.886E-13

      iter #  11 total cpu time :248772.0 secs   av.it.:  17.1
      thresh= 6.234E-08 alpha_mix =  0.700 |ddv_scf|^2 =  3.069E-14

      iter #  12 total cpu time :249044.6 secs   av.it.:  18.7
      thresh= 1.752E-08 alpha_mix =  0.700 |ddv_scf|^2 =  3.586E-14

      iter #  13 total cpu time :249299.4 secs   av.it.:  17.4
      thresh= 1.894E-08 alpha_mix =  0.700 |ddv_scf|^2 =  2.994E-15

     End of self-consistent calculation

     Convergence has been achieved 


     Representation #  80 modes # 106 107

     Self-consistent Calculation

      iter #   1 total cpu time :249426.3 secs   av.it.:   6.8
      thresh= 1.000E-02 alpha_mix =  0.700 |ddv_scf|^2 =  3.337E-07

      iter #   2 total cpu time :249692.6 secs   av.it.:  18.1
      thresh= 5.777E-05 alpha_mix =  0.700 |ddv_scf|^2 =  4.198E-06

      iter #   3 total cpu time :249917.7 secs   av.it.:  15.0
      thresh= 2.049E-04 alpha_mix =  0.700 |ddv_scf|^2 =  2.648E-07

      iter #   4 total cpu time :250165.3 secs   av.it.:  16.9
      thresh= 5.146E-05 alpha_mix =  0.700 |ddv_scf|^2 =  1.686E-08

      iter #   5 total cpu time :250418.0 secs   av.it.:  17.5
      thresh= 1.299E-05 alpha_mix =  0.700 |ddv_scf|^2 =  8.321E-10

      iter #   6 total cpu time :250682.1 secs   av.it.:  18.0
      thresh= 2.885E-06 alpha_mix =  0.700 |ddv_scf|^2 =  7.544E-11

      iter #   7 total cpu time :250950.6 secs   av.it.:  18.5
      thresh= 8.686E-07 alpha_mix =  0.700 |ddv_scf|^2 =  1.170E-10

      iter #   8 total cpu time :251203.3 secs   av.it.:  17.1
      thresh= 1.082E-06 alpha_mix =  0.700 |ddv_scf|^2 =  8.808E-12

      iter #   9 total cpu time :251449.1 secs   av.it.:  16.5
      thresh= 2.968E-07 alpha_mix =  0.700 |ddv_scf|^2 =  6.504E-12

      iter #  10 total cpu time :251686.5 secs   av.it.:  15.9
      thresh= 2.550E-07 alpha_mix =  0.700 |ddv_scf|^2 =  1.176E-13

      iter #  11 total cpu time :251951.7 secs   av.it.:  18.0
      thresh= 3.430E-08 alpha_mix =  0.700 |ddv_scf|^2 =  3.393E-14

      iter #  12 total cpu time :252219.9 secs   av.it.:  18.1
      thresh= 1.842E-08 alpha_mix =  0.700 |ddv_scf|^2 =  1.168E-14

      iter #  13 total cpu time :252486.3 secs   av.it.:  17.9
      thresh= 1.081E-08 alpha_mix =  0.700 |ddv_scf|^2 =  4.180E-15

     End of self-consistent calculation

     Convergence has been achieved 


     Representation #  81 modes # 108 109

     Self-consistent Calculation

      iter #   1 total cpu time :252630.7 secs   av.it.:   7.0
      thresh= 1.000E-02 alpha_mix =  0.700 |ddv_scf|^2 =  8.411E-08

      iter #   2 total cpu time :252910.7 secs   av.it.:  19.0
      thresh= 2.900E-05 alpha_mix =  0.700 |ddv_scf|^2 =  2.071E-07

      iter #   3 total cpu time :253168.1 secs   av.it.:  17.5
      thresh= 4.550E-05 alpha_mix =  0.700 |ddv_scf|^2 =  4.478E-08

      iter #   4 total cpu time :253418.5 secs   av.it.:  16.8
      thresh= 2.116E-05 alpha_mix =  0.700 |ddv_scf|^2 =  1.454E-08

      iter #   5 total cpu time :253650.8 secs   av.it.:  15.8
      thresh= 1.206E-05 alpha_mix =  0.700 |ddv_scf|^2 =  1.434E-10

      iter #   6 total cpu time :253916.9 secs   av.it.:  18.1
      thresh= 1.197E-06 alpha_mix =  0.700 |ddv_scf|^2 =  1.269E-11

      iter #   7 total cpu time :254185.1 secs   av.it.:  18.2
      thresh= 3.563E-07 alpha_mix =  0.700 |ddv_scf|^2 =  1.251E-11

      iter #   8 total cpu time :254441.1 secs   av.it.:  17.2
      thresh= 3.537E-07 alpha_mix =  0.700 |ddv_scf|^2 =  4.101E-13

      iter #   9 total cpu time :254706.5 secs   av.it.:  18.0
      thresh= 6.404E-08 alpha_mix =  0.700 |ddv_scf|^2 =  1.006E-13

      iter #  10 total cpu time :254983.6 secs   av.it.:  18.9
      thresh= 3.172E-08 alpha_mix =  0.700 |ddv_scf|^2 =  1.371E-12

      iter #  11 total cpu time :255209.0 secs   av.it.:  15.2
      thresh= 1.171E-07 alpha_mix =  0.700 |ddv_scf|^2 =  5.526E-15

     End of self-consistent calculation

     Convergence has been achieved 


     Representation #  82 modes # 110 111

     Self-consistent Calculation

      iter #   1 total cpu time :255322.1 secs   av.it.:   5.1
      thresh= 1.000E-02 alpha_mix =  0.700 |ddv_scf|^2 =  1.006E-08

      iter #   2 total cpu time :255594.0 secs   av.it.:  18.6
      thresh= 1.003E-05 alpha_mix =  0.700 |ddv_scf|^2 =  4.607E-08

      iter #   3 total cpu time :255832.7 secs   av.it.:  16.0
      thresh= 2.146E-05 alpha_mix =  0.700 |ddv_scf|^2 =  2.072E-08

      iter #   4 total cpu time :256071.4 secs   av.it.:  16.1
      thresh= 1.440E-05 alpha_mix =  0.700 |ddv_scf|^2 =  1.679E-10

      iter #   5 total cpu time :256339.7 secs   av.it.:  18.2
      thresh= 1.296E-06 alpha_mix =  0.700 |ddv_scf|^2 =  7.686E-11

      iter #   6 total cpu time :256593.0 secs   av.it.:  17.1
      thresh= 8.767E-07 alpha_mix =  0.700 |ddv_scf|^2 =  9.961E-13

      iter #   7 total cpu time :256863.2 secs   av.it.:  18.8
      thresh= 9.981E-08 alpha_mix =  0.700 |ddv_scf|^2 =  9.406E-13

      iter #   8 total cpu time :257116.4 secs   av.it.:  17.2
      thresh= 9.698E-08 alpha_mix =  0.700 |ddv_scf|^2 =  3.830E-14

      iter #   9 total cpu time :257395.8 secs   av.it.:  19.1
      thresh= 1.957E-08 alpha_mix =  0.700 |ddv_scf|^2 =  8.121E-14

      iter #  10 total cpu time :257643.5 secs   av.it.:  16.8
      thresh= 2.850E-08 alpha_mix =  0.700 |ddv_scf|^2 =  1.662E-14

      iter #  11 total cpu time :257889.6 secs   av.it.:  16.7
      thresh= 1.289E-08 alpha_mix =  0.700 |ddv_scf|^2 =  1.335E-15

     End of self-consistent calculation

     Convergence has been achieved 


     Representation #  83 modes # 112 113

     Self-consistent Calculation

      iter #   1 total cpu time :258015.1 secs   av.it.:   6.8
      thresh= 1.000E-02 alpha_mix =  0.700 |ddv_scf|^2 =  6.224E-07
