     diagonalizing the dynamical matrix ...

 q =       0.0000      0.0000      0.0000
 **************************************************************************
     freq (    1) =      -1.624751 [THz] =     -54.195870 [cm-1]
 ( -0.051121   0.000000     0.005341   0.000000    -0.008298   0.000000   )
 ( -0.000617   0.000000    -0.031479   0.000000     0.001381   0.000000   )
 (  0.052788   0.000000     0.000368   0.000000    -0.002316   0.000000   )
 ( -0.008957   0.000000     0.030485   0.000000     0.013916   0.000000   )
 ( -0.051121   0.000000     0.005341   0.000000     0.008298   0.000000   )
 ( -0.000617   0.000000    -0.031479   0.000000    -0.001381   0.000000   )
 ( -0.029780   0.000000    -0.209362   0.000000    -0.079779   0.000000   )
 ( -0.032177   0.000000    -0.008997   0.000000    -0.028350   0.000000   )
 (  0.015087   0.000000     0.019188   0.000000     0.047541   0.000000   )
 (  0.351088   0.000000     0.017759   0.000000     0.133785   0.000000   )
 (  0.052788   0.000000     0.000368   0.000000     0.002316   0.000000   )
 ( -0.008957   0.000000     0.030485   0.000000    -0.013916   0.000000   )
 ( -0.029780   0.000000    -0.209362   0.000000     0.079779   0.000000   )
 ( -0.032177   0.000000    -0.008997   0.000000     0.028350   0.0
     Polarizability (A^3 units)
     multiply by 0.154337 for Clausius-Mossotti correction
      1046.093209    0.000000    0.000000
         0.000000 1046.093209    0.000000
         0.000000    0.000000  749.748276

     IR activities are in (D/A)^2/amu units
     Raman activities are in A^4/amu units
     multiply Raman by 0.023820 for Clausius-Mossotti correction

# mode   [cm-1]    [THz]      IR          Raman   depol.fact
    1    -54.20   -1.6248   62.5107      2205.7660    0.7500
    2    -54.20   -1.6248   62.5107      2205.7660    0.7500
    3    -16.65   -0.4993    1.3656        12.6524    0.7500
    4    -16.65   -0.4993    1.3656        12.6524    0.7500
    5     -0.00   -0.0000    0.0000         0.1487    0.7500
    6     -0.00   -0.0000    0.0000         0.1486    0.7500
    7      0.00    0.0000    0.0000         0.3699    0.7500
    8     10.11    0.3031   10.6209       403.3909    0.7500
    9     16.10    0.4825   34.2902       494.2537    0.7500
   10     16.10    0.4825   34.2902       494.2537    0.7500
   11     31.60    0.9473    7.9335         9.9528    0.7500
   12     31.60    0.9473    7.9335         9.9528    0.7500
   13     38.55    1.1556   44.9623        16.7389    0.7500
   14     38.55    1.1556   44.9623        16.7389    0.7500
   15     46.89    1.4056    0.0000      3058.1977    0.2619
   16     47.07    1.4112    0.0353       265.5369    0.7500
   17     47.07    1.4112    0.0353       265.5369    0.7500
   18     47.37    1.4202    0.0000         0.0000    0.7416
   19     48.42    1.4517    0.0000      5545.7162    0.7500
   20     51.08    1.5314    0.8163       192.8556    0.7500
   21     54.20    1.6250    0.0000       619.7147    0.7500
   22     55.55    1.6654    0.0000         0.0000    0.6564
   23     57.90    1.7358    3.4576       916.5512    0.7500
   24     57.90    1.7358    3.4576       916.5512    0.7500
   25     59.35    1.7792   74.7746        96.1296    0.7500
   26     59.86    1.7946    1.3019       577.2115    0.7500
   27     59.86    1.7946    1.3019       577.2115    0.7500
   28     60.41    1.8111    0.0000        30.7630    0.7500
   29     63.19    1.8943    0.0001       135.1757    0.7500
   30     63.19    1.8943    0.0001       135.1757    0.7500
   31     64.05    1.9202    0.0000     27875.7380    0.0273
   32     65.94    1.9769    0.0001        20.7953    0.7500
   33     65.94    1.9769    0.0001        20.7953    0.7500
   34     69.39    2.0804    0.1740       117.7944    0.7500
   35     69.39    2.0804    0.1740       117.7944    0.7500
   36     69.85    2.0940    0.0801        51.0024    0.7500
   37     71.70    2.1494    0.0209       176.8639    0.7500
   38     71.70    2.1494    0.0209       176.8639    0.7500
   39     72.93    2.1864    5.9997       151.9162    0.7500
   40     74.41    2.2307    0.0000         0.0000    0.2172
   41     76.86    2.3042    9.7987       139.5785    0.7500
   42     77.71    2.3298    0.0000       441.7517    0.6552
   43     78.46    2.3522    0.0839       172.9836    0.7500
   44     78.46    2.3522    0.0839       172.9836    0.7500
   45     80.33    2.4081    0.0095        11.9496    0.7500
   46     81.64    2.4476    0.0000         0.0000    0.7446
   47     89.68    2.6886    0.6824       251.0698    0.7500
   48     89.68    2.6886    0.6824       251.0698    0.7500
   49     90.48    2.7125    0.0000      4391.7408    0.0377
   50     90.94    2.7264    0.0000         0.0000    0.0496
   51     96.56    2.8947    0.0000     36936.9793    0.0052
   52     96.90    2.9049    0.0045       462.2368    0.7500
   53     96.90    2.9049    0.0045       462.2368    0.7500
   54     98.70    2.9589    0.0886         7.2029    0.7500
   55    100.27    3.0061    0.3025         7.1140    0.7500
   56    102.78    3.0812    0.0000      6309.6869    0.0406
   57    108.75    3.2601    0.0000      5191.6934    0.7500
   58    112.08    3.3602    0.0000     11393.1402    0.0084
   59    125.68    3.7679    0.0098       163.9443    0.7500
   60    126.67    3.7976    0.3012       219.8902    0.7500
   61    126.67    3.7976    0.3012       219.8902    0.7500
   62    128.15    3.8418    0.0000         0.0000    0.7499
   63    136.67    4.0973    0.0000      4875.8536    0.0004
   64    147.62    4.4257    0.0000       343.6374    0.5961
   65    147.82    4.4315    0.0600         6.4269    0.7500
   66    148.73    4.4589    0.0000      3430.4723    0.7500
   67    150.01    4.4971    0.2429        75.9305    0.7500
   68    150.01    4.4971    0.2429        75.9305    0.7500
   69    150.36    4.5078    0.0000       252.9334    0.1250
   70    152.13    4.5607    0.0000       503.5764    0.7500
   71    155.93    4.6746    0.0000     13421.6425    0.0004
   72    160.68    4.8172    0.0000       496.9694    0.6022
   73    244.02    7.3156    0.2708      6608.8194    0.7500
   74    244.02    7.3156    0.2708      6608.8194    0.7500
   75    248.23    7.4419    1.2881      7775.6678    0.7500
   76    248.23    7.4419    1.2881      7775.6678    0.7500
   77    263.13    7.8884  346.3665      3382.8989    0.7500
   78    263.13    7.8884  346.3665      3382.8989    0.7500
   79    273.67    8.2043   36.9322      5009.0433    0.7500
   80    273.67    8.2043   36.9322      5009.0433    0.7500
   81    283.11    8.4875    0.0000         0.0000    0.7499
   82    291.45    8.7375    0.0014        70.4420    0.7500
   83    294.47    8.8279    0.0000         0.0000    0.7150
   84    298.31    8.9431    2.2091      2407.4695    0.7500
   85    320.64    9.6125    0.0000     10512.4906    0.0740
   86    324.79    9.7368    0.2788        76.8776    0.7500
   87    324.79    9.7368    0.2788        76.8776    0.7500
   88    335.65   10.0627    2.5215      1569.9639    0.7500
   89    336.99   10.1027    0.0000      1677.0843    0.7498
   90    339.15   10.1675    0.2443      1101.3636    0.7500
   91    339.15   10.1675    0.2443      1101.3636    0.7500
   92    339.38   10.1743    0.0000         3.9192    0.7500
   93    345.91   10.3702    7.5242      9773.7858    0.7500
   94    351.40   10.5346    0.4905     11549.6388    0.7500
   95    365.63   10.9613    0.0000         0.0000    0.7321
   96    368.32   11.0421  281.7367      1624.5692    0.7500
   97    368.76   11.0551    0.0735       970.3614    0.7500
   98    368.76   11.0551    0.0735       970.3614    0.7500
   99    372.12   11.1559    0.0000         0.0000    0.1900
  100    373.43   11.1952    0.0000        24.0556    0.7500
  101    374.42   11.2247    0.0000     43219.6578    0.0230
  102    378.42   11.3447    0.6895      1974.6924    0.7500
  103    378.42   11.3447    0.6895      1974.6924    0.7500
  104    386.83   11.5968    4.5913        11.8164    0.7500
  105    399.16   11.9666    0.3742       932.8890    0.7500
  106    399.16   11.9666    0.3742       932.8890    0.7500
  107    399.68   11.9821    0.0000      4132.0961    0.0043
  108    403.45   12.0951    6.5011      8168.3903    0.7500
  109    409.81   12.2859    0.1083      1141.4288    0.7500
  110    409.81   12.2859    0.1083      1141.4288    0.7500
  111    421.05   12.6228    0.2186      4516.1521    0.7500
  112    421.05   12.6228    0.2186      4516.1521    0.7500
  113    445.45   13.3543    0.2156      1595.6185    0.7500
  114    445.45   13.3543    0.2156      1595.6185    0.7500
  115    460.80   13.8145    0.9155      6248.3975    0.7500
  116    460.80   13.8145    0.9155      6248.3975    0.7500
  117    461.98   13.8497   31.6533     22840.2858    0.7500
 
     DYNMAT       :     28.76s CPU     29.14s WALL

 
   This run was terminated on:  11:23:10  28Aug2026            

=------------------------------------------------------------------------------=
   JOB DONE.
=------------------------------------------------------------------------------=
  0.000918   0.000000   )
 ( -0.120409   0.000000     0.107705   0.000000     0.000181   0.000000   )
     freq (    4) =      -0.499287 [THz] =     -16.654432 [cm-1]
 (  0.120034   0.000000     0.159639   0.000000     0.016421   0.000000   )
 ( -0.100132   0.000000    -0.179997   0.000000     0.016383   0.000000   )
 ( -0.159630   0.000000    -0.112908   0.000000     0.014529   0.000000   )
 (  0.141575   0.000000     0.135349   0.000000     0.014563   0.000000   )
 (  0.120034   0.000000     0.159639   0.000000    -0.016421   0.000000   )
 ( -0.100132   0.000000    -0.179997   0.000000    -0.016383   0.000000   )
 (  0.145010   0.000000     0.090490   0.000000    -0.007158   0.000000   )
 ( -0.124205   0.000000    -0.164528   0.000000     0.009606   0.000000   )
 ( -0.145910   0.000000    -0.140052   0.000000     0.008519   0.000000   )
 (  0.080250   0.000000     0.163513   0.000000    -0.006348   0.000000   )
 ( -0.159630   0.000000    -0.112908   0.000000    -0.014529   0.000000   )
 (  0.141575   0.000000     0.135349   0.000000    -0.014563   0.000000   )
 (  0.145010   0.000000     0.090490   0.000000     0.007158   0.000000   )
 ( -0.124205   0.000000    -0.164528   0.000000    -0.009606   0.000000   )
 ( -0.145910   0.000000    -0.140052   0.000000    -0.008519   0.000000   )
 (  0.080250   0.000000     0.163513   0.000000     0.006348   0.000000   )
 (  0.058094   0.000000    -0.025858   0.000000     0.066139   0.000000   )
 ( -0.022932   0.000000     0.065507   0.000000     0.058655   0.000000   )
 (  0.058094   0.000000    -0.025858   0.000000    -0.066139   0.000000   )
 (  0.069687   0.000000     0.010890   0.000000     0.043555   0.000000   )
 (  0.009657   0.000000     0.078578   0.000000     0.038626   0.000000   )
 ( -0.022932   0.000000     0.065507   0.000000    -0.058655   0.000000   )
 (  0.069687   0.000000     0.010890   0.000000    -0.043555   0.000000   )
 (  0.009657   0.000000     0.078578   0.000000    -0.038626   0.000000   )
 (  0.112519   0.000000     0.126876   0.000000     0.000000   0.000000   )
 ( -0.082451   0.000000    -0.106962   0.000000     0.000000   0.000000   )
 (  0.094121   0.000000     0.120233   0.000000     0.000000   0.000000   )
 ( -0.088238   0.000000    -0.099496   0.000000     0.000000   0.000000   )
 (  0.107705   0.000000     0.120409   0.000000     0.000181   0.000000   )
 ( -0.094782   0.000000    -0.106756   0.000000     0.015303   0.000000   )
 (  0.099079   0.000000     0.112759   0.000000     0.003011   0.000000   )
 ( -0.093788   0.000000    -0.105875   0.000000     0.000918   0.000000   )
 ( -0.093788   0.000000    -0.105875   0.000000    -0.000918   0.000000   )
 (  0.107705   0.000000     0.120409   0.000000    -0.000181   0.000000   )
 (  0.106628   0.000000     0.106130   0.000000     0.000000   0.000000   )
 ( -0.094859   0.000000    -0.092971   0.000000     0.000000   0.000000   )
 ( -0.090853   0.000000    -0.102445   0.000000     0.000000   0.000000   )
 ( -0.094782   0.000000    -0.106756   0.000000    -0.015303   0.000000   )
 (  0.099079   0.000000     0.112759   0.000000    -0.003011   0.000000   )
     freq (    5) =      -0.000000 [THz] =      -0.000003 [cm-1]
 ( -0.157622   0.000000     0.027800   0.000000    -0.004856   0.000000   )
 ( -0.157622   0.000000     0.027800   0.000000    -0.004856   0.000000   )
 ( -0.157622   0.000000     0.027800   0.000000    -0.004856   0.000000   )
 ( -0.157622   0.000000     0.027800   0.000000    -0.004856   0.000000   )
 ( -0.157622   0.000000     0.027800   0.000000    -0.004856   0.000000   )
 ( -0.157622   0.000000     0.027800   0.000000    -0.004856   0.000000   )
 ( -0.157622   0.000000     0.027800   0.000000    -0.004856   0.000000   )
 ( -0.157622   0.000000     0.027800   0.000000    -0.004856   0.000000   )
 ( -0.157622   0.000000     0.027800   0.000000    -0.004856   0.000000   )
 ( -0.157622   0.000000     0.027800   0.000000    -0.004856   0.000000   )
 ( -0.157622   0.000000     0.027800   0.000000    -0.004856   0.000000   )
 ( -0.157622   0.000000     0.027800   0.000000    -0.004856   0.000000   )
 ( -0.157622   0.000000     0.027800   0.000000    -0.004856   0.000000   )
 ( -0.157622   0.000000     0.027800   0.000000    -0.004856   0.000000   )
 ( -0.157622   0.000000     0.027800   0.000000    -0.004856   0.000000   )
 ( -0.157622   0.000000     0.027800   0.000000    -0.004856   0.000000   )
 ( -0.157622   0.000000     0.027800   0.000000    -0.004856   0.000000   )
 ( -0.157622   0.000000     0.027800   0.000000    -0.004856   0.000000   )
 ( -0.157622   0.000000     0.027800   0.000000    -0.004856   0.000000   )
 ( -0.157622   0.000000     0.027800   0.000000    -0.004856   0.000000   )
 ( -0.157622   0.000000     0.027800   0.000000    -0.004856   0.000000   )
 ( -0.157622   0.000000     0.027800   0.000000    -0.004856   0.000000   )
 ( -0.157622   0.000000     0.027800   0.000000    -0.004856   0.000000   )
 ( -0.157622   0.000000     0.027800   0.000000    -0.004856   0.000000   )
 ( -0.157622   0.000000     0.027800   0.000000    -0.004856   0.000000   )
 ( -0.157622   0.000000     0.027800   0.000000    -0.004856   0.000000   )
 ( -0.157622   0.000000     0.027800   0.000000    -0.004856   0.000000   )
 ( -0.157622   0.000000     0.027800   0.000000    -0.004856   0.000000   )
 ( -0.157622   0.000000     0.027800   0.000000    -0.004856   0.000000   )
 ( -0.157622   0.000000     0.027800   0.000000    -0.004856   0.000000   )
 ( -0.157622   0.000000     0.027800   0.000000    -0.004856   0.000000   )
 ( -0.157622   0.000000     0.027800   0.000000    -0.004856   0.000000   )
 ( -0.157622   0.000000     0.027800   0.000000    -0.004856   0.000000   )
 ( -0.157622   0.000000     0.027800   0.000000    -0.004856   0.000000   )
 ( -0.157622   0.000000     0.027800   0.000000    -0.004856   0.000000   )
 ( -0.157622   0.000000     0.027800   0.000000    -0.004856   0.000000   )
 ( -0.157622   0.000000     0.027800   0.000000    -0.004856   0.000000   )
 ( -0.157622   0.000000     0.027800   0.000000    -0.004856   0.000000   )
 ( -0.157622   0.000000     0.027800   0.000000    -0.004856   0.000000   )
     freq (    6) =      -0.000000 [THz] =      -0.000003 [cm-1]
 ( -0.027687   0.000000    -0.157667   0.000000    -0.003940   0.000000   )
 ( -0.027687   0.000000    -0.157667   0.000000    -0.003940   0.000000   )
 ( -0.027687   0.000000    -0.157667   0.000000    -0.003940   0.000000   )
 ( -0.027687   0.000000    -0.157667   0.000000    -0.003940   0.000000   )
 ( -0.027687   0.000000    -0.157667   0.000000    -0.003940   0.000000   )
 ( -0.027687   0.000000    -0.157667   0.000000    -0.003940   0.000000   )
 ( -0.027687   0.000000    -0.157667   0.000000    -0.003940   0.000000   )
 ( -0.027687   0.000000    -0.157667   0.000000    -0.003940   0.000000   )
 ( -0.027687   0.000000    -0.157667   0.000000    -0.003940   0.000000   )
 ( -0.027687   0.000000    -0.157667   0.000000    -0.003940   0.000000   )
 ( -0.027687   0.000000    -0.157667   0.000000    -0.003940   0.000000   )
 ( -0.027687   0.000000    -0.157667   0.000000    -0.003940   0.000000   )
 ( -0.027687   0.000000    -0.157667   0.000000    -0.003940   0.000000   )
 ( -0.027687   0.000000    -0.157667   0.000000    -0.003940   0.000000   )
 ( -0.027687   0.000000    -0.157667   0.000000    -0.003940   0.000000   )
 ( -0.027687   0.000000    -0.157667   0.000000    -0.003940   0.000000   )
 ( -0.027687   0.000000    -0.157667   0.000000    -0.003940   0.000000   )
 ( -0.027687   0.000000    -0.157667   0.000000    -0.003940   0.000000   )
 ( -0.027687   0.000000    -0.157667   0.000000    -0.003940   0.000000   )
 ( -0.027687   0.000000    -0.157667   0.000000    -0.003940   0.000000   )
 ( -0.027687   0.000000    -0.157667   0.000000    -0.003940   0.000000   )
 ( -0.027687   0.000000    -0.157667   0.000000    -0.003940   0.000000   )
 ( -0.027687   0.000000    -0.157667   0.000000    -0.003940   0.000000   )
 ( -0.027687   0.000000    -0.157667   0.000000    -0.003940   0.000000   )
 ( -0.027687   0.000000    -0.157667   0.000000    -0.003940   0.000000   )
 ( -0.027687   0.000000    -0.157667   0.000000    -0.003940   0.000000   )
 ( -0.027687   0.000000    -0.157667   0.000000    -0.003940   0.000000   )
 ( -0.027687   0.000000    -0.157667   0.000000    -0.003940   0.000000   )
 ( -0.027687   0.000000    -0.157667   0.000000    -0.003940   0.000000   )
 ( -0.027687   0.000000    -0.157667   0.000000    -0.003940   0.000000   )
 ( -0.027687   0.000000    -0.157667   0.000000    -0.003940   0.000000   )
 ( -0.027687   0.000000    -0.157667   0.000000    -0.003940   0.000000   )
 ( -0.027687   0.000000    -0.157667   0.000000    -0.003940   0.000000   )
 ( -0.027687   0.000000    -0.157667   0.000000    -0.003940   0.000000   )
 ( -0.027687   0.000000    -0.157667   0.000000    -0.003940   0.000000   )
 ( -0.027687   0.000000    -0.157667   0.000000    -0.003940   0.000000   )
 ( -0.027687   0.000000    -0.157667   0.000000    -0.003940   0.000000   )
 ( -0.027687   0.000000    -0.157667   0.000000    -0.003940   0.000000   )
 ( -0.027687   0.000000    -0.157667   0.000000    -0.003940   0.000000   )
     freq (    7) =       0.000000 [THz] =       0.000007 [cm-1]
 (  0.005465   0.000000     0.003039   0.000000    -0.160006   0.000000   )
 (  0.005465   0.000000     0.003039   0.000000    -0.160006   0.000000   )
 (  0.005465   0.000000     0.003039   0.000000    -0.160006   0.000000   )
 (  0.005465   0.000000     0.003039   0.000000    -0.160006   0.000000   )
 (  0.005465   0.000000     0.003039   0.000000    -0.160006   0.000000   )
 (  0.005465   0.000000     0.003039   0.000000    -0.160006   0.000000   )
 (  0.005465   0.000000     0.003039   0.000000    -0.160006   0.000000   )
 (  0.005465   0.000000     0.003039   0.000000    -0.160006   0.000000   )
 (  0.005465   0.000000     0.003039   0.000000    -0.160006   0.000000   )
 (  0.005465   0.000000     0.003039   0.000000    -0.160006   0.000000   )
 (  0.005465   0.000000     0.003039   0.000000    -0.160006   0.000000   )
 (  0.005465   0.000000     0.003039   0.000000    -0.160006   0.000000   )
 (  0.005465   0.000000     0.003039   0.000000    -0.160006   0.000000   )
 (  0.005465   0.000000     0.003039   0.000000    -0.160006   0.000000   )
 (  0.005465   0.000000     0.003039   0.000000    -0.160006   0.000000   )
 (  0.005465   0.000000     0.003039   0.000000    -0.160006   0.000000   )
 (  0.005465   0.000000     0.003039   0.000000    -0.160006   0.000000   )
 (  0.005465   0.000000     0.003039   0.000000    -0.160006   0.000000   )
 (  0.005465   0.000000     0.003039   0.000000    -0.160006   0.000000   )
 (  0.005465   0.000000     0.003039   0.000000    -0.160006   0.000000   )
 (  0.005465   0.000000     0.003039   0.000000    -0.160006   0.000000   )
 (  0.005465   0.000000     0.003039   0.000000    -0.160006   0.000000   )
 (  0.005465   0.000000     0.003039   0.000000    -0.160006   0.000000   )
 (  0.005465   0.000000     0.003039   0.000000    -0.160006   0.000000   )
 (  0.005465   0.000000     0.003039   0.000000    -0.160006   0.000000   )
 (  0.005465   0.000000     0.003039   0.000000    -0.160006   0.000000   )
 (  0.005465   0.000000     0.003039   0.000000    -0.160006   0.000000   )
 (  0.005465   0.000000     0.003039   0.000000    -0.160006   0.000000   )
 (  0.005465   0.000000     0.003039   0.000000    -0.160006   0.000000   )
 (  0.005465   0.000000     0.003039   0.000000    -0.160006   0.000000   )
 (  0.005465   0.000000     0.003039   0.000000    -0.160006   0.000000   )
 (  0.005465   0.000000     0.003039   0.000000    -0.160006   0.000000   )
 (  0.005465   0.000000     0.003039   0.000000    -0.160006   0.000000   )
 (  0.005465   0.000000     0.003039   0.000000    -0.160006   0.000000   )
 (  0.005465   0.000000     0.003039   0.000000    -0.160006   0.000000   )
 (  0.005465   0.000000     0.003039   0.000000    -0.160006   0.000000   )
 (  0.005465   0.000000     0.003039   0.000000    -0.160006   0.000000   )
 (  0.005465   0.000000     0.003039   0.000000    -0.160006   0.000000   )
 (  0.005465   0.000000     0.003039   0.000000    -0.160006   0.000000   )
     freq (    8) =       0.303056 [THz] =      10.108850 [cm-1]
 ( -0.000000   0.000000     0.090497   0.000000     0.093269   0.000000   )
 ( -0.000000   0.000000     0.117679   0.000000     0.024885   0.000000   )
 (  0.117679   0.000000    -0.000000   0.000000     0.024885   0.000000   )
 (  0.090497   0.000000    -0.000000   0.000000     0.093269   0.000000   )
 ( -0.000000   0.000000    -0.090497   0.000000     0.093269   0.000000   )
 ( -0.000000   0.000000    -0.117679   0.000000     0.024885   0.000000   )
 (  0.000000   0.000000    -0.329367   0.000000    -0.103912   0.000000   )
 ( -0.000000   0.000000     0.020635   0.000000    -0.105180   0.000000   )
 (  0.020635   0.000000    -0.000000   0.000000    -0.105180   0.000000   )
 ( -0.329367   0.000000    -0.000000   0.000000    -0.103912   0.000000   )
 ( -0.117679   0.000000    -0.000000   0.000000     0.024885   0.000000   )
 ( -0.090497   0.000000    -0.000000   0.000000     0.093269   0.000000   )
 (  0.000000   0.000000     0.329367   0.000000    -0.103912   0.000000   )
 ( -0.000000   0.000000    -0.020635   0.000000    -0.105180   0.000000   )
 ( -0.020635   0.000000    -0.000000   0.000000    -0.105180   0.000000   )
 (  0.329367   0.000000    -0.000000   0.000000    -0.103912   0.000000   )
 (  0.000000   0.000000    -0.153616   0.000000     0.217064   0.000000   )
 ( -0.153616   0.000000     0.000000   0.000000     0.217064   0.000000   )
 ( -0.000000   0.000000     0.153616   0.000000     0.217064   0.000000   )
 ( -0.000000   0.000000     0.045268   0.000000    -0.001003   0.000000   )
 (  0.045268   0.000000     0.000000   0.000000    -0.001003   0.000000   )
 (  0.153616   0.000000     0.000000   0.000000     0.217064   0.000000   )
 ( -0.000000   0.000000    -0.045268   0.000000    -0.001003   0.000000   )
 ( -0.045268   0.000000     0.000000   0.000000    -0.001003   0.000000   )
 ( -0.000000   0.000000     0.000000   0.000000     0.098691   0.000000   )
 ( -0.000000   0.000000    -0.000000   0.000000     0.035348   0.000000   )
 ( -0.000000   0.000000     0.000000   0.000000     0.045201   0.000000   )
 ( -0.000000   0.000000    -0.000000   0.000000     0.109522   0.000000   )
 (  0.040841   0.000000    -0.040841   0.000000     0.022390   0.000000   )
 (  0.029027   0.000000     0.029027   0.000000     0.027654   0.000000   )
 ( -0.040841   0.000000    -0.040841   0.000000     0.022390   0.000000   )
 ( -0.029027   0.000000     0.029027   0.000000     0.027654   0.000000   )
 (  0.029027   0.000000    -0.029027   0.000000     0.027654   0.000000   )
 ( -0.040841   0.000000     0.040841   0.000000     0.022390   0.000000   )
 (  0.000000   0.000000     0.000000   0.000000     0.045201   0.000000   )
 ( -0.000000   0.000000    -0.000000   0.000000     0.035348   0.000000   )
 ( -0.000000   0.000000    -0.000000   0.000000    -0.083481   0.000000   )
 ( -0.029027   0.000000    -0.029027   0.000000     0.027654   0.000000   )
 (  0.040841   0.000000     0.040841   0.000000     0.022390   0.000000   )
     freq (    9) =       0.482521 [THz] =      16.095174 [cm-1]
 (  0.006347   0.000000     0.028604   0.000000     0.019001   0.000000   )
 (  0.124729   0.000000     0.015397   0.000000     0.025077   0.000000   )
 (  0.055137   0.000000     0.034829   0.000000     0.089803   0.000000   )
 (  0.102434   0.000000     0.001772   0.000000     0.068045   0.000000   )
 (  0.006347   0.000000     0.028604   0.000000    -0.019001   0.000000   )
 (  0.124729   0.000000     0.015397   0.000000    -0.025077   0.000000   )
 (  0.132127   0.000000    -0.046464   0.000000    -0.002796   0.000000   )
 ( -0.032415   0.000000     0.024830   0.000000     0.013168   0.000000   )
 (  0.088922   0.000000    -0.009052   0.000000     0.047156   0.000000   )
 ( -0.166395   0.000000     0.036895   0.000000    -0.010014   0.000000   )
 (  0.055137   0.000000     0.034829   0.000000    -0.089803   0.000000   )
 (  0.102434   0.000000     0.001772   0.000000    -0.068045   0.000000   )
 (  0.132127   0.000000    -0.046464   0.000000     0.002796   0.000000   )
 ( -0.032415   0.000000     0.024830   0.000000    -0.013168   0.000000   )
 (  0.088922   0.000000    -0.009052   0.000000    -0.047156   0.000000   )
 ( -0.166395   0.000000     0.036895   0.000000     0.010014   0.000000   )
 ( -0.086033   0.000000    -0.096423   0.000000     0.099233   0.000000   )
 ( -0.345306   0.000000    -0.024024   0.000000     0.355367   0.000000   )
 ( -0.086033   0.000000    -0.096423   0.000000    -0.099233   0.000000   )
 ( -0.160874   0.000000    -0.052940   0.000000     0.055299   0.000000   )
 ( -0.189586   0.000000    -0.044923   0.000000     0.198034   0.000000   )
 ( -0.345306   0.000000    -0.024024   0.000000    -0.355367   0.000000   )
 ( -0.160874   0.000000    -0.052940   0.000000    -0.055299   0.000000   )
 ( -0.189586   0.000000    -0.044923   0.000000    -0.198034   0.000000   )
 ( -0.021303   0.000000    -0.005949   0.000000    -0.000000   0.000000   )
 (  0.011678   0.000000    -0.005114   0.000000    -0.000000   0.000000   )
 ( -0.088874   0.000000    -0.006004   0.000000    -0.000000   0.000000   )
 ( -0.010661   0.000000    -0.002977   0.000000    -0.000000   0.000000   )
 ( -0.030372   0.000000     0.007233   0.000000    -0.017768   0.000000   )
 ( -0.022715   0.000000    -0.006578   0.000000     0.032879   0.000000   )
 ( -0.039890   0.000000    -0.026852   0.000000     0.031536   0.000000   )
 ( -0.022573   0.000000    -0.006069   0.000000    -0.018525   0.000000   )
 ( -0.022573   0.000000    -0.006069   0.000000     0.018525   0.000000   )
 ( -0.030372   0.000000     0.007233   0.000000     0.017768   0.000000   )
 ( -0.021501   0.000000    -0.024817   0.000000    -0.000000   0.000000   )
 ( -0.018316   0.000000     0.003261   0.000000    -0.000000   0.000000   )
 ( -0.024689   0.000000    -0.006894   0.000000    -0.000000   0.000000   )
 ( -0.022715   0.000000    -0.006578   0.000000    -0.032879   0.000000   )
 ( -0.039890   0.000000    -0.026852   0.000000    -0.031536   0.000000   )
     freq (   10) =       0.482521 [THz] =      16.095174 [cm-1]
 (  0.001772   0.000000    -0.102434   0.000000    -0.068045   0.000000   )
 (  0.034829   0.000000    -0.055137   0.000000    -0.089803   0.000000   )
 (  0.015397   0.000000    -0.124729   0.000000     0.025077   0.000000   )
 (  0.028604   0.000000    -0.006347   0.000000     0.019001   0.000000   )
 (  0.001772   0.000000    -0.102434   0.000000     0.068045   0.000000   )
 (  0.034829   0.000000    -0.055137   0.000000     0.089803   0.000000   )
 (  0.036895   0.000000     0.166395   0.000000     0.010014   0.000000   )
 ( -0.009052   0.000000    -0.088922   0.000000    -0.047156   0.000000   )
 (  0.024830   0.000000     0.032415   0.000000     0.013168   0.000000   )
 ( -0.046464   0.000000    -0.132127   0.000000    -0.002796   0.000000   )
 (  0.015397   0.000000    -0.124729   0.000000    -0.025077   0.000000   )
 (  0.028604   0.000000    -0.006347   0.000000    -0.019001   0.000000   )
 (  0.036895   0.000000     0.166395   0.000000    -0.010014   0.000000   )
 ( -0.009052   0.000000    -0.088922   0.000000     0.047156   0.000000   )
 (  0.024830   0.000000     0.032415   0.000000    -0.013168   0.000000   )
 ( -0.046464   0.000000    -0.132127   0.000000     0.002796   0.000000   )
 ( -0.024024   0.000000     0.345306   0.000000    -0.355367   0.000000   )
 ( -0.096423   0.000000     0.086033   0.000000     0.099233   0.000000   )
 ( -0.024024   0.000000     0.345306   0.000000     0.355367   0.000000   )
 ( -0.044923   0.000000     0.189586   0.000000    -0.198034   0.000000   )
 ( -0.052940   0.000000     0.160874   0.000000     0.055299   0.000000   )
 ( -0.096423   0.000000     0.086033   0.000000    -0.099233   0.000000   )
 ( -0.044923   0.000000     0.189586   0.000000     0.198034   0.000000   )
 ( -0.052940   0.000000     0.160874   0.000000    -0.055299   0.000000   )
 ( -0.005949   0.000000     0.021303   0.000000    -0.000000   0.000000   )
 (  0.003261   0.000000     0.018316   0.000000    -0.000000   0.000000   )
 ( -0.024817   0.000000     0.021501   0.000000    -0.000000   0.000000   )
 ( -0.002977   0.000000     0.010661   0.000000    -0.000000   0.000000   )
 ( -0.026852   0.000000     0.039890   0.000000    -0.031536   0.000000   )
 ( -0.006069   0.000000     0.022573   0.000000    -0.018525   0.000000   )
 (  0.007233   0.000000     0.030372   0.000000    -0.017768   0.000000   )
 ( -0.006578   0.000000     0.022715   0.000000    -0.032879   0.000000   )
 ( -0.006578   0.000000     0.022715   0.000000     0.032879   0.000000   )
 ( -0.026852   0.000000     0.039890   0.000000     0.031536   0.000000   )
 ( -0.006004   0.000000     0.088874   0.000000    -0.000000   0.000000   )
 ( -0.005114   0.000000    -0.011678   0.000000    -0.000000   0.000000   )
 ( -0.006894   0.000000     0.024689   0.000000     0.000000   0.000000   )
 ( -0.006069   0.000000     0.022573   0.000000     0.018525   0.000000   )
 (  0.007233   0.000000     0.030372   0.000000     0.017768   0.000000   )
     freq (   11) =       0.947293 [THz] =      31.598299 [cm-1]
 (  0.011172   0.000000    -0.242384   0.000000     0.002169   0.000000   )
 ( -0.029498   0.000000     0.013079   0.000000     0.051685   0.000000   )
 ( -0.002856   0.000000     0.135062   0.000000    -0.011288   0.000000   )
 (  0.052938   0.000000    -0.051151   0.000000    -0.000474   0.000000   )
 (  0.011172   0.000000    -0.242384   0.000000    -0.002169   0.000000   )
 ( -0.029498   0.000000     0.013079   0.000000    -0.051685   0.000000   )
 ( -0.008860   0.000000     0.087473   0.000000     0.108277   0.000000   )
 ( -0.009268   0.000000    -0.183654   0.000000     0.087698   0.000000   )
 (  0.040111   0.000000     0.042436   0.000000    -0.019154   0.000000   )
 ( -0.019105   0.000000     0.040568   0.000000    -0.023648   0.000000   )
 ( -0.002856   0.000000     0.135062   0.000000     0.011288   0.000000   )
 (  0.052938   0.000000    -0.051151   0.000000     0.000474   0.000000   )
 ( -0.008860   0.000000     0.087473   0.000000    -0.108277   0.000000   )
 ( -0.009268   0.000000    -0.183654   0.000000    -0.087698   0.000000   )
 (  0.040111   0.000000     0.042436   0.000000     0.019154   0.000000   )
 ( -0.019105   0.000000     0.040568   0.000000     0.023648   0.000000   )
 ( -0.081827   0.000000    -0.165000   0.000000     0.137819   0.000000   )
 (  0.036037   0.000000     0.374654   0.000000    -0.030100   0.000000   )
 ( -0.081827   0.000000    -0.165000   0.000000    -0.137819   0.000000   )
 ( -0.067732   0.000000    -0.114741   0.000000     0.125182   0.000000   )
 (  0.025060   0.000000     0.310118   0.000000    -0.027341   0.000000   )
 (  0.036037   0.000000     0.374654   0.000000     0.030100   0.000000   )
 ( -0.067732   0.000000    -0.114741   0.000000    -0.125182   0.000000   )
 (  0.025060   0.000000     0.310118   0.000000     0.027341   0.000000   )
 (  0.012557   0.000000    -0.057494   0.000000     0.000000   0.000000   )
 ( -0.008378   0.000000     0.066522   0.000000    -0.000000   0.000000   )
 ( -0.011627   0.000000     0.011930   0.000000     0.000000   0.000000   )
 ( -0.015692   0.000000     0.071846   0.000000    -0.000000   0.000000   )
 ( -0.027515   0.000000    -0.026733   0.000000     0.044149   0.000000   )
 ( -0.008051   0.000000     0.018005   0.000000     0.023279   0.000000   )
 (  0.042534   0.000000    -0.042032   0.000000     0.028321   0.000000   )
 (  0.000599   0.000000     0.016116   0.000000     0.036288   0.000000   )
 (  0.000599   0.000000     0.016116   0.000000    -0.036288   0.000000   )
 ( -0.027515   0.000000    -0.026733   0.000000    -0.044149   0.000000   )
 ( -0.002606   0.000000     0.053236   0.000000     0.000000   0.000000   )
 ( -0.014529   0.000000     0.038359   0.000000    -0.000000   0.000000   )
 ( -0.006454   0.000000     0.029550   0.000000    -0.000000   0.000000   )
 ( -0.008051   0.000000     0.018005   0.000000    -0.023279   0.000000   )
 (  0.042534   0.000000    -0.042032   0.000000    -0.028321   0.000000   )
     freq (   12) =       0.947293 [THz] =      31.598299 [cm-1]
 (  0.051151   0.000000     0.052938   0.000000    -0.000474   0.000000   )
 ( -0.135062   0.000000    -0.002856   0.000000    -0.011288   0.000000   )
 ( -0.013079   0.000000    -0.029498   0.000000    -0.051685   0.000000   )
 (  0.242384   0.000000     0.011172   0.000000    -0.002169   0.000000   )
 (  0.051151   0.000000     0.052938   0.000000     0.000474   0.000000   )
 ( -0.135062   0.000000    -0.002856   0.000000     0.011288   0.000000   )
 ( -0.040568   0.000000    -0.019105   0.000000    -0.023648   0.000000   )
 ( -0.042436   0.000000     0.040111   0.000000    -0.019154   0.000000   )
 (  0.183654   0.000000    -0.009268   0.000000    -0.087698   0.000000   )
 ( -0.087473   0.000000    -0.008860   0.000000    -0.108277   0.000000   )
 ( -0.013079   0.000000    -0.029498   0.000000     0.051685   0.000000   )
 (  0.242384   0.000000     0.011172   0.000000     0.002169   0.000000   )
 ( -0.040568   0.000000    -0.019105   0.000000     0.023648   0.000000   )
 ( -0.042436   0.000000     0.040111   0.000000     0.019154   0.000000   )
 (  0.183654   0.000000    -0.009268   0.000000     0.087698   0.000000   )
 ( -0.087473   0.000000    -0.008860   0.000000     0.108277   0.000000   )
 ( -0.374654   0.000000     0.036037   0.000000    -0.030100   0.000000   )
 (  0.165000   0.000000    -0.081827   0.000000    -0.137819   0.000000   )
 ( -0.374654   0.000000     0.036037   0.000000     0.030100   0.000000   )
 ( -0.310118   0.000000     0.025060   0.000000    -0.027341   0.000000   )
 (  0.114741   0.000000    -0.067732   0.000000    -0.125182   0.000000   )
 (  0.165000   0.000000    -0.081827   0.000000     0.137819   0.000000   )
 ( -0.310118   0.000000     0.025060   0.000000     0.027341   0.000000   )
 (  0.114741   0.000000    -0.067732   0.000000     0.125182   0.000000   )
 (  0.057494   0.000000     0.012557   0.000000    -0.000000   0.000000   )
 ( -0.038359   0.000000    -0.014529   0.000000    -0.000000   0.000000   )
 ( -0.053236   0.000000    -0.002606   0.000000    -0.000000   0.000000   )
 ( -0.071846   0.000000    -0.015692   0.000000    -0.000000   0.000000   )
 (  0.042032   0.000000     0.042534   0.000000     0.028321   0.000000   )
 ( -0.016116   0.000000     0.000599   0.000000    -0.036288   0.000000   )
 (  0.026733   0.000000    -0.027515   0.000000    -0.044149   0.000000   )
 ( -0.018005   0.000000    -0.008051   0.000000     0.023279   0.000000   )
 ( -0.018005   0.000000    -0.008051   0.000000    -0.023279   0.000000   )
 (  0.042032   0.000000     0.042534   0.000000    -0.028321   0.000000   )
 ( -0.011930   0.000000    -0.011627   0.000000    -0.000000   0.000000   )
 ( -0.066522   0.000000    -0.008378   0.000000    -0.000000   0.000000   )
 ( -0.029550   0.000000    -0.006454   0.000000    -0.000000   0.000000   )
 ( -0.016116   0.000000     0.000599   0.000000     0.036288   0.000000   )
 (  0.026733   0.000000    -0.027515   0.000000     0.044149   0.000000   )
     freq (   13) =       1.155552 [THz] =      38.545052 [cm-1]
 ( -0.133144   0.000000     0.019424   0.000000     0.054122   0.000000   )
 ( -0.013031   0.000000     0.010524   0.000000     0.066633   0.000000   )
 (  0.011627   0.000000    -0.011794   0.000000     0.073622   0.000000   )
 (  0.021461   0.000000    -0.120505   0.000000     0.059799   0.000000   )
 ( -0.133144   0.000000     0.019424   0.000000    -0.054122   0.000000   )
 ( -0.013031   0.000000     0.010524   0.000000    -0.066633   0.000000   )
 ( -0.017642   0.000000    -0.026021   0.000000     0.080218   0.000000   )
 ( -0.143595   0.000000     0.046404   0.000000     0.075174   0.000000   )
 (  0.051271   0.000000    -0.129964   0.000000     0.083059   0.000000   )
 ( -0.028750   0.000000    -0.015967   0.000000     0.088631   0.000000   )
 (  0.011627   0.000000    -0.011794   0.000000    -0.073622   0.000000   )
 (  0.021461   0.000000    -0.120505   0.000000    -0.059799   0.000000   )
 ( -0.017642   0.000000    -0.026021   0.000000    -0.080218   0.000000   )
 ( -0.143595   0.000000     0.046404   0.000000    -0.075174   0.000000   )
 (  0.051271   0.000000    -0.129964   0.000000    -0.083059   0.000000   )
 ( -0.028750   0.000000    -0.015967   0.000000    -0.088631   0.000000   )
 (  0.035917   0.000000     0.253646   0.000000     0.179244   0.000000   )
 (  0.280249   0.000000     0.032507   0.000000     0.198043   0.000000   )
 (  0.035917   0.000000     0.253646   0.000000    -0.179244   0.000000   )
 (  0.051445   0.000000     0.226306   0.000000     0.079071   0.000000   )
 (  0.250042   0.000000     0.046561   0.000000     0.087364   0.000000   )
 (  0.280249   0.000000     0.032507   0.000000    -0.198043   0.000000   )
 (  0.051445   0.000000     0.226306   0.000000    -0.079071   0.000000   )
 (  0.250042   0.000000     0.046561   0.000000    -0.087364   0.000000   )
 (  0.010911   0.000000     0.009875   0.000000    -0.000000   0.000000   )
 (  0.058349   0.000000     0.011478   0.000000     0.000000   0.000000   )
 (  0.005385   0.000000     0.031019   0.000000     0.000000   0.000000   )
 (  0.042235   0.000000     0.038226   0.000000     0.000000   0.000000   )
 (  0.020023   0.000000     0.016226   0.000000    -0.003731   0.000000   )
 (  0.048740   0.000000     0.044366   0.000000     0.078860   0.000000   )
 (  0.038996   0.000000     0.037190   0.000000     0.074872   0.000000   )
 (  0.046211   0.000000     0.041571   0.000000    -0.003929   0.000000   )
 (  0.046211   0.000000     0.041571   0.000000     0.003929   0.000000   )
 (  0.020023   0.000000     0.016226   0.000000     0.003731   0.000000   )
 (  0.034272   0.000000     0.004874   0.000000    -0.000000   0.000000   )
 (  0.012682   0.000000     0.052810   0.000000     0.000000   0.000000   )
 (  0.009728   0.000000     0.008804   0.000000     0.000000   0.000000   )
 (  0.048740   0.000000     0.044366   0.000000    -0.078860   0.000000   )
 (  0.038996   0.000000     0.037190   0.000000    -0.074872   0.000000   )
     freq (   14) =       1.155552 [THz] =      38.545052 [cm-1]
 (  0.120505   0.000000     0.021461   0.000000     0.059799   0.000000   )
 (  0.011794   0.000000     0.011627   0.000000     0.073622   0.000000   )
 ( -0.010524   0.000000    -0.013031   0.000000    -0.066633   0.000000   )
 ( -0.019424   0.000000    -0.133144   0.000000    -0.054122   0.000000   )
 (  0.120505   0.000000     0.021461   0.000000    -0.059799   0.000000   )
 (  0.011794   0.000000     0.011627   0.000000    -0.073622   0.000000   )
 (  0.015967   0.000000    -0.028750   0.000000     0.088631   0.000000   )
 (  0.129964   0.000000     0.051271   0.000000     0.083059   0.000000   )
 ( -0.046404   0.000000    -0.143595   0.000000    -0.075174   0.000000   )
 (  0.026021   0.000000    -0.017642   0.000000    -0.080218   0.000000   )
 ( -0.010524   0.000000    -0.013031   0.000000     0.066633   0.000000   )
 ( -0.019424   0.000000    -0.133144   0.000000     0.054122   0.000000   )
 (  0.015967   0.000000    -0.028750   0.000000    -0.088631   0.000000   )
 (  0.129964   0.000000     0.051271   0.000000    -0.083059   0.000000   )
 ( -0.046404   0.000000    -0.143595   0.000000     0.075174   0.000000   )
 (  0.026021   0.000000    -0.017642   0.000000     0.080218   0.000000   )
 ( -0.032507   0.000000     0.280249   0.000000     0.198043   0.000000   )
 ( -0.253646   0.000000     0.035917   0.000000    -0.179244   0.000000   )
 ( -0.032507   0.000000     0.280249   0.000000    -0.198043   0.000000   )
 ( -0.046561   0.000000     0.250042   0.000000     0.087364   0.000000   )
 ( -0.226306   0.000000     0.051445   0.000000    -0.079071   0.000000   )
 ( -0.253646   0.000000     0.035917   0.000000     0.179244   0.000000   )
 ( -0.046561   0.000000     0.250042   0.000000    -0.087364   0.000000   )
 ( -0.226306   0.000000     0.051445   0.000000     0.079071   0.000000   )
 ( -0.009875   0.000000     0.010911   0.000000    -0.000000   0.000000   )
 ( -0.052810   0.000000     0.012682   0.000000     0.000000   0.000000   )
 ( -0.004874   0.000000     0.034272   0.000000     0.000000   0.000000   )
 ( -0.038226   0.000000     0.042235   0.000000     0.000000   0.000000   )
 ( -0.037190   0.000000     0.038996   0.000000     0.074872   0.000000   )
 ( -0.041571   0.000000     0.046211   0.000000     0.003929   0.000000   )
 ( -0.016226   0.000000     0.020023   0.000000     0.003731   0.000000   )
 ( -0.044366   0.000000     0.048740   0.000000     0.078860   0.000000   )
 ( -0.044366   0.000000     0.048740   0.000000    -0.078860   0.000000   )
 ( -0.037190   0.000000     0.038996   0.000000    -0.074872   0.000000   )
 ( -0.031019   0.000000     0.005385   0.000000    -0.000000   0.000000   )
 ( -0.011478   0.000000     0.058349   0.000000    -0.000000   0.000000   )
 ( -0.008804   0.000000     0.009728   0.000000    -0.000000   0.000000   )
 ( -0.041571   0.000000     0.046211   0.000000    -0.003929   0.000000   )
 ( -0.016226   0.000000     0.020023   0.000000    -0.003731   0.000000   )
     freq (   15) =       1.405640 [THz] =      46.887114 [cm-1]
 ( -0.000000   0.000000    -0.132246   0.000000    -0.156141   0.000000   )
 (  0.000000   0.000000     0.122498   0.000000    -0.142368   0.000000   )
 ( -0.122498   0.000000     0.000000   0.000000     0.142368   0.000000   )
 (  0.132246   0.000000    -0.000000   0.000000     0.156141   0.000000   )
 ( -0.000000   0.000000     0.132246   0.000000    -0.156141   0.000000   )
 (  0.000000   0.000000    -0.122498   0.000000    -0.142368   0.000000   )
 ( -0.000000   0.000000    -0.154095   0.000000     0.160723   0.000000   )
 (  0.000000   0.000000     0.128831   0.000000     0.149682   0.000000   )
 ( -0.128831   0.000000     0.000000   0.000000    -0.149682   0.000000   )
 (  0.154095   0.000000    -0.000000   0.000000    -0.160723   0.000000   )
 (  0.122498   0.000000    -0.000000   0.000000     0.142368   0.000000   )
 ( -0.132246   0.000000     0.000000   0.000000     0.156141   0.000000   )
 (  0.000000   0.000000     0.154095   0.000000     0.160723   0.000000   )
 (  0.000000   0.000000    -0.128831   0.000000     0.149682   0.000000   )
 (  0.128831   0.000000    -0.000000   0.000000    -0.149682   0.000000   )
 ( -0.154095   0.000000     0.000000   0.000000    -0.160723   0.000000   )
 (  0.000000   0.000000    -0.008937   0.000000    -0.174315   0.000000   )
 (  0.008937   0.000000     0.000000   0.000000     0.174315   0.000000   )
 (  0.000000   0.000000     0.008937   0.000000    -0.174315   0.000000   )
 (  0.000000   0.000000     0.041697   0.000000     0.129018   0.000000   )
 ( -0.041697   0.000000     0.000000   0.000000    -0.129018   0.000000   )
 ( -0.008937   0.000000    -0.000000   0.000000     0.174315   0.000000   )
 (  0.000000   0.000000    -0.041697   0.000000     0.129018   0.000000   )
 (  0.041697   0.000000    -0.000000   0.000000    -0.129018   0.000000   )
 ( -0.000000   0.000000     0.000000   0.000000    -0.000000   0.000000   )
 (  0.000000   0.000000    -0.000000   0.000000    -0.146276   0.000000   )
 (  0.000000   0.000000    -0.000000   0.000000    -0.167433   0.000000   )
 ( -0.000000   0.000000    -0.000000   0.000000    -0.000000   0.000000   )
 ( -0.061508   0.000000    -0.061508   0.000000    -0.000000   0.000000   )
 ( -0.039661   0.000000     0.039661   0.000000     0.000000   0.000000   )
 (  0.061508   0.000000    -0.061508   0.000000     0.000000   0.000000   )
 (  0.039661   0.000000     0.039661   0.000000    -0.000000   0.000000   )
 ( -0.039661   0.000000    -0.039661   0.000000     0.000000   0.000000   )
 (  0.061508   0.000000     0.061508   0.000000     0.000000   0.000000   )
 ( -0.000000   0.000000     0.000000   0.000000     0.167433   0.000000   )
 ( -0.000000   0.000000     0.000000   0.000000     0.146276   0.000000   )
 (  0.000000   0.000000    -0.000000   0.000000     0.000000   0.000000   )
 (  0.039661   0.000000    -0.039661   0.000000    -0.000000   0.000000   )
 ( -0.061508   0.000000     0.061508   0.000000    -0.000000   0.000000   )
     freq (   16) =       1.411153 [THz] =      47.071000 [cm-1]
 ( -0.049475   0.000000    -0.004416   0.000000     0.006645   0.000000   )
 (  0.057989   0.000000    -0.334191   0.000000    -0.013655   0.000000   )
 ( -0.354811   0.000000     0.054619   0.000000    -0.014498   0.000000   )
 ( -0.004688   0.000000    -0.046600   0.000000     0.007055   0.000000   )
 ( -0.049475   0.000000    -0.004416   0.000000    -0.006645   0.000000   )
 (  0.057989   0.000000    -0.334191   0.000000     0.013655   0.000000   )
 ( -0.015202   0.000000     0.030677   0.000000     0.086441   0.000000   )
 (  0.058975   0.000000     0.255313   0.000000     0.026113   0.000000   )
 (  0.271066   0.000000     0.055548   0.000000     0.027724   0.000000   )
 (  0.032570   0.000000    -0.014318   0.000000     0.091774   0.000000   )
 ( -0.354811   0.000000     0.054619   0.000000     0.014498   0.000000   )
 ( -0.004688   0.000000    -0.046600   0.000000    -0.007055   0.000000   )
 ( -0.015202   0.000000     0.030677   0.000000    -0.086441   0.000000   )
 (  0.058975   0.000000     0.255313   0.000000    -0.026113   0.000000   )
 (  0.271066   0.000000     0.055548   0.000000    -0.027724   0.000000   )
 (  0.032570   0.000000    -0.014318   0.000000    -0.091774   0.000000   )
 (  0.062814   0.000000    -0.067343   0.000000    -0.045443   0.000000   )
 ( -0.071498   0.000000     0.059164   0.000000    -0.048246   0.000000   )
 (  0.062814   0.000000    -0.067343   0.000000     0.045443   0.000000   )
 (  0.108361   0.000000    -0.074844   0.000000    -0.016733   0.000000   )
 ( -0.079462   0.000000     0.102063   0.000000    -0.017765   0.000000   )
 ( -0.071498   0.000000     0.059164   0.000000     0.048246   0.000000   )
 (  0.108361   0.000000    -0.074844   0.000000     0.016733   0.000000   )
 ( -0.079462   0.000000     0.102063   0.000000     0.017765   0.000000   )
 ( -0.029175   0.000000    -0.027479   0.000000    -0.000000   0.000000   )
 (  0.083588   0.000000    -0.070227   0.000000     0.000000   0.000000   )
 (  0.021458   0.000000     0.001809   0.000000     0.000000   0.000000   )
 ( -0.058880   0.000000    -0.055458   0.000000    -0.000000   0.000000   )
 ( -0.053645   0.000000    -0.053388   0.000000    -0.001122   0.000000   )
 ( -0.004320   0.000000    -0.004316   0.000000     0.022533   0.000000   )
 ( -0.005892   0.000000    -0.002689   0.000000     0.037503   0.000000   )
 ( -0.000194   0.000000     0.000064   0.000000    -0.000674   0.000000   )
 ( -0.000194   0.000000     0.000064   0.000000     0.000674   0.000000   )
 ( -0.053645   0.000000    -0.053388   0.000000     0.001122   0.000000   )
 (  0.001921   0.000000     0.020211   0.000000    -0.000000   0.000000   )
 ( -0.074560   0.000000     0.078731   0.000000    -0.000000   0.000000   )
 (  0.077651   0.000000     0.073139   0.000000     0.000000   0.000000   )
 ( -0.004320   0.000000    -0.004316   0.000000    -0.022533   0.000000   )
 ( -0.005892   0.000000    -0.002689   0.000000    -0.037503   0.000000   )
     freq (   17) =       1.411153 [THz] =      47.071000 [cm-1]
 (  0.046600   0.000000    -0.004688   0.000000     0.007055   0.000000   )
 ( -0.054619   0.000000    -0.354811   0.000000    -0.014498   0.000000   )
 (  0.334191   0.000000     0.057989   0.000000     0.013655   0.000000   )
 (  0.004416   0.000000    -0.049475   0.000000    -0.006645   0.000000   )
 (  0.046600   0.000000    -0.004688   0.000000    -0.007055   0.000000   )
 ( -0.054619   0.000000    -0.354811   0.000000     0.014498   0.000000   )
 (  0.014318   0.000000     0.032570   0.000000     0.091774   0.000000   )
 ( -0.055548   0.000000     0.271066   0.000000     0.027724   0.000000   )
 ( -0.255313   0.000000     0.058975   0.000000    -0.026113   0.000000   )
 ( -0.030677   0.000000    -0.015202   0.000000    -0.086441   0.000000   )
 (  0.334191   0.000000     0.057989   0.000000    -0.013655   0.000000   )
 (  0.004416   0.000000    -0.049475   0.000000     0.006645   0.000000   )
 (  0.014318   0.000000     0.032570   0.000000    -0.091774   0.000000   )
 ( -0.055548   0.000000     0.271066   0.000000    -0.027724   0.000000   )
 ( -0.255313   0.000000     0.058975   0.000000     0.026113   0.000000   )
 ( -0.030677   0.000000    -0.015202   0.000000     0.086441   0.000000   )
 ( -0.059164   0.000000    -0.071498   0.000000    -0.048246   0.000000   )
 (  0.067343   0.000000     0.062814   0.000000     0.045443   0.000000   )
 ( -0.059164   0.000000    -0.071498   0.000000     0.048246   0.000000   )
 ( -0.102063   0.000000    -0.079462   0.000000    -0.017765   0.000000   )
 (  0.074844   0.000000     0.108361   0.000000     0.016733   0.000000   )
 (  0.067343   0.000000     0.062814   0.000000    -0.045443   0.000000   )
 ( -0.102063   0.000000    -0.079462   0.000000     0.017765   0.000000   )
 (  0.074844   0.000000     0.108361   0.000000    -0.016733   0.000000   )
 (  0.027479   0.000000    -0.029175   0.000000    -0.000000   0.000000   )
 ( -0.078731   0.000000    -0.074560   0.000000    -0.000000   0.000000   )
 ( -0.020211   0.000000     0.001921   0.000000    -0.000000   0.000000   )
 (  0.055458   0.000000    -0.058880   0.000000    -0.000000   0.000000   )
 (  0.002689   0.000000    -0.005892   0.000000     0.037503   0.000000   )
 ( -0.000064   0.000000    -0.000194   0.000000     0.000674   0.000000   )
 (  0.053388   0.000000    -0.053645   0.000000     0.001122   0.000000   )
 (  0.004316   0.000000    -0.004320   0.000000     0.022533   0.000000   )
 (  0.004316   0.000000    -0.004320   0.000000    -0.022533   0.000000   )
 (  0.002689   0.000000    -0.005892   0.000000    -0.037503   0.000000   )
 ( -0.001809   0.000000     0.021458   0.000000     0.000000   0.000000   )
 (  0.070227   0.000000     0.083588   0.000000     0.000000   0.000000   )
 ( -0.073139   0.000000     0.077651   0.000000     0.000000   0.000000   )
 ( -0.000064   0.000000    -0.000194   0.000000    -0.000674   0.000000   )
 (  0.053388   0.000000    -0.053645   0.000000    -0.001122   0.000000   )
     freq (   18) =       1.420199 [THz] =      47.372733 [cm-1]
 ( -0.220462   0.000000     0.000000   0.000000    -0.000000   0.000000   )
 (  0.250488   0.000000     0.000000   0.000000     0.000000   0.000000   )
 (  0.000000   0.000000     0.250488   0.000000     0.000000   0.000000   )
 (  0.000000   0.000000    -0.220462   0.000000    -0.000000   0.000000   )
 (  0.220462   0.000000    -0.000000   0.000000     0.000000   0.000000   )
 ( -0.250488   0.000000     0.000000   0.000000    -0.000000   0.000000   )
 ( -0.262097   0.000000    -0.000000   0.000000    -0.000000   0.000000   )
 (  0.248712   0.000000    -0.000000   0.000000    -0.000000   0.000000   )
 ( -0.000000   0.000000     0.248712   0.000000    -0.000000   0.000000   )
 ( -0.000000   0.000000    -0.262097   0.000000    -0.000000   0.000000   )
 (  0.000000   0.000000    -0.250488   0.000000    -0.000000   0.000000   )
 (  0.000000   0.000000     0.220462   0.000000    -0.000000   0.000000   )
 (  0.262097   0.000000    -0.000000   0.000000     0.000000   0.000000   )
 ( -0.248712   0.000000    -0.000000   0.000000     0.000000   0.000000   )
 ( -0.000000   0.000000    -0.248712   0.000000     0.000000   0.000000   )
 ( -0.000000   0.000000     0.262097   0.000000     0.000000   0.000000   )
 ( -0.027153   0.000000     0.000000   0.000000     0.000000   0.000000   )
 (  0.000000   0.000000    -0.027153   0.000000     0.000000   0.000000   )
 (  0.027153   0.000000     0.000000   0.000000    -0.000000   0.000000   )
 ( -0.019283   0.000000     0.000000   0.000000     0.000000   0.000000   )
 (  0.000000   0.000000    -0.019283   0.000000     0.000000   0.000000   )
 (  0.000000   0.000000     0.027153   0.000000    -0.000000   0.000000   )
 (  0.019283   0.000000     0.000000   0.000000    -0.000000   0.000000   )
 (  0.000000   0.000000     0.019283   0.000000    -0.000000   0.000000   )
 (  0.000000   0.000000     0.000000   0.000000    -0.000000   0.000000   )
 ( -0.000000   0.000000     0.000000   0.000000     0.000000   0.000000   )
 ( -0.000000   0.000000    -0.000000   0.000000     0.000000   0.000000   )
 (  0.000000   0.000000     0.000000   0.000000    -0.000000   0.000000   )
 ( -0.044819   0.000000     0.044819   0.000000     0.013371   0.000000   )
 (  0.036743   0.000000     0.036743   0.000000     0.009721   0.000000   )
 ( -0.044819   0.000000    -0.044819   0.000000    -0.013371   0.000000   )
 (  0.036743   0.000000    -0.036743   0.000000    -0.009721   0.000000   )
 ( -0.036743   0.000000     0.036743   0.000000    -0.009721   0.000000   )
 (  0.044819   0.000000    -0.044819   0.000000     0.013371   0.000000   )
 ( -0.000000   0.000000    -0.000000   0.000000    -0.000000   0.000000   )
 (  0.000000   0.000000    -0.000000   0.000000    -0.000000   0.000000   )
 ( -0.000000   0.000000    -0.000000   0.000000     0.000000   0.000000   )
 ( -0.036743   0.000000    -0.036743   0.000000     0.009721   0.000000   )
 (  0.044819   0.000000     0.044819   0.000000    -0.013371   0.000000   )
     freq (   19) =       1.451697 [THz] =      48.423400 [cm-1]
 ( -0.252103   0.000000    -0.000000   0.000000    -0.000000   0.000000   )
 (  0.099549   0.000000     0.000000   0.000000    -0.000000   0.000000   )
 (  0.000000   0.000000    -0.099549   0.000000     0.000000   0.000000   )
 (  0.000000   0.000000     0.252103   0.000000     0.000000   0.000000   )
 (  0.252103   0.000000     0.000000   0.000000    -0.000000   0.000000   )
 ( -0.099549   0.000000     0.000000   0.000000    -0.000000   0.000000   )
 ( -0.280248   0.000000    -0.000000   0.000000    -0.000000   0.000000   )
 (  0.098059   0.000000    -0.000000   0.000000     0.000000   0.000000   )
 ( -0.000000   0.000000    -0.098059   0.000000    -0.000000   0.000000   )
 (  0.000000   0.000000     0.280248   0.000000    -0.000000   0.000000   )
 (  0.000000   0.000000     0.099549   0.000000     0.000000   0.000000   )
 ( -0.000000   0.000000    -0.252103   0.000000     0.000000   0.000000   )
 (  0.280248   0.000000     0.000000   0.000000     0.000000   0.000000   )
 ( -0.098059   0.000000    -0.000000   0.000000     0.000000   0.000000   )
 ( -0.000000   0.000000     0.098059   0.000000    -0.000000   0.000000   )
 ( -0.000000   0.000000    -0.280248   0.000000    -0.000000   0.000000   )
 (  0.212206   0.000000     0.000000   0.000000    -0.000000   0.000000   )
 (  0.000000   0.000000    -0.212206   0.000000     0.000000   0.000000   )
 ( -0.212206   0.000000     0.000000   0.000000    -0.000000   0.000000   )
 (  0.161829   0.000000     0.000000   0.000000     0.000000   0.000000   )
 (  0.000000   0.000000    -0.161829   0.000000    -0.000000   0.000000   )
 ( -0.000000   0.000000     0.212206   0.000000     0.000000   0.000000   )
 ( -0.161829   0.000000     0.000000   0.000000    -0.000000   0.000000   )
 (  0.000000   0.000000     0.161829   0.000000    -0.000000   0.000000   )
 (  0.000000   0.000000     0.000000   0.000000    -0.000000   0.000000   )
 ( -0.000000   0.000000     0.000000   0.000000    -0.000000   0.000000   )
 ( -0.000000   0.000000    -0.000000   0.000000    -0.000000   0.000000   )
 (  0.000000   0.000000     0.000000   0.000000     0.000000   0.000000   )
 ( -0.089144   0.000000    -0.089144   0.000000    -0.000000   0.000000   )
 (  0.025165   0.000000    -0.025165   0.000000     0.000000   0.000000   )
 ( -0.089144   0.000000     0.089144   0.000000    -0.000000   0.000000   )
 (  0.025165   0.000000     0.025165   0.000000    -0.000000   0.000000   )
 ( -0.025165   0.000000    -0.025165   0.000000     0.000000   0.000000   )
 (  0.089144   0.000000     0.089144   0.000000     0.000000   0.000000   )
 (  0.000000   0.000000    -0.000000   0.000000     0.000000   0.000000   )
 (  0.000000   0.000000    -0.000000   0.000000     0.000000   0.000000   )
 ( -0.000000   0.000000    -0.000000   0.000000     0.000000   0.000000   )
 ( -0.025165   0.000000     0.025165   0.000000     0.000000   0.000000   )
 (  0.089144   0.000000    -0.089144   0.000000     0.000000   0.000000   )
     freq (   20) =       1.531350 [THz] =      51.080343 [cm-1]
 (  0.000000   0.000000     0.240594   0.000000    -0.087920   0.000000   )
 ( -0.000000   0.000000    -0.015128   0.000000    -0.105603   0.000000   )
 ( -0.015128   0.000000    -0.000000   0.000000    -0.105603   0.000000   )
 (  0.240594   0.000000     0.000000   0.000000    -0.087920   0.000000   )
 ( -0.000000   0.000000    -0.240594   0.000000    -0.087920   0.000000   )
 ( -0.000000   0.000000     0.015128   0.000000    -0.105603   0.000000   )
 (  0.000000   0.000000    -0.089588   0.000000     0.085860   0.000000   )
 ( -0.000000   0.000000    -0.200317   0.000000     0.142096   0.000000   )
 ( -0.200317   0.000000    -0.000000   0.000000     0.142096   0.000000   )
 ( -0.089588   0.000000     0.000000   0.000000     0.085860   0.000000   )
 (  0.015128   0.000000    -0.000000   0.000000    -0.105603   0.000000   )
 ( -0.240594   0.000000     0.000000   0.000000    -0.087920   0.000000   )
 ( -0.000000   0.000000     0.089588   0.000000     0.085860   0.000000   )
 ( -0.000000   0.000000     0.200317   0.000000     0.142096   0.000000   )
 (  0.200317   0.000000    -0.000000   0.000000     0.142096   0.000000   )
 (  0.089588   0.000000     0.000000   0.000000     0.085860   0.000000   )
 ( -0.000000   0.000000    -0.115253   0.000000    -0.209863   0.000000   )
 ( -0.115253   0.000000    -0.000000   0.000000    -0.209863   0.000000   )
 ( -0.000000   0.000000     0.115253   0.000000    -0.209863   0.000000   )
 ( -0.000000   0.000000     0.062046   0.000000     0.134082   0.000000   )
 (  0.062046   0.000000    -0.000000   0.000000     0.134082   0.000000   )
 (  0.115253   0.000000    -0.000000   0.000000    -0.209863   0.000000   )
 (  0.000000   0.000000    -0.062046   0.000000     0.134082   0.000000   )
 ( -0.062046   0.000000    -0.000000   0.000000     0.134082   0.000000   )
 (  0.000000   0.000000     0.000000   0.000000    -0.153091   0.000000   )
 ( -0.000000   0.000000     0.000000   0.000000    -0.005988   0.000000   )
 ( -0.000000   0.000000    -0.000000   0.000000    -0.015505   0.000000   )
 (  0.000000   0.000000     0.000000   0.000000    -0.121001   0.000000   )
 ( -0.032830   0.000000     0.032830   0.000000    -0.027126   0.000000   )
 ( -0.028110   0.000000    -0.028110   0.000000    -0.001011   0.000000   )
 (  0.032830   0.000000     0.032830   0.000000    -0.027126   0.000000   )
 (  0.028110   0.000000    -0.028110   0.000000    -0.001011   0.000000   )
 ( -0.028110   0.000000     0.028110   0.000000    -0.001011   0.000000   )
 (  0.032830   0.000000    -0.032830   0.000000    -0.027126   0.000000   )
 ( -0.000000   0.000000    -0.000000   0.000000    -0.015505   0.000000   )
 (  0.000000   0.000000    -0.000000   0.000000    -0.005988   0.000000   )
 ( -0.000000   0.000000    -0.000000   0.000000     0.126554   0.000000   )
 (  0.028110   0.000000     0.028110   0.000000    -0.001011   0.000000   )
 ( -0.032830   0.000000    -0.032830   0.000000    -0.027126   0.000000   )
     freq (   21) =       1.625009 [THz] =      54.204469 [cm-1]
 ( -0.016206   0.000000    -0.000000   0.000000    -0.000000   0.000000   )
 (  0.179591   0.000000     0.000000   0.000000     0.000000   0.000000   )
 (  0.000000   0.000000    -0.179591   0.000000    -0.000000   0.000000   )
 ( -0.000000   0.000000     0.016206   0.000000     0.000000   0.000000   )
 (  0.016206   0.000000    -0.000000   0.000000    -0.000000   0.000000   )
 ( -0.179591   0.000000     0.000000   0.000000    -0.000000   0.000000   )
 ( -0.009173   0.000000    -0.000000   0.000000     0.000000   0.000000   )
 (  0.185601   0.000000     0.000000   0.000000     0.000000   0.000000   )
 (  0.000000   0.000000    -0.185601   0.000000    -0.000000   0.000000   )
 (  0.000000   0.000000     0.009173   0.000000    -0.000000   0.000000   )
 ( -0.000000   0.000000     0.179591   0.000000     0.000000   0.000000   )
 ( -0.000000   0.000000    -0.016206   0.000000     0.000000   0.000000   )
 (  0.009173   0.000000    -0.000000   0.000000    -0.000000   0.000000   )
 ( -0.185601   0.000000     0.000000   0.000000    -0.000000   0.000000   )
 ( -0.000000   0.000000     0.185601   0.000000     0.000000   0.000000   )
 (  0.000000   0.000000    -0.009173   0.000000     0.000000   0.000000   )
 ( -0.318042   0.000000    -0.000000   0.000000    -0.000000   0.000000   )
 ( -0.000000   0.000000     0.318042   0.000000     0.000000   0.000000   )
 (  0.318042   0.000000    -0.000000   0.000000     0.000000   0.000000   )
 ( -0.283131   0.000000     0.000000   0.000000    -0.000000   0.000000   )
 (  0.000000   0.000000     0.283131   0.000000    -0.000000   0.000000   )
 (  0.000000   0.000000    -0.318042   0.000000    -0.000000   0.000000   )
 (  0.283131   0.000000     0.000000   0.000000    -0.000000   0.000000   )
 (  0.000000   0.000000    -0.283131   0.000000    -0.000000   0.000000   )
 (  0.000000   0.000000    -0.000000   0.000000    -0.000000   0.000000   )
 (  0.000000   0.000000    -0.000000   0.000000    -0.000000   0.000000   )
 (  0.000000   0.000000     0.000000   0.000000    -0.000000   0.000000   )
 (  0.000000   0.000000    -0.000000   0.000000    -0.000000   0.000000   )
 (  0.002350   0.000000     0.002350   0.000000     0.000000   0.000000   )
 (  0.028527   0.000000    -0.028527   0.000000    -0.000000   0.000000   )
 (  0.002350   0.000000    -0.002350   0.000000     0.000000   0.000000   )
 (  0.028527   0.000000     0.028527   0.000000    -0.000000   0.000000   )
 ( -0.028527   0.000000    -0.028527   0.000000    -0.000000   0.000000   )
 ( -0.002350   0.000000    -0.002350   0.000000    -0.000000   0.000000   )
 ( -0.000000   0.000000    -0.000000   0.000000     0.000000   0.000000   )
 (  0.000000   0.000000    -0.000000   0.000000    -0.000000   0.000000   )
 (  0.000000   0.000000    -0.000000   0.000000    -0.000000   0.000000   )
 ( -0.028527   0.000000     0.028527   0.000000    -0.000000   0.000000   )
 ( -0.002350   0.000000     0.002350   0.000000    -0.000000   0.000000   )
     freq (   22) =       1.665353 [THz] =      55.550191 [cm-1]
 ( -0.215505   0.000000     0.000000   0.000000     0.000000   0.000000   )
 ( -0.235985   0.000000     0.000000   0.000000     0.000000   0.000000   )
 (  0.000000   0.000000    -0.235985   0.000000     0.000000   0.000000   )
 (  0.000000   0.000000    -0.215505   0.000000     0.000000   0.000000   )
 (  0.215505   0.000000     0.000000   0.000000    -0.000000   0.000000   )
 (  0.235985   0.000000     0.000000   0.000000     0.000000   0.000000   )
 ( -0.275115   0.000000    -0.000000   0.000000     0.000000   0.000000   )
 ( -0.241801   0.000000    -0.000000   0.000000     0.000000   0.000000   )
 ( -0.000000   0.000000    -0.241801   0.000000     0.000000   0.000000   )
 ( -0.000000   0.000000    -0.275115   0.000000    -0.000000   0.000000   )
 (  0.000000   0.000000     0.235985   0.000000     0.000000   0.000000   )
 (  0.000000   0.000000     0.215505   0.000000    -0.000000   0.000000   )
 (  0.275115   0.000000    -0.000000   0.000000    -0.000000   0.000000   )
 (  0.241801   0.000000    -0.000000   0.000000    -0.000000   0.000000   )
 ( -0.000000   0.000000     0.241801   0.000000     0.000000   0.000000   )
 (  0.000000   0.000000     0.275115   0.000000     0.000000   0.000000   )
 (  0.020462   0.000000     0.000000   0.000000    -0.000000   0.000000   )
 (  0.000000   0.000000     0.020462   0.000000    -0.000000   0.000000   )
 ( -0.020462   0.000000     0.000000   0.000000    -0.000000   0.000000   )
 (  0.038606   0.000000    -0.000000   0.000000    -0.000000   0.000000   )
 (  0.000000   0.000000     0.038606   0.000000    -0.000000   0.000000   )
 ( -0.000000   0.000000    -0.020462   0.000000    -0.000000   0.000000   )
 ( -0.038606   0.000000    -0.000000   0.000000    -0.000000   0.000000   )
 ( -0.000000   0.000000    -0.038606   0.000000    -0.000000   0.000000   )
 (  0.000000   0.000000    -0.000000   0.000000    -0.000000   0.000000   )
 ( -0.000000   0.000000    -0.000000   0.000000    -0.000000   0.000000   )
 ( -0.000000   0.000000     0.000000   0.000000    -0.000000   0.000000   )
 (  0.000000   0.000000     0.000000   0.000000     0.000000   0.000000   )
 ( -0.057528   0.000000     0.057528   0.000000     0.014207   0.000000   )
 ( -0.049434   0.000000    -0.049434   0.000000    -0.009767   0.000000   )
 ( -0.057528   0.000000    -0.057528   0.000000    -0.014207   0.000000   )
 ( -0.049434   0.000000     0.049434   0.000000     0.009767   0.000000   )
 (  0.049434   0.000000    -0.049434   0.000000     0.009767   0.000000   )
 (  0.057528   0.000000    -0.057528   0.000000     0.014207   0.000000   )
 (  0.000000   0.000000    -0.000000   0.000000    -0.000000   0.000000   )
 (  0.000000   0.000000    -0.000000   0.000000    -0.000000   0.000000   )
 ( -0.000000   0.000000    -0.000000   0.000000    -0.000000   0.000000   )
 (  0.049434   0.000000     0.049434   0.000000    -0.009767   0.000000   )
 (  0.057528   0.000000     0.057528   0.000000    -0.014207   0.000000   )
     freq (   23) =       1.735779 [THz] =      57.899361 [cm-1]
 ( -0.070428   0.000000     0.102040   0.000000     0.037911   0.000000   )
 (  0.165734   0.000000    -0.021771   0.000000     0.028235   0.000000   )
 ( -0.034603   0.000000     0.104272   0.000000     0.044877   0.000000   )
 (  0.162185   0.000000    -0.044310   0.000000     0.060257   0.000000   )
 ( -0.070428   0.000000     0.102040   0.000000    -0.037911   0.000000   )
 (  0.165734   0.000000    -0.021771   0.000000    -0.028235   0.000000   )
 (  0.013329   0.000000    -0.050934   0.000000     0.095864   0.000000   )
 (  0.082342   0.000000    -0.102380   0.000000     0.082562   0.000000   )
 ( -0.162726   0.000000     0.051806   0.000000     0.131226   0.000000   )
 ( -0.080956   0.000000     0.008386   0.000000     0.152370   0.000000   )
 ( -0.034603   0.000000     0.104272   0.000000    -0.044877   0.000000   )
 (  0.162185   0.000000    -0.044310   0.000000    -0.060257   0.000000   )
 (  0.013329   0.000000    -0.050934   0.000000    -0.095864   0.000000   )
 (  0.082342   0.000000    -0.102380   0.000000    -0.082562   0.000000   )
 ( -0.162726   0.000000     0.051806   0.000000    -0.131226   0.000000   )
 ( -0.080956   0.000000     0.008386   0.000000    -0.152370   0.000000   )
 ( -0.057029   0.000000     0.131469   0.000000    -0.176901   0.000000   )
 (  0.208962   0.000000    -0.035880   0.000000    -0.281172   0.000000   )
 ( -0.057029   0.000000     0.131469   0.000000     0.176901   0.000000   )
 ( -0.118780   0.000000    -0.130968   0.000000    -0.046338   0.000000   )
 ( -0.208164   0.000000    -0.074731   0.000000    -0.073652   0.000000   )
 (  0.208962   0.000000    -0.035880   0.000000     0.281172   0.000000   )
 ( -0.118780   0.000000    -0.130968   0.000000     0.046338   0.000000   )
 ( -0.208164   0.000000    -0.074731   0.000000     0.073652   0.000000   )
 ( -0.022666   0.000000    -0.014261   0.000000    -0.000000   0.000000   )
 ( -0.042677   0.000000    -0.013533   0.000000     0.000000   0.000000   )
 ( -0.057125   0.000000     0.047152   0.000000    -0.000000   0.000000   )
 (  0.023875   0.000000     0.015021   0.000000     0.000000   0.000000   )
 ( -0.032924   0.000000    -0.031537   0.000000    -0.023920   0.000000   )
 ( -0.005507   0.000000    -0.003563   0.000000     0.076849   0.000000   )
 ( -0.010382   0.000000     0.004291   0.000000     0.105081   0.000000   )
 ( -0.005302   0.000000    -0.003238   0.000000    -0.017493   0.000000   )
 ( -0.005302   0.000000    -0.003238   0.000000     0.017493   0.000000   )
 ( -0.032924   0.000000    -0.031537   0.000000     0.023920   0.000000   )
 (  0.074944   0.000000    -0.035941   0.000000    -0.000000   0.000000   )
 ( -0.021510   0.000000    -0.026850   0.000000     0.000000   0.000000   )
 ( -0.075272   0.000000    -0.047358   0.000000    -0.000000   0.000000   )
 ( -0.005507   0.000000    -0.003563   0.000000    -0.076849   0.000000   )
 ( -0.010382   0.000000     0.004291   0.000000    -0.105081   0.000000   )
     freq (   24) =       1.735779 [THz] =      57.899361 [cm-1]
 (  0.044310   0.000000     0.162185   0.000000     0.060257   0.000000   )
 ( -0.104272   0.000000    -0.034603   0.000000     0.044877   0.000000   )
 (  0.021771   0.000000     0.165734   0.000000    -0.028235   0.000000   )
 ( -0.102040   0.000000    -0.070428   0.000000    -0.037911   0.000000   )
 (  0.044310   0.000000     0.162185   0.000000    -0.060257   0.000000   )
 ( -0.104272   0.000000    -0.034603   0.000000    -0.044877   0.000000   )
 ( -0.008386   0.000000    -0.080956   0.000000     0.152370   0.000000   )
 ( -0.051806   0.000000    -0.162726   0.000000     0.131226   0.000000   )
 (  0.102380   0.000000     0.082342   0.000000    -0.082562   0.000000   )
 (  0.050934   0.000000     0.013329   0.000000    -0.095864   0.000000   )
 (  0.021771   0.000000     0.165734   0.000000     0.028235   0.000000   )
 ( -0.102040   0.000000    -0.070428   0.000000     0.037911   0.000000   )
 ( -0.008386   0.000000    -0.080956   0.000000    -0.152370   0.000000   )
 ( -0.051806   0.000000    -0.162726   0.000000    -0.131226   0.000000   )
 (  0.102380   0.000000     0.082342   0.000000     0.082562   0.000000   )
 (  0.050934   0.000000     0.013329   0.000000     0.095864   0.000000   )
 (  0.035880   0.000000     0.208962   0.000000    -0.281172   0.000000   )
 ( -0.131469   0.000000    -0.057029   0.000000     0.176901   0.000000   )
 (  0.035880   0.000000     0.208962   0.000000     0.281172   0.000000   )
 (  0.074731   0.000000    -0.208164   0.000000    -0.073652   0.000000   )
 (  0.130968   0.000000    -0.118780   0.000000     0.046338   0.000000   )
 ( -0.131469   0.000000    -0.057029   0.000000    -0.176901   0.000000   )
 (  0.074731   0.000000    -0.208164   0.000000     0.073652   0.000000   )
 (  0.130968   0.000000    -0.118780   0.000000    -0.046338   0.000000   )
 (  0.014261   0.000000    -0.022666   0.000000    -0.000000   0.000000   )
 (  0.026850   0.000000    -0.021510   0.000000    -0.000000   0.000000   )
 (  0.035941   0.000000     0.074944   0.000000    -0.000000   0.000000   )
 ( -0.015021   0.000000     0.023875   0.000000     0.000000   0.000000   )
 ( -0.004291   0.000000    -0.010382   0.000000     0.105081   0.000000   )
 (  0.003238   0.000000    -0.005302   0.000000     0.017493   0.000000   )
 (  0.031537   0.000000    -0.032924   0.000000     0.023920   0.000000   )
 (  0.003563   0.000000    -0.005507   0.000000     0.076849   0.000000   )
 (  0.003563   0.000000    -0.005507   0.000000    -0.076849   0.000000   )
 ( -0.004291   0.000000    -0.010382   0.000000    -0.105081   0.000000   )
 ( -0.047152   0.000000    -0.057125   0.000000    -0.000000   0.000000   )
 (  0.013533   0.000000    -0.042677   0.000000    -0.000000   0.000000   )
 (  0.047358   0.000000    -0.075272   0.000000    -0.000000   0.000000   )
 (  0.003238   0.000000    -0.005302   0.000000    -0.017493   0.000000   )
 (  0.031537   0.000000    -0.032924   0.000000    -0.023920   0.000000   )
     freq (   25) =       1.779236 [THz] =      59.348938 [cm-1]
 (  0.000000   0.000000     0.002269   0.000000    -0.042045   0.000000   )
 ( -0.000000   0.000000    -0.016104   0.000000    -0.158074   0.000000   )
 ( -0.016104   0.000000     0.000000   0.000000    -0.158074   0.000000   )
 (  0.002269   0.000000     0.000000   0.000000    -0.042045   0.000000   )
 (  0.000000   0.000000    -0.002269   0.000000    -0.042045   0.000000   )
 (  0.000000   0.000000     0.016104   0.000000    -0.158074   0.000000   )
 (  0.000000   0.000000     0.069140   0.000000     0.050353   0.000000   )
 ( -0.000000   0.000000    -0.022975   0.000000    -0.091565   0.000000   )
 ( -0.022975   0.000000    -0.000000   0.000000    -0.091565   0.000000   )
 (  0.069140   0.000000     0.000000   0.000000     0.050353   0.000000   )
 (  0.016104   0.000000     0.000000   0.000000    -0.158074   0.000000   )
 ( -0.002269   0.000000     0.000000   0.000000    -0.042045   0.000000   )
 (  0.000000   0.000000    -0.069140   0.000000     0.050353   0.000000   )
 ( -0.000000   0.000000     0.022975   0.000000    -0.091565   0.000000   )
 (  0.022975   0.000000    -0.000000   0.000000    -0.091565   0.000000   )
 ( -0.069140   0.000000     0.000000   0.000000     0.050353   0.000000   )
 ( -0.000000   0.000000    -0.032027   0.000000     0.322056   0.000000   )
 ( -0.032027   0.000000    -0.000000   0.000000     0.322056   0.000000   )
 ( -0.000000   0.000000     0.032027   0.000000     0.322056   0.000000   )
 ( -0.000000   0.000000    -0.006086   0.000000     0.268812   0.000000   )
 ( -0.006086   0.000000    -0.000000   0.000000     0.268812   0.000000   )
 (  0.032027   0.000000    -0.000000   0.000000     0.322056   0.000000   )
 ( -0.000000   0.000000     0.006086   0.000000     0.268812   0.000000   )
 (  0.006086   0.000000    -0.000000   0.000000     0.268812   0.000000   )
 ( -0.000000   0.000000    -0.000000   0.000000     0.068895   0.000000   )
 ( -0.000000   0.000000    -0.000000   0.000000     0.020124   0.000000   )
 ( -0.000000   0.000000     0.000000   0.000000     0.136302   0.000000   )
 ( -0.000000   0.000000    -0.000000   0.000000    -0.040263   0.000000   )
 ( -0.020943   0.000000     0.020943   0.000000     0.130932   0.000000   )
 ( -0.006827   0.000000    -0.006827   0.000000     0.009623   0.000000   )
 (  0.020943   0.000000     0.020943   0.000000     0.130932   0.000000   )
 (  0.006827   0.000000    -0.006827   0.000000     0.009623   0.000000   )
 ( -0.006827   0.000000     0.006827   0.000000     0.009623   0.000000   )
 (  0.020943   0.000000    -0.020943   0.000000     0.130932   0.000000   )
 (  0.000000   0.000000    -0.000000   0.000000     0.136302   0.000000   )
 ( -0.000000   0.000000    -0.000000   0.000000     0.020124   0.000000   )
 ( -0.000000   0.000000    -0.000000   0.000000     0.040987   0.000000   )
 (  0.006827   0.000000     0.006827   0.000000     0.009623   0.000000   )
 ( -0.020943   0.000000    -0.020943   0.000000     0.130932   0.000000   )
     freq (   26) =       1.794591 [THz] =      59.861108 [cm-1]
 (  0.001849   0.000000     0.320985   0.000000    -0.042646   0.000000   )
 ( -0.000273   0.000000    -0.022835   0.000000    -0.095411   0.000000   )
 (  0.000209   0.000000     0.029792   0.000000     0.000874   0.000000   )
 ( -0.002940   0.000000    -0.201860   0.000000     0.000391   0.000000   )
 (  0.001849   0.000000     0.320985   0.000000     0.042646   0.000000   )
 ( -0.000273   0.000000    -0.022835   0.000000     0.095411   0.000000   )
 (  0.002434   0.000000     0.046176   0.000000    -0.029758   0.000000   )
 ( -0.001334   0.000000    -0.129466   0.000000    -0.107364   0.000000   )
 (  0.001186   0.000000     0.145637   0.000000     0.000983   0.000000   )
 ( -0.000423   0.000000    -0.265758   0.000000     0.000273   0.000000   )
 (  0.000209   0.000000     0.029792   0.000000    -0.000874   0.000000   )
 ( -0.002940   0.000000    -0.201860   0.000000    -0.000391   0.000000   )
 (  0.002434   0.000000     0.046176   0.000000     0.029758   0.000000   )
 ( -0.001334   0.000000    -0.129466   0.000000     0.107364   0.000000   )
 (  0.001186   0.000000     0.145637   0.000000    -0.000983   0.000000   )
 ( -0.000423   0.000000    -0.265758   0.000000    -0.000273   0.000000   )
 ( -0.000806   0.000000    -0.264765   0.000000     0.232618   0.000000   )
 (  0.002425   0.000000     0.087961   0.000000    -0.002130   0.000000   )
 ( -0.000806   0.000000    -0.264765   0.000000    -0.232618   0.000000   )
 ( -0.001785   0.000000     0.178573   0.000000     0.044052   0.000000   )
 ( -0.001635   0.000000     0.194892   0.000000    -0.000403   0.000000   )
 (  0.002425   0.000000     0.087961   0.000000     0.002130   0.000000   )
 ( -0.001785   0.000000     0.178573   0.000000    -0.044052   0.000000   )
 ( -0.001635   0.000000     0.194892   0.000000     0.000403   0.000000   )
 ( -0.000744   0.000000     0.081210   0.000000     0.000000   0.000000   )
 ( -0.000068   0.000000     0.040612   0.000000     0.000000   0.000000   )
 ( -0.000128   0.000000    -0.001672   0.000000     0.000000   0.000000   )
 ( -0.000056   0.000000     0.006118   0.000000    -0.000000   0.000000   )
 ( -0.014465   0.000000    -0.043003   0.000000    -0.040340   0.000000   )
 ( -0.009576   0.000000     0.018922   0.000000    -0.044450   0.000000   )
 (  0.015255   0.000000    -0.043276   0.000000    -0.039608   0.000000   )
 (  0.009231   0.000000     0.018749   0.000000    -0.045272   0.000000   )
 (  0.009231   0.000000     0.018749   0.000000     0.045272   0.000000   )
 ( -0.014465   0.000000    -0.043003   0.000000     0.040340   0.000000   )
 (  0.000015   0.000000     0.014006   0.000000     0.000000   0.000000   )
 ( -0.000372   0.000000     0.007447   0.000000     0.000000   0.000000   )
 ( -0.000261   0.000000     0.028461   0.000000     0.000000   0.000000   )
 ( -0.009576   0.000000     0.018922   0.000000     0.044450   0.000000   )
 (  0.015255   0.000000    -0.043276   0.000000     0.039608   0.000000   )
     freq (   27) =       1.794591 [THz] =      59.861108 [cm-1]
 (  0.201860   0.000000    -0.002940   0.000000     0.000391   0.000000   )
 ( -0.029792   0.000000     0.000209   0.000000     0.000874   0.000000   )
 (  0.022835   0.000000    -0.000273   0.000000     0.095411   0.000000   )
 ( -0.320985   0.000000     0.001849   0.000000     0.042646   0.000000   )
 (  0.201860   0.000000    -0.002940   0.000000    -0.000391   0.000000   )
 ( -0.029792   0.000000     0.000209   0.000000    -0.000874   0.000000   )
 (  0.265758   0.000000    -0.000423   0.000000     0.000273   0.000000   )
 ( -0.145637   0.000000     0.001186   0.000000     0.000983   0.000000   )
 (  0.129466   0.000000    -0.001334   0.000000     0.107364   0.000000   )
 ( -0.046176   0.000000     0.002434   0.000000     0.029758   0.000000   )
 (  0.022835   0.000000    -0.000273   0.000000    -0.095411   0.000000   )
 ( -0.320985   0.000000     0.001849   0.000000    -0.042646   0.000000   )
 (  0.265758   0.000000    -0.000423   0.000000    -0.000273   0.000000   )
 ( -0.145637   0.000000     0.001186   0.000000    -0.000983   0.000000   )
 (  0.129466   0.000000    -0.001334   0.000000    -0.107364   0.000000   )
 ( -0.046176   0.000000     0.002434   0.000000    -0.029758   0.000000   )
 ( -0.087961   0.000000     0.002425   0.000000    -0.002130   0.000000   )
 (  0.264765   0.000000    -0.000806   0.000000    -0.232618   0.000000   )
 ( -0.087961   0.000000     0.002425   0.000000     0.002130   0.000000   )
 ( -0.194892   0.000000    -0.001635   0.000000    -0.000403   0.000000   )
 ( -0.178573   0.000000    -0.001785   0.000000    -0.044052   0.000000   )
 (  0.264765   0.000000    -0.000806   0.000000     0.232618   0.000000   )
 ( -0.194892   0.000000    -0.001635   0.000000     0.000403   0.000000   )
 ( -0.178573   0.000000    -0.001785   0.000000     0.044052   0.000000   )
 ( -0.081210   0.000000    -0.000744   0.000000    -0.000000   0.000000   )
 ( -0.007447   0.000000    -0.000372   0.000000    -0.000000   0.000000   )
 ( -0.014006   0.000000     0.000015   0.000000    -0.000000   0.000000   )
 ( -0.006118   0.000000    -0.000056   0.000000     0.000000   0.000000   )
 (  0.043276   0.000000     0.015255   0.000000    -0.039608   0.000000   )
 ( -0.018749   0.000000     0.009231   0.000000     0.045272   0.000000   )
 (  0.043003   0.000000    -0.014465   0.000000     0.040340   0.000000   )
 ( -0.018922   0.000000    -0.009576   0.000000    -0.044450   0.000000   )
 ( -0.018922   0.000000    -0.009576   0.000000     0.044450   0.000000   )
 (  0.043276   0.000000     0.015255   0.000000     0.039608   0.000000   )
 (  0.001672   0.000000    -0.000128   0.000000    -0.000000   0.000000   )
 ( -0.040612   0.000000    -0.000068   0.000000    -0.000000   0.000000   )
 ( -0.028461   0.000000    -0.000261   0.000000    -0.000000   0.000000   )
 ( -0.018749   0.000000     0.009231   0.000000    -0.045272   0.000000   )
 (  0.043003   0.000000    -0.014465   0.000000    -0.040340   0.000000   )
     freq (   28) =       1.811121 [THz] =      60.412489 [cm-1]
 (  0.129699   0.000000    -0.000000   0.000000     0.000000   0.000000   )
 (  0.172905   0.000000     0.000000   0.000000     0.000000   0.000000   )
 (  0.000000   0.000000    -0.172905   0.000000    -0.000000   0.000000   )
 ( -0.000000   0.000000    -0.129699   0.000000    -0.000000   0.000000   )
 ( -0.129699   0.000000    -0.000000   0.000000    -0.000000   0.000000   )
 ( -0.172905   0.000000     0.000000   0.000000    -0.000000   0.000000   )
 (  0.136832   0.000000    -0.000000   0.000000     0.000000   0.000000   )
 (  0.173005   0.000000     0.000000   0.000000     0.000000   0.000000   )
 (  0.000000   0.000000    -0.173005   0.000000     0.000000   0.000000   )
 (  0.000000   0.000000    -0.136832   0.000000     0.000000   0.000000   )
 (  0.000000   0.000000     0.172905   0.000000    -0.000000   0.000000   )
 ( -0.000000   0.000000     0.129699   0.000000    -0.000000   0.000000   )
 ( -0.136832   0.000000    -0.000000   0.000000    -0.000000   0.000000   )
 ( -0.173005   0.000000     0.000000   0.000000    -0.000000   0.000000   )
 (  0.000000   0.000000     0.173005   0.000000    -0.000000   0.000000   )
 ( -0.000000   0.000000     0.136832   0.000000     0.000000   0.000000   )
 (  0.277520   0.000000     0.000000   0.000000    -0.000000   0.000000   )
 (  0.000000   0.000000    -0.277520   0.000000     0.000000   0.000000   )
 ( -0.277520   0.000000     0.000000   0.000000     0.000000   0.000000   )
 (  0.249893   0.000000    -0.000000   0.000000     0.000000   0.000000   )
 ( -0.000000   0.000000    -0.249893   0.000000    -0.000000   0.000000   )
 (  0.000000   0.000000     0.277520   0.000000     0.000000   0.000000   )
 ( -0.249893   0.000000    -0.000000   0.000000     0.000000   0.000000   )
 ( -0.000000   0.000000     0.249893   0.000000     0.000000   0.000000   )
 ( -0.000000   0.000000    -0.000000   0.000000     0.000000   0.000000   )
 (  0.000000   0.000000    -0.000000   0.000000     0.000000   0.000000   )
 ( -0.000000   0.000000     0.000000   0.000000     0.000000   0.000000   )
 ( -0.000000   0.000000    -0.000000   0.000000    -0.000000   0.000000   )
 (  0.064981   0.000000     0.064981   0.000000     0.000000   0.000000   )
 (  0.057965   0.000000    -0.057965   0.000000     0.000000   0.000000   )
 (  0.064981   0.000000    -0.064981   0.000000     0.000000   0.000000   )
 (  0.057965   0.000000     0.057965   0.000000     0.000000   0.000000   )
 ( -0.057965   0.000000    -0.057965   0.000000    -0.000000   0.000000   )
 ( -0.064981   0.000000    -0.064981   0.000000     0.000000   0.000000   )
 (  0.000000   0.000000    -0.000000   0.000000     0.000000   0.000000   )
 ( -0.000000   0.000000    -0.000000   0.000000     0.000000   0.000000   )
 ( -0.000000   0.000000    -0.000000   0.000000     0.000000   0.000000   )
 ( -0.057965   0.000000     0.057965   0.000000    -0.000000   0.000000   )
 ( -0.064981   0.000000     0.064981   0.000000    -0.000000   0.000000   )
     freq (   29) =       1.894261 [THz] =      63.185736 [cm-1]
 (  0.012932   0.000000    -0.063719   0.000000     0.097507   0.000000   )
 ( -0.073838   0.000000    -0.110389   0.000000     0.080183   0.000000   )
 (  0.082758   0.000000     0.098492   0.000000    -0.060112   0.000000   )
 (  0.047770   0.000000    -0.017249   0.000000    -0.073100   0.000000   )
 (  0.012932   0.000000    -0.063719   0.000000    -0.097507   0.000000   )
 ( -0.073838   0.000000    -0.110389   0.000000    -0.080183   0.000000   )
 (  0.003797   0.000000     0.060293   0.000000    -0.179749   0.000000   )
 ( -0.075707   0.000000    -0.067675   0.000000    -0.155959   0.000000   )
 (  0.050735   0.000000     0.100984   0.000000     0.116921   0.000000   )
 ( -0.045201   0.000000    -0.005065   0.000000     0.134756   0.000000   )
 (  0.082758   0.000000     0.098492   0.000000     0.060112   0.000000   )
 (  0.047770   0.000000    -0.017249   0.000000     0.073100   0.000000   )
 (  0.003797   0.000000     0.060293   0.000000     0.179749   0.000000   )
 ( -0.075707   0.000000    -0.067675   0.000000     0.155959   0.000000   )
 (  0.050735   0.000000     0.100984   0.000000    -0.116921   0.000000   )
 ( -0.045201   0.000000    -0.005065   0.000000    -0.134756   0.000000   )
 (  0.109250   0.000000     0.310397   0.000000     0.191485   0.000000   )
 ( -0.232701   0.000000    -0.145728   0.000000    -0.143554   0.000000   )
 (  0.109250   0.000000     0.310397   0.000000    -0.191485   0.000000   )
 (  0.021200   0.000000    -0.118681   0.000000     0.160576   0.000000   )
 (  0.088973   0.000000    -0.028279   0.000000    -0.120382   0.000000   )
 ( -0.232701   0.000000    -0.145728   0.000000     0.143554   0.000000   )
 (  0.021200   0.000000    -0.118681   0.000000    -0.160576   0.000000   )
 (  0.088973   0.000000    -0.028279   0.000000     0.120382   0.000000   )
 ( -0.002428   0.000000     0.003239   0.000000     0.000000   0.000000   )
 (  0.023110   0.000000    -0.029831   0.000000    -0.000000   0.000000   )
 (  0.006984   0.000000    -0.032649   0.000000     0.000000   0.000000   )
 ( -0.002189   0.000000     0.002920   0.000000    -0.000000   0.000000   )
 (  0.036565   0.000000    -0.026564   0.000000    -0.061190   0.000000   )
 (  0.005179   0.000000     0.001447   0.000000    -0.002045   0.000000   )
 ( -0.039469   0.000000     0.030438   0.000000    -0.008754   0.000000   )
 ( -0.023426   0.000000     0.022892   0.000000    -0.014295   0.000000   )
 ( -0.023426   0.000000     0.022892   0.000000     0.014295   0.000000   )
 (  0.036565   0.000000    -0.026564   0.000000     0.061190   0.000000   )
 (  0.024477   0.000000    -0.009316   0.000000    -0.000000   0.000000   )
 (  0.022364   0.000000    -0.030826   0.000000     0.000000   0.000000   )
 (  0.016256   0.000000    -0.021684   0.000000    -0.000000   0.000000   )
 (  0.005179   0.000000     0.001447   0.000000     0.002045   0.000000   )
 ( -0.039469   0.000000     0.030438   0.000000     0.008754   0.000000   )
     freq (   30) =       1.894261 [THz] =      63.185736 [cm-1]
 (  0.017249   0.000000     0.047770   0.000000    -0.073100   0.000000   )
 ( -0.098492   0.000000     0.082758   0.000000    -0.060112   0.000000   )
 (  0.110389   0.000000    -0.073838   0.000000    -0.080183   0.000000   )
 (  0.063719   0.000000     0.012932   0.000000    -0.097507   0.000000   )
 (  0.017249   0.000000     0.047770   0.000000     0.073100   0.000000   )
 ( -0.098492   0.000000     0.082758   0.000000     0.060112   0.000000   )
 (  0.005065   0.000000    -0.045201   0.000000     0.134756   0.000000   )
 ( -0.100984   0.000000     0.050735   0.000000     0.116921   0.000000   )
 (  0.067675   0.000000    -0.075707   0.000000     0.155959   0.000000   )
 ( -0.060293   0.000000     0.003797   0.000000     0.179749   0.000000   )
 (  0.110389   0.000000    -0.073838   0.000000     0.080183   0.000000   )
 (  0.063719   0.000000     0.012932   0.000000     0.097507   0.000000   )
 (  0.005065   0.000000    -0.045201   0.000000    -0.134756   0.000000   )
 ( -0.100984   0.000000     0.050735   0.000000    -0.116921   0.000000   )
 (  0.067675   0.000000    -0.075707   0.000000    -0.155959   0.000000   )
 ( -0.060293   0.000000     0.003797   0.000000    -0.179749   0.000000   )
 (  0.145728   0.000000    -0.232701   0.000000    -0.143554   0.000000   )
 ( -0.310397   0.000000     0.109250   0.000000    -0.191485   0.000000   )
 (  0.145728   0.000000    -0.232701   0.000000     0.143554   0.000000   )
 (  0.028279   0.000000     0.088973   0.000000    -0.120382   0.000000   )
 (  0.118681   0.000000     0.021200   0.000000    -0.160576   0.000000   )
 ( -0.310397   0.000000     0.109250   0.000000     0.191485   0.000000   )
 (  0.028279   0.000000     0.088973   0.000000     0.120382   0.000000   )
 (  0.118681   0.000000     0.021200   0.000000     0.160576   0.000000   )
 ( -0.003239   0.000000    -0.002428   0.000000    -0.000000   0.000000   )
 (  0.030826   0.000000     0.022364   0.000000    -0.000000   0.000000   )
 (  0.009316   0.000000     0.024477   0.000000    -0.000000   0.000000   )
 ( -0.002920   0.000000    -0.002189   0.000000     0.000000   0.000000   )
 ( -0.030438   0.000000    -0.039469   0.000000    -0.008754   0.000000   )
 ( -0.022892   0.000000    -0.023426   0.000000     0.014295   0.000000   )
 (  0.026564   0.000000     0.036565   0.000000     0.061190   0.000000   )
 ( -0.001447   0.000000     0.005179   0.000000    -0.002045   0.000000   )
 ( -0.001447   0.000000     0.005179   0.000000     0.002045   0.000000   )
 ( -0.030438   0.000000    -0.039469   0.000000     0.008754   0.000000   )
 (  0.032649   0.000000     0.006984   0.000000    -0.000000   0.000000   )
 (  0.029831   0.000000     0.023110   0.000000    -0.000000   0.000000   )
 (  0.021684   0.000000     0.016256   0.000000    -0.000000   0.000000   )
 ( -0.022892   0.000000    -0.023426   0.000000    -0.014295   0.000000   )
 (  0.026564   0.000000     0.036565   0.000000    -0.061190   0.000000   )
     freq (   31) =       1.920249 [THz] =      64.052619 [cm-1]
 (  0.000000   0.000000    -0.027467   0.000000    -0.075914   0.000000   )
 (  0.000000   0.000000    -0.030356   0.000000    -0.027776   0.000000   )
 (  0.030356   0.000000     0.000000   0.000000     0.027776   0.000000   )
 (  0.027467   0.000000    -0.000000   0.000000     0.075914   0.000000   )
 (  0.000000   0.000000     0.027467   0.000000    -0.075914   0.000000   )
 ( -0.000000   0.000000     0.030356   0.000000    -0.027776   0.000000   )
 (  0.000000   0.000000     0.056762   0.000000     0.153128   0.000000   )
 (  0.000000   0.000000    -0.026922   0.000000     0.033153   0.000000   )
 (  0.026922   0.000000     0.000000   0.000000    -0.033153   0.000000   )
 ( -0.056762   0.000000    -0.000000   0.000000    -0.153128   0.000000   )
 ( -0.030356   0.000000     0.000000   0.000000     0.027776   0.000000   )
 ( -0.027467   0.000000    -0.000000   0.000000     0.075914   0.000000   )
 (  0.000000   0.000000    -0.056762   0.000000     0.153128   0.000000   )
 (  0.000000   0.000000     0.026922   0.000000     0.033153   0.000000   )
 ( -0.026922   0.000000     0.000000   0.000000    -0.033153   0.000000   )
 (  0.056762   0.000000    -0.000000   0.000000    -0.153128   0.000000   )
 ( -0.000000   0.000000     0.081734   0.000000     0.303967   0.000000   )
 ( -0.081734   0.000000    -0.000000   0.000000    -0.303967   0.000000   )
 ( -0.000000   0.000000    -0.081734   0.000000     0.303967   0.000000   )
 (  0.000000   0.000000     0.040706   0.000000    -0.306456   0.000000   )
 ( -0.040706   0.000000     0.000000   0.000000     0.306456   0.000000   )
 (  0.081734   0.000000     0.000000   0.000000    -0.303967   0.000000   )
 ( -0.000000   0.000000    -0.040706   0.000000    -0.306456   0.000000   )
 (  0.040706   0.000000     0.000000   0.000000     0.306456   0.000000   )
 (  0.000000   0.000000     0.000000   0.000000    -0.000000   0.000000   )
 ( -0.000000   0.000000    -0.000000   0.000000    -0.014208   0.000000   )
 (  0.000000   0.000000    -0.000000   0.000000    -0.138108   0.000000   )
 ( -0.000000   0.000000     0.000000   0.000000     0.000000   0.000000   )
 ( -0.066025   0.000000    -0.066025   0.000000    -0.000000   0.000000   )
 (  0.012041   0.000000    -0.012041   0.000000    -0.000000   0.000000   )
 (  0.066025   0.000000    -0.066025   0.000000    -0.000000   0.000000   )
 ( -0.012041   0.000000    -0.012041   0.000000     0.000000   0.000000   )
 (  0.012041   0.000000     0.012041   0.000000    -0.000000   0.000000   )
 (  0.066025   0.000000     0.066025   0.000000    -0.000000   0.000000   )
 ( -0.000000   0.000000    -0.000000   0.000000     0.138108   0.000000   )
 (  0.000000   0.000000    -0.000000   0.000000     0.014208   0.000000   )
 ( -0.000000   0.000000    -0.000000   0.000000     0.000000   0.000000   )
 ( -0.012041   0.000000     0.012041   0.000000     0.000000   0.000000   )
 ( -0.066025   0.000000     0.066025   0.000000     0.000000   0.000000   )
     freq (   32) =       1.976867 [THz] =      65.941173 [cm-1]
 ( -0.047741   0.000000     0.010841   0.000000     0.281105   0.000000   )
 (  0.001306   0.000000     0.029660   0.000000     0.229436   0.000000   )
 (  0.014800   0.000000     0.002618   0.000000     0.114490   0.000000   )
 (  0.005410   0.000000    -0.095673   0.000000     0.140273   0.000000   )
 ( -0.047741   0.000000     0.010841   0.000000    -0.281105   0.000000   )
 (  0.001306   0.000000     0.029660   0.000000    -0.229436   0.000000   )
 (  0.009532   0.000000     0.063537   0.000000    -0.082054   0.000000   )
 ( -0.025298   0.000000     0.019874   0.000000    -0.093893   0.000000   )
 (  0.009917   0.000000    -0.050697   0.000000    -0.046853   0.000000   )
 (  0.031705   0.000000     0.019103   0.000000    -0.040945   0.000000   )
 (  0.014800   0.000000     0.002618   0.000000    -0.114490   0.000000   )
 (  0.005410   0.000000    -0.095673   0.000000    -0.140273   0.000000   )
 (  0.009532   0.000000     0.063537   0.000000     0.082054   0.000000   )
 ( -0.025298   0.000000     0.019874   0.000000     0.093893   0.000000   )
 (  0.009917   0.000000    -0.050697   0.000000     0.046853   0.000000   )
 (  0.031705   0.000000     0.019103   0.000000     0.040945   0.000000   )
 (  0.019964   0.000000    -0.257028   0.000000    -0.317574   0.000000   )
 ( -0.128258   0.000000     0.040008   0.000000    -0.158471   0.000000   )
 (  0.019964   0.000000    -0.257028   0.000000     0.317574   0.000000   )
 (  0.033668   0.000000     0.152515   0.000000    -0.122457   0.000000   )
 (  0.076106   0.000000     0.067470   0.000000    -0.061107   0.000000   )
 ( -0.128258   0.000000     0.040008   0.000000     0.158471   0.000000   )
 (  0.033668   0.000000     0.152515   0.000000     0.122457   0.000000   )
 (  0.076106   0.000000     0.067470   0.000000     0.061107   0.000000   )
 ( -0.025939   0.000000    -0.051981   0.000000     0.000000   0.000000   )
 (  0.010535   0.000000    -0.046500   0.000000     0.000000   0.000000   )
 ( -0.003219   0.000000     0.037167   0.000000     0.000000   0.000000   )
 (  0.020789   0.000000     0.041661   0.000000    -0.000000   0.000000   )
 (  0.051399   0.000000     0.024000   0.000000     0.032442   0.000000   )
 (  0.019355   0.000000     0.006603   0.000000     0.074706   0.000000   )
 ( -0.053591   0.000000    -0.028391   0.000000     0.097067   0.000000   )
 ( -0.023415   0.000000    -0.014739   0.000000     0.024968   0.000000   )
 ( -0.023415   0.000000    -0.014739   0.000000    -0.024968   0.000000   )
 (  0.051399   0.000000     0.024000   0.000000    -0.032442   0.000000   )
 (  0.018546   0.000000    -0.006451   0.000000     0.000000   0.000000   )
 ( -0.023204   0.000000     0.021111   0.000000     0.000000   0.000000   )
 (  0.010008   0.000000     0.020056   0.000000     0.000000   0.000000   )
 (  0.019355   0.000000     0.006603   0.000000    -0.074706   0.000000   )
 ( -0.053591   0.000000    -0.028391   0.000000    -0.097067   0.000000   )
     freq (   33) =       1.976867 [THz] =      65.941173 [cm-1]
 ( -0.095673   0.000000    -0.005410   0.000000    -0.140273   0.000000   )
 (  0.002618   0.000000    -0.014800   0.000000    -0.114490   0.000000   )
 (  0.029660   0.000000    -0.001306   0.000000     0.229436   0.000000   )
 (  0.010841   0.000000     0.047741   0.000000     0.281105   0.000000   )
 ( -0.095673   0.000000    -0.005410   0.000000     0.140273   0.000000   )
 (  0.002618   0.000000    -0.014800   0.000000     0.114490   0.000000   )
 (  0.019103   0.000000    -0.031705   0.000000     0.040945   0.000000   )
 ( -0.050697   0.000000    -0.009917   0.000000     0.046853   0.000000   )
 (  0.019874   0.000000     0.025298   0.000000    -0.093893   0.000000   )
 (  0.063537   0.000000    -0.009532   0.000000    -0.082054   0.000000   )
 (  0.029660   0.000000    -0.001306   0.000000    -0.229436   0.000000   )
 (  0.010841   0.000000     0.047741   0.000000    -0.281105   0.000000   )
 (  0.019103   0.000000    -0.031705   0.000000    -0.040945   0.000000   )
 ( -0.050697   0.000000    -0.009917   0.000000    -0.046853   0.000000   )
 (  0.019874   0.000000     0.025298   0.000000     0.093893   0.000000   )
 (  0.063537   0.000000    -0.009532   0.000000     0.082054   0.000000   )
 (  0.040008   0.000000     0.128258   0.000000     0.158471   0.000000   )
 ( -0.257028   0.000000    -0.019964   0.000000    -0.317574   0.000000   )
 (  0.040008   0.000000     0.128258   0.000000    -0.158471   0.000000   )
 (  0.067470   0.000000    -0.076106   0.000000     0.061107   0.000000   )
 (  0.152515   0.000000    -0.033668   0.000000    -0.122457   0.000000   )
 ( -0.257028   0.000000    -0.019964   0.000000     0.317574   0.000000   )
 (  0.067470   0.000000    -0.076106   0.000000    -0.061107   0.000000   )
 (  0.152515   0.000000    -0.033668   0.000000     0.122457   0.000000   )
 ( -0.051981   0.000000     0.025939   0.000000     0.000000   0.000000   )
 (  0.021111   0.000000     0.023204   0.000000    -0.000000   0.000000   )
 ( -0.006451   0.000000    -0.018546   0.000000    -0.000000   0.000000   )
 (  0.041661   0.000000    -0.020789   0.000000    -0.000000   0.000000   )
 ( -0.028391   0.000000     0.053591   0.000000    -0.097067   0.000000   )
 ( -0.014739   0.000000     0.023415   0.000000     0.024968   0.000000   )
 (  0.024000   0.000000    -0.051399   0.000000     0.032442   0.000000   )
 (  0.006603   0.000000    -0.019355   0.000000    -0.074706   0.000000   )
 (  0.006603   0.000000    -0.019355   0.000000     0.074706   0.000000   )
 ( -0.028391   0.000000     0.053591   0.000000     0.097067   0.000000   )
 (  0.037167   0.000000     0.003219   0.000000     0.000000   0.000000   )
 ( -0.046500   0.000000    -0.010535   0.000000     0.000000   0.000000   )
 (  0.020056   0.000000    -0.010008   0.000000    -0.000000   0.000000   )
 ( -0.014739   0.000000     0.023415   0.000000    -0.024968   0.000000   )
 (  0.024000   0.000000    -0.051399   0.000000    -0.032442   0.000000   )
     freq (   34) =       2.080360 [THz] =      69.393325 [cm-1]
 (  0.081578   0.000000     0.001552   0.000000     0.001226   0.000000   )
 (  0.154193   0.000000     0.002204   0.000000    -0.000823   0.000000   )
 ( -0.126585   0.000000    -0.002684   0.000000     0.047262   0.000000   )
 ( -0.089171   0.000000    -0.001420   0.000000    -0.070396   0.000000   )
 (  0.081578   0.000000     0.001552   0.000000    -0.001226   0.000000   )
 (  0.154193   0.000000     0.002204   0.000000     0.000823   0.000000   )
 (  0.009538   0.000000     0.000348   0.000000     0.000721   0.000000   )
 (  0.082418   0.000000     0.001726   0.000000    -0.001912   0.000000   )
 ( -0.099130   0.000000    -0.001435   0.000000     0.109822   0.000000   )
 ( -0.019990   0.000000    -0.000166   0.000000    -0.041439   0.000000   )
 ( -0.126585   0.000000    -0.002684   0.000000    -0.047262   0.000000   )
 ( -0.089171   0.000000    -0.001420   0.000000     0.070396   0.000000   )
 (  0.009538   0.000000     0.000348   0.000000    -0.000721   0.000000   )
 (  0.082418   0.000000     0.001726   0.000000     0.001912   0.000000   )
 ( -0.099130   0.000000    -0.001435   0.000000    -0.109822   0.000000   )
 ( -0.019990   0.000000    -0.000166   0.000000     0.041439   0.000000   )
 ( -0.114579   0.000000     0.002466   0.000000    -0.000867   0.000000   )
 ( -0.141629   0.000000     0.001995   0.000000     0.049783   0.000000   )
 ( -0.114579   0.000000     0.002466   0.000000     0.000867   0.000000   )
 ( -0.263005   0.000000    -0.009135   0.000000     0.002088   0.000000   )
 (  0.524717   0.000000     0.004579   0.000000    -0.119935   0.000000   )
 ( -0.141629   0.000000     0.001995   0.000000    -0.049783   0.000000   )
 ( -0.263005   0.000000    -0.009135   0.000000    -0.002088   0.000000   )
 (  0.524717   0.000000     0.004579   0.000000     0.119935   0.000000   )
 ( -0.024938   0.000000     0.000434   0.000000     0.000000   0.000000   )
 (  0.007511   0.000000     0.000637   0.000000    -0.000000   0.000000   )
 ( -0.010051   0.000000     0.001054   0.000000    -0.000000   0.000000   )
 ( -0.057167   0.000000     0.000995   0.000000     0.000000   0.000000   )
 (  0.043880   0.000000     0.009861   0.000000     0.007115   0.000000   )
 (  0.036194   0.000000    -0.009760   0.000000     0.025039   0.000000   )
 (  0.044250   0.000000    -0.011396   0.000000    -0.006871   0.000000   )
 (  0.035876   0.000000     0.008505   0.000000    -0.025926   0.000000   )
 (  0.035876   0.000000     0.008505   0.000000     0.025926   0.000000   )
 (  0.043880   0.000000     0.009861   0.000000    -0.007115   0.000000   )
 ( -0.060546   0.000000     0.000175   0.000000    -0.000000   0.000000   )
 ( -0.036613   0.000000    -0.000131   0.000000    -0.000000   0.000000   )
 ( -0.006209   0.000000     0.000108   0.000000     0.000000   0.000000   )
 (  0.036194   0.000000    -0.009760   0.000000    -0.025039   0.000000   )
 (  0.044250   0.000000    -0.011396   0.000000     0.006871   0.000000   )
     freq (   35) =       2.080360 [THz] =      69.393325 [cm-1]
 (  0.001420   0.000000    -0.089171   0.000000    -0.070396   0.000000   )
 (  0.002684   0.000000    -0.126585   0.000000     0.047262   0.000000   )
 ( -0.002204   0.000000     0.154193   0.000000     0.000823   0.000000   )
 ( -0.001552   0.000000     0.081578   0.000000    -0.001226   0.000000   )
 (  0.001420   0.000000    -0.089171   0.000000     0.070396   0.000000   )
 (  0.002684   0.000000    -0.126585   0.000000    -0.047262   0.000000   )
 (  0.000166   0.000000    -0.019990   0.000000    -0.041439   0.000000   )
 (  0.001435   0.000000    -0.099130   0.000000     0.109822   0.000000   )
 ( -0.001726   0.000000     0.082418   0.000000     0.001912   0.000000   )
 ( -0.000348   0.000000     0.009538   0.000000    -0.000721   0.000000   )
 ( -0.002204   0.000000     0.154193   0.000000    -0.000823   0.000000   )
 ( -0.001552   0.000000     0.081578   0.000000     0.001226   0.000000   )
 (  0.000166   0.000000    -0.019990   0.000000     0.041439   0.000000   )
 (  0.001435   0.000000    -0.099130   0.000000    -0.109822   0.000000   )
 ( -0.001726   0.000000     0.082418   0.000000    -0.001912   0.000000   )
 ( -0.000348   0.000000     0.009538   0.000000     0.000721   0.000000   )
 ( -0.001995   0.000000    -0.141629   0.000000     0.049783   0.000000   )
 ( -0.002466   0.000000    -0.114579   0.000000     0.000867   0.000000   )
 ( -0.001995   0.000000    -0.141629   0.000000    -0.049783   0.000000   )
 ( -0.004579   0.000000     0.524717   0.000000    -0.119935   0.000000   )
 (  0.009135   0.000000    -0.263005   0.000000    -0.002088   0.000000   )
 ( -0.002466   0.000000    -0.114579   0.000000    -0.000867   0.000000   )
 ( -0.004579   0.000000     0.524717   0.000000     0.119935   0.000000   )
 (  0.009135   0.000000    -0.263005   0.000000     0.002088   0.000000   )
 ( -0.000434   0.000000    -0.024938   0.000000     0.000000   0.000000   )
 (  0.000131   0.000000    -0.036613   0.000000    -0.000000   0.000000   )
 ( -0.000175   0.000000    -0.060546   0.000000    -0.000000   0.000000   )
 ( -0.000995   0.000000    -0.057167   0.000000     0.000000   0.000000   )
 (  0.011396   0.000000     0.044250   0.000000    -0.006871   0.000000   )
 ( -0.008505   0.000000     0.035876   0.000000     0.025926   0.000000   )
 ( -0.009861   0.000000     0.043880   0.000000    -0.007115   0.000000   )
 (  0.009760   0.000000     0.036194   0.000000     0.025039   0.000000   )
 (  0.009760   0.000000     0.036194   0.000000    -0.025039   0.000000   )
 (  0.011396   0.000000     0.044250   0.000000     0.006871   0.000000   )
 ( -0.001054   0.000000    -0.010051   0.000000    -0.000000   0.000000   )
 ( -0.000637   0.000000     0.007511   0.000000    -0.000000   0.000000   )
 ( -0.000108   0.000000    -0.006209   0.000000     0.000000   0.000000   )
 ( -0.008505   0.000000     0.035876   0.000000    -0.025926   0.000000   )
 ( -0.009861   0.000000     0.043880   0.000000     0.007115   0.000000   )
     freq (   36) =       2.094012 [THz] =      69.848725 [cm-1]
 (  0.000000   0.000000     0.086951   0.000000    -0.011330   0.000000   )
 (  0.000000   0.000000    -0.344990   0.000000    -0.081236   0.000000   )
 ( -0.344990   0.000000     0.000000   0.000000    -0.081236   0.000000   )
 (  0.086951   0.000000     0.000000   0.000000    -0.011330   0.000000   )
 (  0.000000   0.000000    -0.086951   0.000000    -0.011330   0.000000   )
 (  0.000000   0.000000     0.344990   0.000000    -0.081236   0.000000   )
 ( -0.000000   0.000000    -0.123575   0.000000    -0.007315   0.000000   )
 (  0.000000   0.000000     0.256506   0.000000     0.087170   0.000000   )
 (  0.256506   0.000000     0.000000   0.000000     0.087170   0.000000   )
 ( -0.123575   0.000000     0.000000   0.000000    -0.007315   0.000000   )
 (  0.344990   0.000000     0.000000   0.000000    -0.081236   0.000000   )
 ( -0.086951   0.000000     0.000000   0.000000    -0.011330   0.000000   )
 ( -0.000000   0.000000     0.123575   0.000000    -0.007315   0.000000   )
 (  0.000000   0.000000    -0.256506   0.000000     0.087170   0.000000   )
 ( -0.256506   0.000000     0.000000   0.000000     0.087170   0.000000   )
 (  0.123575   0.000000     0.000000   0.000000    -0.007315   0.000000   )
 ( -0.000000   0.000000     0.049237   0.000000     0.037187   0.000000   )
 (  0.049237   0.000000    -0.000000   0.000000     0.037187   0.000000   )
 ( -0.000000   0.000000    -0.049237   0.000000     0.037187   0.000000   )
 ( -0.000000   0.000000    -0.097721   0.000000    -0.007011   0.000000   )
 ( -0.097721   0.000000    -0.000000   0.000000    -0.007011   0.000000   )
 ( -0.049237   0.000000    -0.000000   0.000000     0.037187   0.000000   )
 ( -0.000000   0.000000     0.097721   0.000000    -0.007011   0.000000   )
 (  0.097721   0.000000    -0.000000   0.000000    -0.007011   0.000000   )
 ( -0.000000   0.000000    -0.000000   0.000000    -0.062568   0.000000   )
 ( -0.000000   0.000000    -0.000000   0.000000     0.107412   0.000000   )
 ( -0.000000   0.000000    -0.000000   0.000000     0.039248   0.000000   )
 ( -0.000000   0.000000    -0.000000   0.000000    -0.162169   0.000000   )
 ( -0.003896   0.000000     0.003896   0.000000    -0.008122   0.000000   )
 ( -0.011586   0.000000    -0.011586   0.000000     0.009955   0.000000   )
 (  0.003896   0.000000     0.003896   0.000000    -0.008122   0.000000   )
 (  0.011586   0.000000    -0.011586   0.000000     0.009955   0.000000   )
 ( -0.011586   0.000000     0.011586   0.000000     0.009955   0.000000   )
 (  0.003896   0.000000    -0.003896   0.000000    -0.008122   0.000000   )
 ( -0.000000   0.000000    -0.000000   0.000000     0.039248   0.000000   )
 ( -0.000000   0.000000     0.000000   0.000000     0.107412   0.000000   )
 (  0.000000   0.000000    -0.000000   0.000000    -0.007478   0.000000   )
 (  0.011586   0.000000     0.011586   0.000000     0.009955   0.000000   )
 ( -0.003896   0.000000    -0.003896   0.000000    -0.008122   0.000000   )
     freq (   37) =       2.149372 [THz] =      71.695326 [cm-1]
 (  0.022155   0.000000     0.059918   0.000000    -0.152402   0.000000   )
 (  0.033657   0.000000    -0.002607   0.000000     0.154200   0.000000   )
 ( -0.001881   0.000000     0.046641   0.000000     0.111272   0.000000   )
 (  0.043237   0.000000     0.030701   0.000000    -0.109975   0.000000   )
 (  0.022155   0.000000     0.059918   0.000000     0.152402   0.000000   )
 (  0.033657   0.000000    -0.002607   0.000000    -0.154200   0.000000   )
 ( -0.115084   0.000000     0.077546   0.000000    -0.192054   0.000000   )
 ( -0.073300   0.000000     0.045721   0.000000     0.150160   0.000000   )
 (  0.032993   0.000000    -0.101578   0.000000     0.108357   0.000000   )
 (  0.055958   0.000000    -0.159482   0.000000    -0.138589   0.000000   )
 ( -0.001881   0.000000     0.046641   0.000000    -0.111272   0.000000   )
 (  0.043237   0.000000     0.030701   0.000000     0.109975   0.000000   )
 ( -0.115084   0.000000     0.077546   0.000000     0.192054   0.000000   )
 ( -0.073300   0.000000     0.045721   0.000000    -0.150160   0.000000   )
 (  0.032993   0.000000    -0.101578   0.000000    -0.108357   0.000000   )
 (  0.055958   0.000000    -0.159482   0.000000     0.138589   0.000000   )
 (  0.165362   0.000000     0.018675   0.000000    -0.155294   0.000000   )
 (  0.013476   0.000000     0.229157   0.000000    -0.112062   0.000000   )
 (  0.165362   0.000000     0.018675   0.000000     0.155294   0.000000   )
 ( -0.099125   0.000000    -0.104700   0.000000     0.227964   0.000000   )
 ( -0.075552   0.000000    -0.137366   0.000000     0.164502   0.000000   )
 (  0.013476   0.000000     0.229157   0.000000     0.112062   0.000000   )
 ( -0.099125   0.000000    -0.104700   0.000000    -0.227964   0.000000   )
 ( -0.075552   0.000000    -0.137366   0.000000    -0.164502   0.000000   )
 ( -0.002295   0.000000    -0.003180   0.000000     0.000000   0.000000   )
 ( -0.007348   0.000000     0.024907   0.000000    -0.000000   0.000000   )
 ( -0.004278   0.000000     0.017544   0.000000     0.000000   0.000000   )
 ( -0.005973   0.000000    -0.008278   0.000000    -0.000000   0.000000   )
 (  0.017533   0.000000     0.008839   0.000000    -0.017000   0.000000   )
 (  0.021051   0.000000     0.016117   0.000000     0.059584   0.000000   )
 ( -0.029015   0.000000    -0.024751   0.000000    -0.105134   0.000000   )
 ( -0.018260   0.000000    -0.012250   0.000000     0.009635   0.000000   )
 ( -0.018260   0.000000    -0.012250   0.000000    -0.009635   0.000000   )
 (  0.017533   0.000000     0.008839   0.000000     0.017000   0.000000   )
 (  0.012660   0.000000    -0.005929   0.000000     0.000000   0.000000   )
 (  0.017974   0.000000    -0.010183   0.000000    -0.000000   0.000000   )
 (  0.024760   0.000000     0.034312   0.000000    -0.000000   0.000000   )
 (  0.021051   0.000000     0.016117   0.000000    -0.059584   0.000000   )
 ( -0.029015   0.000000    -0.024751   0.000000     0.105134   0.000000   )
     freq (   38) =       2.149372 [THz] =      71.695326 [cm-1]
 (  0.030701   0.000000    -0.043237   0.000000     0.109975   0.000000   )
 (  0.046641   0.000000     0.001881   0.000000    -0.111272   0.000000   )
 ( -0.002607   0.000000    -0.033657   0.000000     0.154200   0.000000   )
 (  0.059918   0.000000    -0.022155   0.000000    -0.152402   0.000000   )
 (  0.030701   0.000000    -0.043237   0.000000    -0.109975   0.000000   )
 (  0.046641   0.000000     0.001881   0.000000     0.111272   0.000000   )
 ( -0.159482   0.000000    -0.055958   0.000000     0.138589   0.000000   )
 ( -0.101578   0.000000    -0.032993   0.000000    -0.108357   0.000000   )
 (  0.045721   0.000000     0.073300   0.000000     0.150160   0.000000   )
 (  0.077546   0.000000     0.115084   0.000000    -0.192054   0.000000   )
 ( -0.002607   0.000000    -0.033657   0.000000    -0.154200   0.000000   )
 (  0.059918   0.000000    -0.022155   0.000000     0.152402   0.000000   )
 ( -0.159482   0.000000    -0.055958   0.000000    -0.138589   0.000000   )
 ( -0.101578   0.000000    -0.032993   0.000000     0.108357   0.000000   )
 (  0.045721   0.000000     0.073300   0.000000    -0.150160   0.000000   )
 (  0.077546   0.000000     0.115084   0.000000     0.192054   0.000000   )
 (  0.229157   0.000000    -0.013476   0.000000     0.112062   0.000000   )
 (  0.018675   0.000000    -0.165362   0.000000    -0.155294   0.000000   )
 (  0.229157   0.000000    -0.013476   0.000000    -0.112062   0.000000   )
 ( -0.137366   0.000000     0.075552   0.000000    -0.164502   0.000000   )
 ( -0.104700   0.000000     0.099125   0.000000     0.227964   0.000000   )
 (  0.018675   0.000000    -0.165362   0.000000     0.155294   0.000000   )
 ( -0.137366   0.000000     0.075552   0.000000     0.164502   0.000000   )
 ( -0.104700   0.000000     0.099125   0.000000    -0.227964   0.000000   )
 ( -0.003180   0.000000     0.002295   0.000000     0.000000   0.000000   )
 ( -0.010183   0.000000    -0.017974   0.000000    -0.000000   0.000000   )
 ( -0.005929   0.000000    -0.012660   0.000000     0.000000   0.000000   )
 ( -0.008278   0.000000     0.005973   0.000000    -0.000000   0.000000   )
 ( -0.024751   0.000000     0.029015   0.000000     0.105134   0.000000   )
 ( -0.012250   0.000000     0.018260   0.000000     0.009635   0.000000   )
 (  0.008839   0.000000    -0.017533   0.000000    -0.017000   0.000000   )
 (  0.016117   0.000000    -0.021051   0.000000    -0.059584   0.000000   )
 (  0.016117   0.000000    -0.021051   0.000000     0.059584   0.000000   )
 ( -0.024751   0.000000     0.029015   0.000000    -0.105134   0.000000   )
 (  0.017544   0.000000     0.004278   0.000000     0.000000   0.000000   )
 (  0.024907   0.000000     0.007348   0.000000    -0.000000   0.000000   )
 (  0.034312   0.000000    -0.024760   0.000000    -0.000000   0.000000   )
 ( -0.012250   0.000000     0.018260   0.000000    -0.009635   0.000000   )
 (  0.008839   0.000000    -0.017533   0.000000     0.017000   0.000000   )
     freq (   39) =       2.186351 [THz] =      72.928820 [cm-1]
 (  0.000000   0.000000     0.011424   0.000000    -0.220327   0.000000   )
 (  0.000000   0.000000     0.023500   0.000000     0.099245   0.000000   )
 (  0.023500   0.000000     0.000000   0.000000     0.099245   0.000000   )
 (  0.011424   0.000000     0.000000   0.000000    -0.220327   0.000000   )
 ( -0.000000   0.000000    -0.011424   0.000000    -0.220327   0.000000   )
 ( -0.000000   0.000000    -0.023500   0.000000     0.099245   0.000000   )
 ( -0.000000   0.000000     0.009310   0.000000    -0.108299   0.000000   )
 ( -0.000000   0.000000    -0.011272   0.000000     0.143108   0.000000   )
 ( -0.011272   0.000000    -0.000000   0.000000     0.143108   0.000000   )
 (  0.009310   0.000000    -0.000000   0.000000    -0.108299   0.000000   )
 ( -0.023500   0.000000    -0.000000   0.000000     0.099245   0.000000   )
 ( -0.011424   0.000000    -0.000000   0.000000    -0.220327   0.000000   )
 (  0.000000   0.000000    -0.009310   0.000000    -0.108299   0.000000   )
 (  0.000000   0.000000     0.011272   0.000000     0.143108   0.000000   )
 (  0.011272   0.000000     0.000000   0.000000     0.143108   0.000000   )
 ( -0.009310   0.000000     0.000000   0.000000    -0.108299   0.000000   )
 ( -0.000000   0.000000     0.019890   0.000000     0.270746   0.000000   )
 (  0.019890   0.000000    -0.000000   0.000000     0.270746   0.000000   )
 (  0.000000   0.000000    -0.019890   0.000000     0.270746   0.000000   )
 (  0.000000   0.000000     0.035721   0.000000    -0.064659   0.000000   )
 (  0.035721   0.000000     0.000000   0.000000    -0.064659   0.000000   )
 ( -0.019890   0.000000     0.000000   0.000000     0.270746   0.000000   )
 ( -0.000000   0.000000    -0.035721   0.000000    -0.064659   0.000000   )
 ( -0.035721   0.000000    -0.000000   0.000000    -0.064659   0.000000   )
 ( -0.000000   0.000000     0.000000   0.000000    -0.162172   0.000000   )
 (  0.000000   0.000000     0.000000   0.000000     0.146126   0.000000   )
 (  0.000000   0.000000    -0.000000   0.000000    -0.110955   0.000000   )
 (  0.000000   0.000000     0.000000   0.000000     0.126343   0.000000   )
 ( -0.005911   0.000000     0.005911   0.000000    -0.116056   0.000000   )
 ( -0.011531   0.000000    -0.011531   0.000000     0.164960   0.000000   )
 (  0.005911   0.000000     0.005911   0.000000    -0.116056   0.000000   )
 (  0.011531   0.000000    -0.011531   0.000000     0.164960   0.000000   )
 ( -0.011531   0.000000     0.011531   0.000000     0.164960   0.000000   )
 (  0.005911   0.000000    -0.005911   0.000000    -0.116056   0.000000   )
 ( -0.000000   0.000000     0.000000   0.000000    -0.110955   0.000000   )
 (  0.000000   0.000000    -0.000000   0.000000     0.146126   0.000000   )
 (  0.000000   0.000000     0.000000   0.000000     0.209108   0.000000   )
 (  0.011531   0.000000     0.011531   0.000000     0.164960   0.000000   )
 ( -0.005911   0.000000    -0.005911   0.000000    -0.116056   0.000000   )
     freq (   40) =       2.230662 [THz] =      74.406879 [cm-1]
 (  0.204973   0.000000    -0.000000   0.000000     0.000000   0.000000   )
 (  0.263226   0.000000    -0.000000   0.000000    -0.000000   0.000000   )
 ( -0.000000   0.000000     0.263226   0.000000    -0.000000   0.000000   )
 ( -0.000000   0.000000     0.204973   0.000000     0.000000   0.000000   )
 ( -0.204973   0.000000    -0.000000   0.000000     0.000000   0.000000   )
 ( -0.263226   0.000000     0.000000   0.000000    -0.000000   0.000000   )
 ( -0.159998   0.000000    -0.000000   0.000000     0.000000   0.000000   )
 ( -0.254241   0.000000     0.000000   0.000000    -0.000000   0.000000   )
 (  0.000000   0.000000    -0.254241   0.000000    -0.000000   0.000000   )
 (  0.000000   0.000000    -0.159998   0.000000     0.000000   0.000000   )
 (  0.000000   0.000000    -0.263226   0.000000    -0.000000   0.000000   )
 (  0.000000   0.000000    -0.204973   0.000000     0.000000   0.000000   )
 (  0.159998   0.000000    -0.000000   0.000000     0.000000   0.000000   )
 (  0.254241   0.000000    -0.000000   0.000000    -0.000000   0.000000   )
 (  0.000000   0.000000     0.254241   0.000000    -0.000000   0.000000   )
 (  0.000000   0.000000     0.159998   0.000000     0.000000   0.000000   )
 ( -0.147591   0.000000    -0.000000   0.000000    -0.000000   0.000000   )
 ( -0.000000   0.000000    -0.147591   0.000000    -0.000000   0.000000   )
 (  0.147591   0.000000    -0.000000   0.000000    -0.000000   0.000000   )
 (  0.141223   0.000000     0.000000   0.000000    -0.000000   0.000000   )
 ( -0.000000   0.000000     0.141223   0.000000    -0.000000   0.000000   )
 (  0.000000   0.000000     0.147591   0.000000    -0.000000   0.000000   )
 ( -0.141223   0.000000     0.000000   0.000000     0.000000   0.000000   )
 ( -0.000000   0.000000    -0.141223   0.000000     0.000000   0.000000   )
 (  0.000000   0.000000     0.000000   0.000000     0.000000   0.000000   )
 (  0.000000   0.000000    -0.000000   0.000000    -0.000000   0.000000   )
 (  0.000000   0.000000    -0.000000   0.000000     0.000000   0.000000   )
 (  0.000000   0.000000     0.000000   0.000000    -0.000000   0.000000   )
 (  0.008644   0.000000    -0.008644   0.000000     0.042529   0.000000   )
 (  0.005449   0.000000     0.005449   0.000000     0.068670   0.000000   )
 (  0.008644   0.000000     0.008644   0.000000    -0.042529   0.000000   )
 (  0.005449   0.000000    -0.005449   0.000000    -0.068670   0.000000   )
 ( -0.005449   0.000000     0.005449   0.000000    -0.068670   0.000000   )
 ( -0.008644   0.000000     0.008644   0.000000     0.042529   0.000000   )
 ( -0.000000   0.000000     0.000000   0.000000     0.000000   0.000000   )
 (  0.000000   0.000000     0.000000   0.000000    -0.000000   0.000000   )
 ( -0.000000   0.000000    -0.000000   0.000000    -0.000000   0.000000   )
 ( -0.005449   0.000000    -0.005449   0.000000     0.068670   0.000000   )
 ( -0.008644   0.000000    -0.008644   0.000000    -0.042529   0.000000   )
     freq (   41) =       2.304176 [THz] =      76.859048 [cm-1]
 (  0.000000   0.000000    -0.038356   0.000000    -0.010639   0.000000   )
 ( -0.000000   0.000000    -0.022194   0.000000     0.078838   0.000000   )
 ( -0.022194   0.000000     0.000000   0.000000     0.078838   0.000000   )
 ( -0.038356   0.000000     0.000000   0.000000    -0.010639   0.000000   )
 ( -0.000000   0.000000     0.038356   0.000000    -0.010639   0.000000   )
 ( -0.000000   0.000000     0.022194   0.000000     0.078838   0.000000   )
 (  0.000000   0.000000     0.000750   0.000000    -0.160976   0.000000   )
 (  0.000000   0.000000     0.020271   0.000000    -0.004661   0.000000   )
 (  0.020271   0.000000    -0.000000   0.000000    -0.004661   0.000000   )
 (  0.000750   0.000000    -0.000000   0.000000    -0.160976   0.000000   )
 (  0.022194   0.000000    -0.000000   0.000000     0.078838   0.000000   )
 (  0.038356   0.000000    -0.000000   0.000000    -0.010639   0.000000   )
 (  0.000000   0.000000    -0.000750   0.000000    -0.160976   0.000000   )
 (  0.000000   0.000000    -0.020271   0.000000    -0.004661   0.000000   )
 ( -0.020271   0.000000     0.000000   0.000000    -0.004661   0.000000   )
 ( -0.000750   0.000000     0.000000   0.000000    -0.160976   0.000000   )
 (  0.000000   0.000000    -0.026730   0.000000    -0.174187   0.000000   )
 ( -0.026730   0.000000     0.000000   0.000000    -0.174187   0.000000   )
 (  0.000000   0.000000     0.026730   0.000000    -0.174187   0.000000   )
 ( -0.000000   0.000000    -0.004325   0.000000     0.405145   0.000000   )
 ( -0.004325   0.000000    -0.000000   0.000000     0.405145   0.000000   )
 (  0.026730   0.000000     0.000000   0.000000    -0.174187   0.000000   )
 ( -0.000000   0.000000     0.004325   0.000000     0.405145   0.000000   )
 (  0.004325   0.000000    -0.000000   0.000000     0.405145   0.000000   )
 ( -0.000000   0.000000    -0.000000   0.000000     0.063289   0.000000   )
 ( -0.000000   0.000000     0.000000   0.000000     0.101873   0.000000   )
 (  0.000000   0.000000     0.000000   0.000000    -0.042382   0.000000   )
 ( -0.000000   0.000000    -0.000000   0.000000     0.123493   0.000000   )
 (  0.008125   0.000000    -0.008125   0.000000    -0.032024   0.000000   )
 (  0.018464   0.000000     0.018464   0.000000     0.085890   0.000000   )
 ( -0.008125   0.000000    -0.008125   0.000000    -0.032024   0.000000   )
 ( -0.018464   0.000000     0.018464   0.000000     0.085890   0.000000   )
 (  0.018464   0.000000    -0.018464   0.000000     0.085890   0.000000   )
 ( -0.008125   0.000000     0.008125   0.000000    -0.032024   0.000000   )
 (  0.000000   0.000000     0.000000   0.000000    -0.042382   0.000000   )
 (  0.000000   0.000000    -0.000000   0.000000     0.101873   0.000000   )
 (  0.000000   0.000000     0.000000   0.000000     0.010264   0.000000   )
 ( -0.018464   0.000000    -0.018464   0.000000     0.085890   0.000000   )
 (  0.008125   0.000000     0.008125   0.000000    -0.032024   0.000000   )
     freq (   42) =       2.329832 [THz] =      77.714830 [cm-1]
 (  0.000000   0.000000    -0.096496   0.000000    -0.142732   0.000000   )
 (  0.000000   0.000000    -0.109237   0.000000     0.211559   0.000000   )
 (  0.109237   0.000000     0.000000   0.000000    -0.211559   0.000000   )
 (  0.096496   0.000000     0.000000   0.000000     0.142732   0.000000   )
 ( -0.000000   0.000000     0.096496   0.000000    -0.142732   0.000000   )
 ( -0.000000   0.000000     0.109237   0.000000     0.211559   0.000000   )
 ( -0.000000   0.000000    -0.095893   0.000000     0.157763   0.000000   )
 ( -0.000000   0.000000    -0.112598   0.000000    -0.204836   0.000000   )
 (  0.112598   0.000000    -0.000000   0.000000     0.204836   0.000000   )
 (  0.095893   0.000000    -0.000000   0.000000    -0.157763   0.000000   )
 ( -0.109237   0.000000    -0.000000   0.000000    -0.211559   0.000000   )
 ( -0.096496   0.000000    -0.000000   0.000000     0.142732   0.000000   )
 (  0.000000   0.000000     0.095893   0.000000     0.157763   0.000000   )
 (  0.000000   0.000000     0.112598   0.000000    -0.204836   0.000000   )
 ( -0.112598   0.000000     0.000000   0.000000     0.204836   0.000000   )
 ( -0.095893   0.000000     0.000000   0.000000    -0.157763   0.000000   )
 ( -0.000000   0.000000    -0.017056   0.000000    -0.132655   0.000000   )
 (  0.017056   0.000000    -0.000000   0.000000     0.132655   0.000000   )
 (  0.000000   0.000000     0.017056   0.000000    -0.132655   0.000000   )
 (  0.000000   0.000000     0.004388   0.000000     0.098550   0.000000   )
 ( -0.004388   0.000000     0.000000   0.000000    -0.098550   0.000000   )
 ( -0.017056   0.000000    -0.000000   0.000000     0.132655   0.000000   )
 (  0.000000   0.000000    -0.004388   0.000000     0.098550   0.000000   )
 (  0.004388   0.000000     0.000000   0.000000    -0.098550   0.000000   )
 (  0.000000   0.000000     0.000000   0.000000    -0.000000   0.000000   )
 (  0.000000   0.000000    -0.000000   0.000000     0.232854   0.000000   )
 ( -0.000000   0.000000    -0.000000   0.000000    -0.153410   0.000000   )
 (  0.000000   0.000000     0.000000   0.000000    -0.000000   0.000000   )
 ( -0.044935   0.000000    -0.044935   0.000000     0.000000   0.000000   )
 (  0.046744   0.000000    -0.046744   0.000000    -0.000000   0.000000   )
 (  0.044935   0.000000    -0.044935   0.000000    -0.000000   0.000000   )
 ( -0.046744   0.000000    -0.046744   0.000000    -0.000000   0.000000   )
 (  0.046744   0.000000     0.046744   0.000000    -0.000000   0.000000   )
 (  0.044935   0.000000     0.044935   0.000000     0.000000   0.000000   )
 ( -0.000000   0.000000     0.000000   0.000000     0.153410   0.000000   )
 ( -0.000000   0.000000     0.000000   0.000000    -0.232854   0.000000   )
 ( -0.000000   0.000000    -0.000000   0.000000    -0.000000   0.000000   )
 ( -0.046744   0.000000     0.046744   0.000000    -0.000000   0.000000   )
 ( -0.044935   0.000000     0.044935   0.000000     0.000000   0.000000   )
     freq (   43) =       2.352223 [THz] =      78.461717 [cm-1]
 (  0.015053   0.000000     0.011015   0.000000    -0.037440   0.000000   )
 (  0.045182   0.000000     0.008684   0.000000     0.063119   0.000000   )
 (  0.008542   0.000000     0.045930   0.000000     0.062091   0.000000   )
 (  0.010836   0.000000     0.015303   0.000000    -0.036830   0.000000   )
 (  0.015053   0.000000     0.011015   0.000000     0.037440   0.000000   )
 (  0.045182   0.000000     0.008684   0.000000    -0.063119   0.000000   )
 ( -0.034719   0.000000     0.012413   0.000000    -0.063190   0.000000   )
 ( -0.052880   0.000000     0.005850   0.000000     0.060980   0.000000   )
 (  0.005755   0.000000    -0.053755   0.000000     0.059987   0.000000   )
 (  0.012210   0.000000    -0.035294   0.000000    -0.062161   0.000000   )
 (  0.008542   0.000000     0.045930   0.000000    -0.062091   0.000000   )
 (  0.010836   0.000000     0.015303   0.000000     0.036830   0.000000   )
 ( -0.034719   0.000000     0.012413   0.000000     0.063190   0.000000   )
 ( -0.052880   0.000000     0.005850   0.000000    -0.060980   0.000000   )
 (  0.005755   0.000000    -0.053755   0.000000    -0.059987   0.000000   )
 (  0.012210   0.000000    -0.035294   0.000000     0.062161   0.000000   )
 ( -0.099357   0.000000     0.018040   0.000000     0.141932   0.000000   )
 (  0.017747   0.000000    -0.101001   0.000000     0.139621   0.000000   )
 ( -0.099357   0.000000     0.018040   0.000000    -0.141932   0.000000   )
 (  0.165921   0.000000    -0.110316   0.000000    -0.367171   0.000000   )
 ( -0.108521   0.000000     0.168667   0.000000    -0.361194   0.000000   )
 (  0.017747   0.000000    -0.101001   0.000000    -0.139621   0.000000   )
 (  0.165921   0.000000    -0.110316   0.000000     0.367171   0.000000   )
 ( -0.108521   0.000000     0.168667   0.000000     0.361194   0.000000   )
 (  0.060398   0.000000     0.061397   0.000000     0.000000   0.000000   )
 (  0.064044   0.000000    -0.037673   0.000000     0.000000   0.000000   )
 (  0.000976   0.000000    -0.047316   0.000000     0.000000   0.000000   )
 (  0.051894   0.000000     0.052752   0.000000     0.000000   0.000000   )
 ( -0.006680   0.000000    -0.006757   0.000000    -0.000871   0.000000   )
 ( -0.023379   0.000000    -0.023225   0.000000     0.154801   0.000000   )
 ( -0.004655   0.000000    -0.004765   0.000000    -0.106175   0.000000   )
 (  0.009575   0.000000     0.009193   0.000000     0.001270   0.000000   )
 (  0.009575   0.000000     0.009193   0.000000    -0.001270   0.000000   )
 ( -0.006680   0.000000    -0.006757   0.000000     0.000871   0.000000   )
 ( -0.046546   0.000000     0.000992   0.000000    -0.000000   0.000000   )
 ( -0.037060   0.000000     0.065104   0.000000     0.000000   0.000000   )
 ( -0.065164   0.000000    -0.066242   0.000000     0.000000   0.000000   )
 ( -0.023379   0.000000    -0.023225   0.000000    -0.154801   0.000000   )
 ( -0.004655   0.000000    -0.004765   0.000000     0.106175   0.000000   )
     freq (   44) =       2.352223 [THz] =      78.461717 [cm-1]
 (  0.015303   0.000000    -0.010836   0.000000     0.036830   0.000000   )
 (  0.045930   0.000000    -0.008542   0.000000    -0.062091   0.000000   )
 (  0.008684   0.000000    -0.045182   0.000000     0.063119   0.000000   )
 (  0.011015   0.000000    -0.015053   0.000000    -0.037440   0.000000   )
 (  0.015303   0.000000    -0.010836   0.000000    -0.036830   0.000000   )
 (  0.045930   0.000000    -0.008542   0.000000     0.062091   0.000000   )
 ( -0.035294   0.000000    -0.012210   0.000000     0.062161   0.000000   )
 ( -0.053755   0.000000    -0.005755   0.000000    -0.059987   0.000000   )
 (  0.005850   0.000000     0.052880   0.000000     0.060980   0.000000   )
 (  0.012413   0.000000     0.034719   0.000000    -0.063190   0.000000   )
 (  0.008684   0.000000    -0.045182   0.000000    -0.063119   0.000000   )
 (  0.011015   0.000000    -0.015053   0.000000     0.037440   0.000000   )
 ( -0.035294   0.000000    -0.012210   0.000000    -0.062161   0.000000   )
 ( -0.053755   0.000000    -0.005755   0.000000     0.059987   0.000000   )
 (  0.005850   0.000000     0.052880   0.000000    -0.060980   0.000000   )
 (  0.012413   0.000000     0.034719   0.000000     0.063190   0.000000   )
 ( -0.101001   0.000000    -0.017747   0.000000    -0.139621   0.000000   )
 (  0.018040   0.000000     0.099357   0.000000     0.141932   0.000000   )
 ( -0.101001   0.000000    -0.017747   0.000000     0.139621   0.000000   )
 (  0.168667   0.000000     0.108521   0.000000     0.361194   0.000000   )
 ( -0.110316   0.000000    -0.165921   0.000000    -0.367171   0.000000   )
 (  0.018040   0.000000     0.099357   0.000000    -0.141932   0.000000   )
 (  0.168667   0.000000     0.108521   0.000000    -0.361194   0.000000   )
 ( -0.110316   0.000000    -0.165921   0.000000     0.367171   0.000000   )
 (  0.061397   0.000000    -0.060398   0.000000     0.000000   0.000000   )
 (  0.065104   0.000000     0.037060   0.000000     0.000000   0.000000   )
 (  0.000992   0.000000     0.046546   0.000000    -0.000000   0.000000   )
 (  0.052752   0.000000    -0.051894   0.000000     0.000000   0.000000   )
 ( -0.004765   0.000000     0.004655   0.000000     0.106175   0.000000   )
 (  0.009193   0.000000    -0.009575   0.000000     0.001270   0.000000   )
 ( -0.006757   0.000000     0.006680   0.000000    -0.000871   0.000000   )
 ( -0.023225   0.000000     0.023379   0.000000    -0.154801   0.000000   )
 ( -0.023225   0.000000     0.023379   0.000000     0.154801   0.000000   )
 ( -0.004765   0.000000     0.004655   0.000000    -0.106175   0.000000   )
 ( -0.047316   0.000000    -0.000976   0.000000     0.000000   0.000000   )
 ( -0.037673   0.000000    -0.064044   0.000000     0.000000   0.000000   )
 ( -0.066242   0.000000     0.065164   0.000000    -0.000000   0.000000   )
 (  0.009193   0.000000    -0.009575   0.000000    -0.001270   0.000000   )
 ( -0.006757   0.000000     0.006680   0.000000     0.000871   0.000000   )
     freq (   45) =       2.408115 [THz] =      80.326063 [cm-1]
 (  0.000000   0.000000    -0.183261   0.000000     0.161954   0.000000   )
 ( -0.000000   0.000000    -0.056593   0.000000    -0.184884   0.000000   )
 ( -0.056593   0.000000    -0.000000   0.000000    -0.184884   0.000000   )
 ( -0.183261   0.000000     0.000000   0.000000     0.161954   0.000000   )
 ( -0.000000   0.000000     0.183261   0.000000     0.161954   0.000000   )
 (  0.000000   0.000000     0.056593   0.000000    -0.184884   0.000000   )
 ( -0.000000   0.000000    -0.038637   0.000000    -0.174633   0.000000   )
 (  0.000000   0.000000    -0.158937   0.000000     0.190969   0.000000   )
 ( -0.158937   0.000000     0.000000   0.000000     0.190969   0.000000   )
 ( -0.038637   0.000000    -0.000000   0.000000    -0.174633   0.000000   )
 (  0.056593   0.000000     0.000000   0.000000    -0.184884   0.000000   )
 (  0.183261   0.000000    -0.000000   0.000000     0.161954   0.000000   )
 (  0.000000   0.000000     0.038637   0.000000    -0.174633   0.000000   )
 ( -0.000000   0.000000     0.158937   0.000000     0.190969   0.000000   )
 (  0.158937   0.000000    -0.000000   0.000000     0.190969   0.000000   )
 (  0.038637   0.000000     0.000000   0.000000    -0.174633   0.000000   )
 ( -0.000000   0.000000     0.015647   0.000000     0.076103   0.000000   )
 (  0.015647   0.000000     0.000000   0.000000     0.076103   0.000000   )
 ( -0.000000   0.000000    -0.015647   0.000000     0.076103   0.000000   )
 (  0.000000   0.000000     0.013635   0.000000    -0.069012   0.000000   )
 (  0.013635   0.000000    -0.000000   0.000000    -0.069012   0.000000   )
 ( -0.015647   0.000000    -0.000000   0.000000     0.076103   0.000000   )
 (  0.000000   0.000000    -0.013635   0.000000    -0.069012   0.000000   )
 ( -0.013635   0.000000    -0.000000   0.000000    -0.069012   0.000000   )
 ( -0.000000   0.000000    -0.000000   0.000000     0.222583   0.000000   )
 ( -0.000000   0.000000     0.000000   0.000000    -0.018494   0.000000   )
 ( -0.000000   0.000000     0.000000   0.000000    -0.019761   0.000000   )
 (  0.000000   0.000000    -0.000000   0.000000    -0.191566   0.000000   )
 (  0.049719   0.000000    -0.049719   0.000000    -0.006260   0.000000   )
 ( -0.051543   0.000000    -0.051543   0.000000     0.005840   0.000000   )
 ( -0.049719   0.000000    -0.049719   0.000000    -0.006260   0.000000   )
 (  0.051543   0.000000    -0.051543   0.000000     0.005840   0.000000   )
 ( -0.051543   0.000000     0.051543   0.000000     0.005840   0.000000   )
 ( -0.049719   0.000000     0.049719   0.000000    -0.006260   0.000000   )
 (  0.000000   0.000000     0.000000   0.000000    -0.019761   0.000000   )
 (  0.000000   0.000000    -0.000000   0.000000    -0.018494   0.000000   )
 (  0.000000   0.000000     0.000000   0.000000     0.251711   0.000000   )
 (  0.051543   0.000000     0.051543   0.000000     0.005840   0.000000   )
 (  0.049719   0.000000     0.049719   0.000000    -0.006260   0.000000   )
     freq (   46) =       2.447570 [THz] =      81.642154 [cm-1]
 ( -0.294662   0.000000    -0.000000   0.000000    -0.000000   0.000000   )
 (  0.186204   0.000000     0.000000   0.000000    -0.000000   0.000000   )
 (  0.000000   0.000000     0.186204   0.000000     0.000000   0.000000   )
 ( -0.000000   0.000000    -0.294662   0.000000    -0.000000   0.000000   )
 (  0.294662   0.000000     0.000000   0.000000     0.000000   0.000000   )
 ( -0.186204   0.000000     0.000000   0.000000    -0.000000   0.000000   )
 (  0.241218   0.000000     0.000000   0.000000    -0.000000   0.000000   )
 ( -0.194269   0.000000    -0.000000   0.000000     0.000000   0.000000   )
 ( -0.000000   0.000000    -0.194269   0.000000     0.000000   0.000000   )
 (  0.000000   0.000000     0.241218   0.000000    -0.000000   0.000000   )
 (  0.000000   0.000000    -0.186204   0.000000    -0.000000   0.000000   )
 (  0.000000   0.000000     0.294662   0.000000     0.000000   0.000000   )
 ( -0.241218   0.000000     0.000000   0.000000    -0.000000   0.000000   )
 (  0.194269   0.000000    -0.000000   0.000000     0.000000   0.000000   )
 ( -0.000000   0.000000     0.194269   0.000000     0.000000   0.000000   )
 (  0.000000   0.000000    -0.241218   0.000000    -0.000000   0.000000   )
 ( -0.002643   0.000000     0.000000   0.000000     0.000000   0.000000   )
 (  0.000000   0.000000    -0.002643   0.000000     0.000000   0.000000   )
 (  0.002643   0.000000    -0.000000   0.000000     0.000000   0.000000   )
 (  0.006736   0.000000    -0.000000   0.000000    -0.000000   0.000000   )
 ( -0.000000   0.000000     0.006736   0.000000    -0.000000   0.000000   )
 (  0.000000   0.000000     0.002643   0.000000    -0.000000   0.000000   )
 ( -0.006736   0.000000    -0.000000   0.000000     0.000000   0.000000   )
 ( -0.000000   0.000000    -0.006736   0.000000     0.000000   0.000000   )
 (  0.000000   0.000000     0.000000   0.000000     0.000000   0.000000   )
 (  0.000000   0.000000    -0.000000   0.000000     0.000000   0.000000   )
 (  0.000000   0.000000    -0.000000   0.000000    -0.000000   0.000000   )
 (  0.000000   0.000000     0.000000   0.000000     0.000000   0.000000   )
 ( -0.001532   0.000000     0.001532   0.000000    -0.146062   0.000000   )
 (  0.003275   0.000000     0.003275   0.000000     0.105656   0.000000   )
 ( -0.001532   0.000000    -0.001532   0.000000     0.146062   0.000000   )
 (  0.003275   0.000000    -0.003275   0.000000    -0.105656   0.000000   )
 ( -0.003275   0.000000     0.003275   0.000000    -0.105656   0.000000   )
 (  0.001532   0.000000    -0.001532   0.000000    -0.146062   0.000000   )
 ( -0.000000   0.000000     0.000000   0.000000     0.000000   0.000000   )
 ( -0.000000   0.000000     0.000000   0.000000     0.000000   0.000000   )
 ( -0.000000   0.000000    -0.000000   0.000000     0.000000   0.000000   )
 ( -0.003275   0.000000    -0.003275   0.000000     0.105656   0.000000   )
 (  0.001532   0.000000     0.001532   0.000000     0.146062   0.000000   )
     freq (   47) =       2.688553 [THz] =      89.680476 [cm-1]
 (  0.018051   0.000000    -0.007005   0.000000    -0.021432   0.000000   )
 (  0.025879   0.000000     0.008621   0.000000    -0.012451   0.000000   )
 (  0.007289   0.000000     0.030609   0.000000    -0.010527   0.000000   )
 ( -0.005923   0.000000     0.021351   0.000000    -0.018120   0.000000   )
 (  0.018051   0.000000    -0.007005   0.000000     0.021432   0.000000   )
 (  0.025879   0.000000     0.008621   0.000000     0.012451   0.000000   )
 ( -0.005263   0.000000    -0.015443   0.000000    -0.012917   0.000000   )
 ( -0.015430   0.000000    -0.004808   0.000000     0.058264   0.000000   )
 ( -0.004065   0.000000    -0.018250   0.000000     0.049261   0.000000   )
 ( -0.013056   0.000000    -0.006225   0.000000    -0.010921   0.000000   )
 (  0.007289   0.000000     0.030609   0.000000     0.010527   0.000000   )
 ( -0.005923   0.000000     0.021351   0.000000     0.018120   0.000000   )
 ( -0.005263   0.000000    -0.015443   0.000000     0.012917   0.000000   )
 ( -0.015430   0.000000    -0.004808   0.000000    -0.058264   0.000000   )
 ( -0.004065   0.000000    -0.018250   0.000000    -0.049261   0.000000   )
 ( -0.013056   0.000000    -0.006225   0.000000     0.010921   0.000000   )
 ( -0.253182   0.000000    -0.045762   0.000000    -0.127387   0.000000   )
 ( -0.038690   0.000000    -0.299459   0.000000    -0.107701   0.000000   )
 ( -0.253182   0.000000    -0.045762   0.000000     0.127387   0.000000   )
 (  0.232224   0.000000     0.052425   0.000000     0.212450   0.000000   )
 (  0.044324   0.000000     0.274670   0.000000     0.179619   0.000000   )
 ( -0.038690   0.000000    -0.299459   0.000000     0.107701   0.000000   )
 (  0.232224   0.000000     0.052425   0.000000    -0.212450   0.000000   )
 (  0.044324   0.000000     0.274670   0.000000    -0.179619   0.000000   )
 (  0.048514   0.000000     0.057381   0.000000     0.000000   0.000000   )
 (  0.049280   0.000000    -0.085640   0.000000    -0.000000   0.000000   )
 (  0.063730   0.000000    -0.071192   0.000000     0.000000   0.000000   )
 (  0.059411   0.000000     0.070270   0.000000     0.000000   0.000000   )
 (  0.005818   0.000000     0.001785   0.000000    -0.014558   0.000000   )
 ( -0.006961   0.000000    -0.008897   0.000000     0.174605   0.000000   )
 ( -0.024395   0.000000    -0.023758   0.000000    -0.173849   0.000000   )
 ( -0.010897   0.000000    -0.012225   0.000000     0.014621   0.000000   )
 ( -0.010897   0.000000    -0.012225   0.000000    -0.014621   0.000000   )
 (  0.005818   0.000000     0.001785   0.000000     0.014558   0.000000   )
 ( -0.060190   0.000000     0.075379   0.000000    -0.000000   0.000000   )
 ( -0.072406   0.000000     0.058287   0.000000     0.000000   0.000000   )
 ( -0.059674   0.000000    -0.070582   0.000000    -0.000000   0.000000   )
 ( -0.006961   0.000000    -0.008897   0.000000    -0.174605   0.000000   )
 ( -0.024395   0.000000    -0.023758   0.000000     0.173849   0.000000   )
     freq (   48) =       2.688553 [THz] =      89.680476 [cm-1]
 ( -0.021351   0.000000    -0.005923   0.000000    -0.018120   0.000000   )
 ( -0.030609   0.000000     0.007289   0.000000    -0.010527   0.000000   )
 ( -0.008621   0.000000     0.025879   0.000000     0.012451   0.000000   )
 (  0.007005   0.000000     0.018051   0.000000     0.021432   0.000000   )
 ( -0.021351   0.000000    -0.005923   0.000000     0.018120   0.000000   )
 ( -0.030609   0.000000     0.007289   0.000000     0.010527   0.000000   )
 (  0.006225   0.000000    -0.013056   0.000000    -0.010921   0.000000   )
 (  0.018250   0.000000    -0.004065   0.000000     0.049261   0.000000   )
 (  0.004808   0.000000    -0.015430   0.000000    -0.058264   0.000000   )
 (  0.015443   0.000000    -0.005263   0.000000     0.012917   0.000000   )
 ( -0.008621   0.000000     0.025879   0.000000    -0.012451   0.000000   )
 (  0.007005   0.000000     0.018051   0.000000    -0.021432   0.000000   )
 (  0.006225   0.000000    -0.013056   0.000000     0.010921   0.000000   )
 (  0.018250   0.000000    -0.004065   0.000000    -0.049261   0.000000   )
 (  0.004808   0.000000    -0.015430   0.000000     0.058264   0.000000   )
 (  0.015443   0.000000    -0.005263   0.000000    -0.012917   0.000000   )
 (  0.299459   0.000000    -0.038690   0.000000    -0.107701   0.000000   )
 (  0.045762   0.000000    -0.253182   0.000000     0.127387   0.000000   )
 (  0.299459   0.000000    -0.038690   0.000000     0.107701   0.000000   )
 ( -0.274670   0.000000     0.044324   0.000000     0.179619   0.000000   )
 ( -0.052425   0.000000     0.232224   0.000000    -0.212450   0.000000   )
 (  0.045762   0.000000    -0.253182   0.000000    -0.127387   0.000000   )
 ( -0.274670   0.000000     0.044324   0.000000    -0.179619   0.000000   )
 ( -0.052425   0.000000     0.232224   0.000000     0.212450   0.000000   )
 ( -0.057381   0.000000     0.048514   0.000000    -0.000000   0.000000   )
 ( -0.058287   0.000000    -0.072406   0.000000     0.000000   0.000000   )
 ( -0.075379   0.000000    -0.060190   0.000000    -0.000000   0.000000   )
 ( -0.070270   0.000000     0.059411   0.000000     0.000000   0.000000   )
 (  0.023758   0.000000    -0.024395   0.000000    -0.173849   0.000000   )
 (  0.012225   0.000000    -0.010897   0.000000    -0.014621   0.000000   )
 ( -0.001785   0.000000     0.005818   0.000000     0.014558   0.000000   )
 (  0.008897   0.000000    -0.006961   0.000000     0.174605   0.000000   )
 (  0.008897   0.000000    -0.006961   0.000000    -0.174605   0.000000   )
 (  0.023758   0.000000    -0.024395   0.000000     0.173849   0.000000   )
 (  0.071192   0.000000     0.063730   0.000000     0.000000   0.000000   )
 (  0.085640   0.000000     0.049280   0.000000    -0.000000   0.000000   )
 (  0.070582   0.000000    -0.059674   0.000000     0.000000   0.000000   )
 (  0.012225   0.000000    -0.010897   0.000000     0.014621   0.000000   )
 ( -0.001785   0.000000     0.005818   0.000000    -0.014558   0.000000   )
     freq (   49) =       2.712529 [THz] =      90.480222 [cm-1]
 ( -0.000000   0.000000     0.006857   0.000000    -0.026155   0.000000   )
 ( -0.000000   0.000000     0.005183   0.000000     0.000431   0.000000   )
 ( -0.005183   0.000000    -0.000000   0.000000    -0.000431   0.000000   )
 ( -0.006857   0.000000    -0.000000   0.000000     0.026155   0.000000   )
 ( -0.000000   0.000000    -0.006857   0.000000    -0.026155   0.000000   )
 (  0.000000   0.000000    -0.005183   0.000000     0.000431   0.000000   )
 (  0.000000   0.000000    -0.000037   0.000000     0.022600   0.000000   )
 ( -0.000000   0.000000     0.005957   0.000000     0.000026   0.000000   )
 ( -0.005957   0.000000    -0.000000   0.000000    -0.000026   0.000000   )
 (  0.000037   0.000000     0.000000   0.000000    -0.022600   0.000000   )
 (  0.005183   0.000000     0.000000   0.000000    -0.000431   0.000000   )
 (  0.006857   0.000000     0.000000   0.000000     0.026155   0.000000   )
 ( -0.000000   0.000000     0.000037   0.000000     0.022600   0.000000   )
 (  0.000000   0.000000    -0.005957   0.000000     0.000026   0.000000   )
 (  0.005957   0.000000     0.000000   0.000000    -0.000026   0.000000   )
 ( -0.000037   0.000000     0.000000   0.000000    -0.022600   0.000000   )
 ( -0.000000   0.000000    -0.393357   0.000000     0.044261   0.000000   )
 (  0.393357   0.000000    -0.000000   0.000000    -0.044261   0.000000   )
 (  0.000000   0.000000     0.393357   0.000000     0.044261   0.000000   )
 ( -0.000000   0.000000    -0.217980   0.000000    -0.059965   0.000000   )
 (  0.217980   0.000000    -0.000000   0.000000     0.059965   0.000000   )
 ( -0.393357   0.000000     0.000000   0.000000    -0.044261   0.000000   )
 (  0.000000   0.000000     0.217980   0.000000    -0.059965   0.000000   )
 ( -0.217980   0.000000     0.000000   0.000000     0.059965   0.000000   )
 ( -0.000000   0.000000    -0.000000   0.000000     0.000000   0.000000   )
 ( -0.000000   0.000000     0.000000   0.000000    -0.163069   0.000000   )
 ( -0.000000   0.000000     0.000000   0.000000     0.139948   0.000000   )
 ( -0.000000   0.000000    -0.000000   0.000000    -0.000000   0.000000   )
 (  0.067284   0.000000     0.067284   0.000000    -0.000000   0.000000   )
 ( -0.066155   0.000000     0.066155   0.000000    -0.000000   0.000000   )
 ( -0.067284   0.000000     0.067284   0.000000     0.000000   0.000000   )
 (  0.066155   0.000000     0.066155   0.000000     0.000000   0.000000   )
 ( -0.066155   0.000000    -0.066155   0.000000    -0.000000   0.000000   )
 ( -0.067284   0.000000    -0.067284   0.000000     0.000000   0.000000   )
 (  0.000000   0.000000    -0.000000   0.000000    -0.139948   0.000000   )
 (  0.000000   0.000000    -0.000000   0.000000     0.163069   0.000000   )
 (  0.000000   0.000000     0.000000   0.000000     0.000000   0.000000   )
 (  0.066155   0.000000    -0.066155   0.000000     0.000000   0.000000   )
 (  0.067284   0.000000    -0.067284   0.000000    -0.000000   0.000000   )
     freq (   50) =       2.726410 [THz] =      90.943258 [cm-1]
 ( -0.003035   0.000000    -0.000000   0.000000     0.000000   0.000000   )
 ( -0.014562   0.000000    -0.000000   0.000000     0.000000   0.000000   )
 (  0.000000   0.000000    -0.014562   0.000000    -0.000000   0.000000   )
 (  0.000000   0.000000    -0.003035   0.000000    -0.000000   0.000000   )
 (  0.003035   0.000000     0.000000   0.000000     0.000000   0.000000   )
 (  0.014562   0.000000    -0.000000   0.000000    -0.000000   0.000000   )
 ( -0.000470   0.000000    -0.000000   0.000000    -0.000000   0.000000   )
 ( -0.013517   0.000000    -0.000000   0.000000     0.000000   0.000000   )
 (  0.000000   0.000000    -0.013517   0.000000     0.000000   0.000000   )
 ( -0.000000   0.000000    -0.000470   0.000000     0.000000   0.000000   )
 ( -0.000000   0.000000     0.014562   0.000000     0.000000   0.000000   )
 ( -0.000000   0.000000     0.003035   0.000000    -0.000000   0.000000   )
 (  0.000470   0.000000    -0.000000   0.000000    -0.000000   0.000000   )
 (  0.013517   0.000000     0.000000   0.000000    -0.000000   0.000000   )
 (  0.000000   0.000000     0.013517   0.000000    -0.000000   0.000000   )
 ( -0.000000   0.000000     0.000470   0.000000     0.000000   0.000000   )
 ( -0.352485   0.000000     0.000000   0.000000    -0.000000   0.000000   )
 ( -0.000000   0.000000    -0.352485   0.000000    -0.000000   0.000000   )
 (  0.352485   0.000000    -0.000000   0.000000    -0.000000   0.000000   )
 ( -0.351160   0.000000     0.000000   0.000000     0.000000   0.000000   )
 ( -0.000000   0.000000    -0.351160   0.000000     0.000000   0.000000   )
 (  0.000000   0.000000     0.352485   0.000000     0.000000   0.000000   )
 (  0.351160   0.000000    -0.000000   0.000000     0.000000   0.000000   )
 (  0.000000   0.000000     0.351160   0.000000    -0.000000   0.000000   )
 (  0.000000   0.000000     0.000000   0.000000     0.000000   0.000000   )
 (  0.000000   0.000000    -0.000000   0.000000     0.000000   0.000000   )
 (  0.000000   0.000000    -0.000000   0.000000    -0.000000   0.000000   )
 (  0.000000   0.000000     0.000000   0.000000    -0.000000   0.000000   )
 ( -0.020850   0.000000     0.020850   0.000000     0.015778   0.000000   )
 ( -0.021283   0.000000    -0.021283   0.000000     0.003527   0.000000   )
 ( -0.020850   0.000000    -0.020850   0.000000    -0.015778   0.000000   )
 ( -0.021283   0.000000     0.021283   0.000000    -0.003527   0.000000   )
 (  0.021283   0.000000    -0.021283   0.000000    -0.003527   0.000000   )
 (  0.020850   0.000000    -0.020850   0.000000     0.015778   0.000000   )
 ( -0.000000   0.000000     0.000000   0.000000     0.000000   0.000000   )
 ( -0.000000   0.000000     0.000000   0.000000    -0.000000   0.000000   )
 ( -0.000000   0.000000    -0.000000   0.000000    -0.000000   0.000000   )
 (  0.021283   0.000000     0.021283   0.000000     0.003527   0.000000   )
 (  0.020850   0.000000     0.020850   0.000000    -0.015778   0.000000   )
     freq (   51) =       2.894653 [THz] =      96.555244 [cm-1]
 (  0.000000   0.000000    -0.047870   0.000000    -0.029893   0.000000   )
 ( -0.000000   0.000000     0.026927   0.000000     0.007540   0.000000   )
 ( -0.026927   0.000000    -0.000000   0.000000    -0.007540   0.000000   )
 (  0.047870   0.000000    -0.000000   0.000000     0.029893   0.000000   )
 (  0.000000   0.000000     0.047870   0.000000    -0.029893   0.000000   )
 (  0.000000   0.000000    -0.026927   0.000000     0.007540   0.000000   )
 ( -0.000000   0.000000    -0.314870   0.000000    -0.186530   0.000000   )
 ( -0.000000   0.000000     0.021073   0.000000    -0.062669   0.000000   )
 ( -0.021073   0.000000     0.000000   0.000000     0.062669   0.000000   )
 (  0.314870   0.000000     0.000000   0.000000     0.186530   0.000000   )
 (  0.026927   0.000000    -0.000000   0.000000    -0.007540   0.000000   )
 ( -0.047870   0.000000    -0.000000   0.000000     0.029893   0.000000   )
 ( -0.000000   0.000000     0.314870   0.000000    -0.186530   0.000000   )
 ( -0.000000   0.000000    -0.021073   0.000000    -0.062669   0.000000   )
 (  0.021073   0.000000     0.000000   0.000000     0.062669   0.000000   )
 ( -0.314870   0.000000     0.000000   0.000000     0.186530   0.000000   )
 ( -0.000000   0.000000     0.055496   0.000000     0.300922   0.000000   )
 ( -0.055496   0.000000     0.000000   0.000000    -0.300922   0.000000   )
 ( -0.000000   0.000000    -0.055496   0.000000     0.300922   0.000000   )
 ( -0.000000   0.000000    -0.059200   0.000000    -0.093433   0.000000   )
 (  0.059200   0.000000    -0.000000   0.000000     0.093433   0.000000   )
 (  0.055496   0.000000     0.000000   0.000000    -0.300922   0.000000   )
 (  0.000000   0.000000     0.059200   0.000000    -0.093433   0.000000   )
 ( -0.059200   0.000000    -0.000000   0.000000     0.093433   0.000000   )
 (  0.000000   0.000000    -0.000000   0.000000    -0.000000   0.000000   )
 ( -0.000000   0.000000     0.000000   0.000000     0.004147   0.000000   )
 (  0.000000   0.000000     0.000000   0.000000    -0.015368   0.000000   )
 (  0.000000   0.000000    -0.000000   0.000000     0.000000   0.000000   )
 ( -0.027703   0.000000    -0.027703   0.000000     0.000000   0.000000   )
 ( -0.009873   0.000000     0.009873   0.000000    -0.000000   0.000000   )
 (  0.027703   0.000000    -0.027703   0.000000     0.000000   0.000000   )
 (  0.009873   0.000000     0.009873   0.000000    -0.000000   0.000000   )
 ( -0.009873   0.000000    -0.009873   0.000000     0.000000   0.000000   )
 (  0.027703   0.000000     0.027703   0.000000    -0.000000   0.000000   )
 ( -0.000000   0.000000    -0.000000   0.000000     0.015368   0.000000   )
 ( -0.000000   0.000000     0.000000   0.000000    -0.004147   0.000000   )
 (  0.000000   0.000000    -0.000000   0.000000    -0.000000   0.000000   )
 (  0.009873   0.000000    -0.009873   0.000000     0.000000   0.000000   )
 ( -0.027703   0.000000     0.027703   0.000000    -0.000000   0.000000   )
     freq (   52) =       2.904885 [THz] =      96.896530 [cm-1]
 ( -0.055706   0.000000    -0.013310   0.000000     0.229520   0.000000   )
 ( -0.006308   0.000000    -0.002093   0.000000    -0.288419   0.000000   )
 ( -0.001747   0.000000    -0.007558   0.000000    -0.240710   0.000000   )
 ( -0.011108   0.000000    -0.066747   0.000000     0.191554   0.000000   )
 ( -0.055706   0.000000    -0.013310   0.000000    -0.229520   0.000000   )
 ( -0.006308   0.000000    -0.002093   0.000000     0.288419   0.000000   )
 (  0.023581   0.000000     0.041924   0.000000    -0.216675   0.000000   )
 (  0.006457   0.000000     0.005503   0.000000     0.257506   0.000000   )
 (  0.004593   0.000000     0.007737   0.000000     0.214910   0.000000   )
 (  0.034989   0.000000     0.028254   0.000000    -0.180834   0.000000   )
 ( -0.001747   0.000000    -0.007558   0.000000     0.240710   0.000000   )
 ( -0.011108   0.000000    -0.066747   0.000000    -0.191554   0.000000   )
 (  0.023581   0.000000     0.041924   0.000000     0.216675   0.000000   )
 (  0.006457   0.000000     0.005503   0.000000    -0.257506   0.000000   )
 (  0.004593   0.000000     0.007737   0.000000    -0.214910   0.000000   )
 (  0.034989   0.000000     0.028254   0.000000     0.180834   0.000000   )
 (  0.050383   0.000000     0.000175   0.000000     0.016165   0.000000   )
 (  0.000146   0.000000     0.060369   0.000000     0.013491   0.000000   )
 (  0.050383   0.000000     0.000175   0.000000    -0.016165   0.000000   )
 ( -0.022760   0.000000    -0.016995   0.000000    -0.021984   0.000000   )
 ( -0.014184   0.000000    -0.027271   0.000000    -0.018348   0.000000   )
 (  0.000146   0.000000     0.060369   0.000000    -0.013491   0.000000   )
 ( -0.022760   0.000000    -0.016995   0.000000     0.021984   0.000000   )
 ( -0.014184   0.000000    -0.027271   0.000000     0.018348   0.000000   )
 ( -0.032246   0.000000    -0.038637   0.000000     0.000000   0.000000   )
 (  0.028173   0.000000     0.062956   0.000000    -0.000000   0.000000   )
 ( -0.035678   0.000000     0.033253   0.000000     0.000000   0.000000   )
 ( -0.047892   0.000000    -0.057384   0.000000    -0.000000   0.000000   )
 (  0.092392   0.000000     0.078583   0.000000     0.006924   0.000000   )
 ( -0.047717   0.000000    -0.038460   0.000000    -0.052146   0.000000   )
 ( -0.084283   0.000000    -0.068867   0.000000     0.076794   0.000000   )
 (  0.055216   0.000000     0.047446   0.000000    -0.004702   0.000000   )
 (  0.055216   0.000000     0.047446   0.000000     0.004702   0.000000   )
 (  0.092392   0.000000     0.078583   0.000000    -0.006924   0.000000   )
 (  0.027752   0.000000    -0.042750   0.000000     0.000000   0.000000   )
 (  0.052542   0.000000     0.033757   0.000000    -0.000000   0.000000   )
 ( -0.020853   0.000000    -0.024986   0.000000     0.000000   0.000000   )
 ( -0.047717   0.000000    -0.038460   0.000000     0.052146   0.000000   )
 ( -0.084283   0.000000    -0.068867   0.000000    -0.076794   0.000000   )
     freq (   53) =       2.904885 [THz] =      96.896530 [cm-1]
 (  0.066747   0.000000    -0.011108   0.000000     0.191554   0.000000   )
 (  0.007558   0.000000    -0.001747   0.000000    -0.240710   0.000000   )
 (  0.002093   0.000000    -0.006308   0.000000     0.288419   0.000000   )
 (  0.013310   0.000000    -0.055706   0.000000    -0.229520   0.000000   )
 (  0.066747   0.000000    -0.011108   0.000000    -0.191554   0.000000   )
 (  0.007558   0.000000    -0.001747   0.000000     0.240710   0.000000   )
 ( -0.028254   0.000000     0.034989   0.000000    -0.180834   0.000000   )
 ( -0.007737   0.000000     0.004593   0.000000     0.214910   0.000000   )
 ( -0.005503   0.000000     0.006457   0.000000    -0.257506   0.000000   )
 ( -0.041924   0.000000     0.023581   0.000000     0.216675   0.000000   )
 (  0.002093   0.000000    -0.006308   0.000000    -0.288419   0.000000   )
 (  0.013310   0.000000    -0.055706   0.000000     0.229520   0.000000   )
 ( -0.028254   0.000000     0.034989   0.000000     0.180834   0.000000   )
 ( -0.007737   0.000000     0.004593   0.000000    -0.214910   0.000000   )
 ( -0.005503   0.000000     0.006457   0.000000     0.257506   0.000000   )
 ( -0.041924   0.000000     0.023581   0.000000    -0.216675   0.000000   )
 ( -0.060369   0.000000     0.000146   0.000000     0.013491   0.000000   )
 ( -0.000175   0.000000     0.050383   0.000000    -0.016165   0.000000   )
 ( -0.060369   0.000000     0.000146   0.000000    -0.013491   0.000000   )
 (  0.027271   0.000000    -0.014184   0.000000    -0.018348   0.000000   )
 (  0.016995   0.000000    -0.022760   0.000000     0.021984   0.000000   )
 ( -0.000175   0.000000     0.050383   0.000000     0.016165   0.000000   )
 (  0.027271   0.000000    -0.014184   0.000000     0.018348   0.000000   )
 (  0.016995   0.000000    -0.022760   0.000000    -0.021984   0.000000   )
 (  0.038637   0.000000    -0.032246   0.000000     0.000000   0.000000   )
 ( -0.033757   0.000000     0.052542   0.000000     0.000000   0.000000   )
 (  0.042750   0.000000     0.027752   0.000000     0.000000   0.000000   )
 (  0.057384   0.000000    -0.047892   0.000000    -0.000000   0.000000   )
 (  0.068867   0.000000    -0.084283   0.000000     0.076794   0.000000   )
 ( -0.047446   0.000000     0.055216   0.000000     0.004702   0.000000   )
 ( -0.078583   0.000000     0.092392   0.000000    -0.006924   0.000000   )
 (  0.038460   0.000000    -0.047717   0.000000    -0.052146   0.000000   )
 (  0.038460   0.000000    -0.047717   0.000000     0.052146   0.000000   )
 (  0.068867   0.000000    -0.084283   0.000000    -0.076794   0.000000   )
 ( -0.033253   0.000000    -0.035678   0.000000    -0.000000   0.000000   )
 ( -0.062956   0.000000     0.028173   0.000000    -0.000000   0.000000   )
 (  0.024986   0.000000    -0.020853   0.000000     0.000000   0.000000   )
 ( -0.047446   0.000000     0.055216   0.000000    -0.004702   0.000000   )
 ( -0.078583   0.000000     0.092392   0.000000     0.006924   0.000000   )
     freq (   54) =       2.958918 [THz] =      98.698876 [cm-1]
 ( -0.000000   0.000000    -0.011751   0.000000    -0.002028   0.000000   )
 ( -0.000000   0.000000     0.010643   0.000000     0.001796   0.000000   )
 (  0.010643   0.000000    -0.000000   0.000000     0.001796   0.000000   )
 ( -0.011751   0.000000    -0.000000   0.000000    -0.002028   0.000000   )
 ( -0.000000   0.000000     0.011751   0.000000    -0.002028   0.000000   )
 (  0.000000   0.000000    -0.010643   0.000000     0.001796   0.000000   )
 (  0.000000   0.000000     0.029148   0.000000    -0.007227   0.000000   )
 (  0.000000   0.000000    -0.002950   0.000000     0.022715   0.000000   )
 ( -0.002950   0.000000     0.000000   0.000000     0.022715   0.000000   )
 (  0.029148   0.000000     0.000000   0.000000    -0.007227   0.000000   )
 ( -0.010643   0.000000    -0.000000   0.000000     0.001796   0.000000   )
 (  0.011751   0.000000    -0.000000   0.000000    -0.002028   0.000000   )
 (  0.000000   0.000000    -0.029148   0.000000    -0.007227   0.000000   )
 ( -0.000000   0.000000     0.002950   0.000000     0.022715   0.000000   )
 (  0.002950   0.000000     0.000000   0.000000     0.022715   0.000000   )
 ( -0.029148   0.000000     0.000000   0.000000    -0.007227   0.000000   )
 (  0.000000   0.000000    -0.289557   0.000000     0.003090   0.000000   )
 ( -0.289557   0.000000     0.000000   0.000000     0.003090   0.000000   )
 (  0.000000   0.000000     0.289557   0.000000     0.003090   0.000000   )
 ( -0.000000   0.000000    -0.346828   0.000000    -0.033111   0.000000   )
 ( -0.346828   0.000000    -0.000000   0.000000    -0.033111   0.000000   )
 (  0.289557   0.000000     0.000000   0.000000     0.003090   0.000000   )
 ( -0.000000   0.000000     0.346828   0.000000    -0.033111   0.000000   )
 (  0.346828   0.000000    -0.000000   0.000000    -0.033111   0.000000   )
 ( -0.000000   0.000000    -0.000000   0.000000    -0.188402   0.000000   )
 (  0.000000   0.000000     0.000000   0.000000     0.000189   0.000000   )
 ( -0.000000   0.000000     0.000000   0.000000     0.001451   0.000000   )
 ( -0.000000   0.000000    -0.000000   0.000000     0.194284   0.000000   )
 ( -0.071175   0.000000     0.071175   0.000000    -0.021199   0.000000   )
 (  0.064910   0.000000     0.064910   0.000000     0.005623   0.000000   )
 (  0.071175   0.000000     0.071175   0.000000    -0.021199   0.000000   )
 ( -0.064910   0.000000     0.064910   0.000000     0.005623   0.000000   )
 (  0.064910   0.000000    -0.064910   0.000000     0.005623   0.000000   )
 (  0.071175   0.000000    -0.071175   0.000000    -0.021199   0.000000   )
 (  0.000000   0.000000    -0.000000   0.000000     0.001451   0.000000   )
 (  0.000000   0.000000     0.000000   0.000000     0.000189   0.000000   )
 ( -0.000000   0.000000    -0.000000   0.000000    -0.151329   0.000000   )
 ( -0.064910   0.000000    -0.064910   0.000000     0.005623   0.000000   )
 ( -0.071175   0.000000    -0.071175   0.000000    -0.021199   0.000000   )
     freq (   55) =       3.006124 [THz] =     100.273513 [cm-1]
 (  0.000000   0.000000     0.032726   0.000000    -0.006380   0.000000   )
 ( -0.000000   0.000000     0.050725   0.000000    -0.008869   0.000000   )
 (  0.050725   0.000000     0.000000   0.000000    -0.008869   0.000000   )
 (  0.032726   0.000000     0.000000   0.000000    -0.006380   0.000000   )
 (  0.000000   0.000000    -0.032726   0.000000    -0.006380   0.000000   )
 (  0.000000   0.000000    -0.050725   0.000000    -0.008869   0.000000   )
 ( -0.000000   0.000000    -0.054363   0.000000    -0.004541   0.000000   )
 (  0.000000   0.000000    -0.040660   0.000000    -0.002189   0.000000   )
 ( -0.040660   0.000000     0.000000   0.000000    -0.002189   0.000000   )
 ( -0.054363   0.000000    -0.000000   0.000000    -0.004541   0.000000   )
 ( -0.050725   0.000000     0.000000   0.000000    -0.008869   0.000000   )
 ( -0.032726   0.000000     0.000000   0.000000    -0.006380   0.000000   )
 (  0.000000   0.000000     0.054363   0.000000    -0.004541   0.000000   )
 ( -0.000000   0.000000     0.040660   0.000000    -0.002189   0.000000   )
 (  0.040660   0.000000    -0.000000   0.000000    -0.002189   0.000000   )
 (  0.054363   0.000000     0.000000   0.000000    -0.004541   0.000000   )
 ( -0.000000   0.000000     0.359681   0.000000     0.004811   0.000000   )
 (  0.359681   0.000000     0.000000   0.000000     0.004811   0.000000   )
 ( -0.000000   0.000000    -0.359681   0.000000     0.004811   0.000000   )
 (  0.000000   0.000000    -0.312383   0.000000     0.045074   0.000000   )
 ( -0.312383   0.000000    -0.000000   0.000000     0.045074   0.000000   )
 ( -0.359681   0.000000    -0.000000   0.000000     0.004811   0.000000   )
 ( -0.000000   0.000000     0.312383   0.000000     0.045074   0.000000   )
 (  0.312383   0.000000     0.000000   0.000000     0.045074   0.000000   )
 (  0.000000   0.000000     0.000000   0.000000    -0.061907   0.000000   )
 (  0.000000   0.000000    -0.000000   0.000000    -0.085912   0.000000   )
 (  0.000000   0.000000    -0.000000   0.000000     0.084768   0.000000   )
 (  0.000000   0.000000     0.000000   0.000000     0.087312   0.000000   )
 ( -0.002046   0.000000     0.002046   0.000000     0.008650   0.000000   )
 (  0.002206   0.000000     0.002206   0.000000     0.002250   0.000000   )
 (  0.002046   0.000000     0.002046   0.000000     0.008650   0.000000   )
 ( -0.002206   0.000000     0.002206   0.000000     0.002250   0.000000   )
 (  0.002206   0.000000    -0.002206   0.000000     0.002250   0.000000   )
 (  0.002046   0.000000    -0.002046   0.000000     0.008650   0.000000   )
 ( -0.000000   0.000000     0.000000   0.000000     0.084768   0.000000   )
 ( -0.000000   0.000000    -0.000000   0.000000    -0.085912   0.000000   )
 ( -0.000000   0.000000     0.000000   0.000000     0.096922   0.000000   )
 ( -0.002206   0.000000    -0.002206   0.000000     0.002250   0.000000   )
 ( -0.002046   0.000000    -0.002046   0.000000     0.008650   0.000000   )
     freq (   56) =       3.081175 [THz] =     102.776926 [cm-1]
 (  0.000000   0.000000     0.001785   0.000000    -0.001452   0.000000   )
 ( -0.000000   0.000000    -0.007264   0.000000    -0.012906   0.000000   )
 (  0.007264   0.000000    -0.000000   0.000000     0.012906   0.000000   )
 ( -0.001785   0.000000     0.000000   0.000000     0.001452   0.000000   )
 (  0.000000   0.000000    -0.001785   0.000000    -0.001452   0.000000   )
 ( -0.000000   0.000000     0.007264   0.000000    -0.012906   0.000000   )
 ( -0.000000   0.000000    -0.002643   0.000000    -0.017558   0.000000   )
 (  0.000000   0.000000     0.000087   0.000000    -0.017504   0.000000   )
 ( -0.000087   0.000000     0.000000   0.000000     0.017504   0.000000   )
 (  0.002643   0.000000     0.000000   0.000000     0.017558   0.000000   )
 ( -0.007264   0.000000     0.000000   0.000000     0.012906   0.000000   )
 (  0.001785   0.000000     0.000000   0.000000     0.001452   0.000000   )
 ( -0.000000   0.000000     0.002643   0.000000    -0.017558   0.000000   )
 ( -0.000000   0.000000    -0.000087   0.000000    -0.017504   0.000000   )
 (  0.000087   0.000000     0.000000   0.000000     0.017504   0.000000   )
 ( -0.002643   0.000000     0.000000   0.000000     0.017558   0.000000   )
 (  0.000000   0.000000    -0.238335   0.000000     0.104450   0.000000   )
 (  0.238335   0.000000    -0.000000   0.000000    -0.104450   0.000000   )
 ( -0.000000   0.000000     0.238335   0.000000     0.104450   0.000000   )
 ( -0.000000   0.000000     0.412815   0.000000     0.074991   0.000000   )
 ( -0.412815   0.000000     0.000000   0.000000    -0.074991   0.000000   )
 ( -0.238335   0.000000     0.000000   0.000000    -0.104450   0.000000   )
 (  0.000000   0.000000    -0.412815   0.000000     0.074991   0.000000   )
 (  0.412815   0.000000    -0.000000   0.000000    -0.074991   0.000000   )
 (  0.000000   0.000000    -0.000000   0.000000    -0.000000   0.000000   )
 ( -0.000000   0.000000     0.000000   0.000000     0.058911   0.000000   )
 (  0.000000   0.000000     0.000000   0.000000    -0.023884   0.000000   )
 (  0.000000   0.000000    -0.000000   0.000000     0.000000   0.000000   )
 ( -0.033848   0.000000    -0.033848   0.000000     0.000000   0.000000   )
 (  0.023334   0.000000    -0.023334   0.000000    -0.000000   0.000000   )
 (  0.033848   0.000000    -0.033848   0.000000     0.000000   0.000000   )
 ( -0.023334   0.000000    -0.023334   0.000000    -0.000000   0.000000   )
 (  0.023334   0.000000     0.023334   0.000000     0.000000   0.000000   )
 (  0.033848   0.000000     0.033848   0.000000    -0.000000   0.000000   )
 ( -0.000000   0.000000    -0.000000   0.000000     0.023884   0.000000   )
 ( -0.000000   0.000000    -0.000000   0.000000    -0.058911   0.000000   )
 ( -0.000000   0.000000    -0.000000   0.000000    -0.000000   0.000000   )
 ( -0.023334   0.000000     0.023334   0.000000    -0.000000   0.000000   )
 ( -0.033848   0.000000     0.033848   0.000000     0.000000   0.000000   )
     freq (   57) =       3.260114 [THz] =     108.745682 [cm-1]
 ( -0.009185   0.000000    -0.000000   0.000000    -0.000000   0.000000   )
 (  0.000384   0.000000    -0.000000   0.000000    -0.000000   0.000000   )
 ( -0.000000   0.000000    -0.000384   0.000000    -0.000000   0.000000   )
 (  0.000000   0.000000     0.009185   0.000000    -0.000000   0.000000   )
 (  0.009185   0.000000    -0.000000   0.000000    -0.000000   0.000000   )
 ( -0.000384   0.000000     0.000000   0.000000     0.000000   0.000000   )
 ( -0.002790   0.000000    -0.000000   0.000000    -0.000000   0.000000   )
 (  0.002668   0.000000     0.000000   0.000000     0.000000   0.000000   )
 (  0.000000   0.000000    -0.002668   0.000000     0.000000   0.000000   )
 (  0.000000   0.000000     0.002790   0.000000     0.000000   0.000000   )
 (  0.000000   0.000000     0.000384   0.000000     0.000000   0.000000   )
 ( -0.000000   0.000000    -0.009185   0.000000     0.000000   0.000000   )
 (  0.002790   0.000000     0.000000   0.000000    -0.000000   0.000000   )
 ( -0.002668   0.000000    -0.000000   0.000000    -0.000000   0.000000   )
 ( -0.000000   0.000000     0.002668   0.000000    -0.000000   0.000000   )
 ( -0.000000   0.000000    -0.002790   0.000000     0.000000   0.000000   )
 ( -0.328976   0.000000    -0.000000   0.000000     0.000000   0.000000   )
 (  0.000000   0.000000     0.328976   0.000000    -0.000000   0.000000   )
 (  0.328976   0.000000     0.000000   0.000000     0.000000   0.000000   )
 (  0.376378   0.000000     0.000000   0.000000    -0.000000   0.000000   )
 ( -0.000000   0.000000    -0.376378   0.000000    -0.000000   0.000000   )
 ( -0.000000   0.000000    -0.328976   0.000000    -0.000000   0.000000   )
 ( -0.376378   0.000000    -0.000000   0.000000     0.000000   0.000000   )
 ( -0.000000   0.000000     0.376378   0.000000     0.000000   0.000000   )
 ( -0.000000   0.000000     0.000000   0.000000     0.000000   0.000000   )
 ( -0.000000   0.000000    -0.000000   0.000000     0.000000   0.000000   )
 ( -0.000000   0.000000    -0.000000   0.000000    -0.000000   0.000000   )
 ( -0.000000   0.000000     0.000000   0.000000    -0.000000   0.000000   )
 (  0.001975   0.000000     0.001975   0.000000    -0.000000   0.000000   )
 ( -0.001821   0.000000     0.001821   0.000000    -0.000000   0.000000   )
 (  0.001975   0.000000    -0.001975   0.000000    -0.000000   0.000000   )
 ( -0.001821   0.000000    -0.001821   0.000000     0.000000   0.000000   )
 (  0.001821   0.000000     0.001821   0.000000    -0.000000   0.000000   )
 ( -0.001975   0.000000    -0.001975   0.000000     0.000000   0.000000   )
 (  0.000000   0.000000    -0.000000   0.000000    -0.000000   0.000000   )
 (  0.000000   0.000000     0.000000   0.000000     0.000000   0.000000   )
 (  0.000000   0.000000    -0.000000   0.000000    -0.000000   0.000000   )
 (  0.001821   0.000000    -0.001821   0.000000    -0.000000   0.000000   )
 ( -0.001975   0.000000     0.001975   0.000000     0.000000   0.000000   )
     freq (   58) =       3.360182 [THz] =     112.083595 [cm-1]
 ( -0.000000   0.000000    -0.000497   0.000000    -0.106325   0.000000   )
 (  0.000000   0.000000    -0.008194   0.000000    -0.079513   0.000000   )
 (  0.008194   0.000000    -0.000000   0.000000     0.079513   0.000000   )
 (  0.000497   0.000000     0.000000   0.000000     0.106325   0.000000   )
 (  0.000000   0.000000     0.000497   0.000000    -0.106325   0.000000   )
 (  0.000000   0.000000     0.008194   0.000000    -0.079513   0.000000   )
 (  0.000000   0.000000     0.093968   0.000000    -0.012777   0.000000   )
 ( -0.000000   0.000000     0.003582   0.000000    -0.061857   0.000000   )
 ( -0.003582   0.000000     0.000000   0.000000     0.061857   0.000000   )
 ( -0.093968   0.000000    -0.000000   0.000000     0.012777   0.000000   )
 ( -0.008194   0.000000    -0.000000   0.000000     0.079513   0.000000   )
 ( -0.000497   0.000000     0.000000   0.000000     0.106325   0.000000   )
 (  0.000000   0.000000    -0.093968   0.000000    -0.012777   0.000000   )
 ( -0.000000   0.000000    -0.003582   0.000000    -0.061857   0.000000   )
 (  0.003582   0.000000     0.000000   0.000000     0.061857   0.000000   )
 (  0.093968   0.000000     0.000000   0.000000     0.012777   0.000000   )
 (  0.000000   0.000000     0.056099   0.000000     0.264151   0.000000   )
 ( -0.056099   0.000000    -0.000000   0.000000    -0.264151   0.000000   )
 (  0.000000   0.000000    -0.056099   0.000000     0.264151   0.000000   )
 ( -0.000000   0.000000    -0.113783   0.000000     0.362316   0.000000   )
 (  0.113783   0.000000    -0.000000   0.000000    -0.362316   0.000000   )
 (  0.056099   0.000000    -0.000000   0.000000    -0.264151   0.000000   )
 ( -0.000000   0.000000     0.113783   0.000000     0.362316   0.000000   )
 ( -0.113783   0.000000     0.000000   0.000000    -0.362316   0.000000   )
 ( -0.000000   0.000000     0.000000   0.000000    -0.000000   0.000000   )
 ( -0.000000   0.000000    -0.000000   0.000000    -0.017342   0.000000   )
 ( -0.000000   0.000000    -0.000000   0.000000    -0.029038   0.000000   )
 (  0.000000   0.000000    -0.000000   0.000000     0.000000   0.000000   )
 (  0.028482   0.000000     0.028482   0.000000     0.000000   0.000000   )
 ( -0.008253   0.000000     0.008253   0.000000     0.000000   0.000000   )
 ( -0.028482   0.000000     0.028482   0.000000    -0.000000   0.000000   )
 (  0.008253   0.000000     0.008253   0.000000     0.000000   0.000000   )
 ( -0.008253   0.000000    -0.008253   0.000000    -0.000000   0.000000   )
 ( -0.028482   0.000000    -0.028482   0.000000    -0.000000   0.000000   )
 ( -0.000000   0.000000     0.000000   0.000000     0.029038   0.000000   )
 (  0.000000   0.000000     0.000000   0.000000     0.017342   0.000000   )
 (  0.000000   0.000000    -0.000000   0.000000    -0.000000   0.000000   )
 (  0.008253   0.000000    -0.008253   0.000000    -0.000000   0.000000   )
 (  0.028482   0.000000    -0.028482   0.000000    -0.000000   0.000000   )
     freq (   59) =       3.767869 [THz] =     125.682594 [cm-1]
 ( -0.000000   0.000000    -0.230696   0.000000    -0.146317   0.000000   )
 (  0.000000   0.000000     0.158218   0.000000    -0.118867   0.000000   )
 (  0.158218   0.000000     0.000000   0.000000    -0.118867   0.000000   )
 ( -0.230696   0.000000    -0.000000   0.000000    -0.146317   0.000000   )
 ( -0.000000   0.000000     0.230696   0.000000    -0.146317   0.000000   )
 (  0.000000   0.000000    -0.158218   0.000000    -0.118867   0.000000   )
 (  0.000000   0.000000    -0.162568   0.000000     0.165462   0.000000   )
 ( -0.000000   0.000000     0.149232   0.000000     0.112047   0.000000   )
 (  0.149232   0.000000    -0.000000   0.000000     0.112047   0.000000   )
 ( -0.162568   0.000000     0.000000   0.000000     0.165462   0.000000   )
 ( -0.158218   0.000000     0.000000   0.000000    -0.118867   0.000000   )
 (  0.230696   0.000000    -0.000000   0.000000    -0.146317   0.000000   )
 (  0.000000   0.000000     0.162568   0.000000     0.165462   0.000000   )
 ( -0.000000   0.000000    -0.149232   0.000000     0.112047   0.000000   )
 ( -0.149232   0.000000    -0.000000   0.000000     0.112047   0.000000   )
 (  0.162568   0.000000     0.000000   0.000000     0.165462   0.000000   )
 ( -0.000000   0.000000    -0.029081   0.000000    -0.134861   0.000000   )
 ( -0.029081   0.000000    -0.000000   0.000000    -0.134861   0.000000   )
 (  0.000000   0.000000     0.029081   0.000000    -0.134861   0.000000   )
 (  0.000000   0.000000     0.015368   0.000000     0.113388   0.000000   )
 (  0.015368   0.000000     0.000000   0.000000     0.113388   0.000000   )
 (  0.029081   0.000000     0.000000   0.000000    -0.134861   0.000000   )
 ( -0.000000   0.000000    -0.015368   0.000000     0.113388   0.000000   )
 ( -0.015368   0.000000    -0.000000   0.000000     0.113388   0.000000   )
 ( -0.000000   0.000000    -0.000000   0.000000    -0.001801   0.000000   )
 (  0.000000   0.000000    -0.000000   0.000000    -0.019649   0.000000   )
 ( -0.000000   0.000000     0.000000   0.000000    -0.074558   0.000000   )
 (  0.000000   0.000000     0.000000   0.000000    -0.008035   0.000000   )
 (  0.060361   0.000000    -0.060361   0.000000    -0.006297   0.000000   )
 (  0.050033   0.000000     0.050033   0.000000    -0.004388   0.000000   )
 ( -0.060361   0.000000    -0.060361   0.000000    -0.006297   0.000000   )
 ( -0.050033   0.000000     0.050033   0.000000    -0.004388   0.000000   )
 (  0.050033   0.000000    -0.050033   0.000000    -0.004388   0.000000   )
 ( -0.060361   0.000000     0.060361   0.000000    -0.006297   0.000000   )
 (  0.000000   0.000000    -0.000000   0.000000    -0.074558   0.000000   )
 ( -0.000000   0.000000     0.000000   0.000000    -0.019649   0.000000   )
 ( -0.000000   0.000000    -0.000000   0.000000     0.020891   0.000000   )
 ( -0.050033   0.000000    -0.050033   0.000000    -0.004388   0.000000   )
 (  0.060361   0.000000     0.060361   0.000000    -0.006297   0.000000   )
     freq (   60) =       3.797575 [THz] =     126.673481 [cm-1]
 (  0.243325   0.000000    -0.002698   0.000000     0.184014   0.000000   )
 ( -0.150142   0.000000     0.003053   0.000000     0.102331   0.000000   )
 (  0.003040   0.000000    -0.150748   0.000000     0.101920   0.000000   )
 ( -0.002687   0.000000     0.244306   0.000000     0.183274   0.000000   )
 (  0.243325   0.000000    -0.002698   0.000000    -0.184014   0.000000   )
 ( -0.150142   0.000000     0.003053   0.000000    -0.102331   0.000000   )
 ( -0.211522   0.000000    -0.035928   0.000000     0.092135   0.000000   )
 (  0.145806   0.000000     0.002651   0.000000     0.113312   0.000000   )
 (  0.002640   0.000000     0.146394   0.000000     0.112857   0.000000   )
 ( -0.035784   0.000000    -0.212375   0.000000     0.091765   0.000000   )
 (  0.003040   0.000000    -0.150748   0.000000    -0.101920   0.000000   )
 ( -0.002687   0.000000     0.244306   0.000000    -0.183274   0.000000   )
 ( -0.211522   0.000000    -0.035928   0.000000    -0.092135   0.000000   )
 (  0.145806   0.000000     0.002651   0.000000    -0.113312   0.000000   )
 (  0.002640   0.000000     0.146394   0.000000    -0.112857   0.000000   )
 ( -0.035784   0.000000    -0.212375   0.000000    -0.091765   0.000000   )
 (  0.002346   0.000000     0.013891   0.000000     0.125571   0.000000   )
 (  0.013835   0.000000     0.002356   0.000000     0.125066   0.000000   )
 (  0.002346   0.000000     0.013891   0.000000    -0.125571   0.000000   )
 (  0.027714   0.000000    -0.021105   0.000000     0.044732   0.000000   )
 ( -0.021020   0.000000     0.027826   0.000000     0.044552   0.000000   )
 (  0.013835   0.000000     0.002356   0.000000    -0.125066   0.000000   )
 (  0.027714   0.000000    -0.021105   0.000000    -0.044732   0.000000   )
 ( -0.021020   0.000000     0.027826   0.000000    -0.044552   0.000000   )
 (  0.028637   0.000000     0.028752   0.000000     0.000000   0.000000   )
 ( -0.045015   0.000000     0.040039   0.000000    -0.000000   0.000000   )
 (  0.106433   0.000000    -0.065602   0.000000    -0.000000   0.000000   )
 ( -0.048269   0.000000    -0.048464   0.000000     0.000000   0.000000   )
 ( -0.052685   0.000000    -0.052643   0.000000    -0.000055   0.000000   )
 ( -0.019271   0.000000    -0.019300   0.000000     0.025055   0.000000   )
 (  0.010326   0.000000     0.010113   0.000000    -0.027536   0.000000   )
 ( -0.007328   0.000000    -0.007405   0.000000     0.000050   0.000000   )
 ( -0.007328   0.000000    -0.007405   0.000000    -0.000050   0.000000   )
 ( -0.052685   0.000000    -0.052643   0.000000     0.000055   0.000000   )
 ( -0.065339   0.000000     0.106863   0.000000    -0.000000   0.000000   )
 (  0.039878   0.000000    -0.045196   0.000000    -0.000000   0.000000   )
 (  0.034877   0.000000     0.035018   0.000000     0.000000   0.000000   )
 ( -0.019271   0.000000    -0.019300   0.000000    -0.025055   0.000000   )
 (  0.010326   0.000000     0.010113   0.000000     0.027536   0.000000   )
     freq (   61) =       3.797575 [THz] =     126.673481 [cm-1]
 ( -0.244306   0.000000    -0.002687   0.000000     0.183274   0.000000   )
 (  0.150748   0.000000     0.003040   0.000000     0.101920   0.000000   )
 ( -0.003053   0.000000    -0.150142   0.000000    -0.102331   0.000000   )
 (  0.002698   0.000000     0.243325   0.000000    -0.184014   0.000000   )
 ( -0.244306   0.000000    -0.002687   0.000000    -0.183274   0.000000   )
 (  0.150748   0.000000     0.003040   0.000000    -0.101920   0.000000   )
 (  0.212375   0.000000    -0.035784   0.000000     0.091765   0.000000   )
 ( -0.146394   0.000000     0.002640   0.000000     0.112857   0.000000   )
 ( -0.002651   0.000000     0.145806   0.000000    -0.113312   0.000000   )
 (  0.035928   0.000000    -0.211522   0.000000    -0.092135   0.000000   )
 ( -0.003053   0.000000    -0.150142   0.000000     0.102331   0.000000   )
 (  0.002698   0.000000     0.243325   0.000000     0.184014   0.000000   )
 (  0.212375   0.000000    -0.035784   0.000000    -0.091765   0.000000   )
 ( -0.146394   0.000000     0.002640   0.000000    -0.112857   0.000000   )
 ( -0.002651   0.000000     0.145806   0.000000     0.113312   0.000000   )
 (  0.035928   0.000000    -0.211522   0.000000     0.092135   0.000000   )
 ( -0.002356   0.000000     0.013835   0.000000     0.125066   0.000000   )
 ( -0.013891   0.000000     0.002346   0.000000    -0.125571   0.000000   )
 ( -0.002356   0.000000     0.013835   0.000000    -0.125066   0.000000   )
 ( -0.027826   0.000000    -0.021020   0.000000     0.044552   0.000000   )
 (  0.021105   0.000000     0.027714   0.000000    -0.044732   0.000000   )
 ( -0.013891   0.000000     0.002346   0.000000     0.125571   0.000000   )
 ( -0.027826   0.000000    -0.021020   0.000000    -0.044552   0.000000   )
 (  0.021105   0.000000     0.027714   0.000000     0.044732   0.000000   )
 ( -0.028752   0.000000     0.028637   0.000000    -0.000000   0.000000   )
 (  0.045196   0.000000     0.039878   0.000000    -0.000000   0.000000   )
 ( -0.106863   0.000000    -0.065339   0.000000    -0.000000   0.000000   )
 (  0.048464   0.000000    -0.048269   0.000000    -0.000000   0.000000   )
 ( -0.010113   0.000000     0.010326   0.000000    -0.027536   0.000000   )
 (  0.007405   0.000000    -0.007328   0.000000    -0.000050   0.000000   )
 (  0.052643   0.000000    -0.052685   0.000000     0.000055   0.000000   )
 (  0.019300   0.000000    -0.019271   0.000000     0.025055   0.000000   )
 (  0.019300   0.000000    -0.019271   0.000000    -0.025055   0.000000   )
 ( -0.010113   0.000000     0.010326   0.000000     0.027536   0.000000   )
 (  0.065602   0.000000     0.106433   0.000000    -0.000000   0.000000   )
 ( -0.040039   0.000000    -0.045015   0.000000    -0.000000   0.000000   )
 ( -0.035018   0.000000     0.034877   0.000000     0.000000   0.000000   )
 (  0.007405   0.000000    -0.007328   0.000000     0.000050   0.000000   )
 (  0.052643   0.000000    -0.052685   0.000000    -0.000055   0.000000   )
     freq (   62) =       3.841848 [THz] =     128.150255 [cm-1]
 (  0.032138   0.000000    -0.000000   0.000000    -0.000000   0.000000   )
 (  0.047214   0.000000     0.000000   0.000000    -0.000000   0.000000   )
 (  0.000000   0.000000     0.047214   0.000000    -0.000000   0.000000   )
 ( -0.000000   0.000000     0.032138   0.000000    -0.000000   0.000000   )
 ( -0.032138   0.000000     0.000000   0.000000     0.000000   0.000000   )
 ( -0.047214   0.000000    -0.000000   0.000000     0.000000   0.000000   )
 ( -0.031511   0.000000    -0.000000   0.000000    -0.000000   0.000000   )
 ( -0.048658   0.000000     0.000000   0.000000    -0.000000   0.000000   )
 (  0.000000   0.000000    -0.048658   0.000000    -0.000000   0.000000   )
 (  0.000000   0.000000    -0.031511   0.000000    -0.000000   0.000000   )
 ( -0.000000   0.000000    -0.047214   0.000000     0.000000   0.000000   )
 (  0.000000   0.000000    -0.032138   0.000000     0.000000   0.000000   )
 (  0.031511   0.000000     0.000000   0.000000     0.000000   0.000000   )
 (  0.048658   0.000000    -0.000000   0.000000     0.000000   0.000000   )
 ( -0.000000   0.000000     0.048658   0.000000     0.000000   0.000000   )
 (  0.000000   0.000000     0.031511   0.000000     0.000000   0.000000   )
 (  0.339366   0.000000    -0.000000   0.000000    -0.000000   0.000000   )
 ( -0.000000   0.000000     0.339366   0.000000    -0.000000   0.000000   )
 ( -0.339366   0.000000    -0.000000   0.000000     0.000000   0.000000   )
 ( -0.340794   0.000000     0.000000   0.000000    -0.000000   0.000000   )
 (  0.000000   0.000000    -0.340794   0.000000    -0.000000   0.000000   )
 ( -0.000000   0.000000    -0.339366   0.000000     0.000000   0.000000   )
 (  0.340794   0.000000     0.000000   0.000000     0.000000   0.000000   )
 (  0.000000   0.000000     0.340794   0.000000     0.000000   0.000000   )
 ( -0.000000   0.000000    -0.000000   0.000000    -0.000000   0.000000   )
 (  0.000000   0.000000    -0.000000   0.000000    -0.000000   0.000000   )
 ( -0.000000   0.000000     0.000000   0.000000    -0.000000   0.000000   )
 (  0.000000   0.000000     0.000000   0.000000    -0.000000   0.000000   )
 (  0.003379   0.000000    -0.003379   0.000000     0.062283   0.000000   )
 ( -0.001296   0.000000    -0.001296   0.000000     0.090342   0.000000   )
 (  0.003379   0.000000     0.003379   0.000000    -0.062283   0.000000   )
 ( -0.001296   0.000000     0.001296   0.000000    -0.090342   0.000000   )
 (  0.001296   0.000000    -0.001296   0.000000    -0.090342   0.000000   )
 ( -0.003379   0.000000     0.003379   0.000000     0.062283   0.000000   )
 (  0.000000   0.000000    -0.000000   0.000000    -0.000000   0.000000   )
 ( -0.000000   0.000000     0.000000   0.000000    -0.000000   0.000000   )
 ( -0.000000   0.000000    -0.000000   0.000000    -0.000000   0.000000   )
 (  0.001296   0.000000     0.001296   0.000000     0.090342   0.000000   )
 ( -0.003379   0.000000    -0.003379   0.000000    -0.062283   0.000000   )
     freq (   63) =       4.097340 [THz] =     136.672536 [cm-1]
 ( -0.000000   0.000000    -0.251890   0.000000     0.124685   0.000000   )
 ( -0.000000   0.000000     0.171685   0.000000     0.138585   0.000000   )
 ( -0.171685   0.000000     0.000000   0.000000    -0.138585   0.000000   )
 (  0.251890   0.000000     0.000000   0.000000    -0.124685   0.000000   )
 ( -0.000000   0.000000     0.251890   0.000000     0.124685   0.000000   )
 ( -0.000000   0.000000    -0.171685   0.000000     0.138585   0.000000   )
 (  0.000000   0.000000     0.126080   0.000000     0.004424   0.000000   )
 (  0.000000   0.000000     0.251863   0.000000    -0.142815   0.000000   )
 ( -0.251863   0.000000    -0.000000   0.000000     0.142815   0.000000   )
 ( -0.126080   0.000000    -0.000000   0.000000    -0.004424   0.000000   )
 (  0.171685   0.000000     0.000000   0.000000    -0.138585   0.000000   )
 ( -0.251890   0.000000    -0.000000   0.000000    -0.124685   0.000000   )
 (  0.000000   0.000000    -0.126080   0.000000     0.004424   0.000000   )
 (  0.000000   0.000000    -0.251863   0.000000    -0.142815   0.000000   )
 (  0.251863   0.000000     0.000000   0.000000     0.142815   0.000000   )
 (  0.126080   0.000000     0.000000   0.000000    -0.004424   0.000000   )
 (  0.000000   0.000000     0.005091   0.000000     0.092426   0.000000   )
 ( -0.005091   0.000000    -0.000000   0.000000    -0.092426   0.000000   )
 ( -0.000000   0.000000    -0.005091   0.000000     0.092426   0.000000   )
 ( -0.000000   0.000000    -0.002504   0.000000    -0.039114   0.000000   )
 (  0.002504   0.000000     0.000000   0.000000     0.039114   0.000000   )
 (  0.005091   0.000000     0.000000   0.000000    -0.092426   0.000000   )
 (  0.000000   0.000000     0.002504   0.000000    -0.039114   0.000000   )
 ( -0.002504   0.000000    -0.000000   0.000000     0.039114   0.000000   )
 (  0.000000   0.000000    -0.000000   0.000000    -0.000000   0.000000   )
 ( -0.000000   0.000000    -0.000000   0.000000     0.001478   0.000000   )
 ( -0.000000   0.000000    -0.000000   0.000000     0.022450   0.000000   )
 (  0.000000   0.000000    -0.000000   0.000000     0.000000   0.000000   )
 ( -0.027752   0.000000    -0.027752   0.000000    -0.000000   0.000000   )
 ( -0.073070   0.000000     0.073070   0.000000     0.000000   0.000000   )
 (  0.027752   0.000000    -0.027752   0.000000     0.000000   0.000000   )
 (  0.073070   0.000000     0.073070   0.000000     0.000000   0.000000   )
 ( -0.073070   0.000000    -0.073070   0.000000    -0.000000   0.000000   )
 (  0.027752   0.000000     0.027752   0.000000     0.000000   0.000000   )
 (  0.000000   0.000000    -0.000000   0.000000    -0.022450   0.000000   )
 (  0.000000   0.000000     0.000000   0.000000    -0.001478   0.000000   )
 (  0.000000   0.000000     0.000000   0.000000     0.000000   0.000000   )
 (  0.073070   0.000000    -0.073070   0.000000     0.000000   0.000000   )
 ( -0.027752   0.000000     0.027752   0.000000    -0.000000   0.000000   )
     freq (   64) =       4.425686 [THz] =     147.624993 [cm-1]
 (  0.000000   0.000000    -0.249293   0.000000     0.020987   0.000000   )
 ( -0.000000   0.000000    -0.374943   0.000000    -0.074031   0.000000   )
 (  0.374943   0.000000     0.000000   0.000000     0.074031   0.000000   )
 (  0.249293   0.000000    -0.000000   0.000000    -0.020987   0.000000   )
 ( -0.000000   0.000000     0.249293   0.000000     0.020987   0.000000   )
 (  0.000000   0.000000     0.374943   0.000000    -0.074031   0.000000   )
 ( -0.000000   0.000000     0.034018   0.000000    -0.104512   0.000000   )
 (  0.000000   0.000000     0.084974   0.000000     0.097774   0.000000   )
 ( -0.084974   0.000000    -0.000000   0.000000    -0.097774   0.000000   )
 ( -0.034018   0.000000     0.000000   0.000000     0.104512   0.000000   )
 ( -0.374943   0.000000    -0.000000   0.000000     0.074031   0.000000   )
 ( -0.249293   0.000000     0.000000   0.000000    -0.020987   0.000000   )
 (  0.000000   0.000000    -0.034018   0.000000    -0.104512   0.000000   )
 ( -0.000000   0.000000    -0.084974   0.000000     0.097774   0.000000   )
 (  0.084974   0.000000     0.000000   0.000000    -0.097774   0.000000   )
 (  0.034018   0.000000    -0.000000   0.000000     0.104512   0.000000   )
 ( -0.000000   0.000000    -0.034971   0.000000    -0.047476   0.000000   )
 (  0.034971   0.000000     0.000000   0.000000     0.047476   0.000000   )
 ( -0.000000   0.000000     0.034971   0.000000    -0.047476   0.000000   )
 ( -0.000000   0.000000    -0.029894   0.000000    -0.008963   0.000000   )
 (  0.029894   0.000000     0.000000   0.000000     0.008963   0.000000   )
 ( -0.034971   0.000000     0.000000   0.000000     0.047476   0.000000   )
 ( -0.000000   0.000000     0.029894   0.000000    -0.008963   0.000000   )
 ( -0.029894   0.000000    -0.000000   0.000000     0.008963   0.000000   )
 (  0.000000   0.000000    -0.000000   0.000000     0.000000   0.000000   )
 ( -0.000000   0.000000    -0.000000   0.000000     0.020743   0.000000   )
 (  0.000000   0.000000    -0.000000   0.000000     0.002778   0.000000   )
 (  0.000000   0.000000    -0.000000   0.000000    -0.000000   0.000000   )
 ( -0.030300   0.000000    -0.030300   0.000000     0.000000   0.000000   )
 (  0.054694   0.000000    -0.054694   0.000000     0.000000   0.000000   )
 (  0.030300   0.000000    -0.030300   0.000000     0.000000   0.000000   )
 ( -0.054694   0.000000    -0.054694   0.000000     0.000000   0.000000   )
 (  0.054694   0.000000     0.054694   0.000000     0.000000   0.000000   )
 (  0.030300   0.000000     0.030300   0.000000     0.000000   0.000000   )
 (  0.000000   0.000000     0.000000   0.000000    -0.002778   0.000000   )
 ( -0.000000   0.000000     0.000000   0.000000    -0.020743   0.000000   )
 ( -0.000000   0.000000    -0.000000   0.000000     0.000000   0.000000   )
 ( -0.054694   0.000000     0.054694   0.000000     0.000000   0.000000   )
 ( -0.030300   0.000000     0.030300   0.000000     0.000000   0.000000   )
     freq (   65) =       4.431492 [THz] =     147.818670 [cm-1]
 ( -0.000000   0.000000    -0.189082   0.000000    -0.110432   0.000000   )
 ( -0.000000   0.000000    -0.225861   0.000000     0.139447   0.000000   )
 ( -0.225861   0.000000    -0.000000   0.000000     0.139447   0.000000   )
 ( -0.189082   0.000000    -0.000000   0.000000    -0.110432   0.000000   )
 ( -0.000000   0.000000     0.189082   0.000000    -0.110432   0.000000   )
 ( -0.000000   0.000000     0.225861   0.000000     0.139447   0.000000   )
 (  0.000000   0.000000    -0.151970   0.000000     0.113621   0.000000   )
 (  0.000000   0.000000    -0.226723   0.000000    -0.143790   0.000000   )
 ( -0.226723   0.000000    -0.000000   0.000000    -0.143790   0.000000   )
 ( -0.151970   0.000000     0.000000   0.000000     0.113621   0.000000   )
 (  0.225861   0.000000    -0.000000   0.000000     0.139447   0.000000   )
 (  0.189082   0.000000    -0.000000   0.000000    -0.110432   0.000000   )
 (  0.000000   0.000000     0.151970   0.000000     0.113621   0.000000   )
 (  0.000000   0.000000     0.226723   0.000000    -0.143790   0.000000   )
 (  0.226723   0.000000     0.000000   0.000000    -0.143790   0.000000   )
 (  0.151970   0.000000     0.000000   0.000000     0.113621   0.000000   )
 ( -0.000000   0.000000    -0.028868   0.000000     0.012009   0.000000   )
 ( -0.028868   0.000000    -0.000000   0.000000     0.012009   0.000000   )
 ( -0.000000   0.000000     0.028868   0.000000     0.012009   0.000000   )
 (  0.000000   0.000000    -0.044724   0.000000    -0.011252   0.000000   )
 ( -0.044724   0.000000     0.000000   0.000000    -0.011252   0.000000   )
 (  0.028868   0.000000    -0.000000   0.000000     0.012009   0.000000   )
 (  0.000000   0.000000     0.044724   0.000000    -0.011252   0.000000   )
 (  0.044724   0.000000     0.000000   0.000000    -0.011252   0.000000   )
 (  0.000000   0.000000     0.000000   0.000000     0.046658   0.000000   )
 ( -0.000000   0.000000     0.000000   0.000000     0.005493   0.000000   )
 ( -0.000000   0.000000     0.000000   0.000000    -0.061604   0.000000   )
 ( -0.000000   0.000000    -0.000000   0.000000    -0.012972   0.000000   )
 (  0.048693   0.000000    -0.048693   0.000000     0.012353   0.000000   )
 ( -0.079762   0.000000    -0.079762   0.000000     0.013373   0.000000   )
 ( -0.048693   0.000000    -0.048693   0.000000     0.012353   0.000000   )
 (  0.079762   0.000000    -0.079762   0.000000     0.013373   0.000000   )
 ( -0.079762   0.000000     0.079762   0.000000     0.013373   0.000000   )
 ( -0.048693   0.000000     0.048693   0.000000     0.012353   0.000000   )
 (  0.000000   0.000000     0.000000   0.000000    -0.061604   0.000000   )
 (  0.000000   0.000000    -0.000000   0.000000     0.005493   0.000000   )
 (  0.000000   0.000000     0.000000   0.000000     0.020962   0.000000   )
 (  0.079762   0.000000     0.079762   0.000000     0.013373   0.000000   )
 (  0.048693   0.000000     0.048693   0.000000     0.012353   0.000000   )
     freq (   66) =       4.458873 [THz] =     148.731994 [cm-1]
 (  0.310639   0.000000    -0.000000   0.000000    -0.000000   0.000000   )
 (  0.191260   0.000000     0.000000   0.000000     0.000000   0.000000   )
 ( -0.000000   0.000000    -0.191260   0.000000    -0.000000   0.000000   )
 (  0.000000   0.000000    -0.310639   0.000000     0.000000   0.000000   )
 ( -0.310639   0.000000     0.000000   0.000000     0.000000   0.000000   )
 ( -0.191260   0.000000    -0.000000   0.000000    -0.000000   0.000000   )
 ( -0.281304   0.000000     0.000000   0.000000    -0.000000   0.000000   )
 ( -0.186485   0.000000    -0.000000   0.000000     0.000000   0.000000   )
 (  0.000000   0.000000     0.186485   0.000000    -0.000000   0.000000   )
 ( -0.000000   0.000000     0.281304   0.000000     0.000000   0.000000   )
 (  0.000000   0.000000     0.191260   0.000000     0.000000   0.000000   )
 ( -0.000000   0.000000     0.310639   0.000000    -0.000000   0.000000   )
 (  0.281304   0.000000    -0.000000   0.000000     0.000000   0.000000   )
 (  0.186485   0.000000     0.000000   0.000000    -0.000000   0.000000   )
 ( -0.000000   0.000000    -0.186485   0.000000     0.000000   0.000000   )
 (  0.000000   0.000000    -0.281304   0.000000     0.000000   0.000000   )
 ( -0.021401   0.000000     0.000000   0.000000    -0.000000   0.000000   )
 ( -0.000000   0.000000     0.021401   0.000000    -0.000000   0.000000   )
 (  0.021401   0.000000    -0.000000   0.000000    -0.000000   0.000000   )
 ( -0.001086   0.000000    -0.000000   0.000000    -0.000000   0.000000   )
 (  0.000000   0.000000     0.001086   0.000000     0.000000   0.000000   )
 ( -0.000000   0.000000    -0.021401   0.000000     0.000000   0.000000   )
 (  0.001086   0.000000     0.000000   0.000000    -0.000000   0.000000   )
 (  0.000000   0.000000    -0.001086   0.000000     0.000000   0.000000   )
 ( -0.000000   0.000000    -0.000000   0.000000     0.000000   0.000000   )
 (  0.000000   0.000000     0.000000   0.000000     0.000000   0.000000   )
 (  0.000000   0.000000     0.000000   0.000000    -0.000000   0.000000   )
 (  0.000000   0.000000    -0.000000   0.000000     0.000000   0.000000   )
 ( -0.034456   0.000000    -0.034456   0.000000     0.000000   0.000000   )
 (  0.009504   0.000000    -0.009504   0.000000    -0.000000   0.000000   )
 ( -0.034456   0.000000     0.034456   0.000000    -0.000000   0.000000   )
 (  0.009504   0.000000     0.009504   0.000000    -0.000000   0.000000   )
 ( -0.009504   0.000000    -0.009504   0.000000     0.000000   0.000000   )
 (  0.034456   0.000000     0.034456   0.000000    -0.000000   0.000000   )
 ( -0.000000   0.000000    -0.000000   0.000000     0.000000   0.000000   )
 ( -0.000000   0.000000    -0.000000   0.000000    -0.000000   0.000000   )
 ( -0.000000   0.000000     0.000000   0.000000    -0.000000   0.000000   )
 ( -0.009504   0.000000     0.009504   0.000000     0.000000   0.000000   )
 (  0.034456   0.000000    -0.034456   0.000000     0.000000   0.000000   )
     freq (   67) =       4.497141 [THz] =     150.008466 [cm-1]
 (  0.169289   0.000000     0.006088   0.000000    -0.109893   0.000000   )
 (  0.236081   0.000000     0.003075   0.000000     0.150922   0.000000   )
 ( -0.003062   0.000000    -0.237136   0.000000    -0.150251   0.000000   )
 ( -0.006061   0.000000    -0.170045   0.000000     0.109405   0.000000   )
 (  0.169289   0.000000     0.006088   0.000000     0.109893   0.000000   )
 (  0.236081   0.000000     0.003075   0.000000    -0.150922   0.000000   )
 ( -0.159634   0.000000     0.009660   0.000000    -0.066238   0.000000   )
 ( -0.234435   0.000000     0.002984   0.000000     0.136286   0.000000   )
 ( -0.002971   0.000000     0.235482   0.000000    -0.135680   0.000000   )
 ( -0.009617   0.000000     0.160347   0.000000     0.065943   0.000000   )
 ( -0.003062   0.000000    -0.237136   0.000000     0.150251   0.000000   )
 ( -0.006061   0.000000    -0.170045   0.000000    -0.109405   0.000000   )
 ( -0.159634   0.000000     0.009660   0.000000     0.066238   0.000000   )
 ( -0.234435   0.000000     0.002984   0.000000    -0.136286   0.000000   )
 ( -0.002971   0.000000     0.235482   0.000000     0.135680   0.000000   )
 ( -0.009617   0.000000     0.160347   0.000000    -0.065943   0.000000   )
 (  0.065370   0.000000     0.001109   0.000000     0.027181   0.000000   )
 ( -0.001104   0.000000    -0.065662   0.000000    -0.027061   0.000000   )
 (  0.065370   0.000000     0.001109   0.000000    -0.027181   0.000000   )
 ( -0.029880   0.000000    -0.010929   0.000000    -0.001578   0.000000   )
 (  0.010881   0.000000     0.030014   0.000000     0.001571   0.000000   )
 ( -0.001104   0.000000    -0.065662   0.000000     0.027061   0.000000   )
 ( -0.029880   0.000000    -0.010929   0.000000     0.001578   0.000000   )
 (  0.010881   0.000000     0.030014   0.000000    -0.001571   0.000000   )
 ( -0.010092   0.000000     0.010137   0.000000     0.000000   0.000000   )
 (  0.077182   0.000000     0.047169   0.000000     0.000000   0.000000   )
 (  0.092259   0.000000     0.043535   0.000000    -0.000000   0.000000   )
 (  0.028917   0.000000    -0.029046   0.000000    -0.000000   0.000000   )
 (  0.000197   0.000000     0.000044   0.000000     0.057919   0.000000   )
 ( -0.039787   0.000000     0.039789   0.000000    -0.000105   0.000000   )
 ( -0.054155   0.000000     0.054155   0.000000     0.000129   0.000000   )
 ( -0.000504   0.000000     0.000682   0.000000    -0.047274   0.000000   )
 ( -0.000504   0.000000     0.000682   0.000000     0.047274   0.000000   )
 (  0.000197   0.000000     0.000044   0.000000    -0.057919   0.000000   )
 ( -0.043341   0.000000    -0.092671   0.000000    -0.000000   0.000000   )
 ( -0.046960   0.000000    -0.077527   0.000000     0.000000   0.000000   )
 ( -0.084337   0.000000     0.084714   0.000000     0.000000   0.000000   )
 ( -0.039787   0.000000     0.039789   0.000000     0.000105   0.000000   )
 ( -0.054155   0.000000     0.054155   0.000000    -0.000129   0.000000   )
     freq (   68) =       4.497141 [THz] =     150.008466 [cm-1]
 ( -0.170045   0.000000     0.006061   0.000000    -0.109405   0.000000   )
 ( -0.237136   0.000000     0.003062   0.000000     0.150251   0.000000   )
 (  0.003075   0.000000    -0.236081   0.000000     0.150922   0.000000   )
 (  0.006088   0.000000    -0.169289   0.000000    -0.109893   0.000000   )
 ( -0.170045   0.000000     0.006061   0.000000     0.109405   0.000000   )
 ( -0.237136   0.000000     0.003062   0.000000    -0.150251   0.000000   )
 (  0.160347   0.000000     0.009617   0.000000    -0.065943   0.000000   )
 (  0.235482   0.000000     0.002971   0.000000     0.135680   0.000000   )
 (  0.002984   0.000000     0.234435   0.000000     0.136286   0.000000   )
 (  0.009660   0.000000     0.159634   0.000000    -0.066238   0.000000   )
 (  0.003075   0.000000    -0.236081   0.000000    -0.150922   0.000000   )
 (  0.006088   0.000000    -0.169289   0.000000     0.109893   0.000000   )
 (  0.160347   0.000000     0.009617   0.000000     0.065943   0.000000   )
 (  0.235482   0.000000     0.002971   0.000000    -0.135680   0.000000   )
 (  0.002984   0.000000     0.234435   0.000000    -0.136286   0.000000   )
 (  0.009660   0.000000     0.159634   0.000000     0.066238   0.000000   )
 ( -0.065662   0.000000     0.001104   0.000000     0.027061   0.000000   )
 (  0.001109   0.000000    -0.065370   0.000000     0.027181   0.000000   )
 ( -0.065662   0.000000     0.001104   0.000000    -0.027061   0.000000   )
 (  0.030014   0.000000    -0.010881   0.000000    -0.001571   0.000000   )
 ( -0.010929   0.000000     0.029880   0.000000    -0.001578   0.000000   )
 (  0.001109   0.000000    -0.065370   0.000000    -0.027181   0.000000   )
 (  0.030014   0.000000    -0.010881   0.000000     0.001571   0.000000   )
 ( -0.010929   0.000000     0.029880   0.000000     0.001578   0.000000   )
 (  0.010137   0.000000     0.010092   0.000000    -0.000000   0.000000   )
 ( -0.077527   0.000000     0.046960   0.000000     0.000000   0.000000   )
 ( -0.092671   0.000000     0.043341   0.000000     0.000000   0.000000   )
 ( -0.029046   0.000000    -0.028917   0.000000     0.000000   0.000000   )
 (  0.054155   0.000000     0.054155   0.000000    -0.000129   0.000000   )
 (  0.000682   0.000000     0.000504   0.000000    -0.047274   0.000000   )
 (  0.000044   0.000000    -0.000197   0.000000     0.057919   0.000000   )
 (  0.039789   0.000000     0.039787   0.000000     0.000105   0.000000   )
 (  0.039789   0.000000     0.039787   0.000000    -0.000105   0.000000   )
 (  0.054155   0.000000     0.054155   0.000000     0.000129   0.000000   )
 (  0.043535   0.000000    -0.092259   0.000000     0.000000   0.000000   )
 (  0.047169   0.000000    -0.077182   0.000000     0.000000   0.000000   )
 (  0.084714   0.000000     0.084337   0.000000    -0.000000   0.000000   )
 (  0.000682   0.000000     0.000504   0.000000     0.047274   0.000000   )
 (  0.000044   0.000000    -0.000197   0.000000    -0.057919   0.000000   )
     freq (   69) =       4.507819 [THz] =     150.364660 [cm-1]
 ( -0.000000   0.000000    -0.269561   0.000000     0.033003   0.000000   )
 ( -0.000000   0.000000     0.162304   0.000000    -0.061114   0.000000   )
 ( -0.162304   0.000000     0.000000   0.000000     0.061114   0.000000   )
 (  0.269561   0.000000     0.000000   0.000000    -0.033003   0.000000   )
 ( -0.000000   0.000000     0.269561   0.000000     0.033003   0.000000   )
 ( -0.000000   0.000000    -0.162304   0.000000    -0.061114   0.000000   )
 (  0.000000   0.000000     0.060064   0.000000    -0.088925   0.000000   )
 (  0.000000   0.000000    -0.354128   0.000000     0.059531   0.000000   )
 (  0.354128   0.000000    -0.000000   0.000000    -0.059531   0.000000   )
 ( -0.060064   0.000000    -0.000000   0.000000     0.088925   0.000000   )
 (  0.162304   0.000000     0.000000   0.000000     0.061114   0.000000   )
 ( -0.269561   0.000000    -0.000000   0.000000    -0.033003   0.000000   )
 (  0.000000   0.000000    -0.060064   0.000000    -0.088925   0.000000   )
 (  0.000000   0.000000     0.354128   0.000000     0.059531   0.000000   )
 ( -0.354128   0.000000    -0.000000   0.000000    -0.059531   0.000000   )
 (  0.060064   0.000000    -0.000000   0.000000     0.088925   0.000000   )
 ( -0.000000   0.000000    -0.037932   0.000000    -0.017000   0.000000   )
 (  0.037932   0.000000     0.000000   0.000000     0.017000   0.000000   )
 ( -0.000000   0.000000     0.037932   0.000000    -0.017000   0.000000   )
 (  0.000000   0.000000    -0.015422   0.000000     0.000028   0.000000   )
 (  0.015422   0.000000     0.000000   0.000000    -0.000028   0.000000   )
 ( -0.037932   0.000000     0.000000   0.000000     0.017000   0.000000   )
 (  0.000000   0.000000     0.015422   0.000000     0.000028   0.000000   )
 ( -0.015422   0.000000    -0.000000   0.000000    -0.000028   0.000000   )
 (  0.000000   0.000000     0.000000   0.000000    -0.000000   0.000000   )
 ( -0.000000   0.000000    -0.000000   0.000000    -0.008769   0.000000   )
 ( -0.000000   0.000000    -0.000000   0.000000    -0.008131   0.000000   )
 ( -0.000000   0.000000     0.000000   0.000000     0.000000   0.000000   )
 ( -0.028520   0.000000    -0.028520   0.000000    -0.000000   0.000000   )
 (  0.031943   0.000000    -0.031943   0.000000    -0.000000   0.000000   )
 (  0.028520   0.000000    -0.028520   0.000000     0.000000   0.000000   )
 ( -0.031943   0.000000    -0.031943   0.000000     0.000000   0.000000   )
 (  0.031943   0.000000     0.031943   0.000000    -0.000000   0.000000   )
 (  0.028520   0.000000     0.028520   0.000000     0.000000   0.000000   )
 (  0.000000   0.000000     0.000000   0.000000     0.008131   0.000000   )
 (  0.000000   0.000000     0.000000   0.000000     0.008769   0.000000   )
 (  0.000000   0.000000    -0.000000   0.000000    -0.000000   0.000000   )
 ( -0.031943   0.000000     0.031943   0.000000     0.000000   0.000000   )
 ( -0.028520   0.000000     0.028520   0.000000    -0.000000   0.000000   )
     freq (   70) =       4.560709 [THz] =     152.128888 [cm-1]
 (  0.197891   0.000000     0.000000   0.000000     0.000000   0.000000   )
 ( -0.298573   0.000000     0.000000   0.000000    -0.000000   0.000000   )
 ( -0.000000   0.000000     0.298573   0.000000    -0.000000   0.000000   )
 ( -0.000000   0.000000    -0.197891   0.000000     0.000000   0.000000   )
 ( -0.197891   0.000000    -0.000000   0.000000    -0.000000   0.000000   )
 (  0.298573   0.000000    -0.000000   0.000000     0.000000   0.000000   )
 ( -0.179972   0.000000     0.000000   0.000000     0.000000   0.000000   )
 (  0.295844   0.000000     0.000000   0.000000    -0.000000   0.000000   )
 (  0.000000   0.000000    -0.295844   0.000000     0.000000   0.000000   )
 (  0.000000   0.000000     0.179972   0.000000    -0.000000   0.000000   )
 (  0.000000   0.000000    -0.298573   0.000000    -0.000000   0.000000   )
 (  0.000000   0.000000     0.197891   0.000000     0.000000   0.000000   )
 (  0.179972   0.000000    -0.000000   0.000000    -0.000000   0.000000   )
 ( -0.295844   0.000000     0.000000   0.000000     0.000000   0.000000   )
 ( -0.000000   0.000000     0.295844   0.000000     0.000000   0.000000   )
 ( -0.000000   0.000000    -0.179972   0.000000    -0.000000   0.000000   )
 ( -0.003692   0.000000     0.000000   0.000000    -0.000000   0.000000   )
 (  0.000000   0.000000     0.003692   0.000000    -0.000000   0.000000   )
 (  0.003692   0.000000    -0.000000   0.000000    -0.000000   0.000000   )
 (  0.001332   0.000000     0.000000   0.000000     0.000000   0.000000   )
 ( -0.000000   0.000000    -0.001332   0.000000     0.000000   0.000000   )
 (  0.000000   0.000000    -0.003692   0.000000     0.000000   0.000000   )
 ( -0.001332   0.000000    -0.000000   0.000000     0.000000   0.000000   )
 (  0.000000   0.000000     0.001332   0.000000    -0.000000   0.000000   )
 ( -0.000000   0.000000     0.000000   0.000000     0.000000   0.000000   )
 ( -0.000000   0.000000    -0.000000   0.000000     0.000000   0.000000   )
 (  0.000000   0.000000    -0.000000   0.000000    -0.000000   0.000000   )
 (  0.000000   0.000000     0.000000   0.000000    -0.000000   0.000000   )
 ( -0.029254   0.000000    -0.029254   0.000000    -0.000000   0.000000   )
 ( -0.005146   0.000000     0.005146   0.000000     0.000000   0.000000   )
 ( -0.029254   0.000000     0.029254   0.000000    -0.000000   0.000000   )
 ( -0.005146   0.000000    -0.005146   0.000000    -0.000000   0.000000   )
 (  0.005146   0.000000     0.005146   0.000000     0.000000   0.000000   )
 (  0.029254   0.000000     0.029254   0.000000     0.000000   0.000000   )
 ( -0.000000   0.000000     0.000000   0.000000     0.000000   0.000000   )
 (  0.000000   0.000000     0.000000   0.000000     0.000000   0.000000   )
 ( -0.000000   0.000000    -0.000000   0.000000    -0.000000   0.000000   )
 (  0.005146   0.000000    -0.005146   0.000000    -0.000000   0.000000   )
 (  0.029254   0.000000    -0.029254   0.000000     0.000000   0.000000   )
     freq (   71) =       4.674631 [THz] =     155.928902 [cm-1]
 (  0.000000   0.000000    -0.011222   0.000000     0.321578   0.000000   )
 (  0.000000   0.000000    -0.051778   0.000000    -0.053815   0.000000   )
 (  0.051778   0.000000    -0.000000   0.000000     0.053815   0.000000   )
 (  0.011222   0.000000    -0.000000   0.000000    -0.321578   0.000000   )
 ( -0.000000   0.000000     0.011222   0.000000     0.321578   0.000000   )
 ( -0.000000   0.000000     0.051778   0.000000    -0.053815   0.000000   )
 ( -0.000000   0.000000    -0.128961   0.000000     0.215627   0.000000   )
 ( -0.000000   0.000000    -0.051523   0.000000     0.006446   0.000000   )
 (  0.051523   0.000000     0.000000   0.000000    -0.006446   0.000000   )
 (  0.128961   0.000000     0.000000   0.000000    -0.215627   0.000000   )
 ( -0.051778   0.000000     0.000000   0.000000     0.053815   0.000000   )
 ( -0.011222   0.000000     0.000000   0.000000    -0.321578   0.000000   )
 (  0.000000   0.000000     0.128961   0.000000     0.215627   0.000000   )
 (  0.000000   0.000000     0.051523   0.000000     0.006446   0.000000   )
 ( -0.051523   0.000000    -0.000000   0.000000    -0.006446   0.000000   )
 ( -0.128961   0.000000    -0.000000   0.000000    -0.215627   0.000000   )
 ( -0.000000   0.000000    -0.008616   0.000000     0.154995   0.000000   )
 (  0.008616   0.000000     0.000000   0.000000    -0.154995   0.000000   )
 (  0.000000   0.000000     0.008616   0.000000     0.154995   0.000000   )
 (  0.000000   0.000000    -0.062895   0.000000     0.199089   0.000000   )
 (  0.062895   0.000000    -0.000000   0.000000    -0.199089   0.000000   )
 ( -0.008616   0.000000    -0.000000   0.000000    -0.154995   0.000000   )
 ( -0.000000   0.000000     0.062895   0.000000     0.199089   0.000000   )
 ( -0.062895   0.000000     0.000000   0.000000    -0.199089   0.000000   )
 (  0.000000   0.000000     0.000000   0.000000    -0.000000   0.000000   )
 (  0.000000   0.000000     0.000000   0.000000    -0.001261   0.000000   )
 ( -0.000000   0.000000    -0.000000   0.000000     0.060142   0.000000   )
 ( -0.000000   0.000000     0.000000   0.000000     0.000000   0.000000   )
 ( -0.050919   0.000000    -0.050919   0.000000    -0.000000   0.000000   )
 (  0.013744   0.000000    -0.013744   0.000000     0.000000   0.000000   )
 (  0.050919   0.000000    -0.050919   0.000000    -0.000000   0.000000   )
 ( -0.013744   0.000000    -0.013744   0.000000     0.000000   0.000000   )
 (  0.013744   0.000000     0.013744   0.000000     0.000000   0.000000   )
 (  0.050919   0.000000     0.050919   0.000000    -0.000000   0.000000   )
 ( -0.000000   0.000000    -0.000000   0.000000    -0.060142   0.000000   )
 (  0.000000   0.000000    -0.000000   0.000000     0.001261   0.000000   )
 ( -0.000000   0.000000     0.000000   0.000000     0.000000   0.000000   )
 ( -0.013744   0.000000     0.013744   0.000000     0.000000   0.000000   )
 ( -0.050919   0.000000     0.050919   0.000000     0.000000   0.000000   )
     freq (   72) =       4.817200 [THz] =     160.684495 [cm-1]
 (  0.000000   0.000000     0.003896   0.000000    -0.017705   0.000000   )
 (  0.000000   0.000000     0.009050   0.000000     0.308673   0.000000   )
 ( -0.009050   0.000000     0.000000   0.000000    -0.308673   0.000000   )
 ( -0.003896   0.000000    -0.000000   0.000000     0.017705   0.000000   )
 ( -0.000000   0.000000    -0.003896   0.000000    -0.017705   0.000000   )
 (  0.000000   0.000000    -0.009050   0.000000     0.308673   0.000000   )
 ( -0.000000   0.000000    -0.000848   0.000000    -0.012778   0.000000   )
 (  0.000000   0.000000    -0.002122   0.000000     0.306618   0.000000   )
 (  0.002122   0.000000     0.000000   0.000000    -0.306618   0.000000   )
 (  0.000848   0.000000     0.000000   0.000000     0.012778   0.000000   )
 (  0.009050   0.000000    -0.000000   0.000000    -0.308673   0.000000   )
 (  0.003896   0.000000     0.000000   0.000000     0.017705   0.000000   )
 (  0.000000   0.000000     0.000848   0.000000    -0.012778   0.000000   )
 ( -0.000000   0.000000     0.002122   0.000000     0.306618   0.000000   )
 ( -0.002122   0.000000    -0.000000   0.000000    -0.306618   0.000000   )
 ( -0.000848   0.000000    -0.000000   0.000000     0.012778   0.000000   )
 ( -0.000000   0.000000     0.002628   0.000000     0.171264   0.000000   )
 ( -0.002628   0.000000    -0.000000   0.000000    -0.171264   0.000000   )
 ( -0.000000   0.000000    -0.002628   0.000000     0.171264   0.000000   )
 (  0.000000   0.000000    -0.014842   0.000000     0.173920   0.000000   )
 (  0.014842   0.000000    -0.000000   0.000000    -0.173920   0.000000   )
 (  0.002628   0.000000     0.000000   0.000000    -0.171264   0.000000   )
 (  0.000000   0.000000     0.014842   0.000000     0.173920   0.000000   )
 ( -0.014842   0.000000    -0.000000   0.000000    -0.173920   0.000000   )
 ( -0.000000   0.000000     0.000000   0.000000     0.000000   0.000000   )
 ( -0.000000   0.000000    -0.000000   0.000000     0.013306   0.000000   )
 (  0.000000   0.000000    -0.000000   0.000000    -0.014792   0.000000   )
 (  0.000000   0.000000    -0.000000   0.000000    -0.000000   0.000000   )
 (  0.006789   0.000000     0.006789   0.000000     0.000000   0.000000   )
 (  0.003877   0.000000    -0.003877   0.000000     0.000000   0.000000   )
 ( -0.006789   0.000000     0.006789   0.000000     0.000000   0.000000   )
 ( -0.003877   0.000000    -0.003877   0.000000    -0.000000   0.000000   )
 (  0.003877   0.000000     0.003877   0.000000    -0.000000   0.000000   )
 ( -0.006789   0.000000    -0.006789   0.000000    -0.000000   0.000000   )
 ( -0.000000   0.000000    -0.000000   0.000000     0.014792   0.000000   )
 ( -0.000000   0.000000    -0.000000   0.000000    -0.013306   0.000000   )
 ( -0.000000   0.000000    -0.000000   0.000000     0.000000   0.000000   )
 ( -0.003877   0.000000     0.003877   0.000000     0.000000   0.000000   )
 (  0.006789   0.000000    -0.006789   0.000000    -0.000000   0.000000   )
     freq (   73) =       7.315570 [THz] =     244.021137 [cm-1]
 ( -0.000707   0.000000     0.000176   0.000000    -0.000956   0.000000   )
 (  0.000830   0.000000     0.000155   0.000000     0.000494   0.000000   )
 ( -0.000165   0.000000    -0.000775   0.000000    -0.000529   0.000000   )
 ( -0.000188   0.000000     0.000660   0.000000     0.001023   0.000000   )
 ( -0.000707   0.000000     0.000176   0.000000     0.000956   0.000000   )
 (  0.000830   0.000000     0.000155   0.000000    -0.000494   0.000000   )
 ( -0.000237   0.000000     0.007076   0.000000     0.009447   0.000000   )
 ( -0.001532   0.000000     0.000085   0.000000     0.000498   0.000000   )
 ( -0.000092   0.000000     0.001431   0.000000    -0.000533   0.000000   )
 ( -0.007575   0.000000     0.000222   0.000000    -0.010113   0.000000   )
 ( -0.000165   0.000000    -0.000775   0.000000     0.000529   0.000000   )
 ( -0.000188   0.000000     0.000660   0.000000    -0.001023   0.000000   )
 ( -0.000237   0.000000     0.007076   0.000000    -0.009447   0.000000   )
 ( -0.001532   0.000000     0.000085   0.000000    -0.000498   0.000000   )
 ( -0.000092   0.000000     0.001431   0.000000     0.000533   0.000000   )
 ( -0.007575   0.000000     0.000222   0.000000     0.010113   0.000000   )
 ( -0.002544   0.000000     0.000277   0.000000     0.000717   0.000000   )
 ( -0.000297   0.000000     0.002377   0.000000    -0.000767   0.000000   )
 ( -0.002544   0.000000     0.000277   0.000000    -0.000717   0.000000   )
 (  0.000729   0.000000    -0.000563   0.000000    -0.000339   0.000000   )
 (  0.000602   0.000000    -0.000681   0.000000     0.000363   0.000000   )
 ( -0.000297   0.000000     0.002377   0.000000     0.000767   0.000000   )
 (  0.000729   0.000000    -0.000563   0.000000     0.000339   0.000000   )
 (  0.000602   0.000000    -0.000681   0.000000    -0.000363   0.000000   )
 ( -0.185183   0.000000     0.173004   0.000000    -0.000000   0.000000   )
 ( -0.194731   0.000000     0.170963   0.000000    -0.000000   0.000000   )
 (  0.194285   0.000000    -0.178484   0.000000     0.000000   0.000000   )
 (  0.194155   0.000000    -0.181386   0.000000     0.000000   0.000000   )
 (  0.178455   0.000000    -0.189909   0.000000    -0.004536   0.000000   )
 (  0.182631   0.000000    -0.194750   0.000000     0.000261   0.000000   )
 ( -0.162164   0.000000     0.174689   0.000000     0.000154   0.000000   )
 ( -0.171799   0.000000     0.184631   0.000000    -0.007671   0.000000   )
 ( -0.171799   0.000000     0.184631   0.000000     0.007671   0.000000   )
 (  0.178455   0.000000    -0.189909   0.000000     0.004536   0.000000   )
 (  0.191049   0.000000    -0.181507   0.000000    -0.000000   0.000000   )
 ( -0.182998   0.000000     0.181924   0.000000    -0.000000   0.000000   )
 (  0.196578   0.000000    -0.183649   0.000000     0.000000   0.000000   )
 (  0.182631   0.000000    -0.194750   0.000000    -0.000261   0.000000   )
 ( -0.162164   0.000000     0.174689   0.000000    -0.000154   0.000000   )
     freq (   74) =       7.315570 [THz] =     244.021137 [cm-1]
 (  0.000660   0.000000     0.000188   0.000000    -0.001023   0.000000   )
 ( -0.000775   0.000000     0.000165   0.000000     0.000529   0.000000   )
 (  0.000155   0.000000    -0.000830   0.000000     0.000494   0.000000   )
 (  0.000176   0.000000     0.000707   0.000000    -0.000956   0.000000   )
 (  0.000660   0.000000     0.000188   0.000000     0.001023   0.000000   )
 ( -0.000775   0.000000     0.000165   0.000000    -0.000529   0.000000   )
 (  0.000222   0.000000     0.007575   0.000000     0.010113   0.000000   )
 (  0.001431   0.000000     0.000092   0.000000     0.000533   0.000000   )
 (  0.000085   0.000000     0.001532   0.000000     0.000498   0.000000   )
 (  0.007076   0.000000     0.000237   0.000000     0.009447   0.000000   )
 (  0.000155   0.000000    -0.000830   0.000000    -0.000494   0.000000   )
 (  0.000176   0.000000     0.000707   0.000000     0.000956   0.000000   )
 (  0.000222   0.000000     0.007575   0.000000    -0.010113   0.000000   )
 (  0.001431   0.000000     0.000092   0.000000    -0.000533   0.000000   )
 (  0.000085   0.000000     0.001532   0.000000    -0.000498   0.000000   )
 (  0.007076   0.000000     0.000237   0.000000    -0.009447   0.000000   )
 (  0.002377   0.000000     0.000297   0.000000     0.000767   0.000000   )
 (  0.000277   0.000000     0.002544   0.000000     0.000717   0.000000   )
 (  0.002377   0.000000     0.000297   0.000000    -0.000767   0.000000   )
 ( -0.000681   0.000000    -0.000602   0.000000    -0.000363   0.000000   )
 ( -0.000563   0.000000    -0.000729   0.000000    -0.000339   0.000000   )
 (  0.000277   0.000000     0.002544   0.000000    -0.000717   0.000000   )
 ( -0.000681   0.000000    -0.000602   0.000000     0.000363   0.000000   )
 ( -0.000563   0.000000    -0.000729   0.000000     0.000339   0.000000   )
 (  0.173004   0.000000     0.185183   0.000000    -0.000000   0.000000   )
 (  0.181924   0.000000     0.182998   0.000000     0.000000   0.000000   )
 ( -0.181507   0.000000    -0.191049   0.000000     0.000000   0.000000   )
 ( -0.181386   0.000000    -0.194155   0.000000    -0.000000   0.000000   )
 (  0.174689   0.000000     0.162164   0.000000    -0.000154   0.000000   )
 (  0.184631   0.000000     0.171799   0.000000    -0.007671   0.000000   )
 ( -0.189909   0.000000    -0.178455   0.000000    -0.004536   0.000000   )
 ( -0.194750   0.000000    -0.182631   0.000000    -0.000261   0.000000   )
 ( -0.194750   0.000000    -0.182631   0.000000     0.000261   0.000000   )
 (  0.174689   0.000000     0.162164   0.000000     0.000154   0.000000   )
 ( -0.178484   0.000000    -0.194285   0.000000     0.000000   0.000000   )
 (  0.170963   0.000000     0.194731   0.000000     0.000000   0.000000   )
 ( -0.183649   0.000000    -0.196578   0.000000    -0.000000   0.000000   )
 (  0.184631   0.000000     0.171799   0.000000     0.007671   0.000000   )
 ( -0.189909   0.000000    -0.178455   0.000000     0.004536   0.000000   )
     freq (   75) =       7.441893 [THz] =     248.234846 [cm-1]
 (  0.002694   0.000000     0.000804   0.000000    -0.000655   0.000000   )
 (  0.001249   0.000000     0.000374   0.000000    -0.000238   0.000000   )
 (  0.000340   0.000000     0.001373   0.000000    -0.000217   0.000000   )
 (  0.000731   0.000000     0.002961   0.000000    -0.000596   0.000000   )
 (  0.002694   0.000000     0.000804   0.000000     0.000655   0.000000   )
 (  0.001249   0.000000     0.000374   0.000000     0.000238   0.000000   )
 ( -0.000703   0.000000     0.008104   0.000000     0.010896   0.000000   )
 ( -0.001498   0.000000     0.000647   0.000000    -0.001516   0.000000   )
 (  0.000589   0.000000    -0.001647   0.000000    -0.001379   0.000000   )
 (  0.007372   0.000000    -0.000773   0.000000     0.009912   0.000000   )
 (  0.000340   0.000000     0.001373   0.000000     0.000217   0.000000   )
 (  0.000731   0.000000     0.002961   0.000000     0.000596   0.000000   )
 ( -0.000703   0.000000     0.008104   0.000000    -0.010896   0.000000   )
 ( -0.001498   0.000000     0.000647   0.000000     0.001516   0.000000   )
 (  0.000589   0.000000    -0.001647   0.000000     0.001379   0.000000   )
 (  0.007372   0.000000    -0.000773   0.000000    -0.009912   0.000000   )
 (  0.005714   0.000000     0.001860   0.000000     0.001023   0.000000   )
 (  0.001692   0.000000     0.006281   0.000000     0.000930   0.000000   )
 (  0.005714   0.000000     0.001860   0.000000    -0.001023   0.000000   )
 ( -0.003208   0.000000     0.000398   0.000000     0.002065   0.000000   )
 (  0.000362   0.000000    -0.003526   0.000000     0.001879   0.000000   )
 (  0.001692   0.000000     0.006281   0.000000    -0.000930   0.000000   )
 ( -0.003208   0.000000     0.000398   0.000000    -0.002065   0.000000   )
 (  0.000362   0.000000    -0.003526   0.000000    -0.001879   0.000000   )
 (  0.174689   0.000000     0.192036   0.000000     0.000000   0.000000   )
 ( -0.172973   0.000000    -0.175352   0.000000     0.000000   0.000000   )
 ( -0.204064   0.000000    -0.215675   0.000000    -0.000000   0.000000   )
 (  0.159511   0.000000     0.175351   0.000000    -0.000000   0.000000   )
 (  0.182257   0.000000     0.162549   0.000000    -0.000355   0.000000   )
 ( -0.180440   0.000000    -0.165001   0.000000     0.022320   0.000000   )
 ( -0.216471   0.000000    -0.200161   0.000000    -0.007497   0.000000   )
 (  0.171358   0.000000     0.155018   0.000000     0.001056   0.000000   )
 (  0.171358   0.000000     0.155018   0.000000    -0.001056   0.000000   )
 (  0.182257   0.000000     0.162549   0.000000     0.000355   0.000000   )
 ( -0.196193   0.000000    -0.224328   0.000000    -0.000000   0.000000   )
 ( -0.159512   0.000000    -0.190150   0.000000     0.000000   0.000000   )
 (  0.158691   0.000000     0.174450   0.000000    -0.000000   0.000000   )
 ( -0.180440   0.000000    -0.165001   0.000000    -0.022320   0.000000   )
 ( -0.216471   0.000000    -0.200161   0.000000     0.007497   0.000000   )
     freq (   76) =       7.441893 [THz] =     248.234846 [cm-1]
 (  0.002961   0.000000    -0.000731   0.000000     0.000596   0.000000   )
 (  0.001373   0.000000    -0.000340   0.000000     0.000217   0.000000   )
 (  0.000374   0.000000    -0.001249   0.000000    -0.000238   0.000000   )
 (  0.000804   0.000000    -0.002694   0.000000    -0.000655   0.000000   )
 (  0.002961   0.000000    -0.000731   0.000000    -0.000596   0.000000   )
 (  0.001373   0.000000    -0.000340   0.000000    -0.000217   0.000000   )
 ( -0.000773   0.000000    -0.007372   0.000000    -0.009912   0.000000   )
 ( -0.001647   0.000000    -0.000589   0.000000     0.001379   0.000000   )
 (  0.000647   0.000000     0.001498   0.000000    -0.001516   0.000000   )
 (  0.008104   0.000000     0.000703   0.000000     0.010896   0.000000   )
 (  0.000374   0.000000    -0.001249   0.000000     0.000238   0.000000   )
 (  0.000804   0.000000    -0.002694   0.000000     0.000655   0.000000   )
 ( -0.000773   0.000000    -0.007372   0.000000     0.009912   0.000000   )
 ( -0.001647   0.000000    -0.000589   0.000000    -0.001379   0.000000   )
 (  0.000647   0.000000     0.001498   0.000000     0.001516   0.000000   )
 (  0.008104   0.000000     0.000703   0.000000    -0.010896   0.000000   )
 (  0.006281   0.000000    -0.001692   0.000000    -0.000930   0.000000   )
 (  0.001860   0.000000    -0.005714   0.000000     0.001023   0.000000   )
 (  0.006281   0.000000    -0.001692   0.000000     0.000930   0.000000   )
 ( -0.003526   0.000000    -0.000362   0.000000    -0.001879   0.000000   )
 (  0.000398   0.000000     0.003208   0.000000     0.002065   0.000000   )
 (  0.001860   0.000000    -0.005714   0.000000    -0.001023   0.000000   )
 ( -0.003526   0.000000    -0.000362   0.000000     0.001879   0.000000   )
 (  0.000398   0.000000     0.003208   0.000000    -0.002065   0.000000   )
 (  0.192036   0.000000    -0.174689   0.000000     0.000000   0.000000   )
 ( -0.190150   0.000000     0.159512   0.000000     0.000000   0.000000   )
 ( -0.224328   0.000000     0.196193   0.000000    -0.000000   0.000000   )
 (  0.175351   0.000000    -0.159511   0.000000    -0.000000   0.000000   )
 ( -0.200161   0.000000     0.216471   0.000000     0.007497   0.000000   )
 (  0.155018   0.000000    -0.171358   0.000000     0.001056   0.000000   )
 (  0.162549   0.000000    -0.182257   0.000000    -0.000355   0.000000   )
 ( -0.165001   0.000000     0.180440   0.000000    -0.022320   0.000000   )
 ( -0.165001   0.000000     0.180440   0.000000     0.022320   0.000000   )
 ( -0.200161   0.000000     0.216471   0.000000    -0.007497   0.000000   )
 ( -0.215675   0.000000     0.204064   0.000000    -0.000000   0.000000   )
 ( -0.175352   0.000000     0.172973   0.000000     0.000000   0.000000   )
 (  0.174450   0.000000    -0.158691   0.000000    -0.000000   0.000000   )
 (  0.155018   0.000000    -0.171358   0.000000    -0.001056   0.000000   )
 (  0.162549   0.000000    -0.182257   0.000000     0.000355   0.000000   )
     freq (   77) =       7.888422 [THz] =     263.129451 [cm-1]
 ( -0.004737   0.000000     0.005940   0.000000    -0.002220   0.000000   )
 ( -0.009983   0.000000     0.012599   0.000000     0.001213   0.000000   )
 ( -0.012586   0.000000     0.009993   0.000000    -0.001212   0.000000   )
 ( -0.005934   0.000000     0.004742   0.000000     0.002218   0.000000   )
 ( -0.004737   0.000000     0.005940   0.000000     0.002220   0.000000   )
 ( -0.009983   0.000000     0.012599   0.000000    -0.001213   0.000000   )
 ( -0.008121   0.000000    -0.000387   0.000000    -0.005075   0.000000   )
 ( -0.011505   0.000000     0.012342   0.000000     0.000598   0.000000   )
 ( -0.012330   0.000000     0.011517   0.000000    -0.000598   0.000000   )
 (  0.000387   0.000000     0.008129   0.000000     0.005070   0.000000   )
 ( -0.012586   0.000000     0.009993   0.000000     0.001212   0.000000   )
 ( -0.005934   0.000000     0.004742   0.000000    -0.002218   0.000000   )
 ( -0.008121   0.000000    -0.000387   0.000000     0.005075   0.000000   )
 ( -0.011505   0.000000     0.012342   0.000000    -0.000598   0.000000   )
 ( -0.012330   0.000000     0.011517   0.000000     0.000598   0.000000   )
 (  0.000387   0.000000     0.008129   0.000000    -0.005070   0.000000   )
 ( -0.023513   0.000000     0.021304   0.000000     0.000682   0.000000   )
 ( -0.021283   0.000000     0.023537   0.000000    -0.000681   0.000000   )
 ( -0.023513   0.000000     0.021304   0.000000    -0.000682   0.000000   )
 ( -0.021727   0.000000     0.025890   0.000000    -0.001315   0.000000   )
 ( -0.025864   0.000000     0.021749   0.000000     0.001313   0.000000   )
 ( -0.021283   0.000000     0.023537   0.000000     0.000681   0.000000   )
 ( -0.021727   0.000000     0.025890   0.000000     0.001315   0.000000   )
 ( -0.025864   0.000000     0.021749   0.000000    -0.001313   0.000000   )
 (  0.162434   0.000000    -0.162598   0.000000     0.000000   0.000000   )
 (  0.215481   0.000000    -0.209846   0.000000     0.000000   0.000000   )
 (  0.093462   0.000000    -0.098017   0.000000     0.000000   0.000000   )
 (  0.220009   0.000000    -0.220231   0.000000    -0.000000   0.000000   )
 (  0.096141   0.000000    -0.096299   0.000000     0.016786   0.000000   )
 (  0.225686   0.000000    -0.225907   0.000000    -0.000007   0.000000   )
 (  0.156801   0.000000    -0.156898   0.000000     0.000008   0.000000   )
 (  0.218380   0.000000    -0.218608   0.000000    -0.014171   0.000000   )
 (  0.218380   0.000000    -0.218608   0.000000     0.014171   0.000000   )
 (  0.096141   0.000000    -0.096299   0.000000    -0.016786   0.000000   )
 (  0.097919   0.000000    -0.093556   0.000000     0.000000   0.000000   )
 (  0.209634   0.000000    -0.215698   0.000000    -0.000000   0.000000   )
 (  0.211962   0.000000    -0.212176   0.000000    -0.000000   0.000000   )
 (  0.225686   0.000000    -0.225907   0.000000     0.000007   0.000000   )
 (  0.156801   0.000000    -0.156898   0.000000    -0.000008   0.000000   )
     freq (   78) =       7.888422 [THz] =     263.129451 [cm-1]
 ( -0.004742   0.000000    -0.005934   0.000000     0.002218   0.000000   )
 ( -0.009993   0.000000    -0.012586   0.000000    -0.001212   0.000000   )
 ( -0.012599   0.000000    -0.009983   0.000000    -0.001213   0.000000   )
 ( -0.005940   0.000000    -0.004737   0.000000     0.002220   0.000000   )
 ( -0.004742   0.000000    -0.005934   0.000000    -0.002218   0.000000   )
 ( -0.009993   0.000000    -0.012586   0.000000     0.001212   0.000000   )
 ( -0.008129   0.000000     0.000387   0.000000     0.005070   0.000000   )
 ( -0.011517   0.000000    -0.012330   0.000000    -0.000598   0.000000   )
 ( -0.012342   0.000000    -0.011505   0.000000    -0.000598   0.000000   )
 (  0.000387   0.000000    -0.008121   0.000000     0.005075   0.000000   )
 ( -0.012599   0.000000    -0.009983   0.000000     0.001213   0.000000   )
 ( -0.005940   0.000000    -0.004737   0.000000    -0.002220   0.000000   )
 ( -0.008129   0.000000     0.000387   0.000000    -0.005070   0.000000   )
 ( -0.011517   0.000000    -0.012330   0.000000     0.000598   0.000000   )
 ( -0.012342   0.000000    -0.011505   0.000000     0.000598   0.000000   )
 (  0.000387   0.000000    -0.008121   0.000000    -0.005075   0.000000   )
 ( -0.023537   0.000000    -0.021283   0.000000    -0.000681   0.000000   )
 ( -0.021304   0.000000    -0.023513   0.000000    -0.000682   0.000000   )
 ( -0.023537   0.000000    -0.021283   0.000000     0.000681   0.000000   )
 ( -0.021749   0.000000    -0.025864   0.000000     0.001313   0.000000   )
 ( -0.025890   0.000000    -0.021727   0.000000     0.001315   0.000000   )
 ( -0.021304   0.000000    -0.023513   0.000000     0.000682   0.000000   )
 ( -0.021749   0.000000    -0.025864   0.000000    -0.001313   0.000000   )
 ( -0.025890   0.000000    -0.021727   0.000000    -0.001315   0.000000   )
 (  0.162598   0.000000     0.162434   0.000000     0.000000   0.000000   )
 (  0.215698   0.000000     0.209634   0.000000     0.000000   0.000000   )
 (  0.093556   0.000000     0.097919   0.000000    -0.000000   0.000000   )
 (  0.220231   0.000000     0.220009   0.000000    -0.000000   0.000000   )
 (  0.156898   0.000000     0.156801   0.000000     0.000008   0.000000   )
 (  0.218608   0.000000     0.218380   0.000000     0.014171   0.000000   )
 (  0.096299   0.000000     0.096141   0.000000    -0.016786   0.000000   )
 (  0.225907   0.000000     0.225686   0.000000    -0.000007   0.000000   )
 (  0.225907   0.000000     0.225686   0.000000     0.000007   0.000000   )
 (  0.156898   0.000000     0.156801   0.000000    -0.000008   0.000000   )
 (  0.098017   0.000000     0.093462   0.000000    -0.000000   0.000000   )
 (  0.209846   0.000000     0.215481   0.000000     0.000000   0.000000   )
 (  0.212176   0.000000     0.211962   0.000000     0.000000   0.000000   )
 (  0.218608   0.000000     0.218380   0.000000    -0.014171   0.000000   )
 (  0.096299   0.000000     0.096141   0.000000     0.016786   0.000000   )
     freq (   79) =       8.204288 [THz] =     273.665574 [cm-1]
 (  0.013271   0.000000     0.013172   0.000000    -0.000200   0.000000   )
 ( -0.006861   0.000000    -0.008081   0.000000     0.000625   0.000000   )
 ( -0.007639   0.000000    -0.007259   0.000000     0.000590   0.000000   )
 (  0.012451   0.000000     0.014040   0.000000    -0.000189   0.000000   )
 (  0.013271   0.000000     0.013172   0.000000     0.000200   0.000000   )
 ( -0.006861   0.000000    -0.008081   0.000000    -0.000625   0.000000   )
 (  0.013185   0.000000     0.002510   0.000000    -0.005007   0.000000   )
 ( -0.006398   0.000000    -0.008098   0.000000    -0.000227   0.000000   )
 ( -0.007654   0.000000    -0.006768   0.000000    -0.000215   0.000000   )
 (  0.002372   0.000000     0.013949   0.000000    -0.004733   0.000000   )
 ( -0.007639   0.000000    -0.007259   0.000000    -0.000590   0.000000   )
 (  0.012451   0.000000     0.014040   0.000000     0.000189   0.000000   )
 (  0.013185   0.000000     0.002510   0.000000     0.005007   0.000000   )
 ( -0.006398   0.000000    -0.008098   0.000000     0.000227   0.000000   )
 ( -0.007654   0.000000    -0.006768   0.000000     0.000215   0.000000   )
 (  0.002372   0.000000     0.013949   0.000000     0.004733   0.000000   )
 (  0.002738   0.000000     0.007903   0.000000    -0.001513   0.000000   )
 (  0.007471   0.000000     0.002896   0.000000    -0.001430   0.000000   )
 (  0.002738   0.000000     0.007903   0.000000     0.001513   0.000000   )
 (  0.009720   0.000000     0.009000   0.000000    -0.000308   0.000000   )
 (  0.008507   0.000000     0.010283   0.000000    -0.000291   0.000000   )
 (  0.007471   0.000000     0.002896   0.000000     0.001430   0.000000   )
 (  0.009720   0.000000     0.009000   0.000000     0.000308   0.000000   )
 (  0.008507   0.000000     0.010283   0.000000     0.000291   0.000000   )
 ( -0.281144   0.000000    -0.297424   0.000000    -0.000000   0.000000   )
 (  0.116705   0.000000     0.127152   0.000000     0.000000   0.000000   )
 ( -0.171593   0.000000    -0.202476   0.000000     0.000000   0.000000   )
 (  0.107364   0.000000     0.113581   0.000000    -0.000000   0.000000   )
 ( -0.268771   0.000000    -0.279693   0.000000    -0.000050   0.000000   )
 (  0.127207   0.000000     0.133979   0.000000    -0.023096   0.000000   )
 ( -0.186368   0.000000    -0.201801   0.000000    -0.001779   0.000000   )
 (  0.116649   0.000000     0.123998   0.000000    -0.000650   0.000000   )
 (  0.116649   0.000000     0.123998   0.000000     0.000650   0.000000   )
 ( -0.268771   0.000000    -0.279693   0.000000     0.000050   0.000000   )
 ( -0.191393   0.000000    -0.181529   0.000000     0.000000   0.000000   )
 (  0.120192   0.000000     0.123463   0.000000     0.000000   0.000000   )
 (  0.109276   0.000000     0.115604   0.000000    -0.000000   0.000000   )
 (  0.127207   0.000000     0.133979   0.000000     0.023096   0.000000   )
 ( -0.186368   0.000000    -0.201801   0.000000     0.001779   0.000000   )
     freq (   80) =       8.204288 [THz] =     273.665574 [cm-1]
 (  0.014040   0.000000    -0.012451   0.000000     0.000189   0.000000   )
 ( -0.007259   0.000000     0.007639   0.000000    -0.000590   0.000000   )
 ( -0.008081   0.000000     0.006861   0.000000     0.000625   0.000000   )
 (  0.013172   0.000000    -0.013271   0.000000    -0.000200   0.000000   )
 (  0.014040   0.000000    -0.012451   0.000000    -0.000189   0.000000   )
 ( -0.007259   0.000000     0.007639   0.000000     0.000590   0.000000   )
 (  0.013949   0.000000    -0.002372   0.000000     0.004733   0.000000   )
 ( -0.006768   0.000000     0.007654   0.000000     0.000215   0.000000   )
 ( -0.008098   0.000000     0.006398   0.000000    -0.000227   0.000000   )
 (  0.002510   0.000000    -0.013185   0.000000    -0.005007   0.000000   )
 ( -0.008081   0.000000     0.006861   0.000000    -0.000625   0.000000   )
 (  0.013172   0.000000    -0.013271   0.000000     0.000200   0.000000   )
 (  0.013949   0.000000    -0.002372   0.000000    -0.004733   0.000000   )
 ( -0.006768   0.000000     0.007654   0.000000    -0.000215   0.000000   )
 ( -0.008098   0.000000     0.006398   0.000000     0.000227   0.000000   )
 (  0.002510   0.000000    -0.013185   0.000000     0.005007   0.000000   )
 (  0.002896   0.000000    -0.007471   0.000000     0.001430   0.000000   )
 (  0.007903   0.000000    -0.002738   0.000000    -0.001513   0.000000   )
 (  0.002896   0.000000    -0.007471   0.000000    -0.001430   0.000000   )
 (  0.010283   0.000000    -0.008507   0.000000     0.000291   0.000000   )
 (  0.009000   0.000000    -0.009720   0.000000    -0.000308   0.000000   )
 (  0.007903   0.000000    -0.002738   0.000000     0.001513   0.000000   )
 (  0.010283   0.000000    -0.008507   0.000000    -0.000291   0.000000   )
 (  0.009000   0.000000    -0.009720   0.000000     0.000308   0.000000   )
 ( -0.297424   0.000000     0.281144   0.000000    -0.000000   0.000000   )
 (  0.123463   0.000000    -0.120192   0.000000    -0.000000   0.000000   )
 ( -0.181529   0.000000     0.191393   0.000000    -0.000000   0.000000   )
 (  0.113581   0.000000    -0.107364   0.000000    -0.000000   0.000000   )
 ( -0.201801   0.000000     0.186368   0.000000     0.001779   0.000000   )
 (  0.123998   0.000000    -0.116649   0.000000    -0.000650   0.000000   )
 ( -0.279693   0.000000     0.268771   0.000000    -0.000050   0.000000   )
 (  0.133979   0.000000    -0.127207   0.000000     0.023096   0.000000   )
 (  0.133979   0.000000    -0.127207   0.000000    -0.023096   0.000000   )
 ( -0.201801   0.000000     0.186368   0.000000    -0.001779   0.000000   )
 ( -0.202476   0.000000     0.171593   0.000000     0.000000   0.000000   )
 (  0.127152   0.000000    -0.116705   0.000000     0.000000   0.000000   )
 (  0.115604   0.000000    -0.109276   0.000000    -0.000000   0.000000   )
 (  0.123998   0.000000    -0.116649   0.000000     0.000650   0.000000   )
 ( -0.279693   0.000000     0.268771   0.000000     0.000050   0.000000   )
     freq (   81) =       8.487504 [THz] =     283.112661 [cm-1]
 ( -0.002130   0.000000     0.000000   0.000000    -0.000000   0.000000   )
 ( -0.007279   0.000000     0.000000   0.000000    -0.000000   0.000000   )
 (  0.000000   0.000000    -0.007279   0.000000    -0.000000   0.000000   )
 (  0.000000   0.000000    -0.002130   0.000000    -0.000000   0.000000   )
 (  0.002130   0.000000    -0.000000   0.000000    -0.000000   0.000000   )
 (  0.007279   0.000000     0.000000   0.000000    -0.000000   0.000000   )
 (  0.002918   0.000000     0.000000   0.000000     0.000000   0.000000   )
 (  0.006437   0.000000     0.000000   0.000000    -0.000000   0.000000   )
 ( -0.000000   0.000000     0.006437   0.000000     0.000000   0.000000   )
 (  0.000000   0.000000     0.002918   0.000000     0.000000   0.000000   )
 ( -0.000000   0.000000     0.007279   0.000000     0.000000   0.000000   )
 ( -0.000000   0.000000     0.002130   0.000000    -0.000000   0.000000   )
 ( -0.002918   0.000000    -0.000000   0.000000     0.000000   0.000000   )
 ( -0.006437   0.000000    -0.000000   0.000000    -0.000000   0.000000   )
 ( -0.000000   0.000000    -0.006437   0.000000    -0.000000   0.000000   )
 ( -0.000000   0.000000    -0.002918   0.000000     0.000000   0.000000   )
 ( -0.011138   0.000000    -0.000000   0.000000     0.000000   0.000000   )
 ( -0.000000   0.000000    -0.011138   0.000000     0.000000   0.000000   )
 (  0.011138   0.000000    -0.000000   0.000000     0.000000   0.000000   )
 (  0.014722   0.000000    -0.000000   0.000000     0.000000   0.000000   )
 ( -0.000000   0.000000     0.014722   0.000000     0.000000   0.000000   )
 ( -0.000000   0.000000     0.011138   0.000000     0.000000   0.000000   )
 ( -0.014722   0.000000     0.000000   0.000000     0.000000   0.000000   )
 (  0.000000   0.000000    -0.014722   0.000000     0.000000   0.000000   )
 (  0.000000   0.000000     0.000000   0.000000     0.000000   0.000000   )
 (  0.000000   0.000000     0.000000   0.000000    -0.000000   0.000000   )
 (  0.000000   0.000000     0.000000   0.000000    -0.000000   0.000000   )
 (  0.000000   0.000000    -0.000000   0.000000    -0.000000   0.000000   )
 ( -0.005305   0.000000     0.005305   0.000000     0.215470   0.000000   )
 ( -0.014446   0.000000    -0.014446   0.000000     0.450168   0.000000   )
 ( -0.005305   0.000000    -0.005305   0.000000    -0.215470   0.000000   )
 ( -0.014446   0.000000     0.014446   0.000000    -0.450168   0.000000   )
 (  0.014446   0.000000    -0.014446   0.000000    -0.450168   0.000000   )
 (  0.005305   0.000000    -0.005305   0.000000     0.215470   0.000000   )
 (  0.000000   0.000000     0.000000   0.000000    -0.000000   0.000000   )
 (  0.000000   0.000000     0.000000   0.000000    -0.000000   0.000000   )
 (  0.000000   0.000000     0.000000   0.000000    -0.000000   0.000000   )
 (  0.014446   0.000000     0.014446   0.000000     0.450168   0.000000   )
 (  0.005305   0.000000     0.005305   0.000000    -0.215470   0.000000   )
     freq (   82) =       8.737471 [THz] =     291.450663 [cm-1]
 (  0.000000   0.000000     0.000717   0.000000     0.000244   0.000000   )
 ( -0.000000   0.000000    -0.007891   0.000000    -0.000399   0.000000   )
 ( -0.007891   0.000000    -0.000000   0.000000    -0.000399   0.000000   )
 (  0.000717   0.000000    -0.000000   0.000000     0.000244   0.000000   )
 (  0.000000   0.000000    -0.000717   0.000000     0.000244   0.000000   )
 ( -0.000000   0.000000     0.007891   0.000000    -0.000399   0.000000   )
 (  0.000000   0.000000    -0.000335   0.000000    -0.000702   0.000000   )
 ( -0.000000   0.000000     0.005954   0.000000    -0.000645   0.000000   )
 (  0.005954   0.000000    -0.000000   0.000000    -0.000645   0.000000   )
 ( -0.000335   0.000000     0.000000   0.000000    -0.000702   0.000000   )
 (  0.007891   0.000000    -0.000000   0.000000    -0.000399   0.000000   )
 ( -0.000717   0.000000     0.000000   0.000000     0.000244   0.000000   )
 (  0.000000   0.000000     0.000335   0.000000    -0.000702   0.000000   )
 (  0.000000   0.000000    -0.005954   0.000000    -0.000645   0.000000   )
 ( -0.005954   0.000000     0.000000   0.000000    -0.000645   0.000000   )
 (  0.000335   0.000000     0.000000   0.000000    -0.000702   0.000000   )
 (  0.000000   0.000000    -0.010637   0.000000    -0.000401   0.000000   )
 ( -0.010637   0.000000    -0.000000   0.000000    -0.000401   0.000000   )
 (  0.000000   0.000000     0.010637   0.000000    -0.000401   0.000000   )
 (  0.000000   0.000000     0.013022   0.000000     0.001539   0.000000   )
 (  0.013022   0.000000     0.000000   0.000000     0.001539   0.000000   )
 (  0.010637   0.000000    -0.000000   0.000000    -0.000401   0.000000   )
 ( -0.000000   0.000000    -0.013022   0.000000     0.001539   0.000000   )
 ( -0.013022   0.000000     0.000000   0.000000     0.001539   0.000000   )
 ( -0.000000   0.000000    -0.000000   0.000000    -0.031079   0.000000   )
 (  0.000000   0.000000     0.000000   0.000000    -0.495719   0.000000   )
 ( -0.000000   0.000000    -0.000000   0.000000     0.037421   0.000000   )
 (  0.000000   0.000000    -0.000000   0.000000     0.525375   0.000000   )
 ( -0.000897   0.000000     0.000897   0.000000     0.000417   0.000000   )
 (  0.000024   0.000000     0.000024   0.000000    -0.000006   0.000000   )
 (  0.000897   0.000000     0.000897   0.000000     0.000417   0.000000   )
 ( -0.000024   0.000000     0.000024   0.000000    -0.000006   0.000000   )
 (  0.000024   0.000000    -0.000024   0.000000    -0.000006   0.000000   )
 (  0.000897   0.000000    -0.000897   0.000000     0.000417   0.000000   )
 ( -0.000000   0.000000    -0.000000   0.000000     0.037421   0.000000   )
 ( -0.000000   0.000000     0.000000   0.000000    -0.495719   0.000000   )
 (  0.000000   0.000000     0.000000   0.000000     0.476648   0.000000   )
 ( -0.000024   0.000000    -0.000024   0.000000    -0.000006   0.000000   )
 ( -0.000897   0.000000    -0.000897   0.000000     0.000417   0.000000   )
     freq (   83) =       8.827859 [THz] =     294.465696 [cm-1]
 ( -0.008904   0.000000    -0.000000   0.000000    -0.000000   0.000000   )
 (  0.005299   0.000000    -0.000000   0.000000    -0.000000   0.000000   )
 (  0.000000   0.000000     0.005299   0.000000    -0.000000   0.000000   )
 ( -0.000000   0.000000    -0.008904   0.000000     0.000000   0.000000   )
 (  0.008904   0.000000     0.000000   0.000000     0.000000   0.000000   )
 ( -0.005299   0.000000     0.000000   0.000000     0.000000   0.000000   )
 (  0.009025   0.000000    -0.000000   0.000000    -0.000000   0.000000   )
 ( -0.005032   0.000000    -0.000000   0.000000    -0.000000   0.000000   )
 ( -0.000000   0.000000    -0.005032   0.000000    -0.000000   0.000000   )
 ( -0.000000   0.000000     0.009025   0.000000    -0.000000   0.000000   )
 (  0.000000   0.000000    -0.005299   0.000000     0.000000   0.000000   )
 (  0.000000   0.000000     0.008904   0.000000     0.000000   0.000000   )
 ( -0.009025   0.000000     0.000000   0.000000    -0.000000   0.000000   )
 (  0.005032   0.000000     0.000000   0.000000     0.000000   0.000000   )
 (  0.000000   0.000000     0.005032   0.000000     0.000000   0.000000   )
 (  0.000000   0.000000    -0.009025   0.000000    -0.000000   0.000000   )
 ( -0.000561   0.000000     0.000000   0.000000    -0.000000   0.000000   )
 (  0.000000   0.000000    -0.000561   0.000000    -0.000000   0.000000   )
 (  0.000561   0.000000    -0.000000   0.000000    -0.000000   0.000000   )
 (  0.003996   0.000000     0.000000   0.000000    -0.000000   0.000000   )
 (  0.000000   0.000000     0.003996   0.000000    -0.000000   0.000000   )
 ( -0.000000   0.000000     0.000561   0.000000    -0.000000   0.000000   )
 ( -0.003996   0.000000    -0.000000   0.000000    -0.000000   0.000000   )
 ( -0.000000   0.000000    -0.003996   0.000000    -0.000000   0.000000   )
 ( -0.000000   0.000000     0.000000   0.000000    -0.000000   0.000000   )
 (  0.000000   0.000000     0.000000   0.000000     0.000000   0.000000   )
 (  0.000000   0.000000     0.000000   0.000000     0.000000   0.000000   )
 (  0.000000   0.000000     0.000000   0.000000    -0.000000   0.000000   )
 (  0.002323   0.000000    -0.002323   0.000000     0.450865   0.000000   )
 (  0.011462   0.000000     0.011462   0.000000    -0.214982   0.000000   )
 (  0.002323   0.000000     0.002323   0.000000    -0.450865   0.000000   )
 (  0.011462   0.000000    -0.011462   0.000000     0.214982   0.000000   )
 ( -0.011462   0.000000     0.011462   0.000000     0.214982   0.000000   )
 ( -0.002323   0.000000     0.002323   0.000000     0.450865   0.000000   )
 ( -0.000000   0.000000    -0.000000   0.000000     0.000000   0.000000   )
 ( -0.000000   0.000000    -0.000000   0.000000     0.000000   0.000000   )
 ( -0.000000   0.000000     0.000000   0.000000    -0.000000   0.000000   )
 ( -0.011462   0.000000    -0.011462   0.000000    -0.214982   0.000000   )
 ( -0.002323   0.000000    -0.002323   0.000000    -0.450865   0.000000   )
     freq (   84) =       8.943104 [THz] =     298.309851 [cm-1]
 ( -0.000000   0.000000     0.009918   0.000000    -0.000101   0.000000   )
 (  0.000000   0.000000     0.000320   0.000000    -0.000489   0.000000   )
 (  0.000320   0.000000     0.000000   0.000000    -0.000489   0.000000   )
 (  0.009918   0.000000    -0.000000   0.000000    -0.000101   0.000000   )
 (  0.000000   0.000000    -0.009918   0.000000    -0.000101   0.000000   )
 ( -0.000000   0.000000    -0.000320   0.000000    -0.000489   0.000000   )
 (  0.000000   0.000000     0.002435   0.000000     0.006056   0.000000   )
 ( -0.000000   0.000000     0.002171   0.000000     0.000231   0.000000   )
 (  0.002171   0.000000    -0.000000   0.000000     0.000231   0.000000   )
 (  0.002435   0.000000     0.000000   0.000000     0.006056   0.000000   )
 ( -0.000320   0.000000    -0.000000   0.000000    -0.000489   0.000000   )
 ( -0.009918   0.000000     0.000000   0.000000    -0.000101   0.000000   )
 ( -0.000000   0.000000    -0.002435   0.000000     0.006056   0.000000   )
 (  0.000000   0.000000    -0.002171   0.000000     0.000231   0.000000   )
 ( -0.002171   0.000000     0.000000   0.000000     0.000231   0.000000   )
 ( -0.002435   0.000000    -0.000000   0.000000     0.006056   0.000000   )
 (  0.000000   0.000000    -0.000376   0.000000     0.008455   0.000000   )
 ( -0.000376   0.000000     0.000000   0.000000     0.008455   0.000000   )
 ( -0.000000   0.000000     0.000376   0.000000     0.008455   0.000000   )
 ( -0.000000   0.000000    -0.018423   0.000000     0.003471   0.000000   )
 ( -0.018423   0.000000    -0.000000   0.000000     0.003471   0.000000   )
 (  0.000376   0.000000    -0.000000   0.000000     0.008455   0.000000   )
 (  0.000000   0.000000     0.018423   0.000000     0.003471   0.000000   )
 (  0.018423   0.000000     0.000000   0.000000     0.003471   0.000000   )
 ( -0.000000   0.000000    -0.000000   0.000000     0.610914   0.000000   )
 (  0.000000   0.000000     0.000000   0.000000    -0.043640   0.000000   )
 ( -0.000000   0.000000    -0.000000   0.000000    -0.555437   0.000000   )
 ( -0.000000   0.000000    -0.000000   0.000000     0.011450   0.000000   )
 ( -0.000101   0.000000     0.000101   0.000000     0.019026   0.000000   )
 ( -0.001342   0.000000    -0.001342   0.000000    -0.016331   0.000000   )
 (  0.000101   0.000000     0.000101   0.000000     0.019026   0.000000   )
 (  0.001342   0.000000    -0.001342   0.000000    -0.016331   0.000000   )
 ( -0.001342   0.000000     0.001342   0.000000    -0.016331   0.000000   )
 (  0.000101   0.000000    -0.000101   0.000000     0.019026   0.000000   )
 ( -0.000000   0.000000     0.000000   0.000000    -0.555437   0.000000   )
 (  0.000000   0.000000    -0.000000   0.000000    -0.043640   0.000000   )
 ( -0.000000   0.000000    -0.000000   0.000000     0.031908   0.000000   )
 (  0.001342   0.000000     0.001342   0.000000    -0.016331   0.000000   )
 ( -0.000101   0.000000    -0.000101   0.000000     0.019026   0.000000   )
     freq (   85) =       9.612466 [THz] =     320.637345 [cm-1]
 (  0.000000   0.000000    -0.007155   0.000000    -0.011143   0.000000   )
 (  0.000000   0.000000    -0.004381   0.000000     0.004433   0.000000   )
 (  0.004381   0.000000    -0.000000   0.000000    -0.004433   0.000000   )
 (  0.007155   0.000000    -0.000000   0.000000     0.011143   0.000000   )
 (  0.000000   0.000000     0.007155   0.000000    -0.011143   0.000000   )
 (  0.000000   0.000000     0.004381   0.000000     0.004433   0.000000   )
 ( -0.000000   0.000000    -0.003981   0.000000     0.009108   0.000000   )
 ( -0.000000   0.000000    -0.004290   0.000000    -0.003229   0.000000   )
 (  0.004290   0.000000     0.000000   0.000000     0.003229   0.000000   )
 (  0.003981   0.000000     0.000000   0.000000    -0.009108   0.000000   )
 ( -0.004381   0.000000    -0.000000   0.000000    -0.004433   0.000000   )
 ( -0.007155   0.000000    -0.000000   0.000000     0.011143   0.000000   )
 ( -0.000000   0.000000     0.003981   0.000000     0.009108   0.000000   )
 ( -0.000000   0.000000     0.004290   0.000000    -0.003229   0.000000   )
 ( -0.004290   0.000000     0.000000   0.000000     0.003229   0.000000   )
 ( -0.003981   0.000000     0.000000   0.000000    -0.009108   0.000000   )
 ( -0.000000   0.000000     0.026778   0.000000     0.002072   0.000000   )
 ( -0.026778   0.000000     0.000000   0.000000    -0.002072   0.000000   )
 ( -0.000000   0.000000    -0.026778   0.000000     0.002072   0.000000   )
 (  0.000000   0.000000     0.024298   0.000000     0.001003   0.000000   )
 ( -0.024298   0.000000    -0.000000   0.000000    -0.001003   0.000000   )
 (  0.026778   0.000000     0.000000   0.000000    -0.002072   0.000000   )
 (  0.000000   0.000000    -0.024298   0.000000     0.001003   0.000000   )
 (  0.024298   0.000000    -0.000000   0.000000    -0.001003   0.000000   )
 (  0.000000   0.000000    -0.000000   0.000000     0.000000   0.000000   )
 ( -0.000000   0.000000    -0.000000   0.000000    -0.261144   0.000000   )
 ( -0.000000   0.000000    -0.000000   0.000000     0.651661   0.000000   )
 ( -0.000000   0.000000     0.000000   0.000000    -0.000000   0.000000   )
 (  0.020357   0.000000     0.020357   0.000000    -0.000000   0.000000   )
 ( -0.023322   0.000000     0.023322   0.000000     0.000000   0.000000   )
 ( -0.020357   0.000000     0.020357   0.000000    -0.000000   0.000000   )
 (  0.023322   0.000000     0.023322   0.000000     0.000000   0.000000   )
 ( -0.023322   0.000000    -0.023322   0.000000    -0.000000   0.000000   )
 ( -0.020357   0.000000    -0.020357   0.000000     0.000000   0.000000   )
 (  0.000000   0.000000     0.000000   0.000000    -0.651661   0.000000   )
 (  0.000000   0.000000     0.000000   0.000000     0.261144   0.000000   )
 (  0.000000   0.000000    -0.000000   0.000000     0.000000   0.000000   )
 (  0.023322   0.000000    -0.023322   0.000000    -0.000000   0.000000   )
 (  0.020357   0.000000    -0.020357   0.000000     0.000000   0.000000   )
     freq (   86) =       9.736838 [THz] =     324.785967 [cm-1]
 ( -0.006216   0.000000    -0.000721   0.000000    -0.007117   0.000000   )
 ( -0.007747   0.000000    -0.000412   0.000000     0.009294   0.000000   )
 (  0.000309   0.000000     0.010330   0.000000    -0.006969   0.000000   )
 (  0.000540   0.000000     0.008289   0.000000     0.005337   0.000000   )
 ( -0.006216   0.000000    -0.000721   0.000000     0.007117   0.000000   )
 ( -0.007747   0.000000    -0.000412   0.000000    -0.009294   0.000000   )
 (  0.006810   0.000000    -0.000464   0.000000    -0.005194   0.000000   )
 (  0.007488   0.000000    -0.000337   0.000000     0.008191   0.000000   )
 (  0.000252   0.000000    -0.009985   0.000000    -0.006142   0.000000   )
 (  0.000348   0.000000    -0.009081   0.000000     0.003895   0.000000   )
 (  0.000309   0.000000     0.010330   0.000000     0.006969   0.000000   )
 (  0.000540   0.000000     0.008289   0.000000    -0.005337   0.000000   )
 (  0.006810   0.000000    -0.000464   0.000000     0.005194   0.000000   )
 (  0.007488   0.000000    -0.000337   0.000000    -0.008191   0.000000   )
 (  0.000252   0.000000    -0.009985   0.000000     0.006142   0.000000   )
 (  0.000348   0.000000    -0.009081   0.000000    -0.003895   0.000000   )
 (  0.024062   0.000000    -0.001822   0.000000    -0.002720   0.000000   )
 (  0.001366   0.000000    -0.032088   0.000000     0.002040   0.000000   )
 (  0.024062   0.000000    -0.001822   0.000000     0.002720   0.000000   )
 ( -0.024169   0.000000    -0.001232   0.000000     0.001574   0.000000   )
 (  0.000924   0.000000     0.032230   0.000000    -0.001180   0.000000   )
 (  0.001366   0.000000    -0.032088   0.000000    -0.002040   0.000000   )
 ( -0.024169   0.000000    -0.001232   0.000000    -0.001574   0.000000   )
 (  0.000924   0.000000     0.032230   0.000000     0.001180   0.000000   )
 ( -0.014739   0.000000     0.019655   0.000000     0.000000   0.000000   )
 (  0.034072   0.000000     0.024415   0.000000    -0.000000   0.000000   )
 (  0.032177   0.000000     0.042550   0.000000     0.000000   0.000000   )
 (  0.012949   0.000000    -0.017269   0.000000    -0.000000   0.000000   )
 (  0.001718   0.000000     0.003772   0.000000     0.417885   0.000000   )
 ( -0.003087   0.000000     0.003860   0.000000    -0.078715   0.000000   )
 ( -0.019057   0.000000     0.019350   0.000000     0.059732   0.000000   )
 ( -0.002206   0.000000     0.003199   0.000000    -0.550688   0.000000   )
 ( -0.002206   0.000000     0.003199   0.000000     0.550688   0.000000   )
 (  0.001718   0.000000     0.003772   0.000000    -0.417885   0.000000   )
 ( -0.031907   0.000000    -0.042910   0.000000    -0.000000   0.000000   )
 ( -0.018308   0.000000    -0.045436   0.000000     0.000000   0.000000   )
 ( -0.037129   0.000000     0.049514   0.000000     0.000000   0.000000   )
 ( -0.003087   0.000000     0.003860   0.000000     0.078715   0.000000   )
 ( -0.019057   0.000000     0.019350   0.000000    -0.059732   0.000000   )
     freq (   87) =       9.736838 [THz] =     324.785967 [cm-1]
 ( -0.008289   0.000000     0.000540   0.000000     0.005337   0.000000   )
 ( -0.010330   0.000000     0.000309   0.000000    -0.006969   0.000000   )
 (  0.000412   0.000000    -0.007747   0.000000    -0.009294   0.000000   )
 (  0.000721   0.000000    -0.006216   0.000000     0.007117   0.000000   )
 ( -0.008289   0.000000     0.000540   0.000000    -0.005337   0.000000   )
 ( -0.010330   0.000000     0.000309   0.000000     0.006969   0.000000   )
 (  0.009081   0.000000     0.000348   0.000000     0.003895   0.000000   )
 (  0.009985   0.000000     0.000252   0.000000    -0.006142   0.000000   )
 (  0.000337   0.000000     0.007488   0.000000    -0.008191   0.000000   )
 (  0.000464   0.000000     0.006810   0.000000     0.005194   0.000000   )
 (  0.000412   0.000000    -0.007747   0.000000     0.009294   0.000000   )
 (  0.000721   0.000000    -0.006216   0.000000    -0.007117   0.000000   )
 (  0.009081   0.000000     0.000348   0.000000    -0.003895   0.000000   )
 (  0.009985   0.000000     0.000252   0.000000     0.006142   0.000000   )
 (  0.000337   0.000000     0.007488   0.000000     0.008191   0.000000   )
 (  0.000464   0.000000     0.006810   0.000000    -0.005194   0.000000   )
 (  0.032088   0.000000     0.001366   0.000000     0.002040   0.000000   )
 (  0.001822   0.000000     0.024062   0.000000     0.002720   0.000000   )
 (  0.032088   0.000000     0.001366   0.000000    -0.002040   0.000000   )
 ( -0.032230   0.000000     0.000924   0.000000    -0.001180   0.000000   )
 (  0.001232   0.000000    -0.024169   0.000000    -0.001574   0.000000   )
 (  0.001822   0.000000     0.024062   0.000000    -0.002720   0.000000   )
 ( -0.032230   0.000000     0.000924   0.000000     0.001180   0.000000   )
 (  0.001232   0.000000    -0.024169   0.000000     0.001574   0.000000   )
 ( -0.019655   0.000000    -0.014739   0.000000    -0.000000   0.000000   )
 (  0.045436   0.000000    -0.018308   0.000000    -0.000000   0.000000   )
 (  0.042910   0.000000    -0.031907   0.000000     0.000000   0.000000   )
 (  0.017269   0.000000     0.012949   0.000000     0.000000   0.000000   )
 ( -0.019350   0.000000    -0.019057   0.000000     0.059732   0.000000   )
 ( -0.003199   0.000000    -0.002206   0.000000     0.550688   0.000000   )
 ( -0.003772   0.000000     0.001718   0.000000    -0.417885   0.000000   )
 ( -0.003860   0.000000    -0.003087   0.000000    -0.078715   0.000000   )
 ( -0.003860   0.000000    -0.003087   0.000000     0.078715   0.000000   )
 ( -0.019350   0.000000    -0.019057   0.000000    -0.059732   0.000000   )
 ( -0.042550   0.000000     0.032177   0.000000    -0.000000   0.000000   )
 ( -0.024415   0.000000     0.034072   0.000000     0.000000   0.000000   )
 ( -0.049514   0.000000    -0.037129   0.000000    -0.000000   0.000000   )
 ( -0.003199   0.000000    -0.002206   0.000000    -0.550688   0.000000   )
 ( -0.003772   0.000000     0.001718   0.000000     0.417885   0.000000   )
     freq (   88) =      10.062682 [THz] =     335.654952 [cm-1]
 ( -0.000000   0.000000     0.003620   0.000000    -0.004437   0.000000   )
 ( -0.000000   0.000000     0.007287   0.000000     0.008901   0.000000   )
 (  0.007287   0.000000    -0.000000   0.000000     0.008901   0.000000   )
 (  0.003620   0.000000    -0.000000   0.000000    -0.004437   0.000000   )
 ( -0.000000   0.000000    -0.003620   0.000000    -0.004437   0.000000   )
 ( -0.000000   0.000000    -0.007287   0.000000     0.008901   0.000000   )
 (  0.000000   0.000000     0.003240   0.000000     0.000418   0.000000   )
 (  0.000000   0.000000     0.007653   0.000000    -0.009290   0.000000   )
 (  0.007653   0.000000     0.000000   0.000000    -0.009290   0.000000   )
 (  0.003240   0.000000     0.000000   0.000000     0.000418   0.000000   )
 ( -0.007287   0.000000    -0.000000   0.000000     0.008901   0.000000   )
 ( -0.003620   0.000000    -0.000000   0.000000    -0.004437   0.000000   )
 (  0.000000   0.000000    -0.003240   0.000000     0.000418   0.000000   )
 (  0.000000   0.000000    -0.007653   0.000000    -0.009290   0.000000   )
 ( -0.007653   0.000000     0.000000   0.000000    -0.009290   0.000000   )
 ( -0.003240   0.000000     0.000000   0.000000     0.000418   0.000000   )
 (  0.000000   0.000000    -0.023296   0.000000    -0.007433   0.000000   )
 ( -0.023296   0.000000     0.000000   0.000000    -0.007433   0.000000   )
 (  0.000000   0.000000     0.023296   0.000000    -0.007433   0.000000   )
 ( -0.000000   0.000000    -0.024569   0.000000    -0.003216   0.000000   )
 ( -0.024569   0.000000    -0.000000   0.000000    -0.003216   0.000000   )
 (  0.023296   0.000000     0.000000   0.000000    -0.007433   0.000000   )
 ( -0.000000   0.000000     0.024569   0.000000    -0.003216   0.000000   )
 (  0.024569   0.000000    -0.000000   0.000000    -0.003216   0.000000   )
 ( -0.000000   0.000000     0.000000   0.000000     0.301925   0.000000   )
 (  0.000000   0.000000    -0.000000   0.000000    -0.024888   0.000000   )
 (  0.000000   0.000000    -0.000000   0.000000     0.180616   0.000000   )
 (  0.000000   0.000000     0.000000   0.000000    -0.619197   0.000000   )
 (  0.042791   0.000000    -0.042791   0.000000    -0.090505   0.000000   )
 ( -0.022132   0.000000    -0.022132   0.000000     0.045298   0.000000   )
 ( -0.042791   0.000000    -0.042791   0.000000    -0.090505   0.000000   )
 (  0.022132   0.000000    -0.022132   0.000000     0.045298   0.000000   )
 ( -0.022132   0.000000     0.022132   0.000000     0.045298   0.000000   )
 ( -0.042791   0.000000     0.042791   0.000000    -0.090505   0.000000   )
 ( -0.000000   0.000000     0.000000   0.000000     0.180616   0.000000   )
 ( -0.000000   0.000000    -0.000000   0.000000    -0.024888   0.000000   )
 ( -0.000000   0.000000    -0.000000   0.000000     0.627124   0.000000   )
 (  0.022132   0.000000     0.022132   0.000000     0.045298   0.000000   )
 (  0.042791   0.000000     0.042791   0.000000    -0.090505   0.000000   )
     freq (   89) =      10.102721 [THz] =     336.990492 [cm-1]
 (  0.000000   0.000000     0.000292   0.000000    -0.005282   0.000000   )
 ( -0.000000   0.000000     0.007058   0.000000    -0.009708   0.000000   )
 ( -0.007058   0.000000     0.000000   0.000000     0.009708   0.000000   )
 ( -0.000292   0.000000    -0.000000   0.000000     0.005282   0.000000   )
 (  0.000000   0.000000    -0.000292   0.000000    -0.005282   0.000000   )
 ( -0.000000   0.000000    -0.007058   0.000000    -0.009708   0.000000   )
 (  0.000000   0.000000     0.000418   0.000000     0.002472   0.000000   )
 (  0.000000   0.000000     0.005502   0.000000     0.008936   0.000000   )
 ( -0.005502   0.000000    -0.000000   0.000000    -0.008936   0.000000   )
 ( -0.000418   0.000000    -0.000000   0.000000    -0.002472   0.000000   )
 (  0.007058   0.000000     0.000000   0.000000     0.009708   0.000000   )
 (  0.000292   0.000000    -0.000000   0.000000     0.005282   0.000000   )
 (  0.000000   0.000000    -0.000418   0.000000     0.002472   0.000000   )
 (  0.000000   0.000000    -0.005502   0.000000     0.008936   0.000000   )
 (  0.005502   0.000000     0.000000   0.000000    -0.008936   0.000000   )
 (  0.000418   0.000000    -0.000000   0.000000    -0.002472   0.000000   )
 ( -0.000000   0.000000    -0.009888   0.000000     0.003127   0.000000   )
 (  0.009888   0.000000    -0.000000   0.000000    -0.003127   0.000000   )
 (  0.000000   0.000000     0.009888   0.000000     0.003127   0.000000   )
 (  0.000000   0.000000    -0.014449   0.000000    -0.003739   0.000000   )
 (  0.014449   0.000000     0.000000   0.000000     0.003739   0.000000   )
 ( -0.009888   0.000000    -0.000000   0.000000    -0.003127   0.000000   )
 ( -0.000000   0.000000     0.014449   0.000000    -0.003739   0.000000   )
 ( -0.014449   0.000000    -0.000000   0.000000     0.003739   0.000000   )
 ( -0.000000   0.000000     0.000000   0.000000    -0.000000   0.000000   )
 ( -0.000000   0.000000    -0.000000   0.000000     0.641662   0.000000   )
 ( -0.000000   0.000000     0.000000   0.000000     0.274677   0.000000   )
 (  0.000000   0.000000    -0.000000   0.000000     0.000000   0.000000   )
 ( -0.053737   0.000000    -0.053737   0.000000    -0.000000   0.000000   )
 ( -0.002918   0.000000     0.002918   0.000000     0.000000   0.000000   )
 (  0.053737   0.000000    -0.053737   0.000000     0.000000   0.000000   )
 (  0.002918   0.000000     0.002918   0.000000    -0.000000   0.000000   )
 ( -0.002918   0.000000    -0.002918   0.000000     0.000000   0.000000   )
 (  0.053737   0.000000     0.053737   0.000000     0.000000   0.000000   )
 ( -0.000000   0.000000     0.000000   0.000000    -0.274677   0.000000   )
 (  0.000000   0.000000     0.000000   0.000000    -0.641662   0.000000   )
 ( -0.000000   0.000000     0.000000   0.000000    -0.000000   0.000000   )
 (  0.002918   0.000000    -0.002918   0.000000    -0.000000   0.000000   )
 ( -0.053737   0.000000     0.053737   0.000000    -0.000000   0.000000   )
     freq (   90) =      10.167549 [THz] =     339.152922 [cm-1]
 (  0.006319   0.000000    -0.000425   0.000000     0.009288   0.000000   )
 ( -0.003665   0.000000     0.000097   0.000000     0.006555   0.000000   )
 ( -0.000097   0.000000     0.003686   0.000000    -0.006518   0.000000   )
 (  0.000423   0.000000    -0.006355   0.000000    -0.009236   0.000000   )
 (  0.006319   0.000000    -0.000425   0.000000    -0.009288   0.000000   )
 ( -0.003665   0.000000     0.000097   0.000000    -0.006555   0.000000   )
 ( -0.005640   0.000000     0.000616   0.000000     0.008497   0.000000   )
 (  0.003000   0.000000     0.000146   0.000000     0.006927   0.000000   )
 ( -0.000145   0.000000    -0.003017   0.000000    -0.006888   0.000000   )
 ( -0.000612   0.000000     0.005672   0.000000    -0.008449   0.000000   )
 ( -0.000097   0.000000     0.003686   0.000000     0.006518   0.000000   )
 (  0.000423   0.000000    -0.006355   0.000000     0.009236   0.000000   )
 ( -0.005640   0.000000     0.000616   0.000000    -0.008497   0.000000   )
 (  0.003000   0.000000     0.000146   0.000000    -0.006927   0.000000   )
 ( -0.000145   0.000000    -0.003017   0.000000     0.006888   0.000000   )
 ( -0.000612   0.000000     0.005672   0.000000     0.008449   0.000000   )
 ( -0.003604   0.000000    -0.000612   0.000000    -0.003008   0.000000   )
 (  0.000608   0.000000     0.003625   0.000000     0.002991   0.000000   )
 ( -0.003604   0.000000    -0.000612   0.000000     0.003008   0.000000   )
 (  0.003936   0.000000     0.000716   0.000000    -0.005612   0.000000   )
 ( -0.000712   0.000000    -0.003958   0.000000     0.005580   0.000000   )
 (  0.000608   0.000000     0.003625   0.000000    -0.002991   0.000000   )
 (  0.003936   0.000000     0.000716   0.000000     0.005612   0.000000   )
 ( -0.000712   0.000000    -0.003958   0.000000    -0.005580   0.000000   )
 (  0.002090   0.000000    -0.002101   0.000000     0.000000   0.000000   )
 (  0.001210   0.000000    -0.024785   0.000000    -0.000000   0.000000   )
 ( -0.012017   0.000000     0.002037   0.000000    -0.000000   0.000000   )
 ( -0.016179   0.000000     0.016271   0.000000    -0.000000   0.000000   )
 ( -0.001153   0.000000     0.001180   0.000000    -0.558007   0.000000   )
 ( -0.001726   0.000000     0.001704   0.000000    -0.001221   0.000000   )
 ( -0.004818   0.000000     0.004824   0.000000    -0.001578   0.000000   )
 (  0.003799   0.000000    -0.003789   0.000000    -0.431662   0.000000   )
 (  0.003799   0.000000    -0.003789   0.000000     0.431662   0.000000   )
 ( -0.001153   0.000000     0.001180   0.000000     0.558007   0.000000   )
 ( -0.002026   0.000000     0.012085   0.000000     0.000000   0.000000   )
 (  0.024645   0.000000    -0.001217   0.000000     0.000000   0.000000   )
 (  0.018729   0.000000    -0.018835   0.000000     0.000000   0.000000   )
 ( -0.001726   0.000000     0.001704   0.000000     0.001221   0.000000   )
 ( -0.004818   0.000000     0.004824   0.000000     0.001578   0.000000   )
     freq (   91) =      10.167549 [THz] =     339.152922 [cm-1]
 (  0.006355   0.000000     0.000423   0.000000    -0.009236   0.000000   )
 ( -0.003686   0.000000    -0.000097   0.000000    -0.006518   0.000000   )
 ( -0.000097   0.000000    -0.003665   0.000000    -0.006555   0.000000   )
 (  0.000425   0.000000     0.006319   0.000000    -0.009288   0.000000   )
 (  0.006355   0.000000     0.000423   0.000000     0.009236   0.000000   )
 ( -0.003686   0.000000    -0.000097   0.000000     0.006518   0.000000   )
 ( -0.005672   0.000000    -0.000612   0.000000    -0.008449   0.000000   )
 (  0.003017   0.000000    -0.000145   0.000000    -0.006888   0.000000   )
 ( -0.000146   0.000000     0.003000   0.000000    -0.006927   0.000000   )
 ( -0.000616   0.000000    -0.005640   0.000000    -0.008497   0.000000   )
 ( -0.000097   0.000000    -0.003665   0.000000     0.006555   0.000000   )
 (  0.000425   0.000000     0.006319   0.000000     0.009288   0.000000   )
 ( -0.005672   0.000000    -0.000612   0.000000     0.008449   0.000000   )
 (  0.003017   0.000000    -0.000145   0.000000     0.006888   0.000000   )
 ( -0.000146   0.000000     0.003000   0.000000     0.006927   0.000000   )
 ( -0.000616   0.000000    -0.005640   0.000000     0.008497   0.000000   )
 ( -0.003625   0.000000     0.000608   0.000000     0.002991   0.000000   )
 (  0.000612   0.000000    -0.003604   0.000000     0.003008   0.000000   )
 ( -0.003625   0.000000     0.000608   0.000000    -0.002991   0.000000   )
 (  0.003958   0.000000    -0.000712   0.000000     0.005580   0.000000   )
 ( -0.000716   0.000000     0.003936   0.000000     0.005612   0.000000   )
 (  0.000612   0.000000    -0.003604   0.000000    -0.003008   0.000000   )
 (  0.003958   0.000000    -0.000712   0.000000    -0.005580   0.000000   )
 ( -0.000716   0.000000     0.003936   0.000000    -0.005612   0.000000   )
 (  0.002101   0.000000     0.002090   0.000000     0.000000   0.000000   )
 (  0.001217   0.000000     0.024645   0.000000     0.000000   0.000000   )
 ( -0.012085   0.000000    -0.002026   0.000000     0.000000   0.000000   )
 ( -0.016271   0.000000    -0.016179   0.000000    -0.000000   0.000000   )
 ( -0.004824   0.000000    -0.004818   0.000000    -0.001578   0.000000   )
 (  0.003789   0.000000     0.003799   0.000000     0.431662   0.000000   )
 ( -0.001180   0.000000    -0.001153   0.000000     0.558007   0.000000   )
 ( -0.001704   0.000000    -0.001726   0.000000    -0.001221   0.000000   )
 ( -0.001704   0.000000    -0.001726   0.000000     0.001221   0.000000   )
 ( -0.004824   0.000000    -0.004818   0.000000     0.001578   0.000000   )
 ( -0.002037   0.000000    -0.012017   0.000000     0.000000   0.000000   )
 (  0.024785   0.000000     0.001210   0.000000     0.000000   0.000000   )
 (  0.018835   0.000000     0.018729   0.000000     0.000000   0.000000   )
 (  0.003789   0.000000     0.003799   0.000000    -0.431662   0.000000   )
 ( -0.001180   0.000000    -0.001153   0.000000    -0.558007   0.000000   )
     freq (   92) =      10.174309 [THz] =     339.378418 [cm-1]
 (  0.005735   0.000000    -0.000000   0.000000     0.000000   0.000000   )
 (  0.001391   0.000000     0.000000   0.000000     0.000000   0.000000   )
 ( -0.000000   0.000000    -0.001391   0.000000    -0.000000   0.000000   )
 (  0.000000   0.000000    -0.005735   0.000000    -0.000000   0.000000   )
 ( -0.005735   0.000000    -0.000000   0.000000    -0.000000   0.000000   )
 ( -0.001391   0.000000     0.000000   0.000000    -0.000000   0.000000   )
 (  0.013632   0.000000     0.000000   0.000000     0.000000   0.000000   )
 (  0.000649   0.000000     0.000000   0.000000     0.000000   0.000000   )
 ( -0.000000   0.000000    -0.000649   0.000000    -0.000000   0.000000   )
 ( -0.000000   0.000000    -0.013632   0.000000    -0.000000   0.000000   )
 (  0.000000   0.000000     0.001391   0.000000     0.000000   0.000000   )
 (  0.000000   0.000000     0.005735   0.000000     0.000000   0.000000   )
 ( -0.013632   0.000000     0.000000   0.000000    -0.000000   0.000000   )
 ( -0.000649   0.000000     0.000000   0.000000    -0.000000   0.000000   )
 ( -0.000000   0.000000     0.000649   0.000000     0.000000   0.000000   )
 ( -0.000000   0.000000     0.013632   0.000000     0.000000   0.000000   )
 (  0.000215   0.000000    -0.000000   0.000000    -0.000000   0.000000   )
 (  0.000000   0.000000    -0.000215   0.000000     0.000000   0.000000   )
 ( -0.000215   0.000000    -0.000000   0.000000     0.000000   0.000000   )
 (  0.001635   0.000000     0.000000   0.000000    -0.000000   0.000000   )
 ( -0.000000   0.000000    -0.001635   0.000000     0.000000   0.000000   )
 (  0.000000   0.000000     0.000215   0.000000    -0.000000   0.000000   )
 ( -0.001635   0.000000     0.000000   0.000000     0.000000   0.000000   )
 ( -0.000000   0.000000     0.001635   0.000000    -0.000000   0.000000   )
 (  0.000000   0.000000    -0.000000   0.000000     0.000000   0.000000   )
 (  0.000000   0.000000    -0.000000   0.000000     0.000000   0.000000   )
 ( -0.000000   0.000000     0.000000   0.000000    -0.000000   0.000000   )
 ( -0.000000   0.000000     0.000000   0.000000     0.000000   0.000000   )
 ( -0.351127   0.000000    -0.351127   0.000000    -0.000000   0.000000   )
 (  0.039976   0.000000    -0.039976   0.000000     0.000000   0.000000   )
 ( -0.351127   0.000000     0.351127   0.000000     0.000000   0.000000   )
 (  0.039976   0.000000     0.039976   0.000000    -0.000000   0.000000   )
 ( -0.039976   0.000000    -0.039976   0.000000     0.000000   0.000000   )
 (  0.351127   0.000000     0.351127   0.000000     0.000000   0.000000   )
 ( -0.000000   0.000000     0.000000   0.000000     0.000000   0.000000   )
 (  0.000000   0.000000     0.000000   0.000000    -0.000000   0.000000   )
 (  0.000000   0.000000    -0.000000   0.000000    -0.000000   0.000000   )
 ( -0.039976   0.000000     0.039976   0.000000    -0.000000   0.000000   )
 (  0.351127   0.000000    -0.351127   0.000000    -0.000000   0.000000   )
     freq (   93) =      10.370247 [THz] =     345.914194 [cm-1]
 (  0.000000   0.000000    -0.002020   0.000000     0.007724   0.000000   )
 (  0.000000   0.000000     0.002213   0.000000     0.005910   0.000000   )
 (  0.002213   0.000000     0.000000   0.000000     0.005910   0.000000   )
 ( -0.002020   0.000000     0.000000   0.000000     0.007724   0.000000   )
 (  0.000000   0.000000     0.002020   0.000000     0.007724   0.000000   )
 (  0.000000   0.000000    -0.002213   0.000000     0.005910   0.000000   )
 ( -0.000000   0.000000    -0.001303   0.000000    -0.003368   0.000000   )
 (  0.000000   0.000000     0.002568   0.000000    -0.002724   0.000000   )
 (  0.002568   0.000000    -0.000000   0.000000    -0.002724   0.000000   )
 ( -0.001303   0.000000    -0.000000   0.000000    -0.003368   0.000000   )
 ( -0.002213   0.000000     0.000000   0.000000     0.005910   0.000000   )
 (  0.002020   0.000000     0.000000   0.000000     0.007724   0.000000   )
 ( -0.000000   0.000000     0.001303   0.000000    -0.003368   0.000000   )
 (  0.000000   0.000000    -0.002568   0.000000    -0.002724   0.000000   )
 ( -0.002568   0.000000     0.000000   0.000000    -0.002724   0.000000   )
 (  0.001303   0.000000    -0.000000   0.000000    -0.003368   0.000000   )
 ( -0.000000   0.000000    -0.001061   0.000000     0.004056   0.000000   )
 ( -0.001061   0.000000    -0.000000   0.000000     0.004056   0.000000   )
 (  0.000000   0.000000     0.001061   0.000000     0.004056   0.000000   )
 (  0.000000   0.000000    -0.001078   0.000000     0.006891   0.000000   )
 ( -0.001078   0.000000     0.000000   0.000000     0.006891   0.000000   )
 (  0.001061   0.000000    -0.000000   0.000000     0.004056   0.000000   )
 (  0.000000   0.000000     0.001078   0.000000     0.006891   0.000000   )
 (  0.001078   0.000000     0.000000   0.000000     0.006891   0.000000   )
 (  0.000000   0.000000    -0.000000   0.000000    -0.616853   0.000000   )
 (  0.000000   0.000000    -0.000000   0.000000    -0.104572   0.000000   )
 ( -0.000000   0.000000     0.000000   0.000000    -0.315848   0.000000   )
 ( -0.000000   0.000000    -0.000000   0.000000    -0.380542   0.000000   )
 (  0.007722   0.000000    -0.007722   0.000000     0.225410   0.000000   )
 (  0.012141   0.000000     0.012141   0.000000     0.029042   0.000000   )
 ( -0.007722   0.000000    -0.007722   0.000000     0.225410   0.000000   )
 ( -0.012141   0.000000     0.012141   0.000000     0.029042   0.000000   )
 (  0.012141   0.000000    -0.012141   0.000000     0.029042   0.000000   )
 ( -0.007722   0.000000     0.007722   0.000000     0.225410   0.000000   )
 ( -0.000000   0.000000    -0.000000   0.000000    -0.315848   0.000000   )
 ( -0.000000   0.000000     0.000000   0.000000    -0.104572   0.000000   )
 (  0.000000   0.000000     0.000000   0.000000     0.210321   0.000000   )
 ( -0.012141   0.000000    -0.012141   0.000000     0.029042   0.000000   )
 (  0.007722   0.000000     0.007722   0.000000     0.225410   0.000000   )
     freq (   94) =      10.534643 [THz] =     351.397852 [cm-1]
 (  0.000000   0.000000     0.000604   0.000000    -0.000839   0.000000   )
 ( -0.000000   0.000000    -0.000373   0.000000    -0.002518   0.000000   )
 ( -0.000373   0.000000    -0.000000   0.000000    -0.002518   0.000000   )
 (  0.000604   0.000000     0.000000   0.000000    -0.000839   0.000000   )
 (  0.000000   0.000000    -0.000604   0.000000    -0.000839   0.000000   )
 ( -0.000000   0.000000     0.000373   0.000000    -0.002518   0.000000   )
 (  0.000000   0.000000     0.000613   0.000000     0.000470   0.000000   )
 (  0.000000   0.000000    -0.000215   0.000000     0.000854   0.000000   )
 ( -0.000215   0.000000     0.000000   0.000000     0.000854   0.000000   )
 (  0.000613   0.000000     0.000000   0.000000     0.000470   0.000000   )
 (  0.000373   0.000000    -0.000000   0.000000    -0.002518   0.000000   )
 ( -0.000604   0.000000     0.000000   0.000000    -0.000839   0.000000   )
 (  0.000000   0.000000    -0.000613   0.000000     0.000470   0.000000   )
 (  0.000000   0.000000     0.000215   0.000000     0.000854   0.000000   )
 (  0.000215   0.000000     0.000000   0.000000     0.000854   0.000000   )
 ( -0.000613   0.000000    -0.000000   0.000000     0.000470   0.000000   )
 (  0.000000   0.000000     0.000712   0.000000    -0.001655   0.000000   )
 (  0.000712   0.000000     0.000000   0.000000    -0.001655   0.000000   )
 (  0.000000   0.000000    -0.000712   0.000000    -0.001655   0.000000   )
 ( -0.000000   0.000000     0.000146   0.000000    -0.001812   0.000000   )
 (  0.000146   0.000000    -0.000000   0.000000    -0.001812   0.000000   )
 ( -0.000712   0.000000     0.000000   0.000000    -0.001655   0.000000   )
 ( -0.000000   0.000000    -0.000146   0.000000    -0.001812   0.000000   )
 ( -0.000146   0.000000    -0.000000   0.000000    -0.001812   0.000000   )
 ( -0.000000   0.000000    -0.000000   0.000000     0.092379   0.000000   )
 ( -0.000000   0.000000     0.000000   0.000000    -0.334010   0.000000   )
 (  0.000000   0.000000    -0.000000   0.000000     0.039757   0.000000   )
 ( -0.000000   0.000000     0.000000   0.000000    -0.229797   0.000000   )
 (  0.001406   0.000000    -0.001406   0.000000    -0.022249   0.000000   )
 ( -0.021123   0.000000    -0.021123   0.000000     0.357731   0.000000   )
 ( -0.001406   0.000000    -0.001406   0.000000    -0.022249   0.000000   )
 (  0.021123   0.000000    -0.021123   0.000000     0.357731   0.000000   )
 ( -0.021123   0.000000     0.021123   0.000000     0.357731   0.000000   )
 ( -0.001406   0.000000     0.001406   0.000000    -0.022249   0.000000   )
 ( -0.000000   0.000000    -0.000000   0.000000     0.039757   0.000000   )
 ( -0.000000   0.000000     0.000000   0.000000    -0.334010   0.000000   )
 (  0.000000   0.000000    -0.000000   0.000000    -0.441429   0.000000   )
 (  0.021123   0.000000     0.021123   0.000000     0.357731   0.000000   )
 (  0.001406   0.000000     0.001406   0.000000    -0.022249   0.000000   )
     freq (   95) =      10.961319 [THz] =     365.630243 [cm-1]
 ( -0.001472   0.000000     0.000000   0.000000    -0.000000   0.000000   )
 (  0.004988   0.000000     0.000000   0.000000     0.000000   0.000000   )
 (  0.000000   0.000000     0.004988   0.000000     0.000000   0.000000   )
 (  0.000000   0.000000    -0.001472   0.000000    -0.000000   0.000000   )
 (  0.001472   0.000000    -0.000000   0.000000     0.000000   0.000000   )
 ( -0.004988   0.000000     0.000000   0.000000    -0.000000   0.000000   )
 ( -0.000888   0.000000    -0.000000   0.000000     0.000000   0.000000   )
 (  0.003760   0.000000    -0.000000   0.000000    -0.000000   0.000000   )
 ( -0.000000   0.000000     0.003760   0.000000    -0.000000   0.000000   )
 (  0.000000   0.000000    -0.000888   0.000000     0.000000   0.000000   )
 (  0.000000   0.000000    -0.004988   0.000000    -0.000000   0.000000   )
 ( -0.000000   0.000000     0.001472   0.000000     0.000000   0.000000   )
 (  0.000888   0.000000     0.000000   0.000000     0.000000   0.000000   )
 ( -0.003760   0.000000    -0.000000   0.000000     0.000000   0.000000   )
 ( -0.000000   0.000000    -0.003760   0.000000    -0.000000   0.000000   )
 (  0.000000   0.000000     0.000888   0.000000     0.000000   0.000000   )
 (  0.002021   0.000000     0.000000   0.000000    -0.000000   0.000000   )
 ( -0.000000   0.000000     0.002021   0.000000    -0.000000   0.000000   )
 ( -0.002021   0.000000     0.000000   0.000000     0.000000   0.000000   )
 (  0.002344   0.000000    -0.000000   0.000000     0.000000   0.000000   )
 ( -0.000000   0.000000     0.002344   0.000000     0.000000   0.000000   )
 (  0.000000   0.000000    -0.002021   0.000000     0.000000   0.000000   )
 ( -0.002344   0.000000    -0.000000   0.000000    -0.000000   0.000000   )
 (  0.000000   0.000000    -0.002344   0.000000    -0.000000   0.000000   )
 ( -0.000000   0.000000     0.000000   0.000000     0.000000   0.000000   )
 (  0.000000   0.000000    -0.000000   0.000000    -0.000000   0.000000   )
 ( -0.000000   0.000000     0.000000   0.000000    -0.000000   0.000000   )
 ( -0.000000   0.000000    -0.000000   0.000000    -0.000000   0.000000   )
 (  0.120339   0.000000    -0.120339   0.000000     0.005273   0.000000   )
 ( -0.332058   0.000000    -0.332058   0.000000    -0.020795   0.000000   )
 (  0.120339   0.000000     0.120339   0.000000    -0.005273   0.000000   )
 ( -0.332058   0.000000     0.332058   0.000000     0.020795   0.000000   )
 (  0.332058   0.000000    -0.332058   0.000000     0.020795   0.000000   )
 ( -0.120339   0.000000     0.120339   0.000000     0.005273   0.000000   )
 ( -0.000000   0.000000    -0.000000   0.000000    -0.000000   0.000000   )
 ( -0.000000   0.000000     0.000000   0.000000    -0.000000   0.000000   )
 (  0.000000   0.000000     0.000000   0.000000    -0.000000   0.000000   )
 (  0.332058   0.000000     0.332058   0.000000    -0.020795   0.000000   )
 ( -0.120339   0.000000    -0.120339   0.000000    -0.005273   0.000000   )
     freq (   96) =      11.042060 [THz] =     368.323469 [cm-1]
 (  0.000000   0.000000    -0.002539   0.000000     0.013457   0.000000   )
 (  0.000000   0.000000    -0.001870   0.000000     0.011919   0.000000   )
 ( -0.001870   0.000000     0.000000   0.000000     0.011919   0.000000   )
 ( -0.002539   0.000000     0.000000   0.000000     0.013457   0.000000   )
 ( -0.000000   0.000000     0.002539   0.000000     0.013457   0.000000   )
 (  0.000000   0.000000     0.001870   0.000000     0.011919   0.000000   )
 (  0.000000   0.000000    -0.001387   0.000000     0.009487   0.000000   )
 ( -0.000000   0.000000    -0.001713   0.000000     0.009177   0.000000   )
 ( -0.001713   0.000000    -0.000000   0.000000     0.009177   0.000000   )
 ( -0.001387   0.000000    -0.000000   0.000000     0.009487   0.000000   )
 (  0.001870   0.000000    -0.000000   0.000000     0.011919   0.000000   )
 (  0.002539   0.000000     0.000000   0.000000     0.013457   0.000000   )
 ( -0.000000   0.000000     0.001387   0.000000     0.009487   0.000000   )
 ( -0.000000   0.000000     0.001713   0.000000     0.009177   0.000000   )
 (  0.001713   0.000000    -0.000000   0.000000     0.009177   0.000000   )
 (  0.001387   0.000000    -0.000000   0.000000     0.009487   0.000000   )
 (  0.000000   0.000000     0.005219   0.000000     0.034331   0.000000   )
 (  0.005219   0.000000    -0.000000   0.000000     0.034331   0.000000   )
 ( -0.000000   0.000000    -0.005219   0.000000     0.034331   0.000000   )
 (  0.000000   0.000000     0.005620   0.000000     0.033388   0.000000   )
 (  0.005620   0.000000     0.000000   0.000000     0.033388   0.000000   )
 ( -0.005219   0.000000    -0.000000   0.000000     0.034331   0.000000   )
 (  0.000000   0.000000    -0.005620   0.000000     0.033388   0.000000   )
 ( -0.005620   0.000000     0.000000   0.000000     0.033388   0.000000   )
 ( -0.000000   0.000000     0.000000   0.000000    -0.221057   0.000000   )
 ( -0.000000   0.000000     0.000000   0.000000    -0.241193   0.000000   )
 (  0.000000   0.000000     0.000000   0.000000    -0.116799   0.000000   )
 (  0.000000   0.000000     0.000000   0.000000    -0.270467   0.000000   )
 ( -0.023889   0.000000     0.023889   0.000000    -0.347586   0.000000   )
 (  0.048321   0.000000     0.048321   0.000000    -0.210008   0.000000   )
 (  0.023889   0.000000     0.023889   0.000000    -0.347586   0.000000   )
 ( -0.048321   0.000000     0.048321   0.000000    -0.210008   0.000000   )
 (  0.048321   0.000000    -0.048321   0.000000    -0.210008   0.000000   )
 (  0.023889   0.000000    -0.023889   0.000000    -0.347586   0.000000   )
 ( -0.000000   0.000000    -0.000000   0.000000    -0.116799   0.000000   )
 (  0.000000   0.000000    -0.000000   0.000000    -0.241193   0.000000   )
 ( -0.000000   0.000000    -0.000000   0.000000    -0.199918   0.000000   )
 ( -0.048321   0.000000    -0.048321   0.000000    -0.210008   0.000000   )
 ( -0.023889   0.000000    -0.023889   0.000000    -0.347586   0.000000   )
     freq (   97) =      11.055135 [THz] =     368.759602 [cm-1]
 ( -0.000537   0.000000     0.000109   0.000000     0.000138   0.000000   )
 (  0.000123   0.000000     0.006424   0.000000     0.000024   0.000000   )
 ( -0.005954   0.000000    -0.000132   0.000000    -0.000022   0.000000   )
 ( -0.000101   0.000000     0.000580   0.000000    -0.000128   0.000000   )
 ( -0.000537   0.000000     0.000109   0.000000    -0.000138   0.000000   )
 (  0.000123   0.000000     0.006424   0.000000    -0.000024   0.000000   )
 (  0.000234   0.000000    -0.000480   0.000000    -0.000113   0.000000   )
 ( -0.000227   0.000000    -0.006484   0.000000     0.000056   0.000000   )
 (  0.006010   0.000000     0.000245   0.000000    -0.000052   0.000000   )
 (  0.000445   0.000000    -0.000253   0.000000     0.000104   0.000000   )
 ( -0.005954   0.000000    -0.000132   0.000000     0.000022   0.000000   )
 ( -0.000101   0.000000     0.000580   0.000000     0.000128   0.000000   )
 (  0.000234   0.000000    -0.000480   0.000000     0.000113   0.000000   )
 ( -0.000227   0.000000    -0.006484   0.000000    -0.000056   0.000000   )
 (  0.006010   0.000000     0.000245   0.000000     0.000052   0.000000   )
 (  0.000445   0.000000    -0.000253   0.000000    -0.000104   0.000000   )
 (  0.000529   0.000000     0.004144   0.000000     0.000163   0.000000   )
 ( -0.003841   0.000000    -0.000571   0.000000    -0.000151   0.000000   )
 (  0.000529   0.000000     0.004144   0.000000    -0.000163   0.000000   )
 ( -0.000184   0.000000    -0.003575   0.000000     0.000583   0.000000   )
 (  0.003314   0.000000     0.000198   0.000000    -0.000540   0.000000   )
 ( -0.003841   0.000000    -0.000571   0.000000     0.000151   0.000000   )
 ( -0.000184   0.000000    -0.003575   0.000000    -0.000583   0.000000   )
 (  0.003314   0.000000     0.000198   0.000000     0.000540   0.000000   )
 ( -0.020869   0.000000     0.022516   0.000000     0.000000   0.000000   )
 ( -0.349711   0.000000    -0.367305   0.000000     0.000000   0.000000   )
 (  0.054021   0.000000     0.054519   0.000000     0.000000   0.000000   )
 (  0.318025   0.000000    -0.343124   0.000000     0.000000   0.000000   )
 (  0.000441   0.000000    -0.001345   0.000000    -0.007452   0.000000   )
 (  0.004258   0.000000    -0.004966   0.000000    -0.000044   0.000000   )
 (  0.011869   0.000000    -0.011937   0.000000    -0.000283   0.000000   )
 (  0.009141   0.000000    -0.009491   0.000000    -0.001150   0.000000   )
 (  0.009141   0.000000    -0.009491   0.000000     0.001150   0.000000   )
 (  0.000441   0.000000    -0.001345   0.000000     0.007452   0.000000   )
 ( -0.050531   0.000000    -0.058284   0.000000     0.000000   0.000000   )
 (  0.340438   0.000000     0.377310   0.000000     0.000000   0.000000   )
 ( -0.340788   0.000000     0.367683   0.000000     0.000000   0.000000   )
 (  0.004258   0.000000    -0.004966   0.000000     0.000044   0.000000   )
 (  0.011869   0.000000    -0.011937   0.000000     0.000283   0.000000   )
     freq (   98) =      11.055135 [THz] =     368.759602 [cm-1]
 ( -0.000580   0.000000    -0.000101   0.000000    -0.000128   0.000000   )
 (  0.000132   0.000000    -0.005954   0.000000    -0.000022   0.000000   )
 ( -0.006424   0.000000     0.000123   0.000000    -0.000024   0.000000   )
 ( -0.000109   0.000000    -0.000537   0.000000    -0.000138   0.000000   )
 ( -0.000580   0.000000    -0.000101   0.000000     0.000128   0.000000   )
 (  0.000132   0.000000    -0.005954   0.000000     0.000022   0.000000   )
 (  0.000253   0.000000     0.000445   0.000000     0.000104   0.000000   )
 ( -0.000245   0.000000     0.006010   0.000000    -0.000052   0.000000   )
 (  0.006484   0.000000    -0.000227   0.000000    -0.000056   0.000000   )
 (  0.000480   0.000000     0.000234   0.000000     0.000113   0.000000   )
 ( -0.006424   0.000000     0.000123   0.000000     0.000024   0.000000   )
 ( -0.000109   0.000000    -0.000537   0.000000     0.000138   0.000000   )
 (  0.000253   0.000000     0.000445   0.000000    -0.000104   0.000000   )
 ( -0.000245   0.000000     0.006010   0.000000     0.000052   0.000000   )
 (  0.006484   0.000000    -0.000227   0.000000     0.000056   0.000000   )
 (  0.000480   0.000000     0.000234   0.000000    -0.000113   0.000000   )
 (  0.000571   0.000000    -0.003841   0.000000    -0.000151   0.000000   )
 ( -0.004144   0.000000     0.000529   0.000000    -0.000163   0.000000   )
 (  0.000571   0.000000    -0.003841   0.000000     0.000151   0.000000   )
 ( -0.000198   0.000000     0.003314   0.000000    -0.000540   0.000000   )
 (  0.003575   0.000000    -0.000184   0.000000    -0.000583   0.000000   )
 ( -0.004144   0.000000     0.000529   0.000000     0.000163   0.000000   )
 ( -0.000198   0.000000     0.003314   0.000000     0.000540   0.000000   )
 (  0.003575   0.000000    -0.000184   0.000000     0.000583   0.000000   )
 ( -0.022516   0.000000    -0.020869   0.000000     0.000000   0.000000   )
 ( -0.377310   0.000000     0.340438   0.000000     0.000000   0.000000   )
 (  0.058284   0.000000    -0.050531   0.000000     0.000000   0.000000   )
 (  0.343124   0.000000     0.318025   0.000000     0.000000   0.000000   )
 (  0.011937   0.000000     0.011869   0.000000    -0.000283   0.000000   )
 (  0.009491   0.000000     0.009141   0.000000     0.001150   0.000000   )
 (  0.001345   0.000000     0.000441   0.000000     0.007452   0.000000   )
 (  0.004966   0.000000     0.004258   0.000000    -0.000044   0.000000   )
 (  0.004966   0.000000     0.004258   0.000000     0.000044   0.000000   )
 (  0.011937   0.000000     0.011869   0.000000     0.000283   0.000000   )
 ( -0.054519   0.000000     0.054021   0.000000     0.000000   0.000000   )
 (  0.367305   0.000000    -0.349711   0.000000     0.000000   0.000000   )
 ( -0.367683   0.000000    -0.340788   0.000000     0.000000   0.000000   )
 (  0.009491   0.000000     0.009141   0.000000    -0.001150   0.000000   )
 (  0.001345   0.000000     0.000441   0.000000    -0.007452   0.000000   )
     freq (   99) =      11.155852 [THz] =     372.119157 [cm-1]
 (  0.005500   0.000000    -0.000000   0.000000     0.000000   0.000000   )
 (  0.003402   0.000000     0.000000   0.000000    -0.000000   0.000000   )
 (  0.000000   0.000000     0.003402   0.000000    -0.000000   0.000000   )
 (  0.000000   0.000000     0.005500   0.000000     0.000000   0.000000   )
 ( -0.005500   0.000000     0.000000   0.000000    -0.000000   0.000000   )
 ( -0.003402   0.000000     0.000000   0.000000     0.000000   0.000000   )
 (  0.005817   0.000000    -0.000000   0.000000    -0.000000   0.000000   )
 (  0.001522   0.000000    -0.000000   0.000000    -0.000000   0.000000   )
 ( -0.000000   0.000000     0.001522   0.000000    -0.000000   0.000000   )
 (  0.000000   0.000000     0.005817   0.000000    -0.000000   0.000000   )
 (  0.000000   0.000000    -0.003402   0.000000     0.000000   0.000000   )
 ( -0.000000   0.000000    -0.005500   0.000000    -0.000000   0.000000   )
 ( -0.005817   0.000000     0.000000   0.000000    -0.000000   0.000000   )
 ( -0.001522   0.000000    -0.000000   0.000000    -0.000000   0.000000   )
 ( -0.000000   0.000000    -0.001522   0.000000    -0.000000   0.000000   )
 ( -0.000000   0.000000    -0.005817   0.000000    -0.000000   0.000000   )
 (  0.005788   0.000000     0.000000   0.000000     0.000000   0.000000   )
 ( -0.000000   0.000000     0.005788   0.000000    -0.000000   0.000000   )
 ( -0.005788   0.000000     0.000000   0.000000    -0.000000   0.000000   )
 (  0.004431   0.000000     0.000000   0.000000    -0.000000   0.000000   )
 ( -0.000000   0.000000     0.004431   0.000000    -0.000000   0.000000   )
 (  0.000000   0.000000    -0.005788   0.000000    -0.000000   0.000000   )
 ( -0.004431   0.000000    -0.000000   0.000000    -0.000000   0.000000   )
 (  0.000000   0.000000    -0.004431   0.000000    -0.000000   0.000000   )
 (  0.000000   0.000000     0.000000   0.000000    -0.000000   0.000000   )
 (  0.000000   0.000000    -0.000000   0.000000     0.000000   0.000000   )
 ( -0.000000   0.000000     0.000000   0.000000    -0.000000   0.000000   )
 ( -0.000000   0.000000    -0.000000   0.000000    -0.000000   0.000000   )
 ( -0.332416   0.000000     0.332416   0.000000     0.001368   0.000000   )
 ( -0.119611   0.000000    -0.119611   0.000000    -0.015892   0.000000   )
 ( -0.332416   0.000000    -0.332416   0.000000    -0.001368   0.000000   )
 ( -0.119611   0.000000     0.119611   0.000000     0.015892   0.000000   )
 (  0.119611   0.000000    -0.119611   0.000000     0.015892   0.000000   )
 (  0.332416   0.000000    -0.332416   0.000000     0.001368   0.000000   )
 (  0.000000   0.000000    -0.000000   0.000000    -0.000000   0.000000   )
 ( -0.000000   0.000000     0.000000   0.000000     0.000000   0.000000   )
 (  0.000000   0.000000     0.000000   0.000000     0.000000   0.000000   )
 (  0.119611   0.000000     0.119611   0.000000    -0.015892   0.000000   )
 (  0.332416   0.000000     0.332416   0.000000    -0.001368   0.000000   )
     freq (  100) =      11.195242 [THz] =     373.433077 [cm-1]
 ( -0.001830   0.000000     0.000000   0.000000    -0.000000   0.000000   )
 ( -0.007366   0.000000    -0.000000   0.000000     0.000000   0.000000   )
 (  0.000000   0.000000     0.007366   0.000000    -0.000000   0.000000   )
 ( -0.000000   0.000000     0.001830   0.000000    -0.000000   0.000000   )
 (  0.001830   0.000000    -0.000000   0.000000     0.000000   0.000000   )
 (  0.007366   0.000000    -0.000000   0.000000    -0.000000   0.000000   )
 ( -0.001928   0.000000    -0.000000   0.000000    -0.000000   0.000000   )
 ( -0.005871   0.000000     0.000000   0.000000     0.000000   0.000000   )
 ( -0.000000   0.000000     0.005871   0.000000     0.000000   0.000000   )
 ( -0.000000   0.000000     0.001928   0.000000    -0.000000   0.000000   )
 (  0.000000   0.000000    -0.007366   0.000000    -0.000000   0.000000   )
 (  0.000000   0.000000    -0.001830   0.000000    -0.000000   0.000000   )
 (  0.001928   0.000000    -0.000000   0.000000    -0.000000   0.000000   )
 (  0.005871   0.000000     0.000000   0.000000    -0.000000   0.000000   )
 ( -0.000000   0.000000    -0.005871   0.000000     0.000000   0.000000   )
 (  0.000000   0.000000    -0.001928   0.000000     0.000000   0.000000   )
 ( -0.004112   0.000000    -0.000000   0.000000    -0.000000   0.000000   )
 (  0.000000   0.000000     0.004112   0.000000    -0.000000   0.000000   )
 (  0.004112   0.000000    -0.000000   0.000000     0.000000   0.000000   )
 ( -0.003014   0.000000    -0.000000   0.000000     0.000000   0.000000   )
 ( -0.000000   0.000000     0.003014   0.000000    -0.000000   0.000000   )
 (  0.000000   0.000000    -0.004112   0.000000     0.000000   0.000000   )
 (  0.003014   0.000000     0.000000   0.000000     0.000000   0.000000   )
 ( -0.000000   0.000000    -0.003014   0.000000    -0.000000   0.000000   )
 (  0.000000   0.000000    -0.000000   0.000000    -0.000000   0.000000   )
 (  0.000000   0.000000     0.000000   0.000000    -0.000000   0.000000   )
 ( -0.000000   0.000000    -0.000000   0.000000    -0.000000   0.000000   )
 ( -0.000000   0.000000     0.000000   0.000000    -0.000000   0.000000   )
 (  0.039010   0.000000     0.039010   0.000000     0.000000   0.000000   )
 (  0.351308   0.000000    -0.351308   0.000000     0.000000   0.000000   )
 (  0.039010   0.000000    -0.039010   0.000000     0.000000   0.000000   )
 (  0.351308   0.000000     0.351308   0.000000     0.000000   0.000000   )
 ( -0.351308   0.000000    -0.351308   0.000000     0.000000   0.000000   )
 ( -0.039010   0.000000    -0.039010   0.000000    -0.000000   0.000000   )
 (  0.000000   0.000000     0.000000   0.000000     0.000000   0.000000   )
 ( -0.000000   0.000000    -0.000000   0.000000     0.000000   0.000000   )
 (  0.000000   0.000000    -0.000000   0.000000     0.000000   0.000000   )
 ( -0.351308   0.000000     0.351308   0.000000     0.000000   0.000000   )
 ( -0.039010   0.000000     0.039010   0.000000     0.000000   0.000000   )
     freq (  101) =      11.224700 [THz] =     374.415675 [cm-1]
 ( -0.000000   0.000000     0.009970   0.000000    -0.001104   0.000000   )
 (  0.000000   0.000000     0.002956   0.000000     0.002610   0.000000   )
 ( -0.002956   0.000000    -0.000000   0.000000    -0.002610   0.000000   )
 ( -0.009970   0.000000     0.000000   0.000000     0.001104   0.000000   )
 ( -0.000000   0.000000    -0.009970   0.000000    -0.001104   0.000000   )
 ( -0.000000   0.000000    -0.002956   0.000000     0.002610   0.000000   )
 (  0.000000   0.000000     0.006195   0.000000    -0.008315   0.000000   )
 (  0.000000   0.000000     0.002498   0.000000    -0.002397   0.000000   )
 ( -0.002498   0.000000    -0.000000   0.000000     0.002397   0.000000   )
 ( -0.006195   0.000000     0.000000   0.000000     0.008315   0.000000   )
 (  0.002956   0.000000     0.000000   0.000000    -0.002610   0.000000   )
 (  0.009970   0.000000     0.000000   0.000000     0.001104   0.000000   )
 (  0.000000   0.000000    -0.006195   0.000000    -0.008315   0.000000   )
 ( -0.000000   0.000000    -0.002498   0.000000    -0.002397   0.000000   )
 (  0.002498   0.000000     0.000000   0.000000     0.002397   0.000000   )
 (  0.006195   0.000000    -0.000000   0.000000     0.008315   0.000000   )
 (  0.000000   0.000000    -0.014286   0.000000    -0.005606   0.000000   )
 (  0.014286   0.000000    -0.000000   0.000000     0.005606   0.000000   )
 ( -0.000000   0.000000     0.014286   0.000000    -0.005606   0.000000   )
 ( -0.000000   0.000000    -0.020075   0.000000     0.005792   0.000000   )
 (  0.020075   0.000000     0.000000   0.000000    -0.005792   0.000000   )
 ( -0.014286   0.000000    -0.000000   0.000000     0.005606   0.000000   )
 ( -0.000000   0.000000     0.020075   0.000000     0.005792   0.000000   )
 ( -0.020075   0.000000     0.000000   0.000000    -0.005792   0.000000   )
 ( -0.000000   0.000000     0.000000   0.000000    -0.000000   0.000000   )
 (  0.000000   0.000000     0.000000   0.000000    -0.125754   0.000000   )
 (  0.000000   0.000000     0.000000   0.000000     0.024888   0.000000   )
 ( -0.000000   0.000000     0.000000   0.000000    -0.000000   0.000000   )
 ( -0.333416   0.000000    -0.333416   0.000000    -0.000000   0.000000   )
 (  0.096287   0.000000    -0.096287   0.000000     0.000000   0.000000   )
 (  0.333416   0.000000    -0.333416   0.000000     0.000000   0.000000   )
 ( -0.096287   0.000000    -0.096287   0.000000     0.000000   0.000000   )
 (  0.096287   0.000000     0.096287   0.000000    -0.000000   0.000000   )
 (  0.333416   0.000000     0.333416   0.000000     0.000000   0.000000   )
 ( -0.000000   0.000000    -0.000000   0.000000    -0.024888   0.000000   )
 ( -0.000000   0.000000    -0.000000   0.000000     0.125754   0.000000   )
 (  0.000000   0.000000    -0.000000   0.000000    -0.000000   0.000000   )
 ( -0.096287   0.000000     0.096287   0.000000    -0.000000   0.000000   )
 ( -0.333416   0.000000     0.333416   0.000000     0.000000   0.000000   )
     freq (  102) =      11.344746 [THz] =     378.419998 [cm-1]
 ( -0.006557   0.000000     0.004482   0.000000    -0.001277   0.000000   )
 ( -0.000894   0.000000     0.001240   0.000000     0.000827   0.000000   )
 (  0.001258   0.000000    -0.000881   0.000000     0.000840   0.000000   )
 (  0.004549   0.000000    -0.006462   0.000000    -0.001296   0.000000   )
 ( -0.006557   0.000000     0.004482   0.000000     0.001277   0.000000   )
 ( -0.000894   0.000000     0.001240   0.000000    -0.000827   0.000000   )
 (  0.004166   0.000000    -0.002618   0.000000    -0.000730   0.000000   )
 (  0.000997   0.000000    -0.001144   0.000000     0.000831   0.000000   )
 ( -0.001161   0.000000     0.000983   0.000000     0.000844   0.000000   )
 ( -0.002657   0.000000     0.004105   0.000000    -0.000741   0.000000   )
 (  0.001258   0.000000    -0.000881   0.000000    -0.000840   0.000000   )
 (  0.004549   0.000000    -0.006462   0.000000     0.001296   0.000000   )
 (  0.004166   0.000000    -0.002618   0.000000     0.000730   0.000000   )
 (  0.000997   0.000000    -0.001144   0.000000    -0.000831   0.000000   )
 ( -0.001161   0.000000     0.000983   0.000000    -0.000844   0.000000   )
 ( -0.002657   0.000000     0.004105   0.000000     0.000741   0.000000   )
 (  0.008131   0.000000     0.002727   0.000000    -0.001283   0.000000   )
 (  0.002768   0.000000     0.008012   0.000000    -0.001302   0.000000   )
 (  0.008131   0.000000     0.002727   0.000000     0.001283   0.000000   )
 ( -0.008042   0.000000    -0.005368   0.000000    -0.002676   0.000000   )
 ( -0.005447   0.000000    -0.007925   0.000000    -0.002716   0.000000   )
 (  0.002768   0.000000     0.008012   0.000000     0.001302   0.000000   )
 ( -0.008042   0.000000    -0.005368   0.000000     0.002676   0.000000   )
 ( -0.005447   0.000000    -0.007925   0.000000     0.002716   0.000000   )
 ( -0.123070   0.000000    -0.121276   0.000000    -0.000000   0.000000   )
 (  0.077401   0.000000    -0.076418   0.000000    -0.000000   0.000000   )
 (  0.475760   0.000000    -0.478285   0.000000    -0.000000   0.000000   )
 (  0.007591   0.000000     0.007480   0.000000    -0.000000   0.000000   )
 (  0.079200   0.000000     0.079098   0.000000    -0.000375   0.000000   )
 ( -0.006109   0.000000    -0.006022   0.000000    -0.044019   0.000000   )
 (  0.007531   0.000000     0.006368   0.000000     0.051099   0.000000   )
 ( -0.006030   0.000000    -0.005941   0.000000     0.000323   0.000000   )
 ( -0.006030   0.000000    -0.005941   0.000000    -0.000323   0.000000   )
 (  0.079200   0.000000     0.079098   0.000000     0.000375   0.000000   )
 ( -0.485360   0.000000     0.468825   0.000000    -0.000000   0.000000   )
 ( -0.077549   0.000000     0.076273   0.000000    -0.000000   0.000000   )
 (  0.009433   0.000000     0.009295   0.000000    -0.000000   0.000000   )
 ( -0.006109   0.000000    -0.006022   0.000000     0.044019   0.000000   )
 (  0.007531   0.000000     0.006368   0.000000    -0.051099   0.000000   )
     freq (  103) =      11.344746 [THz] =     378.419998 [cm-1]
 (  0.006462   0.000000     0.004549   0.000000    -0.001296   0.000000   )
 (  0.000881   0.000000     0.001258   0.000000     0.000840   0.000000   )
 ( -0.001240   0.000000    -0.000894   0.000000    -0.000827   0.000000   )
 ( -0.004482   0.000000    -0.006557   0.000000     0.001277   0.000000   )
 (  0.006462   0.000000     0.004549   0.000000     0.001296   0.000000   )
 (  0.000881   0.000000     0.001258   0.000000    -0.000840   0.000000   )
 ( -0.004105   0.000000    -0.002657   0.000000    -0.000741   0.000000   )
 ( -0.000983   0.000000    -0.001161   0.000000     0.000844   0.000000   )
 (  0.001144   0.000000     0.000997   0.000000    -0.000831   0.000000   )
 (  0.002618   0.000000     0.004166   0.000000     0.000730   0.000000   )
 ( -0.001240   0.000000    -0.000894   0.000000     0.000827   0.000000   )
 ( -0.004482   0.000000    -0.006557   0.000000    -0.001277   0.000000   )
 ( -0.004105   0.000000    -0.002657   0.000000     0.000741   0.000000   )
 ( -0.000983   0.000000    -0.001161   0.000000    -0.000844   0.000000   )
 (  0.001144   0.000000     0.000997   0.000000     0.000831   0.000000   )
 (  0.002618   0.000000     0.004166   0.000000    -0.000730   0.000000   )
 ( -0.008012   0.000000     0.002768   0.000000    -0.001302   0.000000   )
 ( -0.002727   0.000000     0.008131   0.000000     0.001283   0.000000   )
 ( -0.008012   0.000000     0.002768   0.000000     0.001302   0.000000   )
 (  0.007925   0.000000    -0.005447   0.000000    -0.002716   0.000000   )
 (  0.005368   0.000000    -0.008042   0.000000     0.002676   0.000000   )
 ( -0.002727   0.000000     0.008131   0.000000    -0.001283   0.000000   )
 (  0.007925   0.000000    -0.005447   0.000000     0.002716   0.000000   )
 (  0.005368   0.000000    -0.008042   0.000000    -0.002676   0.000000   )
 (  0.121276   0.000000    -0.123070   0.000000    -0.000000   0.000000   )
 ( -0.076273   0.000000    -0.077549   0.000000    -0.000000   0.000000   )
 ( -0.468825   0.000000    -0.485360   0.000000     0.000000   0.000000   )
 ( -0.007480   0.000000     0.007591   0.000000    -0.000000   0.000000   )
 ( -0.006368   0.000000     0.007531   0.000000     0.051099   0.000000   )
 (  0.005941   0.000000    -0.006030   0.000000    -0.000323   0.000000   )
 ( -0.079098   0.000000     0.079200   0.000000     0.000375   0.000000   )
 (  0.006022   0.000000    -0.006109   0.000000    -0.044019   0.000000   )
 (  0.006022   0.000000    -0.006109   0.000000     0.044019   0.000000   )
 ( -0.006368   0.000000     0.007531   0.000000    -0.051099   0.000000   )
 (  0.478285   0.000000     0.475760   0.000000    -0.000000   0.000000   )
 (  0.076418   0.000000     0.077401   0.000000     0.000000   0.000000   )
 ( -0.009295   0.000000     0.009433   0.000000    -0.000000   0.000000   )
 (  0.005941   0.000000    -0.006030   0.000000     0.000323   0.000000   )
 ( -0.079098   0.000000     0.079200   0.000000    -0.000375   0.000000   )
     freq (  104) =      11.596825 [THz] =     386.828431 [cm-1]
 ( -0.000000   0.000000    -0.007672   0.000000    -0.001772   0.000000   )
 (  0.000000   0.000000    -0.003694   0.000000     0.000073   0.000000   )
 ( -0.003694   0.000000     0.000000   0.000000     0.000073   0.000000   )
 ( -0.007672   0.000000    -0.000000   0.000000    -0.001772   0.000000   )
 ( -0.000000   0.000000     0.007672   0.000000    -0.001772   0.000000   )
 (  0.000000   0.000000     0.003694   0.000000     0.000073   0.000000   )
 (  0.000000   0.000000    -0.008169   0.000000    -0.002233   0.000000   )
 ( -0.000000   0.000000    -0.004183   0.000000    -0.002115   0.000000   )
 ( -0.004183   0.000000    -0.000000   0.000000    -0.002115   0.000000   )
 ( -0.008169   0.000000     0.000000   0.000000    -0.002233   0.000000   )
 (  0.003694   0.000000     0.000000   0.000000     0.000073   0.000000   )
 (  0.007672   0.000000    -0.000000   0.000000    -0.001772   0.000000   )
 (  0.000000   0.000000     0.008169   0.000000    -0.002233   0.000000   )
 ( -0.000000   0.000000     0.004183   0.000000    -0.002115   0.000000   )
 (  0.004183   0.000000    -0.000000   0.000000    -0.002115   0.000000   )
 (  0.008169   0.000000     0.000000   0.000000    -0.002233   0.000000   )
 (  0.000000   0.000000     0.013579   0.000000    -0.004384   0.000000   )
 (  0.013579   0.000000     0.000000   0.000000    -0.004384   0.000000   )
 (  0.000000   0.000000    -0.013579   0.000000    -0.004384   0.000000   )
 (  0.000000   0.000000     0.018239   0.000000    -0.006575   0.000000   )
 (  0.018239   0.000000    -0.000000   0.000000    -0.006575   0.000000   )
 ( -0.013579   0.000000     0.000000   0.000000    -0.004384   0.000000   )
 (  0.000000   0.000000    -0.018239   0.000000    -0.006575   0.000000   )
 ( -0.018239   0.000000     0.000000   0.000000    -0.006575   0.000000   )
 ( -0.000000   0.000000    -0.000000   0.000000     0.101020   0.000000   )
 ( -0.000000   0.000000    -0.000000   0.000000     0.007714   0.000000   )
 (  0.000000   0.000000    -0.000000   0.000000     0.043144   0.000000   )
 ( -0.000000   0.000000    -0.000000   0.000000    -0.082942   0.000000   )
 ( -0.293536   0.000000     0.293536   0.000000     0.040423   0.000000   )
 (  0.181905   0.000000     0.181905   0.000000     0.038006   0.000000   )
 (  0.293536   0.000000     0.293536   0.000000     0.040423   0.000000   )
 ( -0.181905   0.000000     0.181905   0.000000     0.038006   0.000000   )
 (  0.181905   0.000000    -0.181905   0.000000     0.038006   0.000000   )
 (  0.293536   0.000000    -0.293536   0.000000     0.040423   0.000000   )
 ( -0.000000   0.000000     0.000000   0.000000     0.043144   0.000000   )
 (  0.000000   0.000000    -0.000000   0.000000     0.007714   0.000000   )
 (  0.000000   0.000000     0.000000   0.000000     0.098707   0.000000   )
 ( -0.181905   0.000000    -0.181905   0.000000     0.038006   0.000000   )
 ( -0.293536   0.000000    -0.293536   0.000000     0.040423   0.000000   )
     freq (  105) =      11.966559 [THz] =     399.161428 [cm-1]
 ( -0.001238   0.000000     0.001183   0.000000     0.000859   0.000000   )
 (  0.007755   0.000000     0.000473   0.000000     0.000364   0.000000   )
 (  0.000488   0.000000     0.007525   0.000000     0.000375   0.000000   )
 (  0.001219   0.000000    -0.001201   0.000000     0.000885   0.000000   )
 ( -0.001238   0.000000     0.001183   0.000000    -0.000859   0.000000   )
 (  0.007755   0.000000     0.000473   0.000000    -0.000364   0.000000   )
 (  0.000118   0.000000    -0.000254   0.000000     0.001908   0.000000   )
 ( -0.007541   0.000000    -0.000461   0.000000     0.000211   0.000000   )
 ( -0.000475   0.000000    -0.007318   0.000000     0.000218   0.000000   )
 ( -0.000261   0.000000     0.000114   0.000000     0.001967   0.000000   )
 (  0.000488   0.000000     0.007525   0.000000    -0.000375   0.000000   )
 (  0.001219   0.000000    -0.001201   0.000000    -0.000885   0.000000   )
 (  0.000118   0.000000    -0.000254   0.000000    -0.001908   0.000000   )
 ( -0.007541   0.000000    -0.000461   0.000000    -0.000211   0.000000   )
 ( -0.000475   0.000000    -0.007318   0.000000    -0.000218   0.000000   )
 ( -0.000261   0.000000     0.000114   0.000000    -0.001967   0.000000   )
 ( -0.013657   0.000000    -0.000357   0.000000    -0.001599   0.000000   )
 ( -0.000367   0.000000    -0.013252   0.000000    -0.001647   0.000000   )
 ( -0.013657   0.000000    -0.000357   0.000000     0.001599   0.000000   )
 (  0.014684   0.000000    -0.002500   0.000000    -0.003801   0.000000   )
 ( -0.002577   0.000000     0.014248   0.000000    -0.003917   0.000000   )
 ( -0.000367   0.000000    -0.013252   0.000000     0.001647   0.000000   )
 (  0.014684   0.000000    -0.002500   0.000000     0.003801   0.000000   )
 ( -0.002577   0.000000     0.014248   0.000000     0.003917   0.000000   )
 ( -0.109849   0.000000    -0.106594   0.000000    -0.000000   0.000000   )
 ( -0.343704   0.000000     0.312030   0.000000     0.000000   0.000000   )
 (  0.004403   0.000000    -0.065631   0.000000    -0.000000   0.000000   )
 ( -0.372584   0.000000    -0.361544   0.000000     0.000000   0.000000   )
 (  0.060270   0.000000     0.059261   0.000000     0.000957   0.000000   )
 (  0.018337   0.000000     0.018170   0.000000     0.041322   0.000000   )
 (  0.034474   0.000000     0.032676   0.000000    -0.063610   0.000000   )
 (  0.005844   0.000000     0.005295   0.000000    -0.000621   0.000000   )
 (  0.005844   0.000000     0.005295   0.000000     0.000621   0.000000   )
 (  0.060270   0.000000     0.059261   0.000000    -0.000957   0.000000   )
 ( -0.067635   0.000000     0.004272   0.000000    -0.000000   0.000000   )
 (  0.321558   0.000000    -0.333520   0.000000    -0.000000   0.000000   )
 (  0.347213   0.000000     0.336925   0.000000    -0.000000   0.000000   )
 (  0.018337   0.000000     0.018170   0.000000    -0.041322   0.000000   )
 (  0.034474   0.000000     0.032676   0.000000     0.063610   0.000000   )
     freq (  106) =      11.966559 [THz] =     399.161428 [cm-1]
 ( -0.001201   0.000000    -0.001219   0.000000    -0.000885   0.000000   )
 (  0.007525   0.000000    -0.000488   0.000000    -0.000375   0.000000   )
 (  0.000473   0.000000    -0.007755   0.000000     0.000364   0.000000   )
 (  0.001183   0.000000     0.001238   0.000000     0.000859   0.000000   )
 ( -0.001201   0.000000    -0.001219   0.000000     0.000885   0.000000   )
 (  0.007525   0.000000    -0.000488   0.000000     0.000375   0.000000   )
 (  0.000114   0.000000     0.000261   0.000000    -0.001967   0.000000   )
 ( -0.007318   0.000000     0.000475   0.000000    -0.000218   0.000000   )
 ( -0.000461   0.000000     0.007541   0.000000     0.000211   0.000000   )
 ( -0.000254   0.000000    -0.000118   0.000000     0.001908   0.000000   )
 (  0.000473   0.000000    -0.007755   0.000000    -0.000364   0.000000   )
 (  0.001183   0.000000     0.001238   0.000000    -0.000859   0.000000   )
 (  0.000114   0.000000     0.000261   0.000000     0.001967   0.000000   )
 ( -0.007318   0.000000     0.000475   0.000000     0.000218   0.000000   )
 ( -0.000461   0.000000     0.007541   0.000000    -0.000211   0.000000   )
 ( -0.000254   0.000000    -0.000118   0.000000    -0.001908   0.000000   )
 ( -0.013252   0.000000     0.000367   0.000000     0.001647   0.000000   )
 ( -0.000357   0.000000     0.013657   0.000000    -0.001599   0.000000   )
 ( -0.013252   0.000000     0.000367   0.000000    -0.001647   0.000000   )
 (  0.014248   0.000000     0.002577   0.000000     0.003917   0.000000   )
 ( -0.002500   0.000000    -0.014684   0.000000    -0.003801   0.000000   )
 ( -0.000357   0.000000     0.013657   0.000000     0.001599   0.000000   )
 (  0.014248   0.000000     0.002577   0.000000    -0.003917   0.000000   )
 ( -0.002500   0.000000    -0.014684   0.000000     0.003801   0.000000   )
 ( -0.106594   0.000000     0.109849   0.000000    -0.000000   0.000000   )
 ( -0.333520   0.000000    -0.321558   0.000000    -0.000000   0.000000   )
 (  0.004272   0.000000     0.067635   0.000000    -0.000000   0.000000   )
 ( -0.361544   0.000000     0.372584   0.000000     0.000000   0.000000   )
 (  0.032676   0.000000    -0.034474   0.000000     0.063610   0.000000   )
 (  0.005295   0.000000    -0.005844   0.000000    -0.000621   0.000000   )
 (  0.059261   0.000000    -0.060270   0.000000     0.000957   0.000000   )
 (  0.018170   0.000000    -0.018337   0.000000    -0.041322   0.000000   )
 (  0.018170   0.000000    -0.018337   0.000000     0.041322   0.000000   )
 (  0.032676   0.000000    -0.034474   0.000000    -0.063610   0.000000   )
 ( -0.065631   0.000000    -0.004403   0.000000     0.000000   0.000000   )
 (  0.312030   0.000000     0.343704   0.000000     0.000000   0.000000   )
 (  0.336925   0.000000    -0.347213   0.000000     0.000000   0.000000   )
 (  0.005295   0.000000    -0.005844   0.000000     0.000621   0.000000   )
 (  0.059261   0.000000    -0.060270   0.000000    -0.000957   0.000000   )
     freq (  107) =      11.982083 [THz] =     399.679271 [cm-1]
 ( -0.000000   0.000000    -0.002457   0.000000    -0.001118   0.000000   )
 (  0.000000   0.000000     0.009518   0.000000    -0.001370   0.000000   )
 ( -0.009518   0.000000    -0.000000   0.000000     0.001370   0.000000   )
 (  0.002457   0.000000     0.000000   0.000000     0.001118   0.000000   )
 ( -0.000000   0.000000     0.002457   0.000000    -0.001118   0.000000   )
 (  0.000000   0.000000    -0.009518   0.000000    -0.001370   0.000000   )
 (  0.000000   0.000000    -0.001537   0.000000     0.003682   0.000000   )
 ( -0.000000   0.000000     0.009004   0.000000     0.000206   0.000000   )
 ( -0.009004   0.000000     0.000000   0.000000    -0.000206   0.000000   )
 (  0.001537   0.000000    -0.000000   0.000000    -0.003682   0.000000   )
 (  0.009518   0.000000    -0.000000   0.000000     0.001370   0.000000   )
 ( -0.002457   0.000000     0.000000   0.000000     0.001118   0.000000   )
 (  0.000000   0.000000     0.001537   0.000000     0.003682   0.000000   )
 ( -0.000000   0.000000    -0.009004   0.000000     0.000206   0.000000   )
 (  0.009004   0.000000     0.000000   0.000000    -0.000206   0.000000   )
 ( -0.001537   0.000000    -0.000000   0.000000    -0.003682   0.000000   )
 ( -0.000000   0.000000    -0.007912   0.000000     0.003822   0.000000   )
 (  0.007912   0.000000     0.000000   0.000000    -0.003822   0.000000   )
 ( -0.000000   0.000000     0.007912   0.000000     0.003822   0.000000   )
 (  0.000000   0.000000    -0.008439   0.000000    -0.003664   0.000000   )
 (  0.008439   0.000000    -0.000000   0.000000     0.003664   0.000000   )
 ( -0.007912   0.000000     0.000000   0.000000    -0.003822   0.000000   )
 (  0.000000   0.000000     0.008439   0.000000    -0.003664   0.000000   )
 ( -0.008439   0.000000    -0.000000   0.000000     0.003664   0.000000   )
 ( -0.000000   0.000000     0.000000   0.000000     0.000000   0.000000   )
 ( -0.000000   0.000000    -0.000000   0.000000     0.009853   0.000000   )
 (  0.000000   0.000000     0.000000   0.000000     0.046939   0.000000   )
 ( -0.000000   0.000000     0.000000   0.000000     0.000000   0.000000   )
 (  0.099081   0.000000     0.099081   0.000000     0.000000   0.000000   )
 (  0.338273   0.000000    -0.338273   0.000000    -0.000000   0.000000   )
 ( -0.099081   0.000000     0.099081   0.000000     0.000000   0.000000   )
 ( -0.338273   0.000000    -0.338273   0.000000    -0.000000   0.000000   )
 (  0.338273   0.000000     0.338273   0.000000     0.000000   0.000000   )
 ( -0.099081   0.000000    -0.099081   0.000000    -0.000000   0.000000   )
 ( -0.000000   0.000000    -0.000000   0.000000    -0.046939   0.000000   )
 (  0.000000   0.000000     0.000000   0.000000    -0.009853   0.000000   )
 (  0.000000   0.000000    -0.000000   0.000000     0.000000   0.000000   )
 ( -0.338273   0.000000     0.338273   0.000000     0.000000   0.000000   )
 (  0.099081   0.000000    -0.099081   0.000000    -0.000000   0.000000   )
     freq (  108) =      12.095095 [THz] =     403.448939 [cm-1]
 (  0.000000   0.000000     0.004375   0.000000    -0.001443   0.000000   )
 ( -0.000000   0.000000    -0.008303   0.000000    -0.003241   0.000000   )
 ( -0.008303   0.000000    -0.000000   0.000000    -0.003241   0.000000   )
 (  0.004375   0.000000     0.000000   0.000000    -0.001443   0.000000   )
 (  0.000000   0.000000    -0.004375   0.000000    -0.001443   0.000000   )
 ( -0.000000   0.000000     0.008303   0.000000    -0.003241   0.000000   )
 ( -0.000000   0.000000     0.004829   0.000000     0.001470   0.000000   )
 (  0.000000   0.000000    -0.008348   0.000000    -0.001146   0.000000   )
 ( -0.008348   0.000000     0.000000   0.000000    -0.001146   0.000000   )
 (  0.004829   0.000000    -0.000000   0.000000     0.001470   0.000000   )
 (  0.008303   0.000000    -0.000000   0.000000    -0.003241   0.000000   )
 ( -0.004375   0.000000     0.000000   0.000000    -0.001443   0.000000   )
 ( -0.000000   0.000000    -0.004829   0.000000     0.001470   0.000000   )
 (  0.000000   0.000000     0.008348   0.000000    -0.001146   0.000000   )
 (  0.008348   0.000000     0.000000   0.000000    -0.001146   0.000000   )
 ( -0.004829   0.000000    -0.000000   0.000000     0.001470   0.000000   )
 (  0.000000   0.000000     0.004820   0.000000     0.000397   0.000000   )
 (  0.004820   0.000000     0.000000   0.000000     0.000397   0.000000   )
 (  0.000000   0.000000    -0.004820   0.000000     0.000397   0.000000   )
 ( -0.000000   0.000000     0.003677   0.000000    -0.005899   0.000000   )
 (  0.003677   0.000000    -0.000000   0.000000    -0.005899   0.000000   )
 ( -0.004820   0.000000     0.000000   0.000000     0.000397   0.000000   )
 ( -0.000000   0.000000    -0.003677   0.000000    -0.005899   0.000000   )
 ( -0.003677   0.000000    -0.000000   0.000000    -0.005899   0.000000   )
 (  0.000000   0.000000     0.000000   0.000000     0.026925   0.000000   )
 (  0.000000   0.000000    -0.000000   0.000000     0.023411   0.000000   )
 ( -0.000000   0.000000     0.000000   0.000000     0.008224   0.000000   )
 (  0.000000   0.000000     0.000000   0.000000     0.040718   0.000000   )
 (  0.188433   0.000000    -0.188433   0.000000     0.000407   0.000000   )
 (  0.296097   0.000000     0.296097   0.000000     0.049589   0.000000   )
 ( -0.188433   0.000000    -0.188433   0.000000     0.000407   0.000000   )
 ( -0.296097   0.000000     0.296097   0.000000     0.049589   0.000000   )
 (  0.296097   0.000000    -0.296097   0.000000     0.049589   0.000000   )
 ( -0.188433   0.000000     0.188433   0.000000     0.000407   0.000000   )
 (  0.000000   0.000000    -0.000000   0.000000     0.008224   0.000000   )
 ( -0.000000   0.000000     0.000000   0.000000     0.023411   0.000000   )
 ( -0.000000   0.000000    -0.000000   0.000000     0.005551   0.000000   )
 ( -0.296097   0.000000    -0.296097   0.000000     0.049589   0.000000   )
 (  0.188433   0.000000     0.188433   0.000000     0.000407   0.000000   )
     freq (  109) =      12.285921 [THz] =     409.814205 [cm-1]
 ( -0.002185   0.000000    -0.003049   0.000000     0.002007   0.000000   )
 (  0.000924   0.000000    -0.000482   0.000000     0.000966   0.000000   )
 ( -0.000250   0.000000     0.001783   0.000000     0.000501   0.000000   )
 ( -0.001581   0.000000    -0.004214   0.000000     0.001041   0.000000   )
 ( -0.002185   0.000000    -0.003049   0.000000    -0.002007   0.000000   )
 (  0.000924   0.000000    -0.000482   0.000000    -0.000966   0.000000   )
 (  0.004639   0.000000    -0.001633   0.000000    -0.004609   0.000000   )
 ( -0.000974   0.000000    -0.000025   0.000000     0.001106   0.000000   )
 ( -0.000013   0.000000    -0.001879   0.000000     0.000573   0.000000   )
 ( -0.000847   0.000000     0.008946   0.000000    -0.002390   0.000000   )
 ( -0.000250   0.000000     0.001783   0.000000    -0.000501   0.000000   )
 ( -0.001581   0.000000    -0.004214   0.000000    -0.001041   0.000000   )
 (  0.004639   0.000000    -0.001633   0.000000     0.004609   0.000000   )
 ( -0.000974   0.000000    -0.000025   0.000000    -0.001106   0.000000   )
 ( -0.000013   0.000000    -0.001879   0.000000    -0.000573   0.000000   )
 ( -0.000847   0.000000     0.008946   0.000000     0.002390   0.000000   )
 (  0.000775   0.000000     0.003997   0.000000    -0.003838   0.000000   )
 (  0.002073   0.000000     0.001494   0.000000    -0.001990   0.000000   )
 (  0.000775   0.000000     0.003997   0.000000     0.003838   0.000000   )
 ( -0.006399   0.000000     0.007409   0.000000    -0.003018   0.000000   )
 (  0.003842   0.000000    -0.012340   0.000000    -0.001565   0.000000   )
 (  0.002073   0.000000     0.001494   0.000000     0.001990   0.000000   )
 ( -0.006399   0.000000     0.007409   0.000000     0.003018   0.000000   )
 (  0.003842   0.000000    -0.012340   0.000000     0.001565   0.000000   )
 (  0.314268   0.000000     0.606055   0.000000     0.000000   0.000000   )
 ( -0.024103   0.000000     0.138399   0.000000    -0.000000   0.000000   )
 (  0.173865   0.000000     0.048123   0.000000     0.000000   0.000000   )
 ( -0.028022   0.000000    -0.054039   0.000000    -0.000000   0.000000   )
 ( -0.189139   0.000000    -0.279460   0.000000     0.000506   0.000000   )
 ( -0.024494   0.000000    -0.039517   0.000000    -0.008786   0.000000   )
 ( -0.068155   0.000000    -0.216724   0.000000     0.001596   0.000000   )
 ( -0.013545   0.000000    -0.033839   0.000000    -0.002786   0.000000   )
 ( -0.013545   0.000000    -0.033839   0.000000     0.002786   0.000000   )
 ( -0.189139   0.000000    -0.279460   0.000000    -0.000506   0.000000   )
 (  0.024954   0.000000     0.335294   0.000000    -0.000000   0.000000   )
 (  0.071766   0.000000    -0.046482   0.000000     0.000000   0.000000   )
 (  0.062556   0.000000     0.120638   0.000000    -0.000000   0.000000   )
 ( -0.024494   0.000000    -0.039517   0.000000     0.008786   0.000000   )
 ( -0.068155   0.000000    -0.216724   0.000000    -0.001596   0.000000   )
     freq (  110) =      12.285921 [THz] =     409.814205 [cm-1]
 (  0.004214   0.000000    -0.001581   0.000000     0.001041   0.000000   )
 ( -0.001783   0.000000    -0.000250   0.000000     0.000501   0.000000   )
 (  0.000482   0.000000     0.000924   0.000000    -0.000966   0.000000   )
 (  0.003049   0.000000    -0.002185   0.000000    -0.002007   0.000000   )
 (  0.004214   0.000000    -0.001581   0.000000    -0.001041   0.000000   )
 ( -0.001783   0.000000    -0.000250   0.000000    -0.000501   0.000000   )
 ( -0.008946   0.000000    -0.000847   0.000000    -0.002390   0.000000   )
 (  0.001879   0.000000    -0.000013   0.000000     0.000573   0.000000   )
 (  0.000025   0.000000    -0.000974   0.000000    -0.001106   0.000000   )
 (  0.001633   0.000000     0.004639   0.000000     0.004609   0.000000   )
 (  0.000482   0.000000     0.000924   0.000000     0.000966   0.000000   )
 (  0.003049   0.000000    -0.002185   0.000000     0.002007   0.000000   )
 ( -0.008946   0.000000    -0.000847   0.000000     0.002390   0.000000   )
 (  0.001879   0.000000    -0.000013   0.000000    -0.000573   0.000000   )
 (  0.000025   0.000000    -0.000974   0.000000     0.001106   0.000000   )
 (  0.001633   0.000000     0.004639   0.000000    -0.004609   0.000000   )
 ( -0.001494   0.000000     0.002073   0.000000    -0.001990   0.000000   )
 ( -0.003997   0.000000     0.000775   0.000000     0.003838   0.000000   )
 ( -0.001494   0.000000     0.002073   0.000000     0.001990   0.000000   )
 (  0.012340   0.000000     0.003842   0.000000    -0.001565   0.000000   )
 ( -0.007409   0.000000    -0.006399   0.000000     0.003018   0.000000   )
 ( -0.003997   0.000000     0.000775   0.000000    -0.003838   0.000000   )
 (  0.012340   0.000000     0.003842   0.000000     0.001565   0.000000   )
 ( -0.007409   0.000000    -0.006399   0.000000    -0.003018   0.000000   )
 ( -0.606055   0.000000     0.314268   0.000000    -0.000000   0.000000   )
 (  0.046482   0.000000     0.071766   0.000000    -0.000000   0.000000   )
 ( -0.335294   0.000000     0.024954   0.000000    -0.000000   0.000000   )
 (  0.054039   0.000000    -0.028022   0.000000    -0.000000   0.000000   )
 (  0.216724   0.000000    -0.068155   0.000000     0.001596   0.000000   )
 (  0.033839   0.000000    -0.013545   0.000000     0.002786   0.000000   )
 (  0.279460   0.000000    -0.189139   0.000000    -0.000506   0.000000   )
 (  0.039517   0.000000    -0.024494   0.000000    -0.008786   0.000000   )
 (  0.039517   0.000000    -0.024494   0.000000     0.008786   0.000000   )
 (  0.216724   0.000000    -0.068155   0.000000    -0.001596   0.000000   )
 ( -0.048123   0.000000     0.173865   0.000000     0.000000   0.000000   )
 ( -0.138399   0.000000    -0.024103   0.000000    -0.000000   0.000000   )
 ( -0.120638   0.000000     0.062556   0.000000    -0.000000   0.000000   )
 (  0.033839   0.000000    -0.013545   0.000000    -0.002786   0.000000   )
 (  0.279460   0.000000    -0.189139   0.000000     0.000506   0.000000   )
     freq (  111) =      12.622815 [THz] =     421.051789 [cm-1]
 (  0.000455   0.000000     0.000188   0.000000    -0.000145   0.000000   )
 ( -0.001634   0.000000    -0.000676   0.000000     0.000167   0.000000   )
 (  0.002500   0.000000     0.000442   0.000000    -0.000617   0.000000   )
 ( -0.000694   0.000000    -0.000123   0.000000     0.000536   0.000000   )
 (  0.000455   0.000000     0.000188   0.000000     0.000145   0.000000   )
 ( -0.001634   0.000000    -0.000676   0.000000    -0.000167   0.000000   )
 (  0.000533   0.000000     0.000171   0.000000     0.000098   0.000000   )
 ( -0.001673   0.000000    -0.000536   0.000000     0.000057   0.000000   )
 (  0.001983   0.000000     0.000452   0.000000    -0.000210   0.000000   )
 ( -0.000631   0.000000    -0.000144   0.000000    -0.000363   0.000000   )
 (  0.002500   0.000000     0.000442   0.000000     0.000617   0.000000   )
 ( -0.000694   0.000000    -0.000123   0.000000    -0.000536   0.000000   )
 (  0.000533   0.000000     0.000171   0.000000    -0.000098   0.000000   )
 ( -0.001673   0.000000    -0.000536   0.000000    -0.000057   0.000000   )
 (  0.001983   0.000000     0.000452   0.000000     0.000210   0.000000   )
 ( -0.000631   0.000000    -0.000144   0.000000     0.000363   0.000000   )
 (  0.007902   0.000000     0.001482   0.000000     0.000273   0.000000   )
 ( -0.005480   0.000000    -0.002137   0.000000    -0.001011   0.000000   )
 (  0.007902   0.000000     0.001482   0.000000    -0.000273   0.000000   )
 (  0.005706   0.000000     0.001715   0.000000     0.000100   0.000000   )
 ( -0.006342   0.000000    -0.001543   0.000000    -0.000368   0.000000   )
 ( -0.005480   0.000000    -0.002137   0.000000     0.001011   0.000000   )
 (  0.005706   0.000000     0.001715   0.000000    -0.000100   0.000000   )
 ( -0.006342   0.000000    -0.001543   0.000000     0.000368   0.000000   )
 (  0.093661   0.000000    -0.025332   0.000000     0.000000   0.000000   )
 ( -0.326999   0.000000     0.102671   0.000000    -0.000000   0.000000   )
 (  0.054408   0.000000     0.000721   0.000000    -0.000000   0.000000   )
 ( -0.339053   0.000000     0.091701   0.000000     0.000000   0.000000   )
 ( -0.029997   0.000000     0.000205   0.000000    -0.008292   0.000000   )
 (  0.328283   0.000000    -0.080194   0.000000     0.001499   0.000000   )
 ( -0.034613   0.000000     0.017269   0.000000     0.004761   0.000000   )
 (  0.333298   0.000000    -0.098739   0.000000    -0.002610   0.000000   )
 (  0.333298   0.000000    -0.098739   0.000000     0.002610   0.000000   )
 ( -0.029997   0.000000     0.000205   0.000000     0.008292   0.000000   )
 ( -0.002666   0.000000    -0.014715   0.000000    -0.000000   0.000000   )
 ( -0.379613   0.000000     0.088441   0.000000     0.000000   0.000000   )
 ( -0.333243   0.000000     0.090130   0.000000     0.000000   0.000000   )
 (  0.328283   0.000000    -0.080194   0.000000    -0.001499   0.000000   )
 ( -0.034613   0.000000     0.017269   0.000000    -0.004761   0.000000   )
     freq (  112) =      12.622815 [THz] =     421.051789 [cm-1]
 ( -0.000123   0.000000     0.000694   0.000000    -0.000536   0.000000   )
 (  0.000442   0.000000    -0.002500   0.000000     0.000617   0.000000   )
 ( -0.000676   0.000000     0.001634   0.000000     0.000167   0.000000   )
 (  0.000188   0.000000    -0.000455   0.000000    -0.000145   0.000000   )
 ( -0.000123   0.000000     0.000694   0.000000     0.000536   0.000000   )
 (  0.000442   0.000000    -0.002500   0.000000    -0.000617   0.000000   )
 ( -0.000144   0.000000     0.000631   0.000000     0.000363   0.000000   )
 (  0.000452   0.000000    -0.001983   0.000000     0.000210   0.000000   )
 ( -0.000536   0.000000     0.001673   0.000000     0.000057   0.000000   )
 (  0.000171   0.000000    -0.000533   0.000000     0.000098   0.000000   )
 ( -0.000676   0.000000     0.001634   0.000000    -0.000167   0.000000   )
 (  0.000188   0.000000    -0.000455   0.000000     0.000145   0.000000   )
 ( -0.000144   0.000000     0.000631   0.000000    -0.000363   0.000000   )
 (  0.000452   0.000000    -0.001983   0.000000    -0.000210   0.000000   )
 ( -0.000536   0.000000     0.001673   0.000000    -0.000057   0.000000   )
 (  0.000171   0.000000    -0.000533   0.000000    -0.000098   0.000000   )
 ( -0.002137   0.000000     0.005480   0.000000     0.001011   0.000000   )
 (  0.001482   0.000000    -0.007902   0.000000     0.000273   0.000000   )
 ( -0.002137   0.000000     0.005480   0.000000    -0.001011   0.000000   )
 ( -0.001543   0.000000     0.006342   0.000000     0.000368   0.000000   )
 (  0.001715   0.000000    -0.005706   0.000000     0.000100   0.000000   )
 (  0.001482   0.000000    -0.007902   0.000000    -0.000273   0.000000   )
 ( -0.001543   0.000000     0.006342   0.000000    -0.000368   0.000000   )
 (  0.001715   0.000000    -0.005706   0.000000    -0.000100   0.000000   )
 ( -0.025332   0.000000    -0.093661   0.000000     0.000000   0.000000   )
 (  0.088441   0.000000     0.379613   0.000000     0.000000   0.000000   )
 ( -0.014715   0.000000     0.002666   0.000000     0.000000   0.000000   )
 (  0.091701   0.000000     0.339053   0.000000     0.000000   0.000000   )
 (  0.017269   0.000000     0.034613   0.000000    -0.004761   0.000000   )
 ( -0.098739   0.000000    -0.333298   0.000000    -0.002610   0.000000   )
 (  0.000205   0.000000     0.029997   0.000000    -0.008292   0.000000   )
 ( -0.080194   0.000000    -0.328283   0.000000    -0.001499   0.000000   )
 ( -0.080194   0.000000    -0.328283   0.000000     0.001499   0.000000   )
 (  0.017269   0.000000     0.034613   0.000000     0.004761   0.000000   )
 (  0.000721   0.000000    -0.054408   0.000000     0.000000   0.000000   )
 (  0.102671   0.000000     0.326999   0.000000     0.000000   0.000000   )
 (  0.090130   0.000000     0.333243   0.000000     0.000000   0.000000   )
 ( -0.098739   0.000000    -0.333298   0.000000     0.002610   0.000000   )
 (  0.000205   0.000000     0.029997   0.000000     0.008292   0.000000   )
     freq (  113) =      13.354274 [THz] =     445.450640 [cm-1]
 ( -0.002090   0.000000    -0.000196   0.000000     0.004269   0.000000   )
 (  0.000514   0.000000    -0.000232   0.000000     0.002046   0.000000   )
 ( -0.000230   0.000000     0.000518   0.000000     0.002031   0.000000   )
 ( -0.000195   0.000000    -0.002105   0.000000     0.004239   0.000000   )
 ( -0.002090   0.000000    -0.000196   0.000000    -0.004269   0.000000   )
 (  0.000514   0.000000    -0.000232   0.000000    -0.002046   0.000000   )
 (  0.001488   0.000000     0.000270   0.000000    -0.003869   0.000000   )
 ( -0.000502   0.000000     0.000167   0.000000    -0.001580   0.000000   )
 (  0.000166   0.000000    -0.000506   0.000000    -0.001569   0.000000   )
 (  0.000268   0.000000     0.001498   0.000000    -0.003842   0.000000   )
 ( -0.000230   0.000000     0.000518   0.000000    -0.002031   0.000000   )
 ( -0.000195   0.000000    -0.002105   0.000000    -0.004239   0.000000   )
 (  0.001488   0.000000     0.000270   0.000000     0.003869   0.000000   )
 ( -0.000502   0.000000     0.000167   0.000000     0.001580   0.000000   )
 (  0.000166   0.000000    -0.000506   0.000000     0.001569   0.000000   )
 (  0.000268   0.000000     0.001498   0.000000     0.003842   0.000000   )
 (  0.004439   0.000000    -0.000741   0.000000    -0.009010   0.000000   )
 ( -0.000736   0.000000     0.004471   0.000000    -0.008945   0.000000   )
 (  0.004439   0.000000    -0.000741   0.000000     0.009010   0.000000   )
 (  0.000276   0.000000    -0.001228   0.000000     0.006470   0.000000   )
 ( -0.001219   0.000000     0.000278   0.000000     0.006424   0.000000   )
 ( -0.000736   0.000000     0.004471   0.000000     0.008945   0.000000   )
 (  0.000276   0.000000    -0.001228   0.000000    -0.006470   0.000000   )
 ( -0.001219   0.000000     0.000278   0.000000    -0.006424   0.000000   )
 (  0.204717   0.000000     0.206189   0.000000     0.000000   0.000000   )
 (  0.118183   0.000000     0.123764   0.000000     0.000000   0.000000   )
 ( -0.238924   0.000000    -0.318514   0.000000    -0.000000   0.000000   )
 ( -0.121582   0.000000    -0.122456   0.000000     0.000000   0.000000   )
 ( -0.111129   0.000000    -0.109147   0.000000     0.000011   0.000000   )
 ( -0.121942   0.000000    -0.121030   0.000000    -0.015358   0.000000   )
 (  0.277026   0.000000     0.276237   0.000000     0.003109   0.000000   )
 (  0.127656   0.000000     0.126785   0.000000    -0.000055   0.000000   )
 (  0.127656   0.000000     0.126785   0.000000     0.000055   0.000000   )
 ( -0.111129   0.000000    -0.109147   0.000000    -0.000011   0.000000   )
 ( -0.316240   0.000000    -0.240642   0.000000    -0.000000   0.000000   )
 (  0.122881   0.000000     0.119033   0.000000     0.000000   0.000000   )
 ( -0.124321   0.000000    -0.125215   0.000000     0.000000   0.000000   )
 ( -0.121942   0.000000    -0.121030   0.000000     0.015358   0.000000   )
 (  0.277026   0.000000     0.276237   0.000000    -0.003109   0.000000   )
     freq (  114) =      13.354274 [THz] =     445.450640 [cm-1]
 (  0.002105   0.000000    -0.000195   0.000000     0.004239   0.000000   )
 ( -0.000518   0.000000    -0.000230   0.000000     0.002031   0.000000   )
 (  0.000232   0.000000     0.000514   0.000000    -0.002046   0.000000   )
 (  0.000196   0.000000    -0.002090   0.000000    -0.004269   0.000000   )
 (  0.002105   0.000000    -0.000195   0.000000    -0.004239   0.000000   )
 ( -0.000518   0.000000    -0.000230   0.000000    -0.002031   0.000000   )
 ( -0.001498   0.000000     0.000268   0.000000    -0.003842   0.000000   )
 (  0.000506   0.000000     0.000166   0.000000    -0.001569   0.000000   )
 ( -0.000167   0.000000    -0.000502   0.000000     0.001580   0.000000   )
 ( -0.000270   0.000000     0.001488   0.000000     0.003869   0.000000   )
 (  0.000232   0.000000     0.000514   0.000000     0.002046   0.000000   )
 (  0.000196   0.000000    -0.002090   0.000000     0.004269   0.000000   )
 ( -0.001498   0.000000     0.000268   0.000000     0.003842   0.000000   )
 (  0.000506   0.000000     0.000166   0.000000     0.001569   0.000000   )
 ( -0.000167   0.000000    -0.000502   0.000000    -0.001580   0.000000   )
 ( -0.000270   0.000000     0.001488   0.000000    -0.003869   0.000000   )
 ( -0.004471   0.000000    -0.000736   0.000000    -0.008945   0.000000   )
 (  0.000741   0.000000     0.004439   0.000000     0.009010   0.000000   )
 ( -0.004471   0.000000    -0.000736   0.000000     0.008945   0.000000   )
 ( -0.000278   0.000000    -0.001219   0.000000     0.006424   0.000000   )
 (  0.001228   0.000000     0.000276   0.000000    -0.006470   0.000000   )
 (  0.000741   0.000000     0.004439   0.000000    -0.009010   0.000000   )
 ( -0.000278   0.000000    -0.001219   0.000000    -0.006424   0.000000   )
 (  0.001228   0.000000     0.000276   0.000000     0.006470   0.000000   )
 ( -0.206189   0.000000     0.204717   0.000000    -0.000000   0.000000   )
 ( -0.119033   0.000000     0.122881   0.000000    -0.000000   0.000000   )
 (  0.240642   0.000000    -0.316240   0.000000    -0.000000   0.000000   )
 (  0.122456   0.000000    -0.121582   0.000000    -0.000000   0.000000   )
 ( -0.276237   0.000000     0.277026   0.000000     0.003109   0.000000   )
 ( -0.126785   0.000000     0.127656   0.000000     0.000055   0.000000   )
 (  0.109147   0.000000    -0.111129   0.000000    -0.000011   0.000000   )
 (  0.121030   0.000000    -0.121942   0.000000    -0.015358   0.000000   )
 (  0.121030   0.000000    -0.121942   0.000000     0.015358   0.000000   )
 ( -0.276237   0.000000     0.277026   0.000000    -0.003109   0.000000   )
 (  0.318514   0.000000    -0.238924   0.000000    -0.000000   0.000000   )
 ( -0.123764   0.000000     0.118183   0.000000    -0.000000   0.000000   )
 (  0.125215   0.000000    -0.124321   0.000000    -0.000000   0.000000   )
 ( -0.126785   0.000000     0.127656   0.000000    -0.000055   0.000000   )
 (  0.109147   0.000000    -0.111129   0.000000     0.000011   0.000000   )
     freq (  115) =      13.814497 [THz] =     460.802019 [cm-1]
 (  0.001385   0.000000     0.000161   0.000000    -0.004055   0.000000   )
 ( -0.000002   0.000000     0.000152   0.000000     0.005595   0.000000   )
 (  0.000152   0.000000    -0.000002   0.000000     0.005595   0.000000   )
 (  0.000161   0.000000     0.001385   0.000000    -0.004055   0.000000   )
 (  0.001385   0.000000     0.000161   0.000000     0.004055   0.000000   )
 ( -0.000002   0.000000     0.000152   0.000000    -0.005595   0.000000   )
 ( -0.001200   0.000000     0.000164   0.000000     0.003787   0.000000   )
 ( -0.000238   0.000000     0.000210   0.000000    -0.005012   0.000000   )
 (  0.000210   0.000000    -0.000238   0.000000    -0.005012   0.000000   )
 (  0.000164   0.000000    -0.001200   0.000000     0.003787   0.000000   )
 (  0.000152   0.000000    -0.000002   0.000000    -0.005595   0.000000   )
 (  0.000161   0.000000     0.001385   0.000000     0.004055   0.000000   )
 ( -0.001200   0.000000     0.000164   0.000000    -0.003787   0.000000   )
 ( -0.000238   0.000000     0.000210   0.000000     0.005012   0.000000   )
 (  0.000210   0.000000    -0.000238   0.000000     0.005012   0.000000   )
 (  0.000164   0.000000    -0.001200   0.000000    -0.003787   0.000000   )
 ( -0.003462   0.000000     0.001145   0.000000    -0.001266   0.000000   )
 (  0.001145   0.000000    -0.003462   0.000000    -0.001266   0.000000   )
 ( -0.003462   0.000000     0.001145   0.000000     0.001266   0.000000   )
 (  0.000736   0.000000     0.000291   0.000000     0.002563   0.000000   )
 (  0.000291   0.000000     0.000736   0.000000     0.002563   0.000000   )
 (  0.001145   0.000000    -0.003462   0.000000     0.001266   0.000000   )
 (  0.000736   0.000000     0.000291   0.000000    -0.002563   0.000000   )
 (  0.000291   0.000000     0.000736   0.000000    -0.002563   0.000000   )
 ( -0.127721   0.000000    -0.127721   0.000000     0.000000   0.000000   )
 (  0.207369   0.000000     0.206717   0.000000    -0.000000   0.000000   )
 (  0.135067   0.000000     0.174358   0.000000     0.000000   0.000000   )
 ( -0.229847   0.000000    -0.229847   0.000000    -0.000000   0.000000   )
 (  0.067875   0.000000     0.067875   0.000000     0.000000   0.000000   )
 ( -0.213337   0.000000    -0.213337   0.000000    -0.007195   0.000000   )
 ( -0.154022   0.000000    -0.154022   0.000000     0.004165   0.000000   )
 (  0.224162   0.000000     0.224162   0.000000    -0.000000   0.000000   )
 (  0.224162   0.000000     0.224162   0.000000     0.000000   0.000000   )
 (  0.067875   0.000000     0.067875   0.000000     0.000000   0.000000   )
 (  0.174358   0.000000     0.135067   0.000000     0.000000   0.000000   )
 (  0.206717   0.000000     0.207369   0.000000    -0.000000   0.000000   )
 ( -0.219098   0.000000    -0.219098   0.000000    -0.000000   0.000000   )
 ( -0.213337   0.000000    -0.213337   0.000000     0.007195   0.000000   )
 ( -0.154022   0.000000    -0.154022   0.000000    -0.004165   0.000000   )
     freq (  116) =      13.814497 [THz] =     460.802019 [cm-1]
 (  0.001385   0.000000    -0.000161   0.000000     0.004055   0.000000   )
 ( -0.000002   0.000000    -0.000152   0.000000    -0.005595   0.000000   )
 (  0.000152   0.000000     0.000002   0.000000     0.005595   0.000000   )
 (  0.000161   0.000000    -0.001385   0.000000    -0.004055   0.000000   )
 (  0.001385   0.000000    -0.000161   0.000000    -0.004055   0.000000   )
 ( -0.000002   0.000000    -0.000152   0.000000     0.005595   0.000000   )
 ( -0.001200   0.000000    -0.000164   0.000000    -0.003787   0.000000   )
 ( -0.000238   0.000000    -0.000210   0.000000     0.005012   0.000000   )
 (  0.000210   0.000000     0.000238   0.000000    -0.005012   0.000000   )
 (  0.000164   0.000000     0.001200   0.000000     0.003787   0.000000   )
 (  0.000152   0.000000     0.000002   0.000000    -0.005595   0.000000   )
 (  0.000161   0.000000    -0.001385   0.000000     0.004055   0.000000   )
 ( -0.001200   0.000000    -0.000164   0.000000     0.003787   0.000000   )
 ( -0.000238   0.000000    -0.000210   0.000000    -0.005012   0.000000   )
 (  0.000210   0.000000     0.000238   0.000000     0.005012   0.000000   )
 (  0.000164   0.000000     0.001200   0.000000    -0.003787   0.000000   )
 ( -0.003462   0.000000    -0.001145   0.000000     0.001266   0.000000   )
 (  0.001145   0.000000     0.003462   0.000000    -0.001266   0.000000   )
 ( -0.003462   0.000000    -0.001145   0.000000    -0.001266   0.000000   )
 (  0.000736   0.000000    -0.000291   0.000000    -0.002563   0.000000   )
 (  0.000291   0.000000    -0.000736   0.000000     0.002563   0.000000   )
 (  0.001145   0.000000     0.003462   0.000000     0.001266   0.000000   )
 (  0.000736   0.000000    -0.000291   0.000000     0.002563   0.000000   )
 (  0.000291   0.000000    -0.000736   0.000000    -0.002563   0.000000   )
 ( -0.127721   0.000000     0.127721   0.000000     0.000000   0.000000   )
 (  0.207369   0.000000    -0.206717   0.000000    -0.000000   0.000000   )
 (  0.135067   0.000000    -0.174358   0.000000     0.000000   0.000000   )
 ( -0.229847   0.000000     0.229847   0.000000    -0.000000   0.000000   )
 ( -0.154022   0.000000     0.154022   0.000000    -0.004165   0.000000   )
 (  0.224162   0.000000    -0.224162   0.000000    -0.000000   0.000000   )
 (  0.067875   0.000000    -0.067875   0.000000     0.000000   0.000000   )
 ( -0.213337   0.000000     0.213337   0.000000     0.007195   0.000000   )
 ( -0.213337   0.000000     0.213337   0.000000    -0.007195   0.000000   )
 ( -0.154022   0.000000     0.154022   0.000000     0.004165   0.000000   )
 (  0.174358   0.000000    -0.135067   0.000000     0.000000   0.000000   )
 (  0.206717   0.000000    -0.207369   0.000000    -0.000000   0.000000   )
 ( -0.219098   0.000000     0.219098   0.000000    -0.000000   0.000000   )
 (  0.224162   0.000000    -0.224162   0.000000     0.000000   0.000000   )
 (  0.067875   0.000000    -0.067875   0.000000     0.000000   0.000000   )
     freq (  117) =      13.849719 [THz] =     461.976883 [cm-1]
 ( -0.000000   0.000000     0.001516   0.000000    -0.019014   0.000000   )
 ( -0.000000   0.000000     0.000096   0.000000     0.018023   0.000000   )
 (  0.000096   0.000000    -0.000000   0.000000     0.018023   0.000000   )
 (  0.001516   0.000000    -0.000000   0.000000    -0.019014   0.000000   )
 ( -0.000000   0.000000    -0.001516   0.000000    -0.019014   0.000000   )
 ( -0.000000   0.000000    -0.000096   0.000000     0.018023   0.000000   )
 (  0.000000   0.000000    -0.001124   0.000000    -0.014049   0.000000   )
 (  0.000000   0.000000    -0.000301   0.000000     0.019030   0.000000   )
 ( -0.000301   0.000000     0.000000   0.000000     0.019030   0.000000   )
 ( -0.001124   0.000000     0.000000   0.000000    -0.014049   0.000000   )
 ( -0.000096   0.000000    -0.000000   0.000000     0.018023   0.000000   )
 ( -0.001516   0.000000    -0.000000   0.000000    -0.019014   0.000000   )
 (  0.000000   0.000000     0.001124   0.000000    -0.014049   0.000000   )
 (  0.000000   0.000000     0.000301   0.000000     0.019030   0.000000   )
 (  0.000301   0.000000     0.000000   0.000000     0.019030   0.000000   )
 (  0.001124   0.000000     0.000000   0.000000    -0.014049   0.000000   )
 (  0.000000   0.000000    -0.006660   0.000000     0.005375   0.000000   )
 ( -0.006660   0.000000     0.000000   0.000000     0.005375   0.000000   )
 (  0.000000   0.000000     0.006660   0.000000     0.005375   0.000000   )
 ( -0.000000   0.000000    -0.003255   0.000000     0.003113   0.000000   )
 ( -0.003255   0.000000    -0.000000   0.000000     0.003113   0.000000   )
 (  0.006660   0.000000     0.000000   0.000000     0.005375   0.000000   )
 ( -0.000000   0.000000     0.003255   0.000000     0.003113   0.000000   )
 (  0.003255   0.000000    -0.000000   0.000000     0.003113   0.000000   )
 (  0.000000   0.000000     0.000000   0.000000     0.277985   0.000000   )
 ( -0.000000   0.000000    -0.000000   0.000000    -0.262258   0.000000   )
 ( -0.000000   0.000000    -0.000000   0.000000     0.194479   0.000000   )
 (  0.000000   0.000000     0.000000   0.000000    -0.239600   0.000000   )
 (  0.022849   0.000000    -0.022849   0.000000     0.265134   0.000000   )
 (  0.014700   0.000000     0.014700   0.000000    -0.261341   0.000000   )
 ( -0.022849   0.000000    -0.022849   0.000000     0.265134   0.000000   )
 ( -0.014700   0.000000     0.014700   0.000000    -0.261341   0.000000   )
 (  0.014700   0.000000    -0.014700   0.000000    -0.261341   0.000000   )
 ( -0.022849   0.000000     0.022849   0.000000     0.265134   0.000000   )
 ( -0.000000   0.000000    -0.000000   0.000000     0.194479   0.000000   )
 ( -0.000000   0.000000    -0.000000   0.000000    -0.262258   0.000000   )
 (  0.000000   0.000000     0.000000   0.000000    -0.294032   0.000000   )
 ( -0.014700   0.000000    -0.014700   0.000000    -0.261341   0.000000   )
 (  0.022849   0.000000     0.022849   0.000000     0.265134   0.000000   )
 **************************************************************************
