     diagonalizing the dynamical matrix ...

 q =       0.0000      0.0000      0.0000
 **************************************************************************
     freq (    1) =      -0.883931 [THz] =     -29.484749 [cm-1]
 (  0.183205   0.000000    -0.017064   0.000000    -0.000000   0.000000   )
 ( -0.183205   0.000000     0.017064   0.000000    -0.000000   0.000000   )
 ( -0.192963   0.000000     0.007685   0.000000     0.001379   0.000000   )
 (  0.192963   0.000000    -0.007685   0.000000     0.001379   0.000000   )
 (  0.180477   0.000000    -0.015134   0.000000     0.000000   0.000000   )
 ( -0.180477   0.000000     0.015134   0.000000    -0.000000   0.000000   )
 (  0.162487   0.000000    -0.016810   0.000000     0.000000   0.000000   )
 ( -0.162487   0.000000     0.016810   0.000000    -0.000000   0.000000   )
 ( -0.194896   0.000000     0.028440   0.000000     0.001662   0.000000   )
 (  0.194896   0.000000    -0.028440   0.000000     0.001662   0.000000   )
 ( -0.194896   0.000000     0.028440   0.000000    -0.001662   0.000000   )
 (  0.194896   0.000000    -0.028440   0.000000    -0.001662   0.000000   )
 (  0.205901   0.000000    -0.019178   0.000000     0.000000   0.000000   )
 ( -0.205901   0.000000     0.019178   0.000000     0.000000   0.0
     Polarizability (A^3 units)
     multiply by 0.191077 for Clausius-Mossotti correction
       810.157200    0.000000    0.000000
         0.000000  810.157200    0.000000
         0.000000    0.000000  575.451102

     IR activities are in (D/A)^2/amu units
     Raman activities are in A^4/amu units
     multiply Raman by 0.036510 for Clausius-Mossotti correction

# mode   [cm-1]    [THz]      IR          Raman   depol.fact
    1    -29.48   -0.8839    0.0000         1.1478    0.7500
    2    -29.48   -0.8839    0.0000         1.1478    0.7500
    3     -0.00   -0.0000    0.0000         0.0000    0.7153
    4     -0.00   -0.0000    0.0000         0.0000    0.7310
    5      0.00    0.0000    0.0000         0.0000    0.6705
    6      0.87    0.0260   97.3781         0.0000    0.7470
    7      0.87    0.0260   97.3781         0.0000    0.7459
    8     33.25    0.9970   36.5992         0.0000    0.5519
    9     33.25    0.9970   36.5992         0.0000    0.7474
   10     40.98    1.2285    0.0000         0.1070    0.7500
   11     40.98    1.2285    0.0000         0.1070    0.7500
   12     42.69    1.2799   13.2300         0.0000    0.7367
   13     44.81    1.3435    0.0000         0.0000    0.7500
   14     47.52    1.4246   85.3189         0.0000    0.7454
   15     49.18    1.4743    0.0000         0.0518    0.7500
   16     49.18    1.4743    0.0000         0.0518    0.7500
   17     49.38    1.4805    0.0000         0.0000    0.7486
   18     54.66    1.6386    0.0000         0.0000    0.7494
   19     55.93    1.6767    0.0150         0.0000    0.7482
   20     55.93    1.6767    0.0150         0.0000    0.7492
   21     57.88    1.7351    0.1397         0.0000    0.7499
   22     57.88    1.7351    0.1397         0.0000    0.7481
   23     59.60    1.7869    0.0000         0.0000    0.7500
   24     64.23    1.9255    0.0130         0.0000    0.7500
   25     64.23    1.9255    0.0130         0.0000    0.7500
   26     64.59    1.9362    0.0000      1391.7968    0.7500
   27     64.59    1.9362    0.0000      1391.7968    0.7500
   28     66.27    1.9868    0.0000         0.0000    0.7500
   29     66.85    2.0040    0.0221         0.0000    0.7496
   30     69.90    2.0956    0.0000         0.0000    0.7500
   31     70.19    2.1041    0.0000         1.8243    0.7500
   32     70.19    2.1041    0.0000         1.8243    0.7500
   33     73.46    2.2023    0.0000         0.0000    0.5967
   34     73.47    2.2025    0.0000         0.0000    0.7283
   35     75.15    2.2529    0.0005         0.0000    0.7200
   36     75.15    2.2529    0.0005         0.0000    0.6702
   37     75.48    2.2628    0.0000         0.0272    0.0011
   38     76.01    2.2788    0.0000         0.0669    0.7500
   39     76.49    2.2931    0.0000         0.0870    0.7500
   40     76.49    2.2931    0.0000         0.0870    0.7500
   41     79.33    2.3782    0.0128         0.0000    0.7150
   42     79.33    2.3782    0.0128         0.0000    0.7495
   43     81.97    2.4575    0.0000         0.0015    0.0001
   44     85.76    2.5710    0.4599         0.0000    0.7398
   45     85.76    2.5710    0.4599         0.0000    0.7498
   46     89.34    2.6784    0.0047         0.0000    0.7456
   47     89.34    2.6784    0.0047         0.0000    0.7089
   48     94.98    2.8474    0.0000         0.0374    0.7500
   49     96.82    2.9027    0.0000         0.0116    0.0014
   50     97.49    2.9227    0.0000         0.0000    0.7500
   51     99.47    2.9821    0.0000         0.0000    0.2665
   52    100.11    3.0011    0.0508         0.0000    0.4822
   53    100.53    3.0137    0.0104         0.0000    0.7286
   54    100.53    3.0137    0.0104         0.0000    0.7496
   55    105.74    3.1699    0.0000         0.0000    0.7500
   56    106.64    3.1969    0.0000         0.0332    0.0016
   57    106.71    3.1990    0.0000         0.0000    0.4223
   58    115.66    3.4673    0.1690         0.0000    0.7113
   59    131.28    3.9357    0.0000         0.0000    0.2175
   60    131.63    3.9461    0.0141         0.0000    0.7469
   61    132.06    3.9591    0.0000         0.0144    0.7500
   62    132.06    3.9591    0.0000         0.0144    0.7500
   63    147.21    4.4132    0.0559         0.0000    0.1415
   64    147.21    4.4132    0.0559         0.0000    0.0031
   65    151.56    4.5438    0.0249         0.0000    0.0897
   66    151.56    4.5438    0.0249         0.0000    0.0100
   67    151.67    4.5470    0.0000         0.6559    0.0015
   68    152.58    4.5743    0.0000         0.0683    0.7500
   69    153.49    4.6017    0.0000         0.0057    0.7500
   70    153.49    4.6017    0.0000         0.0057    0.7500
   71    162.16    4.8614    0.0606         0.0000    0.0017
   72    162.47    4.8706    0.0000      2226.3518    0.0016
   73    227.62    6.8237    0.0000         0.0000    0.0248
   74    249.64    7.4841    0.0000         0.0000    0.6376
   75    250.57    7.5119    0.0000         0.0011    0.7500
   76    255.47    7.6589    0.0000         0.0000    0.0432
   77    256.61    7.6931  355.2325         0.0000    0.6174
   78    256.61    7.6931  355.2325         0.0000    0.6603
   79    261.20    7.8305    0.0000         0.0311    0.7500
   80    261.20    7.8305    0.0000         0.0311    0.7500
   81    288.13    8.6379    0.3701         0.0000    0.7272
   82    288.13    8.6379    0.3701         0.0000    0.7232
   83    289.59    8.6816    0.0000         0.8862    0.7500
   84    289.59    8.6816    0.0000         0.8862    0.7500
   85    317.70    9.5244    0.4161         0.0000    0.7387
   86    317.70    9.5244    0.4161         0.0000    0.7499
   87    329.73    9.8851    0.0000         0.0105    0.0042
   88    331.07    9.9251    0.0000         2.0109    0.7500
   89    337.48   10.1174    0.0000         0.0872    0.7500
   90    337.48   10.1174    0.0000         0.0872    0.7500
   91    341.54   10.2391    0.6342         0.0000    0.7500
   92    345.35   10.3534    0.0000         0.0000    0.7500
   93    351.30   10.5318    0.0000         0.0000    0.7500
   94    352.56   10.5695    0.0000     10214.0870    0.7500
   95    361.65   10.8420    0.0000         0.0000    0.7494
   96    362.69   10.8733    0.0000         0.0003    0.7500
   97    362.69   10.8733    0.0000         0.0003    0.7500
   98    365.36   10.9532    0.0000         0.0001    0.7500
   99    365.53   10.9582    0.1162         0.0000    0.7444
  100    365.53   10.9582    0.1162         0.0000    0.7500
  101    368.20   11.0384    0.0000         0.0000    0.6915
  102    373.66   11.2021  334.0145         0.0000    0.7499
  103    376.84   11.2974    0.0000         0.0000    0.7184
  104    385.87   11.5681    0.3608         0.0000    0.7379
  105    385.87   11.5681    0.3608         0.0000    0.7498
  106    390.05   11.6935    0.0000         0.4155    0.7500
  107    390.94   11.7201    0.0000         0.0037    0.0148
  108    397.31   11.9111    0.0000         2.1522    0.7500
  109    397.31   11.9111    0.0000         2.1522    0.7500
  110    406.11   12.1748    0.7524         0.0000    0.7498
  111    408.05   12.2330    0.0000         0.0000    0.7500
  112    420.78   12.6145    0.0000      2415.2982    0.7500
  113    420.78   12.6145    0.0000      2415.2982    0.7500
  114    421.81   12.6456    0.0152         0.0000    0.7500
  115    421.81   12.6456    0.0152         0.0000    0.7500
  116    445.01   13.3411    0.0000         0.0000    0.7498
  117    455.62   13.6591    0.0002         0.0000    0.7500
  118    471.03   14.1210    0.0000         0.0000    0.7500
  119    471.91   14.1476    0.0000         0.0003    0.0029
  120    492.46   14.7636    0.0000         0.0004    0.0032
 
     DYNMAT       :     12.49s CPU     12.71s WALL

 
   This run was terminated on:   1:43:10  25Aug2026            

=------------------------------------------------------------------------------=
   JOB DONE.
=------------------------------------------------------------------------------=
.003924   0.000000     0.000015   0.000000     0.158065   0.000000   )
 ( -0.003924   0.000000     0.000015   0.000000     0.158065   0.000000   )
     freq (    4) =      -0.000000 [THz] =      -0.000002 [cm-1]
 (  0.157245   0.000000     0.016085   0.000000     0.003902   0.000000   )
 (  0.157245   0.000000     0.016085   0.000000     0.003902   0.000000   )
 (  0.157245   0.000000     0.016085   0.000000     0.003902   0.000000   )
 (  0.157245   0.000000     0.016085   0.000000     0.003902   0.000000   )
 (  0.157245   0.000000     0.016085   0.000000     0.003902   0.000000   )
 (  0.157245   0.000000     0.016085   0.000000     0.003902   0.000000   )
 (  0.157245   0.000000     0.016085   0.000000     0.003902   0.000000   )
 (  0.157245   0.000000     0.016085   0.000000     0.003902   0.000000   )
 (  0.157245   0.000000     0.016085   0.000000     0.003902   0.000000   )
 (  0.157245   0.000000     0.016085   0.000000     0.003902   0.000000   )
 (  0.157245   0.000000     0.016085   0.000000     0.003902   0.000000   )
 (  0.157245   0.000000     0.016085   0.000000     0.003902   0.000000   )
 (  0.157245   0.000000     0.016085   0.000000     0.003902   0.000000   )
 (  0.157245   0.000000     0.016085   0.000000     0.003902   0.000000   )
 (  0.157245   0.000000     0.016085   0.000000     0.003902   0.000000   )
 (  0.157245   0.000000     0.016085   0.000000     0.003902   0.000000   )
 (  0.157245   0.000000     0.016085   0.000000     0.003902   0.000000   )
 (  0.157245   0.000000     0.016085   0.000000     0.003902   0.000000   )
 (  0.157245   0.000000     0.016085   0.000000     0.003902   0.000000   )
 (  0.157245   0.000000     0.016085   0.000000     0.003902   0.000000   )
 (  0.157245   0.000000     0.016085   0.000000     0.003902   0.000000   )
 (  0.157245   0.000000     0.016085   0.000000     0.003902   0.000000   )
 (  0.157245   0.000000     0.016085   0.000000     0.003902   0.000000   )
 (  0.157245   0.000000     0.016085   0.000000     0.003902   0.000000   )
 (  0.157245   0.000000     0.016085   0.000000     0.003902   0.000000   )
 (  0.157245   0.000000     0.016085   0.000000     0.003902   0.000000   )
 (  0.157245   0.000000     0.016085   0.000000     0.003902   0.000000   )
 (  0.157245   0.000000     0.016085   0.000000     0.003902   0.000000   )
 (  0.157245   0.000000     0.016085   0.000000     0.003902   0.000000   )
 (  0.157245   0.000000     0.016085   0.000000     0.003902   0.000000   )
 (  0.157245   0.000000     0.016085   0.000000     0.003902   0.000000   )
 (  0.157245   0.000000     0.016085   0.000000     0.003902   0.000000   )
 (  0.157245   0.000000     0.016085   0.000000     0.003902   0.000000   )
 (  0.157245   0.000000     0.016085   0.000000     0.003902   0.000000   )
 (  0.157245   0.000000     0.016085   0.000000     0.003902   0.000000   )
 (  0.157245   0.000000     0.016085   0.000000     0.003902   0.000000   )
 (  0.157245   0.000000     0.016085   0.000000     0.003902   0.000000   )
 (  0.157245   0.000000     0.016085   0.000000     0.003902   0.000000   )
 (  0.157245   0.000000     0.016085   0.000000     0.003902   0.000000   )
 (  0.157245   0.000000     0.016085   0.000000     0.003902   0.000000   )
     freq (    5) =       0.000000 [THz] =       0.000002 [cm-1]
 (  0.016080   0.000000    -0.157294   0.000000     0.000414   0.000000   )
 (  0.016080   0.000000    -0.157294   0.000000     0.000414   0.000000   )
 (  0.016080   0.000000    -0.157294   0.000000     0.000414   0.000000   )
 (  0.016080   0.000000    -0.157294   0.000000     0.000414   0.000000   )
 (  0.016080   0.000000    -0.157294   0.000000     0.000414   0.000000   )
 (  0.016080   0.000000    -0.157294   0.000000     0.000414   0.000000   )
 (  0.016080   0.000000    -0.157294   0.000000     0.000414   0.000000   )
 (  0.016080   0.000000    -0.157294   0.000000     0.000414   0.000000   )
 (  0.016080   0.000000    -0.157294   0.000000     0.000414   0.000000   )
 (  0.016080   0.000000    -0.157294   0.000000     0.000414   0.000000   )
 (  0.016080   0.000000    -0.157294   0.000000     0.000414   0.000000   )
 (  0.016080   0.000000    -0.157294   0.000000     0.000414   0.000000   )
 (  0.016080   0.000000    -0.157294   0.000000     0.000414   0.000000   )
 (  0.016080   0.000000    -0.157294   0.000000     0.000414   0.000000   )
 (  0.016080   0.000000    -0.157294   0.000000     0.000414   0.000000   )
 (  0.016080   0.000000    -0.157294   0.000000     0.000414   0.000000   )
 (  0.016080   0.000000    -0.157294   0.000000     0.000414   0.000000   )
 (  0.016080   0.000000    -0.157294   0.000000     0.000414   0.000000   )
 (  0.016080   0.000000    -0.157294   0.000000     0.000414   0.000000   )
 (  0.016080   0.000000    -0.157294   0.000000     0.000414   0.000000   )
 (  0.016080   0.000000    -0.157294   0.000000     0.000414   0.000000   )
 (  0.016080   0.000000    -0.157294   0.000000     0.000414   0.000000   )
 (  0.016080   0.000000    -0.157294   0.000000     0.000414   0.000000   )
 (  0.016080   0.000000    -0.157294   0.000000     0.000414   0.000000   )
 (  0.016080   0.000000    -0.157294   0.000000     0.000414   0.000000   )
 (  0.016080   0.000000    -0.157294   0.000000     0.000414   0.000000   )
 (  0.016080   0.000000    -0.157294   0.000000     0.000414   0.000000   )
 (  0.016080   0.000000    -0.157294   0.000000     0.000414   0.000000   )
 (  0.016080   0.000000    -0.157294   0.000000     0.000414   0.000000   )
 (  0.016080   0.000000    -0.157294   0.000000     0.000414   0.000000   )
 (  0.016080   0.000000    -0.157294   0.000000     0.000414   0.000000   )
 (  0.016080   0.000000    -0.157294   0.000000     0.000414   0.000000   )
 (  0.016080   0.000000    -0.157294   0.000000     0.000414   0.000000   )
 (  0.016080   0.000000    -0.157294   0.000000     0.000414   0.000000   )
 (  0.016080   0.000000    -0.157294   0.000000     0.000414   0.000000   )
 (  0.016080   0.000000    -0.157294   0.000000     0.000414   0.000000   )
 (  0.016080   0.000000    -0.157294   0.000000     0.000414   0.000000   )
 (  0.016080   0.000000    -0.157294   0.000000     0.000414   0.000000   )
 (  0.016080   0.000000    -0.157294   0.000000     0.000414   0.000000   )
 (  0.016080   0.000000    -0.157294   0.000000     0.000414   0.000000   )
     freq (    6) =       0.025969 [THz] =       0.866223 [cm-1]
 ( -0.034004   0.000000    -0.006161   0.000000     0.000000   0.000000   )
 ( -0.034004   0.000000    -0.006161   0.000000     0.000000   0.000000   )
 ( -0.097613   0.000000    -0.026836   0.000000     0.007104   0.000000   )
 ( -0.097613   0.000000    -0.026836   0.000000    -0.007104   0.000000   )
 ( -0.010840   0.000000    -0.002276   0.000000     0.000000   0.000000   )
 ( -0.010840   0.000000    -0.002276   0.000000     0.000000   0.000000   )
 ( -0.012561   0.000000    -0.001964   0.000000     0.000000   0.000000   )
 ( -0.012561   0.000000    -0.001964   0.000000     0.000000   0.000000   )
 ( -0.094184   0.000000    -0.007914   0.000000     0.004925   0.000000   )
 ( -0.094184   0.000000    -0.007914   0.000000    -0.004925   0.000000   )
 ( -0.094184   0.000000    -0.007914   0.000000    -0.004925   0.000000   )
 ( -0.094184   0.000000    -0.007914   0.000000     0.004925   0.000000   )
 ( -0.014117   0.000000    -0.002558   0.000000     0.000000   0.000000   )
 ( -0.014117   0.000000    -0.002558   0.000000     0.000000   0.000000   )
 ( -0.097613   0.000000    -0.026836   0.000000    -0.007104   0.000000   )
 ( -0.097613   0.000000    -0.026836   0.000000     0.007104   0.000000   )
 (  0.427712   0.000000     0.077492   0.000000     0.000000   0.000000   )
 (  0.117050   0.000000     0.020538   0.000000     0.000000   0.000000   )
 (  0.493140   0.000000     0.078106   0.000000     0.000000   0.000000   )
 (  0.431096   0.000000     0.089347   0.000000     0.000000   0.000000   )
 (  0.117301   0.000000     0.021921   0.000000     0.000000   0.000000   )
 (  0.117301   0.000000     0.021921   0.000000     0.000000   0.000000   )
 (  0.419362   0.000000     0.075980   0.000000     0.000000   0.000000   )
 (  0.117050   0.000000     0.020538   0.000000     0.000000   0.000000   )
 (  0.056902   0.000000     0.005481   0.000000     0.000833   0.000000   )
 (  0.056902   0.000000     0.005481   0.000000     0.000833   0.000000   )
 (  0.056902   0.000000     0.005481   0.000000    -0.000833   0.000000   )
 (  0.056902   0.000000     0.005481   0.000000    -0.000833   0.000000   )
 (  0.030251   0.000000     0.010309   0.000000    -0.004596   0.000000   )
 (  0.030251   0.000000     0.010309   0.000000    -0.004596   0.000000   )
 (  0.030251   0.000000     0.010309   0.000000     0.004596   0.000000   )
 (  0.030251   0.000000     0.010309   0.000000     0.004596   0.000000   )
 (  0.047347   0.000000     0.013423   0.000000     0.000732   0.000000   )
 (  0.047347   0.000000     0.013423   0.000000    -0.000732   0.000000   )
 (  0.074090   0.000000     0.008578   0.000000    -0.000133   0.000000   )
 (  0.074090   0.000000     0.008578   0.000000     0.000133   0.000000   )
 (  0.074090   0.000000     0.008578   0.000000     0.000133   0.000000   )
 (  0.074090   0.000000     0.008578   0.000000    -0.000133   0.000000   )
 (  0.047347   0.000000     0.013423   0.000000    -0.000732   0.000000   )
 (  0.047347   0.000000     0.013423   0.000000     0.000732   0.000000   )
     freq (    7) =       0.025969 [THz] =       0.866223 [cm-1]
 ( -0.006161   0.000000     0.034004   0.000000    -0.000000   0.000000   )
 ( -0.006161   0.000000     0.034004   0.000000    -0.000000   0.000000   )
 ( -0.007914   0.000000     0.094184   0.000000    -0.004925   0.000000   )
 ( -0.007914   0.000000     0.094184   0.000000     0.004925   0.000000   )
 ( -0.001964   0.000000     0.012561   0.000000    -0.000000   0.000000   )
 ( -0.001964   0.000000     0.012561   0.000000    -0.000000   0.000000   )
 ( -0.002276   0.000000     0.010840   0.000000    -0.000000   0.000000   )
 ( -0.002276   0.000000     0.010840   0.000000    -0.000000   0.000000   )
 ( -0.026836   0.000000     0.097613   0.000000     0.007104   0.000000   )
 ( -0.026836   0.000000     0.097613   0.000000    -0.007104   0.000000   )
 ( -0.026836   0.000000     0.097613   0.000000    -0.007104   0.000000   )
 ( -0.026836   0.000000     0.097613   0.000000     0.007104   0.000000   )
 ( -0.002558   0.000000     0.014117   0.000000    -0.000000   0.000000   )
 ( -0.002558   0.000000     0.014117   0.000000    -0.000000   0.000000   )
 ( -0.007914   0.000000     0.094184   0.000000     0.004925   0.000000   )
 ( -0.007914   0.000000     0.094184   0.000000    -0.004925   0.000000   )
 (  0.077492   0.000000    -0.427712   0.000000    -0.000000   0.000000   )
 (  0.021921   0.000000    -0.117301   0.000000    -0.000000   0.000000   )
 (  0.089347   0.000000    -0.431096   0.000000    -0.000000   0.000000   )
 (  0.078106   0.000000    -0.493140   0.000000    -0.000000   0.000000   )
 (  0.020538   0.000000    -0.117050   0.000000    -0.000000   0.000000   )
 (  0.020538   0.000000    -0.117050   0.000000    -0.000000   0.000000   )
 (  0.075980   0.000000    -0.419362   0.000000    -0.000000   0.000000   )
 (  0.021921   0.000000    -0.117301   0.000000    -0.000000   0.000000   )
 (  0.010309   0.000000    -0.030251   0.000000    -0.004596   0.000000   )
 (  0.010309   0.000000    -0.030251   0.000000    -0.004596   0.000000   )
 (  0.010309   0.000000    -0.030251   0.000000     0.004596   0.000000   )
 (  0.010309   0.000000    -0.030251   0.000000     0.004596   0.000000   )
 (  0.005481   0.000000    -0.056902   0.000000    -0.000833   0.000000   )
 (  0.005481   0.000000    -0.056902   0.000000    -0.000833   0.000000   )
 (  0.005481   0.000000    -0.056902   0.000000     0.000833   0.000000   )
 (  0.005481   0.000000    -0.056902   0.000000     0.000833   0.000000   )
 (  0.008578   0.000000    -0.074090   0.000000     0.000133   0.000000   )
 (  0.008578   0.000000    -0.074090   0.000000    -0.000133   0.000000   )
 (  0.013423   0.000000    -0.047347   0.000000     0.000732   0.000000   )
 (  0.013423   0.000000    -0.047347   0.000000    -0.000732   0.000000   )
 (  0.013423   0.000000    -0.047347   0.000000    -0.000732   0.000000   )
 (  0.013423   0.000000    -0.047347   0.000000     0.000732   0.000000   )
 (  0.008578   0.000000    -0.074090   0.000000    -0.000133   0.000000   )
 (  0.008578   0.000000    -0.074090   0.000000     0.000133   0.000000   )
     freq (    8) =       0.996951 [THz] =      33.254717 [cm-1]
 (  0.083846   0.000000    -0.010016   0.000000     0.000000   0.000000   )
 (  0.083846   0.000000    -0.010016   0.000000     0.000000   0.000000   )
 ( -0.029375   0.000000     0.004375   0.000000    -0.000160   0.000000   )
 ( -0.029375   0.000000     0.004375   0.000000     0.000160   0.000000   )
 (  0.111960   0.000000    -0.010198   0.000000    -0.000000   0.000000   )
 (  0.111960   0.000000    -0.010198   0.000000     0.000000   0.000000   )
 (  0.085362   0.000000    -0.013375   0.000000    -0.000000   0.000000   )
 (  0.085362   0.000000    -0.013375   0.000000     0.000000   0.000000   )
 ( -0.029165   0.000000     0.002618   0.000000    -0.000203   0.000000   )
 ( -0.029165   0.000000     0.002618   0.000000     0.000203   0.000000   )
 ( -0.029165   0.000000     0.002618   0.000000     0.000203   0.000000   )
 ( -0.029165   0.000000     0.002618   0.000000    -0.000203   0.000000   )
 (  0.117417   0.000000    -0.014027   0.000000     0.000000   0.000000   )
 (  0.117417   0.000000    -0.014027   0.000000    -0.000000   0.000000   )
 ( -0.029375   0.000000     0.004375   0.000000     0.000160   0.000000   )
 ( -0.029375   0.000000     0.004375   0.000000    -0.000160   0.000000   )
 (  0.058318   0.000000    -0.006967   0.000000    -0.000000   0.000000   )
 ( -0.451902   0.000000     0.052989   0.000000    -0.000000   0.000000   )
 (  0.134212   0.000000    -0.015774   0.000000    -0.000000   0.000000   )
 (  0.132044   0.000000    -0.016033   0.000000    -0.000000   0.000000   )
 ( -0.452143   0.000000     0.055010   0.000000    -0.000000   0.000000   )
 ( -0.452143   0.000000     0.055010   0.000000    -0.000000   0.000000   )
 (  0.108262   0.000000    -0.012933   0.000000    -0.000000   0.000000   )
 ( -0.451902   0.000000     0.052989   0.000000    -0.000000   0.000000   )
 ( -0.010890   0.000000     0.008658   0.000000    -0.000148   0.000000   )
 ( -0.010890   0.000000     0.008658   0.000000    -0.000148   0.000000   )
 ( -0.010890   0.000000     0.008658   0.000000     0.000148   0.000000   )
 ( -0.010890   0.000000     0.008658   0.000000     0.000148   0.000000   )
 ( -0.072472   0.000000     0.001301   0.000000    -0.001240   0.000000   )
 ( -0.072472   0.000000     0.001301   0.000000    -0.001240   0.000000   )
 ( -0.072472   0.000000     0.001301   0.000000     0.001240   0.000000   )
 ( -0.072472   0.000000     0.001301   0.000000     0.001240   0.000000   )
 ( -0.042117   0.000000     0.001937   0.000000     0.008428   0.000000   )
 ( -0.042117   0.000000     0.001937   0.000000    -0.008428   0.000000   )
 ( -0.016212   0.000000     0.005031   0.000000     0.001007   0.000000   )
 ( -0.016212   0.000000     0.005031   0.000000    -0.001007   0.000000   )
 ( -0.016212   0.000000     0.005031   0.000000    -0.001007   0.000000   )
 ( -0.016212   0.000000     0.005031   0.000000     0.001007   0.000000   )
 ( -0.042117   0.000000     0.001937   0.000000    -0.008428   0.000000   )
 ( -0.042117   0.000000     0.001937   0.000000     0.008428   0.000000   )
     freq (    9) =       0.996951 [THz] =      33.254717 [cm-1]
 ( -0.010016   0.000000    -0.083846   0.000000    -0.000000   0.000000   )
 ( -0.010016   0.000000    -0.083846   0.000000    -0.000000   0.000000   )
 (  0.002618   0.000000     0.029165   0.000000     0.000203   0.000000   )
 (  0.002618   0.000000     0.029165   0.000000    -0.000203   0.000000   )
 ( -0.013375   0.000000    -0.085362   0.000000     0.000000   0.000000   )
 ( -0.013375   0.000000    -0.085362   0.000000     0.000000   0.000000   )
 ( -0.010198   0.000000    -0.111960   0.000000    -0.000000   0.000000   )
 ( -0.010198   0.000000    -0.111960   0.000000     0.000000   0.000000   )
 (  0.004375   0.000000     0.029375   0.000000    -0.000160   0.000000   )
 (  0.004375   0.000000     0.029375   0.000000     0.000160   0.000000   )
 (  0.004375   0.000000     0.029375   0.000000     0.000160   0.000000   )
 (  0.004375   0.000000     0.029375   0.000000    -0.000160   0.000000   )
 ( -0.014027   0.000000    -0.117417   0.000000     0.000000   0.000000   )
 ( -0.014027   0.000000    -0.117417   0.000000     0.000000   0.000000   )
 (  0.002618   0.000000     0.029165   0.000000    -0.000203   0.000000   )
 (  0.002618   0.000000     0.029165   0.000000     0.000203   0.000000   )
 ( -0.006967   0.000000    -0.058318   0.000000    -0.000000   0.000000   )
 (  0.055010   0.000000     0.452143   0.000000    -0.000000   0.000000   )
 ( -0.016033   0.000000    -0.132044   0.000000    -0.000000   0.000000   )
 ( -0.015774   0.000000    -0.134212   0.000000    -0.000000   0.000000   )
 (  0.052989   0.000000     0.451902   0.000000    -0.000000   0.000000   )
 (  0.052989   0.000000     0.451902   0.000000    -0.000000   0.000000   )
 ( -0.012933   0.000000    -0.108262   0.000000    -0.000000   0.000000   )
 (  0.055010   0.000000     0.452143   0.000000    -0.000000   0.000000   )
 (  0.001301   0.000000     0.072472   0.000000    -0.001240   0.000000   )
 (  0.001301   0.000000     0.072472   0.000000    -0.001240   0.000000   )
 (  0.001301   0.000000     0.072472   0.000000     0.001240   0.000000   )
 (  0.001301   0.000000     0.072472   0.000000     0.001240   0.000000   )
 (  0.008658   0.000000     0.010890   0.000000     0.000148   0.000000   )
 (  0.008658   0.000000     0.010890   0.000000     0.000148   0.000000   )
 (  0.008658   0.000000     0.010890   0.000000    -0.000148   0.000000   )
 (  0.008658   0.000000     0.010890   0.000000    -0.000148   0.000000   )
 (  0.005031   0.000000     0.016212   0.000000    -0.001007   0.000000   )
 (  0.005031   0.000000     0.016212   0.000000     0.001007   0.000000   )
 (  0.001937   0.000000     0.042117   0.000000     0.008428   0.000000   )
 (  0.001937   0.000000     0.042117   0.000000    -0.008428   0.000000   )
 (  0.001937   0.000000     0.042117   0.000000    -0.008428   0.000000   )
 (  0.001937   0.000000     0.042117   0.000000     0.008428   0.000000   )
 (  0.005031   0.000000     0.016212   0.000000     0.001007   0.000000   )
 (  0.005031   0.000000     0.016212   0.000000    -0.001007   0.000000   )
     freq (   10) =       1.228513 [THz] =      40.978798 [cm-1]
 ( -0.342083   0.000000     0.024341   0.000000    -0.000000   0.000000   )
 (  0.342083   0.000000    -0.024341   0.000000    -0.000000   0.000000   )
 (  0.011180   0.000000     0.000553   0.000000    -0.008589   0.000000   )
 ( -0.011180   0.000000    -0.000553   0.000000    -0.008589   0.000000   )
 (  0.343056   0.000000     0.025245   0.000000     0.000000   0.000000   )
 ( -0.343056   0.000000    -0.025245   0.000000     0.000000   0.000000   )
 ( -0.354780   0.000000    -0.024411   0.000000     0.000000   0.000000   )
 (  0.354780   0.000000     0.024411   0.000000    -0.000000   0.000000   )
 (  0.011373   0.000000    -0.002158   0.000000    -0.009905   0.000000   )
 ( -0.011373   0.000000     0.002158   0.000000    -0.009905   0.000000   )
 (  0.011373   0.000000    -0.002158   0.000000     0.009905   0.000000   )
 ( -0.011373   0.000000     0.002158   0.000000     0.009905   0.000000   )
 (  0.327082   0.000000    -0.023274   0.000000     0.000000   0.000000   )
 ( -0.327082   0.000000     0.023274   0.000000     0.000000   0.000000   )
 (  0.011180   0.000000     0.000553   0.000000     0.008589   0.000000   )
 ( -0.011180   0.000000    -0.000553   0.000000     0.008589   0.000000   )
 ( -0.000000   0.000000     0.000000   0.000000    -0.000000   0.000000   )
 ( -0.000000   0.000000     0.000000   0.000000     0.018355   0.000000   )
 ( -0.000000   0.000000    -0.000000   0.000000    -0.000000   0.000000   )
 (  0.000000   0.000000    -0.000000   0.000000    -0.000000   0.000000   )
 ( -0.000000   0.000000     0.000000   0.000000     0.021167   0.000000   )
 ( -0.000000   0.000000     0.000000   0.000000    -0.021167   0.000000   )
 (  0.000000   0.000000     0.000000   0.000000     0.000000   0.000000   )
 ( -0.000000   0.000000     0.000000   0.000000    -0.018355   0.000000   )
 (  0.005080   0.000000     0.006009   0.000000     0.000199   0.000000   )
 ( -0.005080   0.000000    -0.006009   0.000000    -0.000199   0.000000   )
 (  0.005080   0.000000     0.006009   0.000000    -0.000199   0.000000   )
 ( -0.005080   0.000000    -0.006009   0.000000     0.000199   0.000000   )
 ( -0.084447   0.000000    -0.000361   0.000000     0.002791   0.000000   )
 (  0.084447   0.000000     0.000361   0.000000    -0.002791   0.000000   )
 ( -0.084447   0.000000    -0.000361   0.000000    -0.002791   0.000000   )
 (  0.084447   0.000000     0.000361   0.000000     0.002791   0.000000   )
 ( -0.082070   0.000000    -0.000741   0.000000    -0.011504   0.000000   )
 (  0.082070   0.000000     0.000741   0.000000    -0.011504   0.000000   )
 ( -0.010418   0.000000    -0.005840   0.000000     0.000819   0.000000   )
 (  0.010418   0.000000     0.005840   0.000000     0.000819   0.000000   )
 ( -0.010418   0.000000    -0.005840   0.000000    -0.000819   0.000000   )
 (  0.010418   0.000000     0.005840   0.000000    -0.000819   0.000000   )
 ( -0.082070   0.000000    -0.000741   0.000000     0.011504   0.000000   )
 (  0.082070   0.000000     0.000741   0.000000     0.011504   0.000000   )
     freq (   11) =       1.228513 [THz] =      40.978798 [cm-1]
 (  0.024341   0.000000     0.342083   0.000000     0.000000   0.000000   )
 ( -0.024341   0.000000    -0.342083   0.000000     0.000000   0.000000   )
 ( -0.002158   0.000000    -0.011373   0.000000     0.009905   0.000000   )
 (  0.002158   0.000000     0.011373   0.000000     0.009905   0.000000   )
 ( -0.024411   0.000000     0.354780   0.000000    -0.000000   0.000000   )
 (  0.024411   0.000000    -0.354780   0.000000     0.000000   0.000000   )
 (  0.025245   0.000000    -0.343056   0.000000     0.000000   0.000000   )
 ( -0.025245   0.000000     0.343056   0.000000    -0.000000   0.000000   )
 (  0.000553   0.000000    -0.011180   0.000000    -0.008589   0.000000   )
 ( -0.000553   0.000000     0.011180   0.000000    -0.008589   0.000000   )
 (  0.000553   0.000000    -0.011180   0.000000     0.008589   0.000000   )
 ( -0.000553   0.000000     0.011180   0.000000     0.008589   0.000000   )
 ( -0.023274   0.000000    -0.327082   0.000000    -0.000000   0.000000   )
 (  0.023274   0.000000     0.327082   0.000000    -0.000000   0.000000   )
 ( -0.002158   0.000000    -0.011373   0.000000    -0.009905   0.000000   )
 (  0.002158   0.000000     0.011373   0.000000    -0.009905   0.000000   )
 ( -0.000000   0.000000    -0.000000   0.000000     0.000000   0.000000   )
 (  0.000000   0.000000     0.000000   0.000000    -0.021167   0.000000   )
 ( -0.000000   0.000000    -0.000000   0.000000     0.000000   0.000000   )
 ( -0.000000   0.000000     0.000000   0.000000     0.000000   0.000000   )
 (  0.000000   0.000000     0.000000   0.000000     0.018355   0.000000   )
 (  0.000000   0.000000     0.000000   0.000000    -0.018355   0.000000   )
 ( -0.000000   0.000000    -0.000000   0.000000    -0.000000   0.000000   )
 (  0.000000   0.000000     0.000000   0.000000     0.021167   0.000000   )
 ( -0.000361   0.000000     0.084447   0.000000     0.002791   0.000000   )
 (  0.000361   0.000000    -0.084447   0.000000    -0.002791   0.000000   )
 ( -0.000361   0.000000     0.084447   0.000000    -0.002791   0.000000   )
 (  0.000361   0.000000    -0.084447   0.000000     0.002791   0.000000   )
 (  0.006009   0.000000    -0.005080   0.000000    -0.000199   0.000000   )
 ( -0.006009   0.000000     0.005080   0.000000     0.000199   0.000000   )
 (  0.006009   0.000000    -0.005080   0.000000     0.000199   0.000000   )
 ( -0.006009   0.000000     0.005080   0.000000    -0.000199   0.000000   )
 (  0.005840   0.000000    -0.010418   0.000000     0.000819   0.000000   )
 ( -0.005840   0.000000     0.010418   0.000000     0.000819   0.000000   )
 (  0.000741   0.000000    -0.082070   0.000000     0.011504   0.000000   )
 ( -0.000741   0.000000     0.082070   0.000000     0.011504   0.000000   )
 (  0.000741   0.000000    -0.082070   0.000000    -0.011504   0.000000   )
 ( -0.000741   0.000000     0.082070   0.000000    -0.011504   0.000000   )
 (  0.005840   0.000000    -0.010418   0.000000    -0.000819   0.000000   )
 ( -0.005840   0.000000     0.010418   0.000000    -0.000819   0.000000   )
     freq (   12) =       1.279912 [THz] =      42.693262 [cm-1]
 (  0.000000   0.000000     0.000000   0.000000    -0.216456   0.000000   )
 ( -0.000000   0.000000    -0.000000   0.000000    -0.216456   0.000000   )
 ( -0.107875   0.000000    -0.107875   0.000000     0.030952   0.000000   )
 (  0.107875   0.000000     0.107875   0.000000     0.030952   0.000000   )
 ( -0.000000   0.000000     0.000000   0.000000     0.031358   0.000000   )
 (  0.000000   0.000000    -0.000000   0.000000     0.031358   0.000000   )
 (  0.000000   0.000000    -0.000000   0.000000     0.031358   0.000000   )
 ( -0.000000   0.000000     0.000000   0.000000     0.031358   0.000000   )
 ( -0.107875   0.000000     0.107875   0.000000     0.030952   0.000000   )
 (  0.107875   0.000000    -0.107875   0.000000     0.030952   0.000000   )
 (  0.107875   0.000000    -0.107875   0.000000     0.030952   0.000000   )
 ( -0.107875   0.000000     0.107875   0.000000     0.030952   0.000000   )
 ( -0.000000   0.000000    -0.000000   0.000000     0.273160   0.000000   )
 (  0.000000   0.000000     0.000000   0.000000     0.273160   0.000000   )
 (  0.107875   0.000000     0.107875   0.000000     0.030952   0.000000   )
 ( -0.107875   0.000000    -0.107875   0.000000     0.030952   0.000000   )
 ( -0.000000   0.000000    -0.000000   0.000000    -0.509324   0.000000   )
 ( -0.000000   0.000000    -0.000000   0.000000    -0.144457   0.000000   )
 ( -0.000000   0.000000     0.000000   0.000000    -0.151993   0.000000   )
 ( -0.000000   0.000000     0.000000   0.000000    -0.151993   0.000000   )
 ( -0.000000   0.000000    -0.000000   0.000000    -0.144457   0.000000   )
 (  0.000000   0.000000    -0.000000   0.000000    -0.144457   0.000000   )
 ( -0.000000   0.000000    -0.000000   0.000000     0.225653   0.000000   )
 (  0.000000   0.000000    -0.000000   0.000000    -0.144457   0.000000   )
 ( -0.000000   0.000000     0.037883   0.000000    -0.105685   0.000000   )
 (  0.000000   0.000000     0.037883   0.000000    -0.105685   0.000000   )
 ( -0.000000   0.000000    -0.037883   0.000000    -0.105685   0.000000   )
 (  0.000000   0.000000    -0.037883   0.000000    -0.105685   0.000000   )
 ( -0.037883   0.000000    -0.000000   0.000000    -0.105685   0.000000   )
 ( -0.037883   0.000000    -0.000000   0.000000    -0.105685   0.000000   )
 (  0.037883   0.000000    -0.000000   0.000000    -0.105685   0.000000   )
 (  0.037883   0.000000    -0.000000   0.000000    -0.105685   0.000000   )
 ( -0.037124   0.000000    -0.000000   0.000000     0.030428   0.000000   )
 (  0.037124   0.000000    -0.000000   0.000000     0.030428   0.000000   )
 (  0.000000   0.000000     0.037124   0.000000     0.030428   0.000000   )
 ( -0.000000   0.000000    -0.037124   0.000000     0.030428   0.000000   )
 (  0.000000   0.000000    -0.037124   0.000000     0.030428   0.000000   )
 ( -0.000000   0.000000     0.037124   0.000000     0.030428   0.000000   )
 (  0.037124   0.000000    -0.000000   0.000000     0.030428   0.000000   )
 ( -0.037124   0.000000    -0.000000   0.000000     0.030428   0.000000   )
     freq (   13) =       1.343481 [THz] =      44.813711 [cm-1]
 (  0.000000   0.000000    -0.000000   0.000000     0.000000   0.000000   )
 ( -0.000000   0.000000     0.000000   0.000000     0.000000   0.000000   )
 (  0.111444   0.000000    -0.111444   0.000000    -0.000000   0.000000   )
 ( -0.111444   0.000000     0.111444   0.000000    -0.000000   0.000000   )
 (  0.000000   0.000000    -0.000000   0.000000     0.256561   0.000000   )
 ( -0.000000   0.000000     0.000000   0.000000     0.256561   0.000000   )
 ( -0.000000   0.000000     0.000000   0.000000    -0.256561   0.000000   )
 (  0.000000   0.000000     0.000000   0.000000    -0.256561   0.000000   )
 (  0.111444   0.000000     0.111444   0.000000    -0.000000   0.000000   )
 ( -0.111444   0.000000    -0.111444   0.000000    -0.000000   0.000000   )
 ( -0.111444   0.000000    -0.111444   0.000000     0.000000   0.000000   )
 (  0.111444   0.000000     0.111444   0.000000     0.000000   0.000000   )
 ( -0.000000   0.000000     0.000000   0.000000    -0.000000   0.000000   )
 (  0.000000   0.000000     0.000000   0.000000    -0.000000   0.000000   )
 ( -0.111444   0.000000     0.111444   0.000000     0.000000   0.000000   )
 (  0.111444   0.000000    -0.111444   0.000000     0.000000   0.000000   )
 (  0.000000   0.000000     0.000000   0.000000     0.000000   0.000000   )
 ( -0.000000   0.000000    -0.000000   0.000000     0.000000   0.000000   )
 ( -0.000000   0.000000     0.000000   0.000000     0.459881   0.000000   )
 ( -0.000000   0.000000     0.000000   0.000000    -0.459881   0.000000   )
 (  0.000000   0.000000     0.000000   0.000000     0.000000   0.000000   )
 ( -0.000000   0.000000     0.000000   0.000000     0.000000   0.000000   )
 ( -0.000000   0.000000     0.000000   0.000000    -0.000000   0.000000   )
 ( -0.000000   0.000000    -0.000000   0.000000     0.000000   0.000000   )
 (  0.000000   0.000000     0.035026   0.000000     0.080368   0.000000   )
 ( -0.000000   0.000000     0.035026   0.000000     0.080368   0.000000   )
 (  0.000000   0.000000    -0.035026   0.000000     0.080368   0.000000   )
 ( -0.000000   0.000000    -0.035026   0.000000     0.080368   0.000000   )
 (  0.035026   0.000000    -0.000000   0.000000    -0.080368   0.000000   )
 (  0.035026   0.000000    -0.000000   0.000000    -0.080368   0.000000   )
 ( -0.035026   0.000000     0.000000   0.000000    -0.080368   0.000000   )
 ( -0.035026   0.000000     0.000000   0.000000    -0.080368   0.000000   )
 (  0.032448   0.000000     0.000000   0.000000     0.075082   0.000000   )
 ( -0.032448   0.000000    -0.000000   0.000000     0.075082   0.000000   )
 ( -0.000000   0.000000     0.032448   0.000000    -0.075082   0.000000   )
 (  0.000000   0.000000    -0.032448   0.000000    -0.075082   0.000000   )
 ( -0.000000   0.000000    -0.032448   0.000000    -0.075082   0.000000   )
 (  0.000000   0.000000     0.032448   0.000000    -0.075082   0.000000   )
 ( -0.032448   0.000000     0.000000   0.000000     0.075082   0.000000   )
 (  0.032448   0.000000     0.000000   0.000000     0.075082   0.000000   )
     freq (   14) =       1.424613 [THz] =      47.519963 [cm-1]
 (  0.000000   0.000000     0.000000   0.000000    -0.143427   0.000000   )
 ( -0.000000   0.000000    -0.000000   0.000000    -0.143427   0.000000   )
 ( -0.033481   0.000000    -0.033481   0.000000    -0.063365   0.000000   )
 (  0.033481   0.000000     0.033481   0.000000    -0.063365   0.000000   )
 (  0.000000   0.000000    -0.000000   0.000000    -0.067832   0.000000   )
 ( -0.000000   0.000000     0.000000   0.000000    -0.067832   0.000000   )
 ( -0.000000   0.000000     0.000000   0.000000    -0.067832   0.000000   )
 (  0.000000   0.000000    -0.000000   0.000000    -0.067832   0.000000   )
 ( -0.033481   0.000000     0.033481   0.000000    -0.063365   0.000000   )
 (  0.033481   0.000000    -0.033481   0.000000    -0.063365   0.000000   )
 (  0.033481   0.000000    -0.033481   0.000000    -0.063365   0.000000   )
 ( -0.033481   0.000000     0.033481   0.000000    -0.063365   0.000000   )
 ( -0.000000   0.000000    -0.000000   0.000000     0.019390   0.000000   )
 (  0.000000   0.000000    -0.000000   0.000000     0.019390   0.000000   )
 (  0.033481   0.000000     0.033481   0.000000    -0.063365   0.000000   )
 ( -0.033481   0.000000    -0.033481   0.000000    -0.063365   0.000000   )
 (  0.000000   0.000000     0.000000   0.000000     0.202939   0.000000   )
 ( -0.000000   0.000000     0.000000   0.000000     0.294286   0.000000   )
 (  0.000000   0.000000    -0.000000   0.000000     0.331076   0.000000   )
 ( -0.000000   0.000000     0.000000   0.000000     0.331076   0.000000   )
 ( -0.000000   0.000000     0.000000   0.000000     0.294286   0.000000   )
 ( -0.000000   0.000000     0.000000   0.000000     0.294286   0.000000   )
 (  0.000000   0.000000     0.000000   0.000000     0.428167   0.000000   )
 ( -0.000000   0.000000     0.000000   0.000000     0.294286   0.000000   )
 (  0.000000   0.000000     0.010575   0.000000     0.056499   0.000000   )
 ( -0.000000   0.000000     0.010575   0.000000     0.056499   0.000000   )
 (  0.000000   0.000000    -0.010575   0.000000     0.056499   0.000000   )
 ( -0.000000   0.000000    -0.010575   0.000000     0.056499   0.000000   )
 ( -0.010575   0.000000     0.000000   0.000000     0.056499   0.000000   )
 ( -0.010575   0.000000     0.000000   0.000000     0.056499   0.000000   )
 (  0.010575   0.000000     0.000000   0.000000     0.056499   0.000000   )
 (  0.010575   0.000000    -0.000000   0.000000     0.056499   0.000000   )
 ( -0.008220   0.000000     0.000000   0.000000     0.095210   0.000000   )
 (  0.008220   0.000000     0.000000   0.000000     0.095210   0.000000   )
 ( -0.000000   0.000000     0.008220   0.000000     0.095210   0.000000   )
 (  0.000000   0.000000    -0.008220   0.000000     0.095210   0.000000   )
 ( -0.000000   0.000000    -0.008220   0.000000     0.095210   0.000000   )
 (  0.000000   0.000000     0.008220   0.000000     0.095210   0.000000   )
 (  0.008220   0.000000     0.000000   0.000000     0.095210   0.000000   )
 ( -0.008220   0.000000    -0.000000   0.000000     0.095210   0.000000   )
     freq (   15) =       1.474251 [THz] =      49.175731 [cm-1]
 ( -0.189332   0.000000     0.007802   0.000000    -0.000000   0.000000   )
 (  0.189332   0.000000    -0.007802   0.000000    -0.000000   0.000000   )
 (  0.003026   0.000000     0.005428   0.000000     0.246904   0.000000   )
 ( -0.003026   0.000000    -0.005428   0.000000     0.246904   0.000000   )
 ( -0.155787   0.000000    -0.006985   0.000000    -0.000000   0.000000   )
 (  0.155787   0.000000     0.006985   0.000000     0.000000   0.000000   )
 (  0.169504   0.000000     0.006420   0.000000    -0.000000   0.000000   )
 ( -0.169504   0.000000    -0.006420   0.000000    -0.000000   0.000000   )
 (  0.003485   0.000000    -0.005696   0.000000     0.268127   0.000000   )
 ( -0.003485   0.000000     0.005696   0.000000     0.268127   0.000000   )
 (  0.003485   0.000000    -0.005696   0.000000    -0.268127   0.000000   )
 ( -0.003485   0.000000     0.005696   0.000000    -0.268127   0.000000   )
 (  0.176960   0.000000    -0.007292   0.000000    -0.000000   0.000000   )
 ( -0.176960   0.000000     0.007292   0.000000    -0.000000   0.000000   )
 (  0.003026   0.000000     0.005428   0.000000    -0.246904   0.000000   )
 ( -0.003026   0.000000    -0.005428   0.000000    -0.246904   0.000000   )
 ( -0.000000   0.000000    -0.000000   0.000000     0.000000   0.000000   )
 (  0.000000   0.000000    -0.000000   0.000000     0.047128   0.000000   )
 ( -0.000000   0.000000    -0.000000   0.000000     0.000000   0.000000   )
 (  0.000000   0.000000     0.000000   0.000000     0.000000   0.000000   )
 (  0.000000   0.000000    -0.000000   0.000000     0.051179   0.000000   )
 (  0.000000   0.000000    -0.000000   0.000000    -0.051179   0.000000   )
 ( -0.000000   0.000000    -0.000000   0.000000     0.000000   0.000000   )
 (  0.000000   0.000000    -0.000000   0.000000    -0.047128   0.000000   )
 ( -0.066760   0.000000    -0.000022   0.000000    -0.006335   0.000000   )
 (  0.066760   0.000000     0.000022   0.000000     0.006335   0.000000   )
 ( -0.066760   0.000000    -0.000022   0.000000     0.006335   0.000000   )
 (  0.066760   0.000000     0.000022   0.000000    -0.006335   0.000000   )
 (  0.000543   0.000000     0.002751   0.000000    -0.153732   0.000000   )
 ( -0.000543   0.000000    -0.002751   0.000000     0.153732   0.000000   )
 (  0.000543   0.000000     0.002751   0.000000     0.153732   0.000000   )
 ( -0.000543   0.000000    -0.002751   0.000000    -0.153732   0.000000   )
 ( -0.002889   0.000000     0.002662   0.000000     0.148646   0.000000   )
 (  0.002889   0.000000    -0.002662   0.000000     0.148646   0.000000   )
 (  0.064595   0.000000    -0.000119   0.000000    -0.006125   0.000000   )
 ( -0.064595   0.000000     0.000119   0.000000    -0.006125   0.000000   )
 (  0.064595   0.000000    -0.000119   0.000000     0.006125   0.000000   )
 ( -0.064595   0.000000     0.000119   0.000000     0.006125   0.000000   )
 ( -0.002889   0.000000     0.002662   0.000000    -0.148646   0.000000   )
 (  0.002889   0.000000    -0.002662   0.000000    -0.148646   0.000000   )
     freq (   16) =       1.474251 [THz] =      49.175731 [cm-1]
 (  0.007802   0.000000     0.189332   0.000000     0.000000   0.000000   )
 ( -0.007802   0.000000    -0.189332   0.000000     0.000000   0.000000   )
 ( -0.005696   0.000000    -0.003485   0.000000    -0.268127   0.000000   )
 (  0.005696   0.000000     0.003485   0.000000    -0.268127   0.000000   )
 (  0.006420   0.000000    -0.169504   0.000000     0.000000   0.000000   )
 ( -0.006420   0.000000     0.169504   0.000000     0.000000   0.000000   )
 ( -0.006985   0.000000     0.155787   0.000000     0.000000   0.000000   )
 (  0.006985   0.000000    -0.155787   0.000000     0.000000   0.000000   )
 (  0.005428   0.000000    -0.003026   0.000000     0.246904   0.000000   )
 ( -0.005428   0.000000     0.003026   0.000000     0.246904   0.000000   )
 (  0.005428   0.000000    -0.003026   0.000000    -0.246904   0.000000   )
 ( -0.005428   0.000000     0.003026   0.000000    -0.246904   0.000000   )
 ( -0.007292   0.000000    -0.176960   0.000000    -0.000000   0.000000   )
 (  0.007292   0.000000     0.176960   0.000000    -0.000000   0.000000   )
 ( -0.005696   0.000000    -0.003485   0.000000     0.268127   0.000000   )
 (  0.005696   0.000000     0.003485   0.000000     0.268127   0.000000   )
 (  0.000000   0.000000     0.000000   0.000000    -0.000000   0.000000   )
 (  0.000000   0.000000    -0.000000   0.000000    -0.051179   0.000000   )
 ( -0.000000   0.000000    -0.000000   0.000000    -0.000000   0.000000   )
 ( -0.000000   0.000000     0.000000   0.000000    -0.000000   0.000000   )
 (  0.000000   0.000000    -0.000000   0.000000     0.047128   0.000000   )
 (  0.000000   0.000000    -0.000000   0.000000    -0.047128   0.000000   )
 (  0.000000   0.000000     0.000000   0.000000    -0.000000   0.000000   )
 (  0.000000   0.000000    -0.000000   0.000000     0.051179   0.000000   )
 (  0.002751   0.000000    -0.000543   0.000000    -0.153732   0.000000   )
 ( -0.002751   0.000000     0.000543   0.000000     0.153732   0.000000   )
 (  0.002751   0.000000    -0.000543   0.000000     0.153732   0.000000   )
 ( -0.002751   0.000000     0.000543   0.000000    -0.153732   0.000000   )
 ( -0.000022   0.000000     0.066760   0.000000     0.006335   0.000000   )
 (  0.000022   0.000000    -0.066760   0.000000    -0.006335   0.000000   )
 ( -0.000022   0.000000     0.066760   0.000000    -0.006335   0.000000   )
 (  0.000022   0.000000    -0.066760   0.000000     0.006335   0.000000   )
 (  0.000119   0.000000     0.064595   0.000000    -0.006125   0.000000   )
 ( -0.000119   0.000000    -0.064595   0.000000    -0.006125   0.000000   )
 ( -0.002662   0.000000    -0.002889   0.000000    -0.148646   0.000000   )
 (  0.002662   0.000000     0.002889   0.000000    -0.148646   0.000000   )
 ( -0.002662   0.000000    -0.002889   0.000000     0.148646   0.000000   )
 (  0.002662   0.000000     0.002889   0.000000     0.148646   0.000000   )
 (  0.000119   0.000000     0.064595   0.000000     0.006125   0.000000   )
 ( -0.000119   0.000000    -0.064595   0.000000     0.006125   0.000000   )
     freq (   17) =       1.480505 [THz] =      49.384344 [cm-1]
 ( -0.000000   0.000000     0.000000   0.000000     0.000000   0.000000   )
 (  0.000000   0.000000    -0.000000   0.000000     0.000000   0.000000   )
 (  0.244711   0.000000    -0.244711   0.000000     0.000000   0.000000   )
 ( -0.244711   0.000000     0.244711   0.000000     0.000000   0.000000   )
 ( -0.000000   0.000000    -0.000000   0.000000     0.000000   0.000000   )
 (  0.000000   0.000000     0.000000   0.000000     0.000000   0.000000   )
 (  0.000000   0.000000     0.000000   0.000000    -0.000000   0.000000   )
 ( -0.000000   0.000000    -0.000000   0.000000    -0.000000   0.000000   )
 ( -0.244711   0.000000    -0.244711   0.000000     0.000000   0.000000   )
 (  0.244711   0.000000     0.244711   0.000000     0.000000   0.000000   )
 (  0.244711   0.000000     0.244711   0.000000    -0.000000   0.000000   )
 ( -0.244711   0.000000    -0.244711   0.000000    -0.000000   0.000000   )
 (  0.000000   0.000000    -0.000000   0.000000    -0.000000   0.000000   )
 ( -0.000000   0.000000     0.000000   0.000000    -0.000000   0.000000   )
 ( -0.244711   0.000000     0.244711   0.000000    -0.000000   0.000000   )
 (  0.244711   0.000000    -0.244711   0.000000    -0.000000   0.000000   )
 (  0.000000   0.000000     0.000000   0.000000     0.000000   0.000000   )
 (  0.000000   0.000000     0.000000   0.000000     0.000000   0.000000   )
 (  0.000000   0.000000     0.000000   0.000000     0.000000   0.000000   )
 (  0.000000   0.000000     0.000000   0.000000     0.000000   0.000000   )
 (  0.000000   0.000000     0.000000   0.000000     0.000000   0.000000   )
 (  0.000000   0.000000     0.000000   0.000000    -0.000000   0.000000   )
 ( -0.000000   0.000000    -0.000000   0.000000     0.000000   0.000000   )
 (  0.000000   0.000000     0.000000   0.000000     0.000000   0.000000   )
 ( -0.051147   0.000000    -0.000000   0.000000    -0.000000   0.000000   )
 ( -0.051147   0.000000    -0.000000   0.000000     0.000000   0.000000   )
 (  0.051147   0.000000    -0.000000   0.000000     0.000000   0.000000   )
 (  0.051147   0.000000    -0.000000   0.000000    -0.000000   0.000000   )
 (  0.000000   0.000000    -0.051147   0.000000    -0.000000   0.000000   )
 (  0.000000   0.000000    -0.051147   0.000000     0.000000   0.000000   )
 ( -0.000000   0.000000     0.051147   0.000000     0.000000   0.000000   )
 (  0.000000   0.000000     0.051147   0.000000    -0.000000   0.000000   )
 (  0.000000   0.000000    -0.051158   0.000000     0.000000   0.000000   )
 (  0.000000   0.000000     0.051158   0.000000     0.000000   0.000000   )
 ( -0.051158   0.000000     0.000000   0.000000    -0.000000   0.000000   )
 (  0.051158   0.000000    -0.000000   0.000000    -0.000000   0.000000   )
 (  0.051158   0.000000     0.000000   0.000000     0.000000   0.000000   )
 ( -0.051158   0.000000    -0.000000   0.000000     0.000000   0.000000   )
 (  0.000000   0.000000     0.051158   0.000000    -0.000000   0.000000   )
 (  0.000000   0.000000    -0.051158   0.000000    -0.000000   0.000000   )
     freq (   18) =       1.638568 [THz] =      54.656744 [cm-1]
 ( -0.000000   0.000000     0.000000   0.000000    -0.000000   0.000000   )
 ( -0.000000   0.000000     0.000000   0.000000    -0.000000   0.000000   )
 ( -0.245000   0.000000    -0.245000   0.000000    -0.014834   0.000000   )
 (  0.245000   0.000000     0.245000   0.000000    -0.014834   0.000000   )
 (  0.000000   0.000000     0.000000   0.000000    -0.000000   0.000000   )
 ( -0.000000   0.000000     0.000000   0.000000     0.000000   0.000000   )
 ( -0.000000   0.000000    -0.000000   0.000000     0.000000   0.000000   )
 ( -0.000000   0.000000    -0.000000   0.000000    -0.000000   0.000000   )
 (  0.245000   0.000000    -0.245000   0.000000     0.014834   0.000000   )
 ( -0.245000   0.000000     0.245000   0.000000     0.014834   0.000000   )
 ( -0.245000   0.000000     0.245000   0.000000     0.014834   0.000000   )
 (  0.245000   0.000000    -0.245000   0.000000     0.014834   0.000000   )
 (  0.000000   0.000000    -0.000000   0.000000    -0.000000   0.000000   )
 ( -0.000000   0.000000    -0.000000   0.000000     0.000000   0.000000   )
 (  0.245000   0.000000     0.245000   0.000000    -0.014834   0.000000   )
 ( -0.245000   0.000000    -0.245000   0.000000    -0.014834   0.000000   )
 (  0.000000   0.000000     0.000000   0.000000     0.000000   0.000000   )
 ( -0.000000   0.000000    -0.000000   0.000000     0.000713   0.000000   )
 (  0.000000   0.000000     0.000000   0.000000    -0.000000   0.000000   )
 (  0.000000   0.000000     0.000000   0.000000     0.000000   0.000000   )
 ( -0.000000   0.000000    -0.000000   0.000000    -0.000713   0.000000   )
 ( -0.000000   0.000000    -0.000000   0.000000    -0.000713   0.000000   )
 ( -0.000000   0.000000    -0.000000   0.000000     0.000000   0.000000   )
 ( -0.000000   0.000000    -0.000000   0.000000     0.000713   0.000000   )
 (  0.049678   0.000000     0.000000   0.000000    -0.000000   0.000000   )
 (  0.049678   0.000000     0.000000   0.000000     0.000000   0.000000   )
 ( -0.049678   0.000000     0.000000   0.000000     0.000000   0.000000   )
 ( -0.049678   0.000000    -0.000000   0.000000    -0.000000   0.000000   )
 ( -0.000000   0.000000    -0.049678   0.000000    -0.000000   0.000000   )
 ( -0.000000   0.000000    -0.049678   0.000000    -0.000000   0.000000   )
 ( -0.000000   0.000000     0.049678   0.000000     0.000000   0.000000   )
 ( -0.000000   0.000000     0.049678   0.000000     0.000000   0.000000   )
 ( -0.000000   0.000000    -0.047561   0.000000     0.000000   0.000000   )
 (  0.000000   0.000000     0.047561   0.000000     0.000000   0.000000   )
 (  0.047561   0.000000    -0.000000   0.000000    -0.000000   0.000000   )
 ( -0.047561   0.000000    -0.000000   0.000000    -0.000000   0.000000   )
 ( -0.047561   0.000000    -0.000000   0.000000     0.000000   0.000000   )
 (  0.047561   0.000000    -0.000000   0.000000     0.000000   0.000000   )
 ( -0.000000   0.000000     0.047561   0.000000     0.000000   0.000000   )
 (  0.000000   0.000000    -0.047561   0.000000     0.000000   0.000000   )
     freq (   19) =       1.676659 [THz] =      55.927321 [cm-1]
 (  0.159162   0.000000     0.321402   0.000000     0.000000   0.000000   )
 (  0.159162   0.000000     0.321402   0.000000     0.000000   0.000000   )
 ( -0.022752   0.000000    -0.026204   0.000000     0.017548   0.000000   )
 ( -0.022752   0.000000    -0.026204   0.000000    -0.017548   0.000000   )
 ( -0.129742   0.000000     0.331047   0.000000     0.000000   0.000000   )
 ( -0.129742   0.000000     0.331047   0.000000     0.000000   0.000000   )
 (  0.163938   0.000000    -0.261994   0.000000    -0.000000   0.000000   )
 (  0.163938   0.000000    -0.261994   0.000000    -0.000000   0.000000   )
 (  0.003152   0.000000    -0.013376   0.000000    -0.005924   0.000000   )
 (  0.003152   0.000000    -0.013376   0.000000     0.005924   0.000000   )
 (  0.003152   0.000000    -0.013376   0.000000     0.005924   0.000000   )
 (  0.003152   0.000000    -0.013376   0.000000    -0.005924   0.000000   )
 ( -0.148618   0.000000    -0.300110   0.000000     0.000000   0.000000   )
 ( -0.148618   0.000000    -0.300110   0.000000     0.000000   0.000000   )
 ( -0.022752   0.000000    -0.026204   0.000000    -0.017548   0.000000   )
 ( -0.022752   0.000000    -0.026204   0.000000     0.017548   0.000000   )
 (  0.026542   0.000000     0.053597   0.000000     0.000000   0.000000   )
 ( -0.001533   0.000000    -0.017779   0.000000     0.000000   0.000000   )
 ( -0.009113   0.000000    -0.028229   0.000000    -0.000000   0.000000   )
 ( -0.013979   0.000000    -0.018402   0.000000     0.000000   0.000000   )
 ( -0.020801   0.000000    -0.027320   0.000000    -0.000000   0.000000   )
 ( -0.020801   0.000000    -0.027320   0.000000    -0.000000   0.000000   )
 (  0.009474   0.000000     0.019130   0.000000    -0.000000   0.000000   )
 ( -0.001533   0.000000    -0.017779   0.000000    -0.000000   0.000000   )
 (  0.001707   0.000000     0.079844   0.000000    -0.010595   0.000000   )
 (  0.001707   0.000000     0.079844   0.000000    -0.010595   0.000000   )
 (  0.001707   0.000000     0.079844   0.000000     0.010595   0.000000   )
 (  0.001707   0.000000     0.079844   0.000000     0.010595   0.000000   )
 (  0.039540   0.000000     0.003447   0.000000     0.005247   0.000000   )
 (  0.039540   0.000000     0.003447   0.000000     0.005247   0.000000   )
 (  0.039540   0.000000     0.003447   0.000000    -0.005247   0.000000   )
 (  0.039540   0.000000     0.003447   0.000000    -0.005247   0.000000   )
 ( -0.036139   0.000000    -0.004264   0.000000     0.002899   0.000000   )
 ( -0.036139   0.000000    -0.004264   0.000000    -0.002899   0.000000   )
 ( -0.002112   0.000000    -0.072977   0.000000    -0.005855   0.000000   )
 ( -0.002112   0.000000    -0.072977   0.000000     0.005855   0.000000   )
 ( -0.002112   0.000000    -0.072977   0.000000     0.005855   0.000000   )
 ( -0.002112   0.000000    -0.072977   0.000000    -0.005855   0.000000   )
 ( -0.036139   0.000000    -0.004264   0.000000    -0.002899   0.000000   )
 ( -0.036139   0.000000    -0.004264   0.000000     0.002899   0.000000   )
     freq (   20) =       1.676659 [THz] =      55.927321 [cm-1]
 ( -0.321402   0.000000     0.159162   0.000000    -0.000000   0.000000   )
 ( -0.321402   0.000000     0.159162   0.000000     0.000000   0.000000   )
 (  0.013376   0.000000     0.003152   0.000000    -0.005924   0.000000   )
 (  0.013376   0.000000     0.003152   0.000000     0.005924   0.000000   )
 (  0.261994   0.000000     0.163938   0.000000    -0.000000   0.000000   )
 (  0.261994   0.000000     0.163938   0.000000    -0.000000   0.000000   )
 ( -0.331047   0.000000    -0.129742   0.000000     0.000000   0.000000   )
 ( -0.331047   0.000000    -0.129742   0.000000     0.000000   0.000000   )
 (  0.026204   0.000000    -0.022752   0.000000    -0.017548   0.000000   )
 (  0.026204   0.000000    -0.022752   0.000000     0.017548   0.000000   )
 (  0.026204   0.000000    -0.022752   0.000000     0.017548   0.000000   )
 (  0.026204   0.000000    -0.022752   0.000000    -0.017548   0.000000   )
 (  0.300110   0.000000    -0.148618   0.000000     0.000000   0.000000   )
 (  0.300110   0.000000    -0.148618   0.000000     0.000000   0.000000   )
 (  0.013376   0.000000     0.003152   0.000000     0.005924   0.000000   )
 (  0.013376   0.000000     0.003152   0.000000    -0.005924   0.000000   )
 ( -0.053597   0.000000     0.026542   0.000000    -0.000000   0.000000   )
 (  0.027320   0.000000    -0.020801   0.000000    -0.000000   0.000000   )
 (  0.018402   0.000000    -0.013979   0.000000     0.000000   0.000000   )
 (  0.028229   0.000000    -0.009113   0.000000    -0.000000   0.000000   )
 (  0.017779   0.000000    -0.001533   0.000000     0.000000   0.000000   )
 (  0.017779   0.000000    -0.001533   0.000000    -0.000000   0.000000   )
 ( -0.019130   0.000000     0.009474   0.000000     0.000000   0.000000   )
 (  0.027320   0.000000    -0.020801   0.000000    -0.000000   0.000000   )
 ( -0.003447   0.000000     0.039540   0.000000    -0.005247   0.000000   )
 ( -0.003447   0.000000     0.039540   0.000000    -0.005247   0.000000   )
 ( -0.003447   0.000000     0.039540   0.000000     0.005247   0.000000   )
 ( -0.003447   0.000000     0.039540   0.000000     0.005247   0.000000   )
 ( -0.079844   0.000000     0.001707   0.000000    -0.010595   0.000000   )
 ( -0.079844   0.000000     0.001707   0.000000    -0.010595   0.000000   )
 ( -0.079844   0.000000     0.001707   0.000000     0.010595   0.000000   )
 ( -0.079844   0.000000     0.001707   0.000000     0.010595   0.000000   )
 (  0.072977   0.000000    -0.002112   0.000000    -0.005855   0.000000   )
 (  0.072977   0.000000    -0.002112   0.000000     0.005855   0.000000   )
 (  0.004264   0.000000    -0.036139   0.000000    -0.002899   0.000000   )
 (  0.004264   0.000000    -0.036139   0.000000     0.002899   0.000000   )
 (  0.004264   0.000000    -0.036139   0.000000     0.002899   0.000000   )
 (  0.004264   0.000000    -0.036139   0.000000    -0.002899   0.000000   )
 (  0.072977   0.000000    -0.002112   0.000000     0.005855   0.000000   )
 (  0.072977   0.000000    -0.002112   0.000000    -0.005855   0.000000   )
     freq (   21) =       1.735073 [THz] =      57.875814 [cm-1]
 ( -0.035668   0.000000    -0.023493   0.000000    -0.000000   0.000000   )
 ( -0.035668   0.000000    -0.023493   0.000000    -0.000000   0.000000   )
 ( -0.163903   0.000000    -0.179290   0.000000     0.057847   0.000000   )
 ( -0.163903   0.000000    -0.179290   0.000000    -0.057847   0.000000   )
 (  0.259754   0.000000     0.101577   0.000000     0.000000   0.000000   )
 (  0.259754   0.000000     0.101577   0.000000     0.000000   0.000000   )
 (  0.154217   0.000000     0.171090   0.000000     0.000000   0.000000   )
 (  0.154217   0.000000     0.171090   0.000000    -0.000000   0.000000   )
 (  0.002072   0.000000     0.072699   0.000000     0.011905   0.000000   )
 (  0.002072   0.000000     0.072699   0.000000    -0.011905   0.000000   )
 (  0.002072   0.000000     0.072699   0.000000    -0.011905   0.000000   )
 (  0.002072   0.000000     0.072699   0.000000     0.011905   0.000000   )
 ( -0.034252   0.000000    -0.022560   0.000000     0.000000   0.000000   )
 ( -0.034252   0.000000    -0.022560   0.000000     0.000000   0.000000   )
 ( -0.163903   0.000000    -0.179290   0.000000    -0.057847   0.000000   )
 ( -0.163903   0.000000    -0.179290   0.000000     0.057847   0.000000   )
 (  0.131743   0.000000     0.086774   0.000000     0.000000   0.000000   )
 (  0.124644   0.000000     0.113072   0.000000     0.000000   0.000000   )
 ( -0.306762   0.000000    -0.250817   0.000000    -0.000000   0.000000   )
 ( -0.380799   0.000000    -0.202052   0.000000     0.000000   0.000000   )
 (  0.052575   0.000000     0.003655   0.000000     0.000000   0.000000   )
 (  0.052575   0.000000     0.003655   0.000000    -0.000000   0.000000   )
 (  0.097725   0.000000     0.064368   0.000000    -0.000000   0.000000   )
 (  0.124644   0.000000     0.113072   0.000000    -0.000000   0.000000   )
 (  0.001791   0.000000     0.006301   0.000000     0.003151   0.000000   )
 (  0.001791   0.000000     0.006301   0.000000     0.003151   0.000000   )
 (  0.001791   0.000000     0.006301   0.000000    -0.003151   0.000000   )
 (  0.001791   0.000000     0.006301   0.000000    -0.003151   0.000000   )
 (  0.009567   0.000000     0.001180   0.000000    -0.004783   0.000000   )
 (  0.009567   0.000000     0.001180   0.000000    -0.004783   0.000000   )
 (  0.009567   0.000000     0.001180   0.000000     0.004783   0.000000   )
 (  0.009567   0.000000     0.001180   0.000000     0.004783   0.000000   )
 (  0.019715   0.000000    -0.023943   0.000000     0.032470   0.000000   )
 (  0.019715   0.000000    -0.023943   0.000000    -0.032470   0.000000   )
 ( -0.036351   0.000000     0.012985   0.000000    -0.021387   0.000000   )
 ( -0.036351   0.000000     0.012985   0.000000     0.021387   0.000000   )
 ( -0.036351   0.000000     0.012985   0.000000     0.021387   0.000000   )
 ( -0.036351   0.000000     0.012985   0.000000    -0.021387   0.000000   )
 (  0.019715   0.000000    -0.023943   0.000000    -0.032470   0.000000   )
 (  0.019715   0.000000    -0.023943   0.000000     0.032470   0.000000   )
     freq (   22) =       1.735073 [THz] =      57.875814 [cm-1]
 (  0.023493   0.000000    -0.035668   0.000000     0.000000   0.000000   )
 (  0.023493   0.000000    -0.035668   0.000000     0.000000   0.000000   )
 ( -0.072699   0.000000     0.002072   0.000000     0.011905   0.000000   )
 ( -0.072699   0.000000     0.002072   0.000000    -0.011905   0.000000   )
 ( -0.171090   0.000000     0.154217   0.000000    -0.000000   0.000000   )
 ( -0.171090   0.000000     0.154217   0.000000    -0.000000   0.000000   )
 ( -0.101577   0.000000     0.259754   0.000000    -0.000000   0.000000   )
 ( -0.101577   0.000000     0.259754   0.000000     0.000000   0.000000   )
 (  0.179290   0.000000    -0.163903   0.000000    -0.057847   0.000000   )
 (  0.179290   0.000000    -0.163903   0.000000     0.057847   0.000000   )
 (  0.179290   0.000000    -0.163903   0.000000     0.057847   0.000000   )
 (  0.179290   0.000000    -0.163903   0.000000    -0.057847   0.000000   )
 (  0.022560   0.000000    -0.034252   0.000000    -0.000000   0.000000   )
 (  0.022560   0.000000    -0.034252   0.000000    -0.000000   0.000000   )
 ( -0.072699   0.000000     0.002072   0.000000    -0.011905   0.000000   )
 ( -0.072699   0.000000     0.002072   0.000000     0.011905   0.000000   )
 ( -0.086774   0.000000     0.131743   0.000000    -0.000000   0.000000   )
 ( -0.003655   0.000000     0.052575   0.000000    -0.000000   0.000000   )
 (  0.202052   0.000000    -0.380799   0.000000     0.000000   0.000000   )
 (  0.250817   0.000000    -0.306762   0.000000    -0.000000   0.000000   )
 ( -0.113072   0.000000     0.124644   0.000000    -0.000000   0.000000   )
 ( -0.113072   0.000000     0.124644   0.000000     0.000000   0.000000   )
 ( -0.064368   0.000000     0.097725   0.000000     0.000000   0.000000   )
 ( -0.003655   0.000000     0.052575   0.000000     0.000000   0.000000   )
 ( -0.001180   0.000000     0.009567   0.000000     0.004783   0.000000   )
 ( -0.001180   0.000000     0.009567   0.000000     0.004783   0.000000   )
 ( -0.001180   0.000000     0.009567   0.000000    -0.004783   0.000000   )
 ( -0.001180   0.000000     0.009567   0.000000    -0.004783   0.000000   )
 ( -0.006301   0.000000     0.001791   0.000000     0.003151   0.000000   )
 ( -0.006301   0.000000     0.001791   0.000000     0.003151   0.000000   )
 ( -0.006301   0.000000     0.001791   0.000000    -0.003151   0.000000   )
 ( -0.006301   0.000000     0.001791   0.000000    -0.003151   0.000000   )
 ( -0.012985   0.000000    -0.036351   0.000000    -0.021387   0.000000   )
 ( -0.012985   0.000000    -0.036351   0.000000     0.021387   0.000000   )
 (  0.023943   0.000000     0.019715   0.000000    -0.032470   0.000000   )
 (  0.023943   0.000000     0.019715   0.000000     0.032470   0.000000   )
 (  0.023943   0.000000     0.019715   0.000000     0.032470   0.000000   )
 (  0.023943   0.000000     0.019715   0.000000    -0.032470   0.000000   )
 ( -0.012985   0.000000    -0.036351   0.000000     0.021387   0.000000   )
 ( -0.012985   0.000000    -0.036351   0.000000    -0.021387   0.000000   )
     freq (   23) =       1.786897 [THz] =      59.604459 [cm-1]
 ( -0.000000   0.000000     0.000000   0.000000     0.000000   0.000000   )
 ( -0.000000   0.000000     0.000000   0.000000    -0.000000   0.000000   )
 ( -0.231979   0.000000     0.231979   0.000000    -0.000000   0.000000   )
 ( -0.231979   0.000000     0.231979   0.000000     0.000000   0.000000   )
 (  0.000000   0.000000    -0.000000   0.000000     0.000000   0.000000   )
 ( -0.000000   0.000000    -0.000000   0.000000     0.000000   0.000000   )
 ( -0.000000   0.000000    -0.000000   0.000000     0.000000   0.000000   )
 ( -0.000000   0.000000    -0.000000   0.000000     0.000000   0.000000   )
 (  0.231979   0.000000     0.231979   0.000000     0.000000   0.000000   )
 (  0.231979   0.000000     0.231979   0.000000     0.000000   0.000000   )
 ( -0.231979   0.000000    -0.231979   0.000000     0.000000   0.000000   )
 ( -0.231979   0.000000    -0.231979   0.000000     0.000000   0.000000   )
 (  0.000000   0.000000     0.000000   0.000000    -0.000000   0.000000   )
 ( -0.000000   0.000000     0.000000   0.000000    -0.000000   0.000000   )
 (  0.231979   0.000000    -0.231979   0.000000     0.000000   0.000000   )
 (  0.231979   0.000000    -0.231979   0.000000     0.000000   0.000000   )
 (  0.000000   0.000000    -0.000000   0.000000    -0.000000   0.000000   )
 (  0.101143   0.000000    -0.101143   0.000000    -0.000000   0.000000   )
 (  0.000000   0.000000     0.000000   0.000000     0.000000   0.000000   )
 (  0.000000   0.000000     0.000000   0.000000    -0.000000   0.000000   )
 ( -0.101143   0.000000    -0.101143   0.000000     0.000000   0.000000   )
 (  0.101143   0.000000     0.101143   0.000000    -0.000000   0.000000   )
 (  0.000000   0.000000    -0.000000   0.000000     0.000000   0.000000   )
 ( -0.101143   0.000000     0.101143   0.000000     0.000000   0.000000   )
 ( -0.059751   0.000000    -0.000000   0.000000     0.000000   0.000000   )
 (  0.059751   0.000000     0.000000   0.000000    -0.000000   0.000000   )
 (  0.059751   0.000000    -0.000000   0.000000     0.000000   0.000000   )
 ( -0.059751   0.000000     0.000000   0.000000    -0.000000   0.000000   )
 ( -0.000000   0.000000    -0.059751   0.000000     0.000000   0.000000   )
 ( -0.000000   0.000000     0.059751   0.000000    -0.000000   0.000000   )
 ( -0.000000   0.000000     0.059751   0.000000    -0.000000   0.000000   )
 ( -0.000000   0.000000    -0.059751   0.000000    -0.000000   0.000000   )
 (  0.000000   0.000000     0.059763   0.000000    -0.000000   0.000000   )
 (  0.000000   0.000000     0.059763   0.000000    -0.000000   0.000000   )
 ( -0.059763   0.000000    -0.000000   0.000000     0.000000   0.000000   )
 ( -0.059763   0.000000     0.000000   0.000000    -0.000000   0.000000   )
 (  0.059763   0.000000     0.000000   0.000000    -0.000000   0.000000   )
 (  0.059763   0.000000     0.000000   0.000000    -0.000000   0.000000   )
 (  0.000000   0.000000    -0.059763   0.000000    -0.000000   0.000000   )
 (  0.000000   0.000000    -0.059763   0.000000    -0.000000   0.000000   )
     freq (   24) =       1.925520 [THz] =      64.228436 [cm-1]
 (  0.261361   0.000000    -0.019069   0.000000    -0.000000   0.000000   )
 (  0.261361   0.000000    -0.019069   0.000000    -0.000000   0.000000   )
 ( -0.164809   0.000000     0.129658   0.000000     0.002177   0.000000   )
 ( -0.164809   0.000000     0.129658   0.000000    -0.002177   0.000000   )
 (  0.037298   0.000000    -0.002270   0.000000    -0.000000   0.000000   )
 (  0.037298   0.000000    -0.002270   0.000000    -0.000000   0.000000   )
 (  0.031119   0.000000    -0.002721   0.000000    -0.000000   0.000000   )
 (  0.031119   0.000000    -0.002721   0.000000    -0.000000   0.000000   )
 ( -0.147552   0.000000    -0.106868   0.000000     0.002519   0.000000   )
 ( -0.147552   0.000000    -0.106868   0.000000    -0.002519   0.000000   )
 ( -0.147552   0.000000    -0.106868   0.000000    -0.002519   0.000000   )
 ( -0.147552   0.000000    -0.106868   0.000000     0.002519   0.000000   )
 (  0.285098   0.000000    -0.020801   0.000000     0.000000   0.000000   )
 (  0.285098   0.000000    -0.020801   0.000000     0.000000   0.000000   )
 ( -0.164809   0.000000     0.129658   0.000000    -0.002177   0.000000   )
 ( -0.164809   0.000000     0.129658   0.000000     0.002177   0.000000   )
 ( -0.124300   0.000000     0.009069   0.000000     0.000000   0.000000   )
 (  0.195976   0.000000    -0.050759   0.000000    -0.000000   0.000000   )
 ( -0.100761   0.000000     0.006782   0.000000     0.000000   0.000000   )
 ( -0.092952   0.000000     0.007352   0.000000    -0.000000   0.000000   )
 (  0.190627   0.000000     0.022552   0.000000    -0.000000   0.000000   )
 (  0.190627   0.000000     0.022552   0.000000     0.000000   0.000000   )
 ( -0.399730   0.000000     0.029165   0.000000    -0.000000   0.000000   )
 (  0.195976   0.000000    -0.050759   0.000000     0.000000   0.000000   )
 ( -0.056518   0.000000    -0.002473   0.000000     0.001670   0.000000   )
 ( -0.056518   0.000000    -0.002473   0.000000     0.001670   0.000000   )
 ( -0.056518   0.000000    -0.002473   0.000000    -0.001670   0.000000   )
 ( -0.056518   0.000000    -0.002473   0.000000    -0.001670   0.000000   )
 (  0.033901   0.000000     0.004124   0.000000     0.022885   0.000000   )
 (  0.033901   0.000000     0.004124   0.000000     0.022885   0.000000   )
 (  0.033901   0.000000     0.004124   0.000000    -0.022885   0.000000   )
 (  0.033901   0.000000     0.004124   0.000000    -0.022885   0.000000   )
 (  0.024612   0.000000     0.000448   0.000000    -0.056629   0.000000   )
 (  0.024612   0.000000     0.000448   0.000000     0.056629   0.000000   )
 ( -0.006134   0.000000    -0.001796   0.000000    -0.004132   0.000000   )
 ( -0.006134   0.000000    -0.001796   0.000000     0.004132   0.000000   )
 ( -0.006134   0.000000    -0.001796   0.000000     0.004132   0.000000   )
 ( -0.006134   0.000000    -0.001796   0.000000    -0.004132   0.000000   )
 (  0.024612   0.000000     0.000448   0.000000     0.056629   0.000000   )
 (  0.024612   0.000000     0.000448   0.000000    -0.056629   0.000000   )
     freq (   25) =       1.925520 [THz] =      64.228436 [cm-1]
 (  0.019069   0.000000     0.261361   0.000000    -0.000000   0.000000   )
 (  0.019069   0.000000     0.261361   0.000000    -0.000000   0.000000   )
 (  0.106868   0.000000    -0.147552   0.000000     0.002519   0.000000   )
 (  0.106868   0.000000    -0.147552   0.000000    -0.002519   0.000000   )
 (  0.002721   0.000000     0.031119   0.000000     0.000000   0.000000   )
 (  0.002721   0.000000     0.031119   0.000000     0.000000   0.000000   )
 (  0.002270   0.000000     0.037298   0.000000     0.000000   0.000000   )
 (  0.002270   0.000000     0.037298   0.000000     0.000000   0.000000   )
 ( -0.129658   0.000000    -0.164809   0.000000    -0.002177   0.000000   )
 ( -0.129658   0.000000    -0.164809   0.000000     0.002177   0.000000   )
 ( -0.129658   0.000000    -0.164809   0.000000     0.002177   0.000000   )
 ( -0.129658   0.000000    -0.164809   0.000000    -0.002177   0.000000   )
 (  0.020801   0.000000     0.285098   0.000000    -0.000000   0.000000   )
 (  0.020801   0.000000     0.285098   0.000000    -0.000000   0.000000   )
 (  0.106868   0.000000    -0.147552   0.000000    -0.002519   0.000000   )
 (  0.106868   0.000000    -0.147552   0.000000     0.002519   0.000000   )
 ( -0.009069   0.000000    -0.124300   0.000000     0.000000   0.000000   )
 ( -0.022552   0.000000     0.190627   0.000000     0.000000   0.000000   )
 ( -0.007352   0.000000    -0.092952   0.000000     0.000000   0.000000   )
 ( -0.006782   0.000000    -0.100761   0.000000     0.000000   0.000000   )
 (  0.050759   0.000000     0.195976   0.000000    -0.000000   0.000000   )
 (  0.050759   0.000000     0.195976   0.000000     0.000000   0.000000   )
 ( -0.029165   0.000000    -0.399730   0.000000    -0.000000   0.000000   )
 ( -0.022552   0.000000     0.190627   0.000000     0.000000   0.000000   )
 ( -0.004124   0.000000     0.033901   0.000000    -0.022885   0.000000   )
 ( -0.004124   0.000000     0.033901   0.000000    -0.022885   0.000000   )
 ( -0.004124   0.000000     0.033901   0.000000     0.022885   0.000000   )
 ( -0.004124   0.000000     0.033901   0.000000     0.022885   0.000000   )
 (  0.002473   0.000000    -0.056518   0.000000     0.001670   0.000000   )
 (  0.002473   0.000000    -0.056518   0.000000     0.001670   0.000000   )
 (  0.002473   0.000000    -0.056518   0.000000    -0.001670   0.000000   )
 (  0.002473   0.000000    -0.056518   0.000000    -0.001670   0.000000   )
 (  0.001796   0.000000    -0.006134   0.000000    -0.004132   0.000000   )
 (  0.001796   0.000000    -0.006134   0.000000     0.004132   0.000000   )
 ( -0.000448   0.000000     0.024612   0.000000     0.056629   0.000000   )
 ( -0.000448   0.000000     0.024612   0.000000    -0.056629   0.000000   )
 ( -0.000448   0.000000     0.024612   0.000000    -0.056629   0.000000   )
 ( -0.000448   0.000000     0.024612   0.000000     0.056629   0.000000   )
 (  0.001796   0.000000    -0.006134   0.000000     0.004132   0.000000   )
 (  0.001796   0.000000    -0.006134   0.000000    -0.004132   0.000000   )
     freq (   26) =       1.936249 [THz] =      64.586308 [cm-1]
 ( -0.229155   0.000000    -0.126367   0.000000     0.000000   0.000000   )
 (  0.229155   0.000000     0.126367   0.000000     0.000000   0.000000   )
 ( -0.209662   0.000000    -0.113930   0.000000     0.001774   0.000000   )
 (  0.209662   0.000000     0.113930   0.000000     0.001774   0.000000   )
 ( -0.219742   0.000000    -0.122663   0.000000    -0.000000   0.000000   )
 (  0.219742   0.000000     0.122663   0.000000    -0.000000   0.000000   )
 ( -0.222438   0.000000    -0.121177   0.000000    -0.000000   0.000000   )
 (  0.222438   0.000000     0.121177   0.000000    -0.000000   0.000000   )
 ( -0.212336   0.000000    -0.118780   0.000000     0.000513   0.000000   )
 (  0.212336   0.000000     0.118780   0.000000     0.000513   0.000000   )
 ( -0.212336   0.000000    -0.118780   0.000000    -0.000513   0.000000   )
 (  0.212336   0.000000     0.118780   0.000000    -0.000513   0.000000   )
 ( -0.222425   0.000000    -0.122656   0.000000     0.000000   0.000000   )
 (  0.222425   0.000000     0.122656   0.000000     0.000000   0.000000   )
 ( -0.209662   0.000000    -0.113930   0.000000    -0.001774   0.000000   )
 (  0.209662   0.000000     0.113930   0.000000    -0.001774   0.000000   )
 (  0.000000   0.000000     0.000000   0.000000    -0.000000   0.000000   )
 ( -0.000000   0.000000     0.000000   0.000000     0.043357   0.000000   )
 (  0.000000   0.000000    -0.000000   0.000000    -0.000000   0.000000   )
 (  0.000000   0.000000    -0.000000   0.000000     0.000000   0.000000   )
 ( -0.000000   0.000000     0.000000   0.000000     0.012535   0.000000   )
 ( -0.000000   0.000000     0.000000   0.000000    -0.012535   0.000000   )
 (  0.000000   0.000000    -0.000000   0.000000    -0.000000   0.000000   )
 ( -0.000000   0.000000     0.000000   0.000000    -0.043357   0.000000   )
 (  0.026321   0.000000    -0.011257   0.000000     0.001165   0.000000   )
 ( -0.026321   0.000000     0.011257   0.000000    -0.001165   0.000000   )
 (  0.026321   0.000000    -0.011257   0.000000    -0.001165   0.000000   )
 ( -0.026321   0.000000     0.011257   0.000000     0.001165   0.000000   )
 ( -0.020414   0.000000     0.014515   0.000000    -0.002113   0.000000   )
 (  0.020414   0.000000    -0.014515   0.000000     0.002113   0.000000   )
 ( -0.020414   0.000000     0.014515   0.000000     0.002113   0.000000   )
 (  0.020414   0.000000    -0.014515   0.000000    -0.002113   0.000000   )
 (  0.023804   0.000000    -0.009722   0.000000    -0.000869   0.000000   )
 ( -0.023804   0.000000     0.009722   0.000000    -0.000869   0.000000   )
 (  0.017629   0.000000    -0.013127   0.000000    -0.000479   0.000000   )
 ( -0.017629   0.000000     0.013127   0.000000    -0.000479   0.000000   )
 (  0.017629   0.000000    -0.013127   0.000000     0.000479   0.000000   )
 ( -0.017629   0.000000     0.013127   0.000000     0.000479   0.000000   )
 (  0.023804   0.000000    -0.009722   0.000000     0.000869   0.000000   )
 ( -0.023804   0.000000     0.009722   0.000000     0.000869   0.000000   )
     freq (   27) =       1.936249 [THz] =      64.586308 [cm-1]
 (  0.126367   0.000000    -0.229155   0.000000    -0.000000   0.000000   )
 ( -0.126367   0.000000     0.229155   0.000000    -0.000000   0.000000   )
 (  0.118780   0.000000    -0.212336   0.000000     0.000513   0.000000   )
 ( -0.118780   0.000000     0.212336   0.000000     0.000513   0.000000   )
 (  0.121177   0.000000    -0.222438   0.000000     0.000000   0.000000   )
 ( -0.121177   0.000000     0.222438   0.000000    -0.000000   0.000000   )
 (  0.122663   0.000000    -0.219742   0.000000     0.000000   0.000000   )
 ( -0.122663   0.000000     0.219742   0.000000     0.000000   0.000000   )
 (  0.113930   0.000000    -0.209662   0.000000    -0.001774   0.000000   )
 ( -0.113930   0.000000     0.209662   0.000000    -0.001774   0.000000   )
 (  0.113930   0.000000    -0.209662   0.000000     0.001774   0.000000   )
 ( -0.113930   0.000000     0.209662   0.000000     0.001774   0.000000   )
 (  0.122656   0.000000    -0.222425   0.000000    -0.000000   0.000000   )
 ( -0.122656   0.000000     0.222425   0.000000    -0.000000   0.000000   )
 (  0.118780   0.000000    -0.212336   0.000000    -0.000513   0.000000   )
 ( -0.118780   0.000000     0.212336   0.000000    -0.000513   0.000000   )
 ( -0.000000   0.000000     0.000000   0.000000     0.000000   0.000000   )
 (  0.000000   0.000000    -0.000000   0.000000     0.012535   0.000000   )
 ( -0.000000   0.000000     0.000000   0.000000    -0.000000   0.000000   )
 ( -0.000000   0.000000     0.000000   0.000000     0.000000   0.000000   )
 ( -0.000000   0.000000    -0.000000   0.000000    -0.043357   0.000000   )
 ( -0.000000   0.000000    -0.000000   0.000000     0.043357   0.000000   )
 (  0.000000   0.000000     0.000000   0.000000     0.000000   0.000000   )
 (  0.000000   0.000000    -0.000000   0.000000    -0.012535   0.000000   )
 ( -0.014515   0.000000    -0.020414   0.000000     0.002113   0.000000   )
 (  0.014515   0.000000     0.020414   0.000000    -0.002113   0.000000   )
 ( -0.014515   0.000000    -0.020414   0.000000    -0.002113   0.000000   )
 (  0.014515   0.000000     0.020414   0.000000     0.002113   0.000000   )
 (  0.011257   0.000000     0.026321   0.000000     0.001165   0.000000   )
 ( -0.011257   0.000000    -0.026321   0.000000    -0.001165   0.000000   )
 (  0.011257   0.000000     0.026321   0.000000    -0.001165   0.000000   )
 ( -0.011257   0.000000    -0.026321   0.000000     0.001165   0.000000   )
 ( -0.013127   0.000000    -0.017629   0.000000     0.000479   0.000000   )
 (  0.013127   0.000000     0.017629   0.000000     0.000479   0.000000   )
 ( -0.009722   0.000000    -0.023804   0.000000    -0.000869   0.000000   )
 (  0.009722   0.000000     0.023804   0.000000    -0.000869   0.000000   )
 ( -0.009722   0.000000    -0.023804   0.000000     0.000869   0.000000   )
 (  0.009722   0.000000     0.023804   0.000000     0.000869   0.000000   )
 ( -0.013127   0.000000    -0.017629   0.000000    -0.000479   0.000000   )
 (  0.013127   0.000000     0.017629   0.000000    -0.000479   0.000000   )
     freq (   28) =       1.986750 [THz] =      66.270850 [cm-1]
 ( -0.000000   0.000000    -0.000000   0.000000     0.000000   0.000000   )
 (  0.000000   0.000000    -0.000000   0.000000     0.000000   0.000000   )
 (  0.242077   0.000000     0.242077   0.000000    -0.016867   0.000000   )
 (  0.242077   0.000000     0.242077   0.000000     0.016867   0.000000   )
 ( -0.000000   0.000000    -0.000000   0.000000    -0.000000   0.000000   )
 (  0.000000   0.000000     0.000000   0.000000    -0.000000   0.000000   )
 ( -0.000000   0.000000     0.000000   0.000000    -0.000000   0.000000   )
 (  0.000000   0.000000     0.000000   0.000000    -0.000000   0.000000   )
 ( -0.242077   0.000000     0.242077   0.000000     0.016867   0.000000   )
 ( -0.242077   0.000000     0.242077   0.000000    -0.016867   0.000000   )
 (  0.242077   0.000000    -0.242077   0.000000     0.016867   0.000000   )
 (  0.242077   0.000000    -0.242077   0.000000    -0.016867   0.000000   )
 ( -0.000000   0.000000    -0.000000   0.000000     0.000000   0.000000   )
 (  0.000000   0.000000    -0.000000   0.000000     0.000000   0.000000   )
 ( -0.242077   0.000000    -0.242077   0.000000    -0.016867   0.000000   )
 ( -0.242077   0.000000    -0.242077   0.000000     0.016867   0.000000   )
 ( -0.000000   0.000000     0.000000   0.000000    -0.000000   0.000000   )
 ( -0.005754   0.000000    -0.005754   0.000000    -0.000000   0.000000   )
 ( -0.000000   0.000000     0.000000   0.000000     0.000000   0.000000   )
 ( -0.000000   0.000000     0.000000   0.000000     0.000000   0.000000   )
 (  0.005754   0.000000    -0.005754   0.000000     0.000000   0.000000   )
 ( -0.005754   0.000000     0.005754   0.000000    -0.000000   0.000000   )
 (  0.000000   0.000000     0.000000   0.000000     0.000000   0.000000   )
 (  0.005754   0.000000     0.005754   0.000000     0.000000   0.000000   )
 (  0.056750   0.000000    -0.000000   0.000000     0.000000   0.000000   )
 ( -0.056750   0.000000    -0.000000   0.000000    -0.000000   0.000000   )
 ( -0.056750   0.000000     0.000000   0.000000    -0.000000   0.000000   )
 (  0.056750   0.000000     0.000000   0.000000     0.000000   0.000000   )
 (  0.000000   0.000000    -0.056750   0.000000     0.000000   0.000000   )
 (  0.000000   0.000000     0.056750   0.000000     0.000000   0.000000   )
 ( -0.000000   0.000000     0.056750   0.000000    -0.000000   0.000000   )
 (  0.000000   0.000000    -0.056750   0.000000     0.000000   0.000000   )
 ( -0.000000   0.000000     0.065261   0.000000     0.000000   0.000000   )
 (  0.000000   0.000000     0.065261   0.000000    -0.000000   0.000000   )
 (  0.065261   0.000000     0.000000   0.000000    -0.000000   0.000000   )
 (  0.065261   0.000000    -0.000000   0.000000     0.000000   0.000000   )
 ( -0.065261   0.000000    -0.000000   0.000000    -0.000000   0.000000   )
 ( -0.065261   0.000000     0.000000   0.000000     0.000000   0.000000   )
 (  0.000000   0.000000    -0.065261   0.000000     0.000000   0.000000   )
 ( -0.000000   0.000000    -0.065261   0.000000    -0.000000   0.000000   )
     freq (   29) =       2.003964 [THz] =      66.845036 [cm-1]
 ( -0.000000   0.000000     0.000000   0.000000     0.335406   0.000000   )
 ( -0.000000   0.000000     0.000000   0.000000     0.335406   0.000000   )
 ( -0.000823   0.000000    -0.000823   0.000000     0.005024   0.000000   )
 (  0.000823   0.000000     0.000823   0.000000     0.005024   0.000000   )
 (  0.000000   0.000000    -0.000000   0.000000    -0.346087   0.000000   )
 ( -0.000000   0.000000    -0.000000   0.000000    -0.346087   0.000000   )
 (  0.000000   0.000000     0.000000   0.000000    -0.346087   0.000000   )
 ( -0.000000   0.000000    -0.000000   0.000000    -0.346087   0.000000   )
 ( -0.000823   0.000000     0.000823   0.000000     0.005024   0.000000   )
 (  0.000823   0.000000    -0.000823   0.000000     0.005024   0.000000   )
 (  0.000823   0.000000    -0.000823   0.000000     0.005024   0.000000   )
 ( -0.000823   0.000000     0.000823   0.000000     0.005024   0.000000   )
 ( -0.000000   0.000000     0.000000   0.000000     0.350351   0.000000   )
 ( -0.000000   0.000000     0.000000   0.000000     0.350351   0.000000   )
 (  0.000823   0.000000     0.000823   0.000000     0.005024   0.000000   )
 ( -0.000823   0.000000    -0.000823   0.000000     0.005024   0.000000   )
 ( -0.000000   0.000000     0.000000   0.000000    -0.009348   0.000000   )
 ( -0.000000   0.000000     0.000000   0.000000    -0.031416   0.000000   )
 (  0.000000   0.000000    -0.000000   0.000000     0.070600   0.000000   )
 (  0.000000   0.000000     0.000000   0.000000     0.070600   0.000000   )
 ( -0.000000   0.000000     0.000000   0.000000    -0.031416   0.000000   )
 ( -0.000000   0.000000     0.000000   0.000000    -0.031416   0.000000   )
 (  0.000000   0.000000    -0.000000   0.000000    -0.074463   0.000000   )
 ( -0.000000   0.000000     0.000000   0.000000    -0.031416   0.000000   )
 (  0.000000   0.000000    -0.041492   0.000000    -0.003748   0.000000   )
 (  0.000000   0.000000    -0.041492   0.000000    -0.003748   0.000000   )
 (  0.000000   0.000000     0.041492   0.000000    -0.003748   0.000000   )
 ( -0.000000   0.000000     0.041492   0.000000    -0.003748   0.000000   )
 (  0.041492   0.000000    -0.000000   0.000000    -0.003748   0.000000   )
 (  0.041492   0.000000    -0.000000   0.000000    -0.003748   0.000000   )
 ( -0.041492   0.000000    -0.000000   0.000000    -0.003748   0.000000   )
 ( -0.041492   0.000000    -0.000000   0.000000    -0.003748   0.000000   )
 ( -0.045761   0.000000    -0.000000   0.000000     0.001199   0.000000   )
 (  0.045761   0.000000     0.000000   0.000000     0.001199   0.000000   )
 ( -0.000000   0.000000     0.045761   0.000000     0.001199   0.000000   )
 ( -0.000000   0.000000    -0.045761   0.000000     0.001199   0.000000   )
 (  0.000000   0.000000    -0.045761   0.000000     0.001199   0.000000   )
 (  0.000000   0.000000     0.045761   0.000000     0.001199   0.000000   )
 (  0.045761   0.000000     0.000000   0.000000     0.001199   0.000000   )
 ( -0.045761   0.000000     0.000000   0.000000     0.001199   0.000000   )
     freq (   30) =       2.095647 [THz] =      69.903254 [cm-1]
 ( -0.000000   0.000000     0.000000   0.000000    -0.000000   0.000000   )
 ( -0.000000   0.000000    -0.000000   0.000000     0.000000   0.000000   )
 ( -0.024275   0.000000     0.024275   0.000000     0.000000   0.000000   )
 (  0.024275   0.000000    -0.024275   0.000000     0.000000   0.000000   )
 (  0.000000   0.000000     0.000000   0.000000    -0.169374   0.000000   )
 ( -0.000000   0.000000    -0.000000   0.000000    -0.169374   0.000000   )
 (  0.000000   0.000000    -0.000000   0.000000     0.169374   0.000000   )
 (  0.000000   0.000000     0.000000   0.000000     0.169374   0.000000   )
 ( -0.024275   0.000000    -0.024275   0.000000     0.000000   0.000000   )
 (  0.024275   0.000000     0.024275   0.000000     0.000000   0.000000   )
 (  0.024275   0.000000     0.024275   0.000000    -0.000000   0.000000   )
 ( -0.024275   0.000000    -0.024275   0.000000    -0.000000   0.000000   )
 ( -0.000000   0.000000     0.000000   0.000000    -0.000000   0.000000   )
 (  0.000000   0.000000    -0.000000   0.000000    -0.000000   0.000000   )
 (  0.024275   0.000000    -0.024275   0.000000     0.000000   0.000000   )
 ( -0.024275   0.000000     0.024275   0.000000    -0.000000   0.000000   )
 (  0.000000   0.000000    -0.000000   0.000000    -0.000000   0.000000   )
 (  0.000000   0.000000     0.000000   0.000000    -0.000000   0.000000   )
 ( -0.000000   0.000000     0.000000   0.000000     0.641729   0.000000   )
 ( -0.000000   0.000000    -0.000000   0.000000    -0.641729   0.000000   )
 (  0.000000   0.000000    -0.000000   0.000000    -0.000000   0.000000   )
 ( -0.000000   0.000000     0.000000   0.000000     0.000000   0.000000   )
 (  0.000000   0.000000     0.000000   0.000000     0.000000   0.000000   )
 ( -0.000000   0.000000     0.000000   0.000000     0.000000   0.000000   )
 ( -0.000000   0.000000    -0.028920   0.000000    -0.051338   0.000000   )
 (  0.000000   0.000000    -0.028920   0.000000    -0.051338   0.000000   )
 ( -0.000000   0.000000     0.028920   0.000000    -0.051338   0.000000   )
 (  0.000000   0.000000     0.028920   0.000000    -0.051338   0.000000   )
 ( -0.028920   0.000000     0.000000   0.000000     0.051338   0.000000   )
 ( -0.028920   0.000000    -0.000000   0.000000     0.051338   0.000000   )
 (  0.028920   0.000000     0.000000   0.000000     0.051338   0.000000   )
 (  0.028920   0.000000    -0.000000   0.000000     0.051338   0.000000   )
 ( -0.025683   0.000000     0.000000   0.000000    -0.048909   0.000000   )
 (  0.025683   0.000000    -0.000000   0.000000    -0.048909   0.000000   )
 (  0.000000   0.000000    -0.025683   0.000000     0.048909   0.000000   )
 ( -0.000000   0.000000     0.025683   0.000000     0.048909   0.000000   )
 (  0.000000   0.000000     0.025683   0.000000     0.048909   0.000000   )
 ( -0.000000   0.000000    -0.025683   0.000000     0.048909   0.000000   )
 (  0.025683   0.000000     0.000000   0.000000    -0.048909   0.000000   )
 ( -0.025683   0.000000    -0.000000   0.000000    -0.048909   0.000000   )
     freq (   31) =       2.104149 [THz] =      70.186839 [cm-1]
 ( -0.006574   0.000000    -0.004755   0.000000    -0.000000   0.000000   )
 (  0.006574   0.000000     0.004755   0.000000     0.000000   0.000000   )
 (  0.003241   0.000000     0.007921   0.000000     0.037970   0.000000   )
 ( -0.003241   0.000000    -0.007921   0.000000     0.037970   0.000000   )
 (  0.027099   0.000000    -0.008072   0.000000     0.000000   0.000000   )
 ( -0.027099   0.000000     0.008072   0.000000     0.000000   0.000000   )
 ( -0.011160   0.000000     0.019601   0.000000    -0.000000   0.000000   )
 (  0.011160   0.000000    -0.019601   0.000000    -0.000000   0.000000   )
 ( -0.013680   0.000000    -0.015472   0.000000     0.006096   0.000000   )
 (  0.013680   0.000000     0.015472   0.000000     0.006096   0.000000   )
 ( -0.013680   0.000000    -0.015472   0.000000    -0.006096   0.000000   )
 (  0.013680   0.000000     0.015472   0.000000    -0.006096   0.000000   )
 ( -0.026064   0.000000    -0.018852   0.000000    -0.000000   0.000000   )
 (  0.026064   0.000000     0.018852   0.000000     0.000000   0.000000   )
 (  0.003241   0.000000     0.007921   0.000000    -0.037970   0.000000   )
 ( -0.003241   0.000000    -0.007921   0.000000    -0.037970   0.000000   )
 (  0.000000   0.000000     0.000000   0.000000     0.000000   0.000000   )
 (  0.000000   0.000000     0.000000   0.000000    -0.689947   0.000000   )
 ( -0.000000   0.000000    -0.000000   0.000000    -0.000000   0.000000   )
 ( -0.000000   0.000000    -0.000000   0.000000     0.000000   0.000000   )
 ( -0.000000   0.000000     0.000000   0.000000    -0.110772   0.000000   )
 ( -0.000000   0.000000    -0.000000   0.000000     0.110772   0.000000   )
 ( -0.000000   0.000000     0.000000   0.000000    -0.000000   0.000000   )
 ( -0.000000   0.000000     0.000000   0.000000     0.689947   0.000000   )
 ( -0.012359   0.000000    -0.003975   0.000000     0.022688   0.000000   )
 (  0.012359   0.000000     0.003975   0.000000    -0.022688   0.000000   )
 ( -0.012359   0.000000    -0.003975   0.000000    -0.022688   0.000000   )
 (  0.012359   0.000000     0.003975   0.000000     0.022688   0.000000   )
 ( -0.005496   0.000000    -0.008939   0.000000    -0.031366   0.000000   )
 (  0.005496   0.000000     0.008939   0.000000     0.031366   0.000000   )
 ( -0.005496   0.000000    -0.008939   0.000000     0.031366   0.000000   )
 (  0.005496   0.000000     0.008939   0.000000    -0.031366   0.000000   )
 (  0.000611   0.000000    -0.007273   0.000000     0.021991   0.000000   )
 ( -0.000611   0.000000     0.007273   0.000000     0.021991   0.000000   )
 (  0.010055   0.000000    -0.000442   0.000000     0.015907   0.000000   )
 ( -0.010055   0.000000     0.000442   0.000000     0.015907   0.000000   )
 (  0.010055   0.000000    -0.000442   0.000000    -0.015907   0.000000   )
 ( -0.010055   0.000000     0.000442   0.000000    -0.015907   0.000000   )
 (  0.000611   0.000000    -0.007273   0.000000    -0.021991   0.000000   )
 ( -0.000611   0.000000     0.007273   0.000000    -0.021991   0.000000   )
     freq (   32) =       2.104149 [THz] =      70.186839 [cm-1]
 (  0.004755   0.000000    -0.006574   0.000000    -0.000000   0.000000   )
 ( -0.004755   0.000000     0.006574   0.000000    -0.000000   0.000000   )
 (  0.015472   0.000000    -0.013680   0.000000     0.006096   0.000000   )
 ( -0.015472   0.000000     0.013680   0.000000     0.006096   0.000000   )
 ( -0.019601   0.000000    -0.011160   0.000000    -0.000000   0.000000   )
 (  0.019601   0.000000     0.011160   0.000000    -0.000000   0.000000   )
 (  0.008072   0.000000     0.027099   0.000000     0.000000   0.000000   )
 ( -0.008072   0.000000    -0.027099   0.000000     0.000000   0.000000   )
 ( -0.007921   0.000000     0.003241   0.000000    -0.037970   0.000000   )
 (  0.007921   0.000000    -0.003241   0.000000    -0.037970   0.000000   )
 ( -0.007921   0.000000     0.003241   0.000000     0.037970   0.000000   )
 (  0.007921   0.000000    -0.003241   0.000000     0.037970   0.000000   )
 (  0.018852   0.000000    -0.026064   0.000000    -0.000000   0.000000   )
 ( -0.018852   0.000000     0.026064   0.000000    -0.000000   0.000000   )
 (  0.015472   0.000000    -0.013680   0.000000    -0.006096   0.000000   )
 ( -0.015472   0.000000     0.013680   0.000000    -0.006096   0.000000   )
 ( -0.000000   0.000000    -0.000000   0.000000    -0.000000   0.000000   )
 ( -0.000000   0.000000     0.000000   0.000000    -0.110772   0.000000   )
 (  0.000000   0.000000    -0.000000   0.000000     0.000000   0.000000   )
 (  0.000000   0.000000    -0.000000   0.000000    -0.000000   0.000000   )
 ( -0.000000   0.000000     0.000000   0.000000     0.689947   0.000000   )
 (  0.000000   0.000000     0.000000   0.000000    -0.689947   0.000000   )
 (  0.000000   0.000000     0.000000   0.000000     0.000000   0.000000   )
 (  0.000000   0.000000     0.000000   0.000000     0.110772   0.000000   )
 (  0.008939   0.000000    -0.005496   0.000000     0.031366   0.000000   )
 ( -0.008939   0.000000     0.005496   0.000000    -0.031366   0.000000   )
 (  0.008939   0.000000    -0.005496   0.000000    -0.031366   0.000000   )
 ( -0.008939   0.000000     0.005496   0.000000     0.031366   0.000000   )
 (  0.003975   0.000000    -0.012359   0.000000     0.022688   0.000000   )
 ( -0.003975   0.000000     0.012359   0.000000    -0.022688   0.000000   )
 (  0.003975   0.000000    -0.012359   0.000000    -0.022688   0.000000   )
 ( -0.003975   0.000000     0.012359   0.000000     0.022688   0.000000   )
 ( -0.000442   0.000000    -0.010055   0.000000    -0.015907   0.000000   )
 (  0.000442   0.000000     0.010055   0.000000    -0.015907   0.000000   )
 ( -0.007273   0.000000    -0.000611   0.000000     0.021991   0.000000   )
 (  0.007273   0.000000     0.000611   0.000000     0.021991   0.000000   )
 ( -0.007273   0.000000    -0.000611   0.000000    -0.021991   0.000000   )
 (  0.007273   0.000000     0.000611   0.000000    -0.021991   0.000000   )
 ( -0.000442   0.000000    -0.010055   0.000000     0.015907   0.000000   )
 (  0.000442   0.000000     0.010055   0.000000     0.015907   0.000000   )
     freq (   33) =       2.202326 [THz] =      73.461691 [cm-1]
 (  0.000000   0.000000    -0.000000   0.000000     0.157648   0.000000   )
 (  0.000000   0.000000     0.000000   0.000000     0.157648   0.000000   )
 (  0.014958   0.000000     0.014958   0.000000     0.001383   0.000000   )
 ( -0.014958   0.000000    -0.014958   0.000000     0.001383   0.000000   )
 ( -0.000000   0.000000     0.000000   0.000000    -0.009517   0.000000   )
 (  0.000000   0.000000    -0.000000   0.000000    -0.009517   0.000000   )
 ( -0.000000   0.000000    -0.000000   0.000000    -0.009517   0.000000   )
 (  0.000000   0.000000    -0.000000   0.000000    -0.009517   0.000000   )
 (  0.014958   0.000000    -0.014958   0.000000     0.001383   0.000000   )
 ( -0.014958   0.000000     0.014958   0.000000     0.001383   0.000000   )
 ( -0.014958   0.000000     0.014958   0.000000     0.001383   0.000000   )
 (  0.014958   0.000000    -0.014958   0.000000     0.001383   0.000000   )
 (  0.000000   0.000000     0.000000   0.000000    -0.147199   0.000000   )
 ( -0.000000   0.000000     0.000000   0.000000    -0.147199   0.000000   )
 ( -0.014958   0.000000    -0.014958   0.000000     0.001383   0.000000   )
 (  0.014958   0.000000     0.014958   0.000000     0.001383   0.000000   )
 (  0.000000   0.000000    -0.000000   0.000000    -0.641899   0.000000   )
 (  0.000000   0.000000    -0.000000   0.000000    -0.006976   0.000000   )
 ( -0.000000   0.000000    -0.000000   0.000000     0.012840   0.000000   )
 ( -0.000000   0.000000     0.000000   0.000000     0.012840   0.000000   )
 (  0.000000   0.000000     0.000000   0.000000    -0.006976   0.000000   )
 ( -0.000000   0.000000    -0.000000   0.000000    -0.006976   0.000000   )
 ( -0.000000   0.000000     0.000000   0.000000     0.666115   0.000000   )
 ( -0.000000   0.000000     0.000000   0.000000    -0.006976   0.000000   )
 (  0.000000   0.000000    -0.021607   0.000000     0.047840   0.000000   )
 (  0.000000   0.000000    -0.021607   0.000000     0.047840   0.000000   )
 ( -0.000000   0.000000     0.021607   0.000000     0.047840   0.000000   )
 ( -0.000000   0.000000     0.021607   0.000000     0.047840   0.000000   )
 (  0.021607   0.000000    -0.000000   0.000000     0.047840   0.000000   )
 (  0.021607   0.000000    -0.000000   0.000000     0.047840   0.000000   )
 ( -0.021607   0.000000     0.000000   0.000000     0.047840   0.000000   )
 ( -0.021607   0.000000     0.000000   0.000000     0.047840   0.000000   )
 (  0.020973   0.000000     0.000000   0.000000    -0.051442   0.000000   )
 ( -0.020973   0.000000    -0.000000   0.000000    -0.051442   0.000000   )
 ( -0.000000   0.000000    -0.020973   0.000000    -0.051442   0.000000   )
 (  0.000000   0.000000     0.020973   0.000000    -0.051442   0.000000   )
 (  0.000000   0.000000     0.020973   0.000000    -0.051442   0.000000   )
 ( -0.000000   0.000000    -0.020973   0.000000    -0.051442   0.000000   )
 ( -0.020973   0.000000    -0.000000   0.000000    -0.051442   0.000000   )
 (  0.020973   0.000000     0.000000   0.000000    -0.051442   0.000000   )
     freq (   34) =       2.202493 [THz] =      73.467248 [cm-1]
 ( -0.000000   0.000000     0.000000   0.000000    -0.000000   0.000000   )
 ( -0.000000   0.000000     0.000000   0.000000    -0.000000   0.000000   )
 (  0.010528   0.000000     0.010528   0.000000    -0.348145   0.000000   )
 ( -0.010528   0.000000    -0.010528   0.000000    -0.348145   0.000000   )
 ( -0.000000   0.000000    -0.000000   0.000000     0.000000   0.000000   )
 (  0.000000   0.000000    -0.000000   0.000000     0.000000   0.000000   )
 (  0.000000   0.000000     0.000000   0.000000     0.000000   0.000000   )
 (  0.000000   0.000000    -0.000000   0.000000     0.000000   0.000000   )
 ( -0.010528   0.000000     0.010528   0.000000     0.348145   0.000000   )
 (  0.010528   0.000000    -0.010528   0.000000     0.348145   0.000000   )
 (  0.010528   0.000000    -0.010528   0.000000     0.348145   0.000000   )
 ( -0.010528   0.000000     0.010528   0.000000     0.348145   0.000000   )
 (  0.000000   0.000000    -0.000000   0.000000     0.000000   0.000000   )
 ( -0.000000   0.000000     0.000000   0.000000     0.000000   0.000000   )
 ( -0.010528   0.000000    -0.010528   0.000000    -0.348145   0.000000   )
 (  0.010528   0.000000     0.010528   0.000000    -0.348145   0.000000   )
 ( -0.000000   0.000000    -0.000000   0.000000     0.000000   0.000000   )
 ( -0.000000   0.000000     0.000000   0.000000     0.058753   0.000000   )
 (  0.000000   0.000000    -0.000000   0.000000    -0.000000   0.000000   )
 (  0.000000   0.000000    -0.000000   0.000000    -0.000000   0.000000   )
 ( -0.000000   0.000000     0.000000   0.000000    -0.058753   0.000000   )
 (  0.000000   0.000000    -0.000000   0.000000    -0.058753   0.000000   )
 ( -0.000000   0.000000     0.000000   0.000000    -0.000000   0.000000   )
 (  0.000000   0.000000    -0.000000   0.000000     0.058753   0.000000   )
 (  0.027842   0.000000     0.000000   0.000000    -0.000000   0.000000   )
 (  0.027842   0.000000     0.000000   0.000000    -0.000000   0.000000   )
 ( -0.027842   0.000000    -0.000000   0.000000    -0.000000   0.000000   )
 ( -0.027842   0.000000    -0.000000   0.000000    -0.000000   0.000000   )
 ( -0.000000   0.000000    -0.027842   0.000000    -0.000000   0.000000   )
 ( -0.000000   0.000000    -0.027842   0.000000    -0.000000   0.000000   )
 (  0.000000   0.000000     0.027842   0.000000    -0.000000   0.000000   )
 (  0.000000   0.000000     0.027842   0.000000    -0.000000   0.000000   )
 ( -0.000000   0.000000     0.032750   0.000000     0.000000   0.000000   )
 (  0.000000   0.000000    -0.032750   0.000000     0.000000   0.000000   )
 ( -0.032750   0.000000     0.000000   0.000000     0.000000   0.000000   )
 (  0.032750   0.000000    -0.000000   0.000000     0.000000   0.000000   )
 (  0.032750   0.000000    -0.000000   0.000000     0.000000   0.000000   )
 ( -0.032750   0.000000     0.000000   0.000000     0.000000   0.000000   )
 (  0.000000   0.000000    -0.032750   0.000000     0.000000   0.000000   )
 ( -0.000000   0.000000     0.032750   0.000000     0.000000   0.000000   )
     freq (   35) =       2.252851 [THz] =      75.147013 [cm-1]
 (  0.047837   0.000000    -0.037894   0.000000    -0.000000   0.000000   )
 (  0.047837   0.000000    -0.037894   0.000000     0.000000   0.000000   )
 (  0.014170   0.000000    -0.008089   0.000000     0.023930   0.000000   )
 (  0.014170   0.000000    -0.008089   0.000000    -0.023930   0.000000   )
 (  0.038232   0.000000     0.077583   0.000000    -0.000000   0.000000   )
 (  0.038232   0.000000     0.077583   0.000000     0.000000   0.000000   )
 ( -0.097937   0.000000    -0.030286   0.000000    -0.000000   0.000000   )
 ( -0.097937   0.000000    -0.030286   0.000000     0.000000   0.000000   )
 (  0.027505   0.000000    -0.024924   0.000000     0.206348   0.000000   )
 (  0.027505   0.000000    -0.024924   0.000000    -0.206348   0.000000   )
 (  0.027505   0.000000    -0.024924   0.000000    -0.206348   0.000000   )
 (  0.027505   0.000000    -0.024924   0.000000     0.206348   0.000000   )
 ( -0.064289   0.000000     0.050927   0.000000    -0.000000   0.000000   )
 ( -0.064289   0.000000     0.050927   0.000000     0.000000   0.000000   )
 (  0.014170   0.000000    -0.008089   0.000000    -0.023930   0.000000   )
 (  0.014170   0.000000    -0.008089   0.000000     0.023930   0.000000   )
 (  0.498582   0.000000    -0.394959   0.000000     0.000000   0.000000   )
 ( -0.060154   0.000000     0.058118   0.000000     0.000000   0.000000   )
 (  0.018594   0.000000    -0.019545   0.000000     0.000000   0.000000   )
 (  0.024673   0.000000    -0.014729   0.000000    -0.000000   0.000000   )
 ( -0.015635   0.000000     0.001919   0.000000    -0.000000   0.000000   )
 ( -0.015635   0.000000     0.001919   0.000000     0.000000   0.000000   )
 ( -0.447103   0.000000     0.354179   0.000000    -0.000000   0.000000   )
 ( -0.060154   0.000000     0.058118   0.000000    -0.000000   0.000000   )
 ( -0.018712   0.000000    -0.017361   0.000000     0.005298   0.000000   )
 ( -0.018712   0.000000    -0.017361   0.000000     0.005298   0.000000   )
 ( -0.018712   0.000000    -0.017361   0.000000    -0.005298   0.000000   )
 ( -0.018712   0.000000    -0.017361   0.000000    -0.005298   0.000000   )
 (  0.021916   0.000000     0.014823   0.000000     0.006688   0.000000   )
 (  0.021916   0.000000     0.014823   0.000000     0.006688   0.000000   )
 (  0.021916   0.000000     0.014823   0.000000    -0.006688   0.000000   )
 (  0.021916   0.000000     0.014823   0.000000    -0.006688   0.000000   )
 ( -0.012480   0.000000    -0.025690   0.000000    -0.026035   0.000000   )
 ( -0.012480   0.000000    -0.025690   0.000000     0.026035   0.000000   )
 (  0.032430   0.000000     0.009886   0.000000    -0.020624   0.000000   )
 (  0.032430   0.000000     0.009886   0.000000     0.020624   0.000000   )
 (  0.032430   0.000000     0.009886   0.000000     0.020624   0.000000   )
 (  0.032430   0.000000     0.009886   0.000000    -0.020624   0.000000   )
 ( -0.012480   0.000000    -0.025690   0.000000     0.026035   0.000000   )
 ( -0.012480   0.000000    -0.025690   0.000000    -0.026035   0.000000   )
     freq (   36) =       2.252851 [THz] =      75.147013 [cm-1]
 ( -0.037894   0.000000    -0.047837   0.000000     0.000000   0.000000   )
 ( -0.037894   0.000000    -0.047837   0.000000    -0.000000   0.000000   )
 ( -0.024924   0.000000    -0.027505   0.000000    -0.206348   0.000000   )
 ( -0.024924   0.000000    -0.027505   0.000000     0.206348   0.000000   )
 ( -0.030286   0.000000     0.097937   0.000000     0.000000   0.000000   )
 ( -0.030286   0.000000     0.097937   0.000000    -0.000000   0.000000   )
 (  0.077583   0.000000    -0.038232   0.000000     0.000000   0.000000   )
 (  0.077583   0.000000    -0.038232   0.000000    -0.000000   0.000000   )
 ( -0.008089   0.000000    -0.014170   0.000000     0.023930   0.000000   )
 ( -0.008089   0.000000    -0.014170   0.000000    -0.023930   0.000000   )
 ( -0.008089   0.000000    -0.014170   0.000000    -0.023930   0.000000   )
 ( -0.008089   0.000000    -0.014170   0.000000     0.023930   0.000000   )
 (  0.050927   0.000000     0.064289   0.000000     0.000000   0.000000   )
 (  0.050927   0.000000     0.064289   0.000000    -0.000000   0.000000   )
 ( -0.024924   0.000000    -0.027505   0.000000     0.206348   0.000000   )
 ( -0.024924   0.000000    -0.027505   0.000000    -0.206348   0.000000   )
 ( -0.394959   0.000000    -0.498582   0.000000    -0.000000   0.000000   )
 (  0.001919   0.000000     0.015635   0.000000    -0.000000   0.000000   )
 ( -0.014729   0.000000    -0.024673   0.000000    -0.000000   0.000000   )
 ( -0.019545   0.000000    -0.018594   0.000000     0.000000   0.000000   )
 (  0.058118   0.000000     0.060154   0.000000    -0.000000   0.000000   )
 (  0.058118   0.000000     0.060154   0.000000     0.000000   0.000000   )
 (  0.354179   0.000000     0.447103   0.000000     0.000000   0.000000   )
 (  0.001919   0.000000     0.015635   0.000000     0.000000   0.000000   )
 (  0.014823   0.000000    -0.021916   0.000000     0.006688   0.000000   )
 (  0.014823   0.000000    -0.021916   0.000000     0.006688   0.000000   )
 (  0.014823   0.000000    -0.021916   0.000000    -0.006688   0.000000   )
 (  0.014823   0.000000    -0.021916   0.000000    -0.006688   0.000000   )
 ( -0.017361   0.000000     0.018712   0.000000    -0.005298   0.000000   )
 ( -0.017361   0.000000     0.018712   0.000000    -0.005298   0.000000   )
 ( -0.017361   0.000000     0.018712   0.000000     0.005298   0.000000   )
 ( -0.017361   0.000000     0.018712   0.000000     0.005298   0.000000   )
 (  0.009886   0.000000    -0.032430   0.000000     0.020624   0.000000   )
 (  0.009886   0.000000    -0.032430   0.000000    -0.020624   0.000000   )
 ( -0.025690   0.000000     0.012480   0.000000    -0.026035   0.000000   )
 ( -0.025690   0.000000     0.012480   0.000000     0.026035   0.000000   )
 ( -0.025690   0.000000     0.012480   0.000000     0.026035   0.000000   )
 ( -0.025690   0.000000     0.012480   0.000000    -0.026035   0.000000   )
 (  0.009886   0.000000    -0.032430   0.000000    -0.020624   0.000000   )
 (  0.009886   0.000000    -0.032430   0.000000     0.020624   0.000000   )
     freq (   37) =       2.262829 [THz] =      75.479834 [cm-1]
 ( -0.000000   0.000000     0.000000   0.000000     0.154420   0.000000   )
 (  0.000000   0.000000     0.000000   0.000000    -0.154420   0.000000   )
 (  0.005845   0.000000     0.005845   0.000000    -0.179498   0.000000   )
 (  0.005845   0.000000     0.005845   0.000000     0.179498   0.000000   )
 (  0.000000   0.000000    -0.000000   0.000000     0.188127   0.000000   )
 ( -0.000000   0.000000    -0.000000   0.000000    -0.188127   0.000000   )
 (  0.000000   0.000000     0.000000   0.000000     0.188127   0.000000   )
 ( -0.000000   0.000000     0.000000   0.000000    -0.188127   0.000000   )
 (  0.005845   0.000000    -0.005845   0.000000    -0.179498   0.000000   )
 (  0.005845   0.000000    -0.005845   0.000000     0.179498   0.000000   )
 ( -0.005845   0.000000     0.005845   0.000000    -0.179498   0.000000   )
 ( -0.005845   0.000000     0.005845   0.000000     0.179498   0.000000   )
 ( -0.000000   0.000000    -0.000000   0.000000     0.182087   0.000000   )
 (  0.000000   0.000000    -0.000000   0.000000    -0.182087   0.000000   )
 ( -0.005845   0.000000    -0.005845   0.000000    -0.179498   0.000000   )
 ( -0.005845   0.000000    -0.005845   0.000000     0.179498   0.000000   )
 (  0.000000   0.000000     0.000000   0.000000    -0.000000   0.000000   )
 ( -0.013181   0.000000    -0.013181   0.000000     0.000000   0.000000   )
 (  0.000000   0.000000     0.000000   0.000000     0.000000   0.000000   )
 (  0.000000   0.000000     0.000000   0.000000    -0.000000   0.000000   )
 ( -0.013181   0.000000     0.013181   0.000000     0.000000   0.000000   )
 (  0.013181   0.000000    -0.013181   0.000000    -0.000000   0.000000   )
 ( -0.000000   0.000000    -0.000000   0.000000     0.000000   0.000000   )
 (  0.013181   0.000000     0.013181   0.000000    -0.000000   0.000000   )
 ( -0.000000   0.000000     0.008581   0.000000     0.167646   0.000000   )
 ( -0.000000   0.000000    -0.008581   0.000000    -0.167646   0.000000   )
 ( -0.000000   0.000000    -0.008581   0.000000     0.167646   0.000000   )
 ( -0.000000   0.000000     0.008581   0.000000    -0.167646   0.000000   )
 ( -0.008581   0.000000    -0.000000   0.000000     0.167646   0.000000   )
 (  0.008581   0.000000    -0.000000   0.000000    -0.167646   0.000000   )
 (  0.008581   0.000000    -0.000000   0.000000     0.167646   0.000000   )
 ( -0.008581   0.000000    -0.000000   0.000000    -0.167646   0.000000   )
 (  0.005234   0.000000     0.000000   0.000000    -0.179961   0.000000   )
 (  0.005234   0.000000     0.000000   0.000000     0.179961   0.000000   )
 (  0.000000   0.000000     0.005234   0.000000     0.179961   0.000000   )
 (  0.000000   0.000000     0.005234   0.000000    -0.179961   0.000000   )
 (  0.000000   0.000000    -0.005234   0.000000     0.179961   0.000000   )
 (  0.000000   0.000000    -0.005234   0.000000    -0.179961   0.000000   )
 ( -0.005234   0.000000     0.000000   0.000000    -0.179961   0.000000   )
 ( -0.005234   0.000000     0.000000   0.000000     0.179961   0.000000   )
     freq (   38) =       2.278847 [THz] =      76.014169 [cm-1]
 (  0.000000   0.000000    -0.000000   0.000000     0.000000   0.000000   )
 ( -0.000000   0.000000     0.000000   0.000000    -0.000000   0.000000   )
 (  0.108384   0.000000    -0.108384   0.000000    -0.000000   0.000000   )
 (  0.108384   0.000000    -0.108384   0.000000     0.000000   0.000000   )
 ( -0.000000   0.000000     0.000000   0.000000    -0.390677   0.000000   )
 (  0.000000   0.000000    -0.000000   0.000000     0.390677   0.000000   )
 ( -0.000000   0.000000     0.000000   0.000000     0.390677   0.000000   )
 (  0.000000   0.000000    -0.000000   0.000000    -0.390677   0.000000   )
 (  0.108384   0.000000     0.108384   0.000000    -0.000000   0.000000   )
 (  0.108384   0.000000     0.108384   0.000000     0.000000   0.000000   )
 ( -0.108384   0.000000    -0.108384   0.000000    -0.000000   0.000000   )
 ( -0.108384   0.000000    -0.108384   0.000000     0.000000   0.000000   )
 (  0.000000   0.000000    -0.000000   0.000000     0.000000   0.000000   )
 ( -0.000000   0.000000     0.000000   0.000000    -0.000000   0.000000   )
 ( -0.108384   0.000000     0.108384   0.000000    -0.000000   0.000000   )
 ( -0.108384   0.000000     0.108384   0.000000     0.000000   0.000000   )
 ( -0.000000   0.000000     0.000000   0.000000     0.000000   0.000000   )
 (  0.114658   0.000000    -0.114658   0.000000    -0.000000   0.000000   )
 ( -0.000000   0.000000     0.000000   0.000000    -0.000000   0.000000   )
 (  0.000000   0.000000    -0.000000   0.000000     0.000000   0.000000   )
 (  0.114658   0.000000     0.114658   0.000000     0.000000   0.000000   )
 ( -0.114658   0.000000    -0.114658   0.000000    -0.000000   0.000000   )
 (  0.000000   0.000000    -0.000000   0.000000    -0.000000   0.000000   )
 ( -0.114658   0.000000     0.114658   0.000000     0.000000   0.000000   )
 (  0.000000   0.000000    -0.018842   0.000000    -0.077653   0.000000   )
 (  0.000000   0.000000     0.018842   0.000000     0.077653   0.000000   )
 (  0.000000   0.000000     0.018842   0.000000    -0.077653   0.000000   )
 (  0.000000   0.000000    -0.018842   0.000000     0.077653   0.000000   )
 ( -0.018842   0.000000    -0.000000   0.000000     0.077653   0.000000   )
 (  0.018842   0.000000    -0.000000   0.000000    -0.077653   0.000000   )
 (  0.018842   0.000000    -0.000000   0.000000     0.077653   0.000000   )
 ( -0.018842   0.000000    -0.000000   0.000000    -0.077653   0.000000   )
 (  0.016618   0.000000     0.000000   0.000000     0.073374   0.000000   )
 (  0.016618   0.000000     0.000000   0.000000    -0.073374   0.000000   )
 ( -0.000000   0.000000    -0.016618   0.000000     0.073374   0.000000   )
 ( -0.000000   0.000000    -0.016618   0.000000    -0.073374   0.000000   )
 ( -0.000000   0.000000     0.016618   0.000000     0.073374   0.000000   )
 ( -0.000000   0.000000     0.016618   0.000000    -0.073374   0.000000   )
 ( -0.016618   0.000000     0.000000   0.000000     0.073374   0.000000   )
 ( -0.016618   0.000000     0.000000   0.000000    -0.073374   0.000000   )
     freq (   39) =       2.293120 [THz] =      76.490244 [cm-1]
 (  0.209674   0.000000    -0.000136   0.000000     0.000000   0.000000   )
 ( -0.209674   0.000000     0.000136   0.000000    -0.000000   0.000000   )
 (  0.011532   0.000000    -0.235649   0.000000     0.009386   0.000000   )
 ( -0.011532   0.000000     0.235649   0.000000     0.009386   0.000000   )
 ( -0.255289   0.000000     0.000161   0.000000     0.000000   0.000000   )
 (  0.255289   0.000000    -0.000161   0.000000    -0.000000   0.000000   )
 ( -0.248526   0.000000     0.000165   0.000000     0.000000   0.000000   )
 (  0.248526   0.000000    -0.000165   0.000000    -0.000000   0.000000   )
 (  0.011227   0.000000     0.235634   0.000000     0.009398   0.000000   )
 ( -0.011227   0.000000    -0.235634   0.000000     0.009398   0.000000   )
 (  0.011227   0.000000     0.235634   0.000000    -0.009398   0.000000   )
 ( -0.011227   0.000000    -0.235634   0.000000    -0.009398   0.000000   )
 (  0.224564   0.000000    -0.000145   0.000000     0.000000   0.000000   )
 ( -0.224564   0.000000     0.000145   0.000000    -0.000000   0.000000   )
 (  0.011532   0.000000    -0.235649   0.000000    -0.009386   0.000000   )
 ( -0.011532   0.000000     0.235649   0.000000    -0.009386   0.000000   )
 ( -0.000000   0.000000     0.000000   0.000000     0.000000   0.000000   )
 ( -0.000000   0.000000     0.000000   0.000000    -0.072286   0.000000   )
 ( -0.000000   0.000000    -0.000000   0.000000    -0.000000   0.000000   )
 (  0.000000   0.000000    -0.000000   0.000000     0.000000   0.000000   )
 ( -0.000000   0.000000    -0.000000   0.000000    -0.072380   0.000000   )
 (  0.000000   0.000000     0.000000   0.000000     0.072380   0.000000   )
 (  0.000000   0.000000    -0.000000   0.000000    -0.000000   0.000000   )
 (  0.000000   0.000000    -0.000000   0.000000     0.072286   0.000000   )
 (  0.008982   0.000000    -0.000004   0.000000     0.000062   0.000000   )
 ( -0.008982   0.000000     0.000004   0.000000    -0.000062   0.000000   )
 (  0.008982   0.000000    -0.000004   0.000000    -0.000062   0.000000   )
 ( -0.008982   0.000000     0.000004   0.000000     0.000062   0.000000   )
 (  0.005455   0.000000    -0.000006   0.000000     0.096152   0.000000   )
 ( -0.005455   0.000000     0.000006   0.000000    -0.096152   0.000000   )
 (  0.005455   0.000000    -0.000006   0.000000    -0.096152   0.000000   )
 ( -0.005455   0.000000     0.000006   0.000000     0.096152   0.000000   )
 ( -0.010133   0.000000     0.000013   0.000000     0.112842   0.000000   )
 (  0.010133   0.000000    -0.000013   0.000000     0.112842   0.000000   )
 (  0.020553   0.000000    -0.000007   0.000000    -0.000073   0.000000   )
 ( -0.020553   0.000000     0.000007   0.000000    -0.000073   0.000000   )
 (  0.020553   0.000000    -0.000007   0.000000     0.000073   0.000000   )
 ( -0.020553   0.000000     0.000007   0.000000     0.000073   0.000000   )
 ( -0.010133   0.000000     0.000013   0.000000    -0.112842   0.000000   )
 (  0.010133   0.000000    -0.000013   0.000000    -0.112842   0.000000   )
     freq (   40) =       2.293120 [THz] =      76.490244 [cm-1]
 (  0.000136   0.000000     0.209674   0.000000     0.000000   0.000000   )
 ( -0.000136   0.000000    -0.209674   0.000000    -0.000000   0.000000   )
 ( -0.235634   0.000000     0.011227   0.000000     0.009398   0.000000   )
 (  0.235634   0.000000    -0.011227   0.000000     0.009398   0.000000   )
 ( -0.000165   0.000000    -0.248526   0.000000    -0.000000   0.000000   )
 (  0.000165   0.000000     0.248526   0.000000     0.000000   0.000000   )
 ( -0.000161   0.000000    -0.255289   0.000000     0.000000   0.000000   )
 (  0.000161   0.000000     0.255289   0.000000    -0.000000   0.000000   )
 (  0.235649   0.000000     0.011532   0.000000    -0.009386   0.000000   )
 ( -0.235649   0.000000    -0.011532   0.000000    -0.009386   0.000000   )
 (  0.235649   0.000000     0.011532   0.000000     0.009386   0.000000   )
 ( -0.235649   0.000000    -0.011532   0.000000     0.009386   0.000000   )
 (  0.000145   0.000000     0.224564   0.000000    -0.000000   0.000000   )
 ( -0.000145   0.000000    -0.224564   0.000000     0.000000   0.000000   )
 ( -0.235634   0.000000     0.011227   0.000000    -0.009398   0.000000   )
 (  0.235634   0.000000    -0.011227   0.000000    -0.009398   0.000000   )
 ( -0.000000   0.000000     0.000000   0.000000    -0.000000   0.000000   )
 (  0.000000   0.000000    -0.000000   0.000000    -0.072380   0.000000   )
 (  0.000000   0.000000     0.000000   0.000000    -0.000000   0.000000   )
 ( -0.000000   0.000000    -0.000000   0.000000     0.000000   0.000000   )
 (  0.000000   0.000000     0.000000   0.000000     0.072286   0.000000   )
 (  0.000000   0.000000    -0.000000   0.000000    -0.072286   0.000000   )
 (  0.000000   0.000000    -0.000000   0.000000     0.000000   0.000000   )
 ( -0.000000   0.000000     0.000000   0.000000     0.072380   0.000000   )
 (  0.000006   0.000000     0.005455   0.000000    -0.096152   0.000000   )
 ( -0.000006   0.000000    -0.005455   0.000000     0.096152   0.000000   )
 (  0.000006   0.000000     0.005455   0.000000     0.096152   0.000000   )
 ( -0.000006   0.000000    -0.005455   0.000000    -0.096152   0.000000   )
 (  0.000004   0.000000     0.008982   0.000000     0.000062   0.000000   )
 ( -0.000004   0.000000    -0.008982   0.000000    -0.000062   0.000000   )
 (  0.000004   0.000000     0.008982   0.000000    -0.000062   0.000000   )
 ( -0.000004   0.000000    -0.008982   0.000000     0.000062   0.000000   )
 ( -0.000007   0.000000    -0.020553   0.000000     0.000073   0.000000   )
 (  0.000007   0.000000     0.020553   0.000000     0.000073   0.000000   )
 (  0.000013   0.000000     0.010133   0.000000     0.112842   0.000000   )
 ( -0.000013   0.000000    -0.010133   0.000000     0.112842   0.000000   )
 (  0.000013   0.000000     0.010133   0.000000    -0.112842   0.000000   )
 ( -0.000013   0.000000    -0.010133   0.000000    -0.112842   0.000000   )
 ( -0.000007   0.000000    -0.020553   0.000000    -0.000073   0.000000   )
 (  0.000007   0.000000     0.020553   0.000000    -0.000073   0.000000   )
     freq (   41) =       2.378151 [THz] =      79.326580 [cm-1]
 ( -0.107347   0.000000     0.000293   0.000000     0.000000   0.000000   )
 ( -0.107347   0.000000     0.000293   0.000000    -0.000000   0.000000   )
 ( -0.005789   0.000000    -0.043480   0.000000    -0.124329   0.000000   )
 ( -0.005789   0.000000    -0.043480   0.000000     0.124329   0.000000   )
 ( -0.031485   0.000000    -0.000340   0.000000     0.000000   0.000000   )
 ( -0.031485   0.000000    -0.000340   0.000000    -0.000000   0.000000   )
 (  0.124731   0.000000     0.000086   0.000000    -0.000000   0.000000   )
 (  0.124731   0.000000     0.000086   0.000000     0.000000   0.000000   )
 ( -0.006027   0.000000     0.043512   0.000000    -0.125009   0.000000   )
 ( -0.006027   0.000000     0.043512   0.000000     0.125009   0.000000   )
 ( -0.006027   0.000000     0.043512   0.000000     0.125009   0.000000   )
 ( -0.006027   0.000000     0.043512   0.000000    -0.125009   0.000000   )
 (  0.040067   0.000000    -0.000109   0.000000    -0.000000   0.000000   )
 (  0.040067   0.000000    -0.000109   0.000000     0.000000   0.000000   )
 ( -0.005789   0.000000    -0.043480   0.000000     0.124329   0.000000   )
 ( -0.005789   0.000000    -0.043480   0.000000    -0.124329   0.000000   )
 (  0.362786   0.000000    -0.000990   0.000000    -0.000000   0.000000   )
 (  0.001494   0.000000    -0.055053   0.000000     0.000000   0.000000   )
 ( -0.279649   0.000000    -0.001235   0.000000    -0.000000   0.000000   )
 (  0.452391   0.000000     0.000763   0.000000     0.000000   0.000000   )
 (  0.001193   0.000000     0.055046   0.000000     0.000000   0.000000   )
 (  0.001193   0.000000     0.055046   0.000000     0.000000   0.000000   )
 ( -0.543431   0.000000     0.001483   0.000000     0.000000   0.000000   )
 (  0.001494   0.000000    -0.055053   0.000000     0.000000   0.000000   )
 ( -0.045838   0.000000    -0.000056   0.000000    -0.000310   0.000000   )
 ( -0.045838   0.000000    -0.000056   0.000000    -0.000310   0.000000   )
 ( -0.045838   0.000000    -0.000056   0.000000     0.000310   0.000000   )
 ( -0.045838   0.000000    -0.000056   0.000000     0.000310   0.000000   )
 (  0.020453   0.000000     0.000125   0.000000    -0.113416   0.000000   )
 (  0.020453   0.000000     0.000125   0.000000    -0.113416   0.000000   )
 (  0.020453   0.000000     0.000125   0.000000     0.113416   0.000000   )
 (  0.020453   0.000000     0.000125   0.000000     0.113416   0.000000   )
 ( -0.026498   0.000000    -0.000109   0.000000    -0.045560   0.000000   )
 ( -0.026498   0.000000    -0.000109   0.000000     0.045560   0.000000   )
 (  0.039754   0.000000     0.000072   0.000000    -0.000124   0.000000   )
 (  0.039754   0.000000     0.000072   0.000000     0.000124   0.000000   )
 (  0.039754   0.000000     0.000072   0.000000     0.000124   0.000000   )
 (  0.039754   0.000000     0.000072   0.000000    -0.000124   0.000000   )
 ( -0.026498   0.000000    -0.000109   0.000000     0.045560   0.000000   )
 ( -0.026498   0.000000    -0.000109   0.000000    -0.045560   0.000000   )
     freq (   42) =       2.378151 [THz] =      79.326580 [cm-1]
 (  0.000293   0.000000     0.107347   0.000000     0.000000   0.000000   )
 (  0.000293   0.000000     0.107347   0.000000    -0.000000   0.000000   )
 (  0.043512   0.000000     0.006027   0.000000     0.125009   0.000000   )
 (  0.043512   0.000000     0.006027   0.000000    -0.125009   0.000000   )
 (  0.000086   0.000000    -0.124731   0.000000    -0.000000   0.000000   )
 (  0.000086   0.000000    -0.124731   0.000000     0.000000   0.000000   )
 ( -0.000340   0.000000     0.031485   0.000000     0.000000   0.000000   )
 ( -0.000340   0.000000     0.031485   0.000000    -0.000000   0.000000   )
 ( -0.043480   0.000000     0.005789   0.000000    -0.124329   0.000000   )
 ( -0.043480   0.000000     0.005789   0.000000     0.124329   0.000000   )
 ( -0.043480   0.000000     0.005789   0.000000     0.124329   0.000000   )
 ( -0.043480   0.000000     0.005789   0.000000    -0.124329   0.000000   )
 ( -0.000109   0.000000    -0.040067   0.000000    -0.000000   0.000000   )
 ( -0.000109   0.000000    -0.040067   0.000000     0.000000   0.000000   )
 (  0.043512   0.000000     0.006027   0.000000    -0.125009   0.000000   )
 (  0.043512   0.000000     0.006027   0.000000     0.125009   0.000000   )
 ( -0.000990   0.000000    -0.362786   0.000000     0.000000   0.000000   )
 (  0.055046   0.000000    -0.001193   0.000000    -0.000000   0.000000   )
 (  0.000763   0.000000    -0.452391   0.000000     0.000000   0.000000   )
 ( -0.001235   0.000000     0.279649   0.000000    -0.000000   0.000000   )
 ( -0.055053   0.000000    -0.001494   0.000000     0.000000   0.000000   )
 ( -0.055053   0.000000    -0.001494   0.000000     0.000000   0.000000   )
 (  0.001483   0.000000     0.543431   0.000000    -0.000000   0.000000   )
 (  0.055046   0.000000    -0.001193   0.000000    -0.000000   0.000000   )
 (  0.000125   0.000000    -0.020453   0.000000    -0.113416   0.000000   )
 (  0.000125   0.000000    -0.020453   0.000000    -0.113416   0.000000   )
 (  0.000125   0.000000    -0.020453   0.000000     0.113416   0.000000   )
 (  0.000125   0.000000    -0.020453   0.000000     0.113416   0.000000   )
 ( -0.000056   0.000000     0.045838   0.000000     0.000310   0.000000   )
 ( -0.000056   0.000000     0.045838   0.000000     0.000310   0.000000   )
 ( -0.000056   0.000000     0.045838   0.000000    -0.000310   0.000000   )
 ( -0.000056   0.000000     0.045838   0.000000    -0.000310   0.000000   )
 (  0.000072   0.000000    -0.039754   0.000000     0.000124   0.000000   )
 (  0.000072   0.000000    -0.039754   0.000000    -0.000124   0.000000   )
 ( -0.000109   0.000000     0.026498   0.000000    -0.045560   0.000000   )
 ( -0.000109   0.000000     0.026498   0.000000     0.045560   0.000000   )
 ( -0.000109   0.000000     0.026498   0.000000     0.045560   0.000000   )
 ( -0.000109   0.000000     0.026498   0.000000    -0.045560   0.000000   )
 (  0.000072   0.000000    -0.039754   0.000000    -0.000124   0.000000   )
 (  0.000072   0.000000    -0.039754   0.000000     0.000124   0.000000   )
     freq (   43) =       2.457509 [THz] =      81.973679 [cm-1]
 (  0.000000   0.000000    -0.000000   0.000000     0.392509   0.000000   )
 (  0.000000   0.000000    -0.000000   0.000000    -0.392509   0.000000   )
 ( -0.112769   0.000000    -0.112769   0.000000    -0.010664   0.000000   )
 ( -0.112769   0.000000    -0.112769   0.000000     0.010664   0.000000   )
 (  0.000000   0.000000     0.000000   0.000000     0.012742   0.000000   )
 ( -0.000000   0.000000     0.000000   0.000000    -0.012742   0.000000   )
 ( -0.000000   0.000000     0.000000   0.000000     0.012742   0.000000   )
 ( -0.000000   0.000000     0.000000   0.000000    -0.012742   0.000000   )
 ( -0.112769   0.000000     0.112769   0.000000    -0.010664   0.000000   )
 ( -0.112769   0.000000     0.112769   0.000000     0.010664   0.000000   )
 (  0.112769   0.000000    -0.112769   0.000000    -0.010664   0.000000   )
 (  0.112769   0.000000    -0.112769   0.000000     0.010664   0.000000   )
 ( -0.000000   0.000000     0.000000   0.000000    -0.376920   0.000000   )
 (  0.000000   0.000000     0.000000   0.000000     0.376920   0.000000   )
 (  0.112769   0.000000     0.112769   0.000000    -0.010664   0.000000   )
 (  0.112769   0.000000     0.112769   0.000000     0.010664   0.000000   )
 ( -0.000000   0.000000    -0.000000   0.000000    -0.000000   0.000000   )
 ( -0.020878   0.000000    -0.020878   0.000000     0.000000   0.000000   )
 (  0.000000   0.000000     0.000000   0.000000     0.000000   0.000000   )
 ( -0.000000   0.000000     0.000000   0.000000     0.000000   0.000000   )
 ( -0.020878   0.000000     0.020878   0.000000     0.000000   0.000000   )
 (  0.020878   0.000000    -0.020878   0.000000     0.000000   0.000000   )
 (  0.000000   0.000000    -0.000000   0.000000     0.000000   0.000000   )
 (  0.020878   0.000000     0.020878   0.000000     0.000000   0.000000   )
 (  0.000000   0.000000    -0.039591   0.000000     0.113153   0.000000   )
 (  0.000000   0.000000     0.039591   0.000000    -0.113153   0.000000   )
 (  0.000000   0.000000     0.039591   0.000000     0.113153   0.000000   )
 (  0.000000   0.000000    -0.039591   0.000000    -0.113153   0.000000   )
 (  0.039591   0.000000     0.000000   0.000000     0.113153   0.000000   )
 ( -0.039591   0.000000    -0.000000   0.000000    -0.113153   0.000000   )
 ( -0.039591   0.000000    -0.000000   0.000000     0.113153   0.000000   )
 (  0.039591   0.000000    -0.000000   0.000000    -0.113153   0.000000   )
 ( -0.039781   0.000000    -0.000000   0.000000     0.094599   0.000000   )
 ( -0.039781   0.000000     0.000000   0.000000    -0.094599   0.000000   )
 ( -0.000000   0.000000    -0.039781   0.000000    -0.094599   0.000000   )
 ( -0.000000   0.000000    -0.039781   0.000000     0.094599   0.000000   )
 ( -0.000000   0.000000     0.039781   0.000000    -0.094599   0.000000   )
 ( -0.000000   0.000000     0.039781   0.000000     0.094599   0.000000   )
 (  0.039781   0.000000     0.000000   0.000000     0.094599   0.000000   )
 (  0.039781   0.000000     0.000000   0.000000    -0.094599   0.000000   )
     freq (   44) =       2.571024 [THz] =      85.760141 [cm-1]
 ( -0.024132   0.000000    -0.025030   0.000000     0.000000   0.000000   )
 ( -0.024132   0.000000    -0.025030   0.000000     0.000000   0.000000   )
 ( -0.048825   0.000000    -0.047459   0.000000     0.030540   0.000000   )
 ( -0.048825   0.000000    -0.047459   0.000000    -0.030540   0.000000   )
 (  0.039681   0.000000     0.047170   0.000000    -0.000000   0.000000   )
 (  0.039681   0.000000     0.047170   0.000000     0.000000   0.000000   )
 (  0.045478   0.000000     0.041158   0.000000    -0.000000   0.000000   )
 (  0.045478   0.000000     0.041158   0.000000     0.000000   0.000000   )
 (  0.038282   0.000000     0.036523   0.000000    -0.000558   0.000000   )
 (  0.038282   0.000000     0.036523   0.000000     0.000558   0.000000   )
 (  0.038282   0.000000     0.036523   0.000000     0.000558   0.000000   )
 (  0.038282   0.000000     0.036523   0.000000    -0.000558   0.000000   )
 ( -0.023137   0.000000    -0.023998   0.000000    -0.000000   0.000000   )
 ( -0.023137   0.000000    -0.023998   0.000000     0.000000   0.000000   )
 ( -0.048825   0.000000    -0.047459   0.000000    -0.030540   0.000000   )
 ( -0.048825   0.000000    -0.047459   0.000000     0.030540   0.000000   )
 ( -0.324514   0.000000    -0.336592   0.000000    -0.000000   0.000000   )
 ( -0.015482   0.000000    -0.013502   0.000000     0.000000   0.000000   )
 (  0.455864   0.000000     0.047811   0.000000    -0.000000   0.000000   )
 (  0.046096   0.000000     0.472830   0.000000     0.000000   0.000000   )
 (  0.054471   0.000000     0.053942   0.000000    -0.000000   0.000000   )
 (  0.054471   0.000000     0.053942   0.000000    -0.000000   0.000000   )
 ( -0.325704   0.000000    -0.337826   0.000000     0.000000   0.000000   )
 ( -0.015482   0.000000    -0.013502   0.000000     0.000000   0.000000   )
 ( -0.039986   0.000000    -0.008876   0.000000     0.071726   0.000000   )
 ( -0.039986   0.000000    -0.008876   0.000000     0.071726   0.000000   )
 ( -0.039986   0.000000    -0.008876   0.000000    -0.071726   0.000000   )
 ( -0.039986   0.000000    -0.008876   0.000000    -0.071726   0.000000   )
 ( -0.008558   0.000000    -0.041474   0.000000    -0.069153   0.000000   )
 ( -0.008558   0.000000    -0.041474   0.000000    -0.069153   0.000000   )
 ( -0.008558   0.000000    -0.041474   0.000000     0.069153   0.000000   )
 ( -0.008558   0.000000    -0.041474   0.000000     0.069153   0.000000   )
 (  0.002844   0.000000     0.023519   0.000000     0.014025   0.000000   )
 (  0.002844   0.000000     0.023519   0.000000    -0.014025   0.000000   )
 (  0.022675   0.000000     0.002950   0.000000    -0.014547   0.000000   )
 (  0.022675   0.000000     0.002950   0.000000     0.014547   0.000000   )
 (  0.022675   0.000000     0.002950   0.000000     0.014547   0.000000   )
 (  0.022675   0.000000     0.002950   0.000000    -0.014547   0.000000   )
 (  0.002844   0.000000     0.023519   0.000000    -0.014025   0.000000   )
 (  0.002844   0.000000     0.023519   0.000000     0.014025   0.000000   )
     freq (   45) =       2.571024 [THz] =      85.760141 [cm-1]
 ( -0.025030   0.000000     0.024132   0.000000     0.000000   0.000000   )
 ( -0.025030   0.000000     0.024132   0.000000    -0.000000   0.000000   )
 (  0.036523   0.000000    -0.038282   0.000000     0.000558   0.000000   )
 (  0.036523   0.000000    -0.038282   0.000000    -0.000558   0.000000   )
 (  0.041158   0.000000    -0.045478   0.000000    -0.000000   0.000000   )
 (  0.041158   0.000000    -0.045478   0.000000     0.000000   0.000000   )
 (  0.047170   0.000000    -0.039681   0.000000    -0.000000   0.000000   )
 (  0.047170   0.000000    -0.039681   0.000000     0.000000   0.000000   )
 ( -0.047459   0.000000     0.048825   0.000000     0.030540   0.000000   )
 ( -0.047459   0.000000     0.048825   0.000000    -0.030540   0.000000   )
 ( -0.047459   0.000000     0.048825   0.000000    -0.030540   0.000000   )
 ( -0.047459   0.000000     0.048825   0.000000     0.030540   0.000000   )
 ( -0.023998   0.000000     0.023137   0.000000    -0.000000   0.000000   )
 ( -0.023998   0.000000     0.023137   0.000000     0.000000   0.000000   )
 (  0.036523   0.000000    -0.038282   0.000000    -0.000558   0.000000   )
 (  0.036523   0.000000    -0.038282   0.000000     0.000558   0.000000   )
 ( -0.336592   0.000000     0.324514   0.000000    -0.000000   0.000000   )
 (  0.053942   0.000000    -0.054471   0.000000     0.000000   0.000000   )
 (  0.472830   0.000000    -0.046096   0.000000    -0.000000   0.000000   )
 (  0.047811   0.000000    -0.455864   0.000000    -0.000000   0.000000   )
 ( -0.013502   0.000000     0.015482   0.000000    -0.000000   0.000000   )
 ( -0.013502   0.000000     0.015482   0.000000     0.000000   0.000000   )
 ( -0.337826   0.000000     0.325704   0.000000     0.000000   0.000000   )
 (  0.053942   0.000000    -0.054471   0.000000    -0.000000   0.000000   )
 ( -0.041474   0.000000     0.008558   0.000000    -0.069153   0.000000   )
 ( -0.041474   0.000000     0.008558   0.000000    -0.069153   0.000000   )
 ( -0.041474   0.000000     0.008558   0.000000     0.069153   0.000000   )
 ( -0.041474   0.000000     0.008558   0.000000     0.069153   0.000000   )
 ( -0.008876   0.000000     0.039986   0.000000    -0.071726   0.000000   )
 ( -0.008876   0.000000     0.039986   0.000000    -0.071726   0.000000   )
 ( -0.008876   0.000000     0.039986   0.000000     0.071726   0.000000   )
 ( -0.008876   0.000000     0.039986   0.000000     0.071726   0.000000   )
 (  0.002950   0.000000    -0.022675   0.000000     0.014547   0.000000   )
 (  0.002950   0.000000    -0.022675   0.000000    -0.014547   0.000000   )
 (  0.023519   0.000000    -0.002844   0.000000     0.014025   0.000000   )
 (  0.023519   0.000000    -0.002844   0.000000    -0.014025   0.000000   )
 (  0.023519   0.000000    -0.002844   0.000000    -0.014025   0.000000   )
 (  0.023519   0.000000    -0.002844   0.000000     0.014025   0.000000   )
 (  0.002950   0.000000    -0.022675   0.000000    -0.014547   0.000000   )
 (  0.002950   0.000000    -0.022675   0.000000     0.014547   0.000000   )
     freq (   46) =       2.678363 [THz] =      89.340589 [cm-1]
 ( -0.046026   0.000000     0.000142   0.000000    -0.000000   0.000000   )
 ( -0.046026   0.000000     0.000142   0.000000     0.000000   0.000000   )
 (  0.009314   0.000000     0.014005   0.000000    -0.059053   0.000000   )
 (  0.009314   0.000000     0.014005   0.000000     0.059053   0.000000   )
 ( -0.068972   0.000000    -0.000107   0.000000    -0.000000   0.000000   )
 ( -0.068972   0.000000    -0.000107   0.000000     0.000000   0.000000   )
 (  0.034603   0.000000     0.000213   0.000000     0.000000   0.000000   )
 (  0.034603   0.000000     0.000213   0.000000    -0.000000   0.000000   )
 (  0.009400   0.000000    -0.014063   0.000000    -0.059419   0.000000   )
 (  0.009400   0.000000    -0.014063   0.000000     0.059419   0.000000   )
 (  0.009400   0.000000    -0.014063   0.000000     0.059419   0.000000   )
 (  0.009400   0.000000    -0.014063   0.000000    -0.059419   0.000000   )
 (  0.053063   0.000000    -0.000164   0.000000    -0.000000   0.000000   )
 (  0.053063   0.000000    -0.000164   0.000000     0.000000   0.000000   )
 (  0.009314   0.000000     0.014005   0.000000     0.059053   0.000000   )
 (  0.009314   0.000000     0.014005   0.000000    -0.059053   0.000000   )
 (  0.361430   0.000000    -0.001115   0.000000    -0.000000   0.000000   )
 ( -0.022967   0.000000    -0.010196   0.000000    -0.000000   0.000000   )
 (  0.357045   0.000000     0.002013   0.000000    -0.000000   0.000000   )
 ( -0.652299   0.000000    -0.001102   0.000000    -0.000000   0.000000   )
 ( -0.023030   0.000000     0.010338   0.000000    -0.000000   0.000000   )
 ( -0.023030   0.000000     0.010338   0.000000    -0.000000   0.000000   )
 ( -0.042972   0.000000     0.000133   0.000000     0.000000   0.000000   )
 ( -0.022967   0.000000    -0.010196   0.000000    -0.000000   0.000000   )
 ( -0.098019   0.000000     0.000006   0.000000    -0.000376   0.000000   )
 ( -0.098019   0.000000     0.000006   0.000000    -0.000376   0.000000   )
 ( -0.098019   0.000000     0.000006   0.000000     0.000376   0.000000   )
 ( -0.098019   0.000000     0.000006   0.000000     0.000376   0.000000   )
 ( -0.002031   0.000000     0.000302   0.000000    -0.121837   0.000000   )
 ( -0.002031   0.000000     0.000302   0.000000    -0.121837   0.000000   )
 ( -0.002031   0.000000     0.000302   0.000000     0.121837   0.000000   )
 ( -0.002031   0.000000     0.000302   0.000000     0.121837   0.000000   )
 (  0.010851   0.000000    -0.000334   0.000000    -0.169419   0.000000   )
 (  0.010851   0.000000    -0.000334   0.000000     0.169419   0.000000   )
 (  0.108132   0.000000    -0.000033   0.000000    -0.000523   0.000000   )
 (  0.108132   0.000000    -0.000033   0.000000     0.000523   0.000000   )
 (  0.108132   0.000000    -0.000033   0.000000     0.000523   0.000000   )
 (  0.108132   0.000000    -0.000033   0.000000    -0.000523   0.000000   )
 (  0.010851   0.000000    -0.000334   0.000000     0.169419   0.000000   )
 (  0.010851   0.000000    -0.000334   0.000000    -0.169419   0.000000   )
     freq (   47) =       2.678363 [THz] =      89.340589 [cm-1]
 (  0.000142   0.000000     0.046026   0.000000     0.000000   0.000000   )
 (  0.000142   0.000000     0.046026   0.000000     0.000000   0.000000   )
 ( -0.014063   0.000000    -0.009400   0.000000     0.059419   0.000000   )
 ( -0.014063   0.000000    -0.009400   0.000000    -0.059419   0.000000   )
 (  0.000213   0.000000    -0.034603   0.000000     0.000000   0.000000   )
 (  0.000213   0.000000    -0.034603   0.000000    -0.000000   0.000000   )
 ( -0.000107   0.000000     0.068972   0.000000    -0.000000   0.000000   )
 ( -0.000107   0.000000     0.068972   0.000000     0.000000   0.000000   )
 (  0.014005   0.000000    -0.009314   0.000000    -0.059053   0.000000   )
 (  0.014005   0.000000    -0.009314   0.000000     0.059053   0.000000   )
 (  0.014005   0.000000    -0.009314   0.000000     0.059053   0.000000   )
 (  0.014005   0.000000    -0.009314   0.000000    -0.059053   0.000000   )
 ( -0.000164   0.000000    -0.053063   0.000000     0.000000   0.000000   )
 ( -0.000164   0.000000    -0.053063   0.000000    -0.000000   0.000000   )
 ( -0.014063   0.000000    -0.009400   0.000000    -0.059419   0.000000   )
 ( -0.014063   0.000000    -0.009400   0.000000     0.059419   0.000000   )
 ( -0.001115   0.000000    -0.361430   0.000000    -0.000000   0.000000   )
 (  0.010338   0.000000     0.023030   0.000000     0.000000   0.000000   )
 ( -0.001102   0.000000     0.652299   0.000000     0.000000   0.000000   )
 (  0.002013   0.000000    -0.357045   0.000000     0.000000   0.000000   )
 ( -0.010196   0.000000     0.022967   0.000000    -0.000000   0.000000   )
 ( -0.010196   0.000000     0.022967   0.000000     0.000000   0.000000   )
 (  0.000133   0.000000     0.042972   0.000000     0.000000   0.000000   )
 (  0.010338   0.000000     0.023030   0.000000    -0.000000   0.000000   )
 (  0.000302   0.000000     0.002031   0.000000    -0.121837   0.000000   )
 (  0.000302   0.000000     0.002031   0.000000    -0.121837   0.000000   )
 (  0.000302   0.000000     0.002031   0.000000     0.121837   0.000000   )
 (  0.000302   0.000000     0.002031   0.000000     0.121837   0.000000   )
 (  0.000006   0.000000     0.098019   0.000000     0.000376   0.000000   )
 (  0.000006   0.000000     0.098019   0.000000     0.000376   0.000000   )
 (  0.000006   0.000000     0.098019   0.000000    -0.000376   0.000000   )
 (  0.000006   0.000000     0.098019   0.000000    -0.000376   0.000000   )
 ( -0.000033   0.000000    -0.108132   0.000000     0.000523   0.000000   )
 ( -0.000033   0.000000    -0.108132   0.000000    -0.000523   0.000000   )
 ( -0.000334   0.000000    -0.010851   0.000000    -0.169419   0.000000   )
 ( -0.000334   0.000000    -0.010851   0.000000     0.169419   0.000000   )
 ( -0.000334   0.000000    -0.010851   0.000000     0.169419   0.000000   )
 ( -0.000334   0.000000    -0.010851   0.000000    -0.169419   0.000000   )
 ( -0.000033   0.000000    -0.108132   0.000000    -0.000523   0.000000   )
 ( -0.000033   0.000000    -0.108132   0.000000     0.000523   0.000000   )
     freq (   48) =       2.847368 [THz] =      94.977986 [cm-1]
 (  0.000000   0.000000    -0.000000   0.000000     0.000000   0.000000   )
 (  0.000000   0.000000     0.000000   0.000000     0.000000   0.000000   )
 (  0.030496   0.000000    -0.030496   0.000000     0.000000   0.000000   )
 (  0.030496   0.000000    -0.030496   0.000000    -0.000000   0.000000   )
 (  0.000000   0.000000     0.000000   0.000000    -0.024550   0.000000   )
 (  0.000000   0.000000    -0.000000   0.000000     0.024550   0.000000   )
 ( -0.000000   0.000000     0.000000   0.000000     0.024550   0.000000   )
 ( -0.000000   0.000000     0.000000   0.000000    -0.024550   0.000000   )
 (  0.030496   0.000000     0.030496   0.000000     0.000000   0.000000   )
 (  0.030496   0.000000     0.030496   0.000000    -0.000000   0.000000   )
 ( -0.030496   0.000000    -0.030496   0.000000    -0.000000   0.000000   )
 ( -0.030496   0.000000    -0.030496   0.000000     0.000000   0.000000   )
 ( -0.000000   0.000000    -0.000000   0.000000    -0.000000   0.000000   )
 ( -0.000000   0.000000    -0.000000   0.000000    -0.000000   0.000000   )
 ( -0.030496   0.000000     0.030496   0.000000    -0.000000   0.000000   )
 ( -0.030496   0.000000     0.030496   0.000000     0.000000   0.000000   )
 ( -0.000000   0.000000    -0.000000   0.000000     0.000000   0.000000   )
 ( -0.296112   0.000000     0.296112   0.000000     0.000000   0.000000   )
 ( -0.000000   0.000000     0.000000   0.000000    -0.000000   0.000000   )
 (  0.000000   0.000000     0.000000   0.000000    -0.000000   0.000000   )
 ( -0.296112   0.000000    -0.296112   0.000000    -0.000000   0.000000   )
 (  0.296112   0.000000     0.296112   0.000000     0.000000   0.000000   )
 (  0.000000   0.000000     0.000000   0.000000    -0.000000   0.000000   )
 (  0.296112   0.000000    -0.296112   0.000000     0.000000   0.000000   )
 (  0.000000   0.000000    -0.083150   0.000000    -0.104438   0.000000   )
 (  0.000000   0.000000     0.083150   0.000000     0.104438   0.000000   )
 (  0.000000   0.000000     0.083150   0.000000    -0.104438   0.000000   )
 (  0.000000   0.000000    -0.083150   0.000000     0.104438   0.000000   )
 ( -0.083150   0.000000     0.000000   0.000000     0.104438   0.000000   )
 (  0.083150   0.000000    -0.000000   0.000000    -0.104438   0.000000   )
 (  0.083150   0.000000    -0.000000   0.000000     0.104438   0.000000   )
 ( -0.083150   0.000000     0.000000   0.000000    -0.104438   0.000000   )
 (  0.082558   0.000000    -0.000000   0.000000     0.102563   0.000000   )
 (  0.082558   0.000000    -0.000000   0.000000    -0.102563   0.000000   )
 ( -0.000000   0.000000    -0.082558   0.000000     0.102563   0.000000   )
 ( -0.000000   0.000000    -0.082558   0.000000    -0.102563   0.000000   )
 ( -0.000000   0.000000     0.082558   0.000000     0.102563   0.000000   )
 ( -0.000000   0.000000     0.082558   0.000000    -0.102563   0.000000   )
 ( -0.082558   0.000000    -0.000000   0.000000     0.102563   0.000000   )
 ( -0.082558   0.000000    -0.000000   0.000000    -0.102563   0.000000   )
     freq (   49) =       2.902705 [THz] =      96.823832 [cm-1]
 (  0.000000   0.000000    -0.000000   0.000000     0.007703   0.000000   )
 (  0.000000   0.000000     0.000000   0.000000    -0.007703   0.000000   )
 (  0.011688   0.000000     0.011688   0.000000     0.004889   0.000000   )
 (  0.011688   0.000000     0.011688   0.000000    -0.004889   0.000000   )
 (  0.000000   0.000000     0.000000   0.000000    -0.004910   0.000000   )
 (  0.000000   0.000000    -0.000000   0.000000     0.004910   0.000000   )
 ( -0.000000   0.000000    -0.000000   0.000000    -0.004910   0.000000   )
 ( -0.000000   0.000000     0.000000   0.000000     0.004910   0.000000   )
 (  0.011688   0.000000    -0.011688   0.000000     0.004889   0.000000   )
 (  0.011688   0.000000    -0.011688   0.000000    -0.004889   0.000000   )
 ( -0.011688   0.000000     0.011688   0.000000     0.004889   0.000000   )
 ( -0.011688   0.000000     0.011688   0.000000    -0.004889   0.000000   )
 (  0.000000   0.000000     0.000000   0.000000    -0.014855   0.000000   )
 ( -0.000000   0.000000    -0.000000   0.000000     0.014855   0.000000   )
 ( -0.011688   0.000000    -0.011688   0.000000     0.004889   0.000000   )
 ( -0.011688   0.000000    -0.011688   0.000000    -0.004889   0.000000   )
 ( -0.000000   0.000000    -0.000000   0.000000    -0.000000   0.000000   )
 ( -0.310996   0.000000    -0.310996   0.000000    -0.000000   0.000000   )
 ( -0.000000   0.000000    -0.000000   0.000000     0.000000   0.000000   )
 (  0.000000   0.000000     0.000000   0.000000     0.000000   0.000000   )
 ( -0.310996   0.000000     0.310996   0.000000    -0.000000   0.000000   )
 (  0.310996   0.000000    -0.310996   0.000000    -0.000000   0.000000   )
 ( -0.000000   0.000000     0.000000   0.000000    -0.000000   0.000000   )
 (  0.310996   0.000000     0.310996   0.000000    -0.000000   0.000000   )
 (  0.000000   0.000000     0.078089   0.000000    -0.093537   0.000000   )
 (  0.000000   0.000000    -0.078089   0.000000     0.093537   0.000000   )
 (  0.000000   0.000000    -0.078089   0.000000    -0.093537   0.000000   )
 (  0.000000   0.000000     0.078089   0.000000     0.093537   0.000000   )
 ( -0.078089   0.000000    -0.000000   0.000000    -0.093537   0.000000   )
 (  0.078089   0.000000     0.000000   0.000000     0.093537   0.000000   )
 (  0.078089   0.000000    -0.000000   0.000000    -0.093537   0.000000   )
 ( -0.078089   0.000000     0.000000   0.000000     0.093537   0.000000   )
 (  0.077962   0.000000     0.000000   0.000000    -0.083529   0.000000   )
 (  0.077962   0.000000    -0.000000   0.000000     0.083529   0.000000   )
 ( -0.000000   0.000000     0.077962   0.000000     0.083529   0.000000   )
 ( -0.000000   0.000000     0.077962   0.000000    -0.083529   0.000000   )
 ( -0.000000   0.000000    -0.077962   0.000000     0.083529   0.000000   )
 ( -0.000000   0.000000    -0.077962   0.000000    -0.083529   0.000000   )
 ( -0.077962   0.000000     0.000000   0.000000    -0.083529   0.000000   )
 ( -0.077962   0.000000     0.000000   0.000000     0.083529   0.000000   )
     freq (   50) =       2.922667 [THz] =      97.489661 [cm-1]
 (  0.000000   0.000000    -0.000000   0.000000    -0.000000   0.000000   )
 ( -0.000000   0.000000    -0.000000   0.000000     0.000000   0.000000   )
 (  0.001188   0.000000     0.001188   0.000000     0.000687   0.000000   )
 (  0.001188   0.000000     0.001188   0.000000    -0.000687   0.000000   )
 ( -0.000000   0.000000    -0.000000   0.000000    -0.000000   0.000000   )
 ( -0.000000   0.000000    -0.000000   0.000000     0.000000   0.000000   )
 ( -0.000000   0.000000     0.000000   0.000000     0.000000   0.000000   )
 (  0.000000   0.000000    -0.000000   0.000000    -0.000000   0.000000   )
 ( -0.001188   0.000000     0.001188   0.000000    -0.000687   0.000000   )
 ( -0.001188   0.000000     0.001188   0.000000     0.000687   0.000000   )
 (  0.001188   0.000000    -0.001188   0.000000    -0.000687   0.000000   )
 (  0.001188   0.000000    -0.001188   0.000000     0.000687   0.000000   )
 (  0.000000   0.000000    -0.000000   0.000000     0.000000   0.000000   )
 ( -0.000000   0.000000    -0.000000   0.000000    -0.000000   0.000000   )
 ( -0.001188   0.000000    -0.001188   0.000000     0.000687   0.000000   )
 ( -0.001188   0.000000    -0.001188   0.000000    -0.000687   0.000000   )
 (  0.000000   0.000000     0.000000   0.000000    -0.000000   0.000000   )
 (  0.352224   0.000000     0.352224   0.000000     0.000000   0.000000   )
 ( -0.000000   0.000000     0.000000   0.000000     0.000000   0.000000   )
 ( -0.000000   0.000000    -0.000000   0.000000     0.000000   0.000000   )
 ( -0.352224   0.000000     0.352224   0.000000    -0.000000   0.000000   )
 (  0.352224   0.000000    -0.352224   0.000000    -0.000000   0.000000   )
 ( -0.000000   0.000000     0.000000   0.000000    -0.000000   0.000000   )
 ( -0.352224   0.000000    -0.352224   0.000000     0.000000   0.000000   )
 (  0.021746   0.000000    -0.000000   0.000000    -0.000000   0.000000   )
 ( -0.021746   0.000000     0.000000   0.000000     0.000000   0.000000   )
 ( -0.021746   0.000000     0.000000   0.000000    -0.000000   0.000000   )
 (  0.021746   0.000000    -0.000000   0.000000     0.000000   0.000000   )
 ( -0.000000   0.000000    -0.021746   0.000000     0.000000   0.000000   )
 (  0.000000   0.000000     0.021746   0.000000    -0.000000   0.000000   )
 (  0.000000   0.000000     0.021746   0.000000     0.000000   0.000000   )
 ( -0.000000   0.000000    -0.021746   0.000000    -0.000000   0.000000   )
 (  0.000000   0.000000     0.021497   0.000000     0.000000   0.000000   )
 (  0.000000   0.000000     0.021497   0.000000     0.000000   0.000000   )
 (  0.021497   0.000000    -0.000000   0.000000    -0.000000   0.000000   )
 (  0.021497   0.000000    -0.000000   0.000000     0.000000   0.000000   )
 ( -0.021497   0.000000     0.000000   0.000000     0.000000   0.000000   )
 ( -0.021497   0.000000     0.000000   0.000000    -0.000000   0.000000   )
 ( -0.000000   0.000000    -0.021497   0.000000     0.000000   0.000000   )
 ( -0.000000   0.000000    -0.021497   0.000000    -0.000000   0.000000   )
     freq (   51) =       2.982106 [THz] =      99.472361 [cm-1]
 ( -0.000000   0.000000    -0.000000   0.000000     0.000000   0.000000   )
 (  0.000000   0.000000    -0.000000   0.000000     0.000000   0.000000   )
 (  0.028645   0.000000    -0.028645   0.000000    -0.000000   0.000000   )
 (  0.028645   0.000000    -0.028645   0.000000    -0.000000   0.000000   )
 ( -0.000000   0.000000     0.000000   0.000000    -0.000000   0.000000   )
 ( -0.000000   0.000000     0.000000   0.000000     0.000000   0.000000   )
 (  0.000000   0.000000     0.000000   0.000000    -0.000000   0.000000   )
 ( -0.000000   0.000000     0.000000   0.000000    -0.000000   0.000000   )
 ( -0.028645   0.000000    -0.028645   0.000000    -0.000000   0.000000   )
 ( -0.028645   0.000000    -0.028645   0.000000     0.000000   0.000000   )
 (  0.028645   0.000000     0.028645   0.000000     0.000000   0.000000   )
 (  0.028645   0.000000     0.028645   0.000000    -0.000000   0.000000   )
 ( -0.000000   0.000000    -0.000000   0.000000     0.000000   0.000000   )
 (  0.000000   0.000000    -0.000000   0.000000     0.000000   0.000000   )
 ( -0.028645   0.000000     0.028645   0.000000    -0.000000   0.000000   )
 ( -0.028645   0.000000     0.028645   0.000000    -0.000000   0.000000   )
 (  0.000000   0.000000     0.000000   0.000000     0.000000   0.000000   )
 (  0.350775   0.000000    -0.350775   0.000000     0.000000   0.000000   )
 ( -0.000000   0.000000    -0.000000   0.000000    -0.000000   0.000000   )
 ( -0.000000   0.000000    -0.000000   0.000000    -0.000000   0.000000   )
 ( -0.350775   0.000000    -0.350775   0.000000     0.000000   0.000000   )
 (  0.350775   0.000000     0.350775   0.000000     0.000000   0.000000   )
 (  0.000000   0.000000     0.000000   0.000000     0.000000   0.000000   )
 ( -0.350775   0.000000     0.350775   0.000000     0.000000   0.000000   )
 (  0.012567   0.000000     0.000000   0.000000     0.000000   0.000000   )
 ( -0.012567   0.000000     0.000000   0.000000     0.000000   0.000000   )
 ( -0.012567   0.000000    -0.000000   0.000000    -0.000000   0.000000   )
 (  0.012567   0.000000    -0.000000   0.000000    -0.000000   0.000000   )
 ( -0.000000   0.000000     0.012567   0.000000    -0.000000   0.000000   )
 ( -0.000000   0.000000    -0.012567   0.000000     0.000000   0.000000   )
 (  0.000000   0.000000    -0.012567   0.000000    -0.000000   0.000000   )
 (  0.000000   0.000000     0.012567   0.000000     0.000000   0.000000   )
 (  0.000000   0.000000    -0.012570   0.000000    -0.000000   0.000000   )
 ( -0.000000   0.000000    -0.012570   0.000000     0.000000   0.000000   )
 (  0.012570   0.000000    -0.000000   0.000000    -0.000000   0.000000   )
 (  0.012570   0.000000     0.000000   0.000000     0.000000   0.000000   )
 ( -0.012570   0.000000     0.000000   0.000000     0.000000   0.000000   )
 ( -0.012570   0.000000    -0.000000   0.000000    -0.000000   0.000000   )
 ( -0.000000   0.000000     0.012570   0.000000     0.000000   0.000000   )
 (  0.000000   0.000000     0.012570   0.000000     0.000000   0.000000   )
     freq (   52) =       3.001084 [THz] =     100.105372 [cm-1]
 (  0.000000   0.000000     0.000000   0.000000     0.029503   0.000000   )
 (  0.000000   0.000000     0.000000   0.000000     0.029503   0.000000   )
 (  0.002079   0.000000     0.002079   0.000000    -0.017306   0.000000   )
 ( -0.002079   0.000000    -0.002079   0.000000    -0.017306   0.000000   )
 ( -0.000000   0.000000    -0.000000   0.000000    -0.003159   0.000000   )
 ( -0.000000   0.000000     0.000000   0.000000    -0.003159   0.000000   )
 ( -0.000000   0.000000     0.000000   0.000000    -0.003159   0.000000   )
 ( -0.000000   0.000000     0.000000   0.000000    -0.003159   0.000000   )
 (  0.002079   0.000000    -0.002079   0.000000    -0.017306   0.000000   )
 ( -0.002079   0.000000     0.002079   0.000000    -0.017306   0.000000   )
 ( -0.002079   0.000000     0.002079   0.000000    -0.017306   0.000000   )
 (  0.002079   0.000000    -0.002079   0.000000    -0.017306   0.000000   )
 ( -0.000000   0.000000    -0.000000   0.000000     0.034417   0.000000   )
 (  0.000000   0.000000    -0.000000   0.000000     0.034417   0.000000   )
 ( -0.002079   0.000000    -0.002079   0.000000    -0.017306   0.000000   )
 (  0.002079   0.000000     0.002079   0.000000    -0.017306   0.000000   )
 ( -0.000000   0.000000    -0.000000   0.000000     0.425736   0.000000   )
 ( -0.000000   0.000000     0.000000   0.000000     0.070058   0.000000   )
 ( -0.000000   0.000000     0.000000   0.000000    -0.543243   0.000000   )
 (  0.000000   0.000000    -0.000000   0.000000    -0.543243   0.000000   )
 (  0.000000   0.000000     0.000000   0.000000     0.070058   0.000000   )
 ( -0.000000   0.000000    -0.000000   0.000000     0.070058   0.000000   )
 (  0.000000   0.000000    -0.000000   0.000000     0.435803   0.000000   )
 (  0.000000   0.000000    -0.000000   0.000000     0.070058   0.000000   )
 ( -0.000000   0.000000     0.026286   0.000000     0.001315   0.000000   )
 (  0.000000   0.000000     0.026286   0.000000     0.001315   0.000000   )
 (  0.000000   0.000000    -0.026286   0.000000     0.001315   0.000000   )
 ( -0.000000   0.000000    -0.026286   0.000000     0.001315   0.000000   )
 ( -0.026286   0.000000    -0.000000   0.000000     0.001315   0.000000   )
 ( -0.026286   0.000000     0.000000   0.000000     0.001315   0.000000   )
 (  0.026286   0.000000     0.000000   0.000000     0.001315   0.000000   )
 (  0.026286   0.000000    -0.000000   0.000000     0.001315   0.000000   )
 (  0.029067   0.000000     0.000000   0.000000     0.002527   0.000000   )
 ( -0.029067   0.000000     0.000000   0.000000     0.002527   0.000000   )
 ( -0.000000   0.000000    -0.029067   0.000000     0.002527   0.000000   )
 ( -0.000000   0.000000     0.029067   0.000000     0.002527   0.000000   )
 (  0.000000   0.000000     0.029067   0.000000     0.002527   0.000000   )
 (  0.000000   0.000000    -0.029067   0.000000     0.002527   0.000000   )
 ( -0.029067   0.000000    -0.000000   0.000000     0.002527   0.000000   )
 (  0.029067   0.000000    -0.000000   0.000000     0.002527   0.000000   )
     freq (   53) =       3.013712 [THz] =     100.526621 [cm-1]
 ( -0.011230   0.000000     0.001100   0.000000    -0.000000   0.000000   )
 ( -0.011230   0.000000     0.001100   0.000000     0.000000   0.000000   )
 (  0.000802   0.000000     0.004712   0.000000     0.024652   0.000000   )
 (  0.000802   0.000000     0.004712   0.000000    -0.024652   0.000000   )
 (  0.020647   0.000000    -0.000878   0.000000     0.000000   0.000000   )
 (  0.020647   0.000000    -0.000878   0.000000    -0.000000   0.000000   )
 (  0.008967   0.000000    -0.002022   0.000000     0.000000   0.000000   )
 (  0.008967   0.000000    -0.002022   0.000000    -0.000000   0.000000   )
 (  0.001749   0.000000    -0.004962   0.000000     0.030005   0.000000   )
 (  0.001749   0.000000    -0.004962   0.000000    -0.030005   0.000000   )
 (  0.001749   0.000000    -0.004962   0.000000    -0.030005   0.000000   )
 (  0.001749   0.000000    -0.004962   0.000000     0.030005   0.000000   )
 ( -0.024059   0.000000     0.002356   0.000000    -0.000000   0.000000   )
 ( -0.024059   0.000000     0.002356   0.000000     0.000000   0.000000   )
 (  0.000802   0.000000     0.004712   0.000000    -0.024652   0.000000   )
 (  0.000802   0.000000     0.004712   0.000000     0.024652   0.000000   )
 (  0.050437   0.000000    -0.004940   0.000000     0.000000   0.000000   )
 (  0.043664   0.000000    -0.487957   0.000000    -0.000000   0.000000   )
 ( -0.074956   0.000000     0.005545   0.000000    -0.000000   0.000000   )
 ( -0.056610   0.000000     0.007341   0.000000    -0.000000   0.000000   )
 ( -0.052000   0.000000     0.488773   0.000000     0.000000   0.000000   )
 ( -0.052000   0.000000     0.488773   0.000000    -0.000000   0.000000   )
 (  0.090100   0.000000    -0.008825   0.000000     0.000000   0.000000   )
 (  0.043664   0.000000    -0.487957   0.000000     0.000000   0.000000   )
 ( -0.002505   0.000000    -0.000428   0.000000    -0.002140   0.000000   )
 ( -0.002505   0.000000    -0.000428   0.000000    -0.002140   0.000000   )
 ( -0.002505   0.000000    -0.000428   0.000000     0.002140   0.000000   )
 ( -0.002505   0.000000    -0.000428   0.000000     0.002140   0.000000   )
 (  0.004372   0.000000     0.000245   0.000000    -0.021850   0.000000   )
 (  0.004372   0.000000     0.000245   0.000000    -0.021850   0.000000   )
 (  0.004372   0.000000     0.000245   0.000000     0.021850   0.000000   )
 (  0.004372   0.000000     0.000245   0.000000     0.021850   0.000000   )
 (  0.005732   0.000000    -0.000552   0.000000     0.038971   0.000000   )
 (  0.005732   0.000000    -0.000552   0.000000    -0.038971   0.000000   )
 (  0.005639   0.000000    -0.000561   0.000000     0.003817   0.000000   )
 (  0.005639   0.000000    -0.000561   0.000000    -0.003817   0.000000   )
 (  0.005639   0.000000    -0.000561   0.000000    -0.003817   0.000000   )
 (  0.005639   0.000000    -0.000561   0.000000     0.003817   0.000000   )
 (  0.005732   0.000000    -0.000552   0.000000    -0.038971   0.000000   )
 (  0.005732   0.000000    -0.000552   0.000000     0.038971   0.000000   )
     freq (   54) =       3.013712 [THz] =     100.526621 [cm-1]
 ( -0.001100   0.000000    -0.011230   0.000000    -0.000000   0.000000   )
 ( -0.001100   0.000000    -0.011230   0.000000     0.000000   0.000000   )
 (  0.004962   0.000000     0.001749   0.000000     0.030005   0.000000   )
 (  0.004962   0.000000     0.001749   0.000000    -0.030005   0.000000   )
 (  0.002022   0.000000     0.008967   0.000000     0.000000   0.000000   )
 (  0.002022   0.000000     0.008967   0.000000    -0.000000   0.000000   )
 (  0.000878   0.000000     0.020647   0.000000     0.000000   0.000000   )
 (  0.000878   0.000000     0.020647   0.000000    -0.000000   0.000000   )
 ( -0.004712   0.000000     0.000802   0.000000    -0.024652   0.000000   )
 ( -0.004712   0.000000     0.000802   0.000000     0.024652   0.000000   )
 ( -0.004712   0.000000     0.000802   0.000000     0.024652   0.000000   )
 ( -0.004712   0.000000     0.000802   0.000000    -0.024652   0.000000   )
 ( -0.002356   0.000000    -0.024059   0.000000    -0.000000   0.000000   )
 ( -0.002356   0.000000    -0.024059   0.000000     0.000000   0.000000   )
 (  0.004962   0.000000     0.001749   0.000000    -0.030005   0.000000   )
 (  0.004962   0.000000     0.001749   0.000000     0.030005   0.000000   )
 (  0.004940   0.000000     0.050437   0.000000    -0.000000   0.000000   )
 ( -0.488773   0.000000    -0.052000   0.000000    -0.000000   0.000000   )
 ( -0.007341   0.000000    -0.056610   0.000000     0.000000   0.000000   )
 ( -0.005545   0.000000    -0.074956   0.000000     0.000000   0.000000   )
 (  0.487957   0.000000     0.043664   0.000000    -0.000000   0.000000   )
 (  0.487957   0.000000     0.043664   0.000000     0.000000   0.000000   )
 (  0.008825   0.000000     0.090100   0.000000    -0.000000   0.000000   )
 ( -0.488773   0.000000    -0.052000   0.000000    -0.000000   0.000000   )
 ( -0.000245   0.000000     0.004372   0.000000     0.021850   0.000000   )
 ( -0.000245   0.000000     0.004372   0.000000     0.021850   0.000000   )
 ( -0.000245   0.000000     0.004372   0.000000    -0.021850   0.000000   )
 ( -0.000245   0.000000     0.004372   0.000000    -0.021850   0.000000   )
 (  0.000428   0.000000    -0.002505   0.000000    -0.002140   0.000000   )
 (  0.000428   0.000000    -0.002505   0.000000    -0.002140   0.000000   )
 (  0.000428   0.000000    -0.002505   0.000000     0.002140   0.000000   )
 (  0.000428   0.000000    -0.002505   0.000000     0.002140   0.000000   )
 (  0.000561   0.000000     0.005639   0.000000     0.003817   0.000000   )
 (  0.000561   0.000000     0.005639   0.000000    -0.003817   0.000000   )
 (  0.000552   0.000000     0.005732   0.000000    -0.038971   0.000000   )
 (  0.000552   0.000000     0.005732   0.000000     0.038971   0.000000   )
 (  0.000552   0.000000     0.005732   0.000000     0.038971   0.000000   )
 (  0.000552   0.000000     0.005732   0.000000    -0.038971   0.000000   )
 (  0.000561   0.000000     0.005639   0.000000    -0.003817   0.000000   )
 (  0.000561   0.000000     0.005639   0.000000     0.003817   0.000000   )
     freq (   55) =       3.169890 [THz] =     105.736162 [cm-1]
 (  0.000000   0.000000    -0.000000   0.000000    -0.000000   0.000000   )
 (  0.000000   0.000000    -0.000000   0.000000     0.000000   0.000000   )
 ( -0.011704   0.000000    -0.011704   0.000000    -0.335826   0.000000   )
 ( -0.011704   0.000000    -0.011704   0.000000     0.335826   0.000000   )
 ( -0.000000   0.000000    -0.000000   0.000000     0.000000   0.000000   )
 ( -0.000000   0.000000     0.000000   0.000000    -0.000000   0.000000   )
 ( -0.000000   0.000000    -0.000000   0.000000     0.000000   0.000000   )
 ( -0.000000   0.000000    -0.000000   0.000000    -0.000000   0.000000   )
 (  0.011704   0.000000    -0.011704   0.000000     0.335826   0.000000   )
 (  0.011704   0.000000    -0.011704   0.000000    -0.335826   0.000000   )
 ( -0.011704   0.000000     0.011704   0.000000     0.335826   0.000000   )
 ( -0.011704   0.000000     0.011704   0.000000    -0.335826   0.000000   )
 (  0.000000   0.000000    -0.000000   0.000000    -0.000000   0.000000   )
 ( -0.000000   0.000000    -0.000000   0.000000     0.000000   0.000000   )
 (  0.011704   0.000000     0.011704   0.000000    -0.335826   0.000000   )
 (  0.011704   0.000000     0.011704   0.000000     0.335826   0.000000   )
 (  0.000000   0.000000     0.000000   0.000000     0.000000   0.000000   )
 (  0.002070   0.000000     0.002070   0.000000     0.000000   0.000000   )
 (  0.000000   0.000000     0.000000   0.000000     0.000000   0.000000   )
 ( -0.000000   0.000000    -0.000000   0.000000     0.000000   0.000000   )
 ( -0.002070   0.000000     0.002070   0.000000    -0.000000   0.000000   )
 (  0.002070   0.000000    -0.002070   0.000000    -0.000000   0.000000   )
 (  0.000000   0.000000     0.000000   0.000000    -0.000000   0.000000   )
 ( -0.002070   0.000000    -0.002070   0.000000     0.000000   0.000000   )
 ( -0.081818   0.000000     0.000000   0.000000    -0.000000   0.000000   )
 (  0.081818   0.000000    -0.000000   0.000000    -0.000000   0.000000   )
 (  0.081818   0.000000    -0.000000   0.000000     0.000000   0.000000   )
 ( -0.081818   0.000000     0.000000   0.000000    -0.000000   0.000000   )
 ( -0.000000   0.000000     0.081818   0.000000    -0.000000   0.000000   )
 (  0.000000   0.000000    -0.081818   0.000000     0.000000   0.000000   )
 (  0.000000   0.000000    -0.081818   0.000000    -0.000000   0.000000   )
 ( -0.000000   0.000000     0.081818   0.000000     0.000000   0.000000   )
 ( -0.000000   0.000000     0.072448   0.000000    -0.000000   0.000000   )
 ( -0.000000   0.000000     0.072448   0.000000     0.000000   0.000000   )
 (  0.072448   0.000000    -0.000000   0.000000     0.000000   0.000000   )
 (  0.072448   0.000000    -0.000000   0.000000    -0.000000   0.000000   )
 ( -0.072448   0.000000     0.000000   0.000000    -0.000000   0.000000   )
 ( -0.072448   0.000000     0.000000   0.000000    -0.000000   0.000000   )
 (  0.000000   0.000000    -0.072448   0.000000    -0.000000   0.000000   )
 (  0.000000   0.000000    -0.072448   0.000000     0.000000   0.000000   )
     freq (   56) =       3.196901 [THz] =     106.637124 [cm-1]
 ( -0.000000   0.000000    -0.000000   0.000000     0.350072   0.000000   )
 ( -0.000000   0.000000    -0.000000   0.000000    -0.350072   0.000000   )
 ( -0.001121   0.000000    -0.001121   0.000000    -0.009961   0.000000   )
 ( -0.001121   0.000000    -0.001121   0.000000     0.009961   0.000000   )
 (  0.000000   0.000000     0.000000   0.000000    -0.331874   0.000000   )
 ( -0.000000   0.000000     0.000000   0.000000     0.331874   0.000000   )
 (  0.000000   0.000000     0.000000   0.000000    -0.331874   0.000000   )
 (  0.000000   0.000000     0.000000   0.000000     0.331874   0.000000   )
 ( -0.001121   0.000000     0.001121   0.000000    -0.009961   0.000000   )
 ( -0.001121   0.000000     0.001121   0.000000     0.009961   0.000000   )
 (  0.001121   0.000000    -0.001121   0.000000    -0.009961   0.000000   )
 (  0.001121   0.000000    -0.001121   0.000000     0.009961   0.000000   )
 ( -0.000000   0.000000     0.000000   0.000000     0.346069   0.000000   )
 ( -0.000000   0.000000    -0.000000   0.000000    -0.346069   0.000000   )
 (  0.001121   0.000000     0.001121   0.000000    -0.009961   0.000000   )
 (  0.001121   0.000000     0.001121   0.000000     0.009961   0.000000   )
 (  0.000000   0.000000     0.000000   0.000000    -0.000000   0.000000   )
 (  0.000893   0.000000     0.000893   0.000000     0.000000   0.000000   )
 ( -0.000000   0.000000     0.000000   0.000000    -0.000000   0.000000   )
 ( -0.000000   0.000000    -0.000000   0.000000    -0.000000   0.000000   )
 (  0.000893   0.000000    -0.000893   0.000000    -0.000000   0.000000   )
 ( -0.000893   0.000000     0.000893   0.000000    -0.000000   0.000000   )
 (  0.000000   0.000000     0.000000   0.000000    -0.000000   0.000000   )
 ( -0.000893   0.000000    -0.000893   0.000000     0.000000   0.000000   )
 ( -0.000000   0.000000    -0.068761   0.000000     0.007674   0.000000   )
 (  0.000000   0.000000     0.068761   0.000000    -0.007674   0.000000   )
 ( -0.000000   0.000000     0.068761   0.000000     0.007674   0.000000   )
 ( -0.000000   0.000000    -0.068761   0.000000    -0.007674   0.000000   )
 (  0.068761   0.000000    -0.000000   0.000000     0.007674   0.000000   )
 ( -0.068761   0.000000    -0.000000   0.000000    -0.007674   0.000000   )
 ( -0.068761   0.000000     0.000000   0.000000     0.007674   0.000000   )
 (  0.068761   0.000000     0.000000   0.000000    -0.007674   0.000000   )
 (  0.066411   0.000000     0.000000   0.000000    -0.007168   0.000000   )
 (  0.066411   0.000000     0.000000   0.000000     0.007168   0.000000   )
 (  0.000000   0.000000     0.066411   0.000000     0.007168   0.000000   )
 (  0.000000   0.000000     0.066411   0.000000    -0.007168   0.000000   )
 (  0.000000   0.000000    -0.066411   0.000000     0.007168   0.000000   )
 ( -0.000000   0.000000    -0.066411   0.000000    -0.007168   0.000000   )
 ( -0.066411   0.000000    -0.000000   0.000000    -0.007168   0.000000   )
 ( -0.066411   0.000000     0.000000   0.000000     0.007168   0.000000   )
     freq (   57) =       3.199036 [THz] =     106.708356 [cm-1]
 (  0.000000   0.000000    -0.000000   0.000000     0.000000   0.000000   )
 (  0.000000   0.000000    -0.000000   0.000000    -0.000000   0.000000   )
 (  0.000343   0.000000     0.000343   0.000000    -0.016024   0.000000   )
 ( -0.000343   0.000000    -0.000343   0.000000    -0.016024   0.000000   )
 ( -0.000000   0.000000    -0.000000   0.000000    -0.000000   0.000000   )
 ( -0.000000   0.000000     0.000000   0.000000     0.000000   0.000000   )
 (  0.000000   0.000000     0.000000   0.000000    -0.000000   0.000000   )
 (  0.000000   0.000000    -0.000000   0.000000     0.000000   0.000000   )
 ( -0.000343   0.000000     0.000343   0.000000     0.016024   0.000000   )
 (  0.000343   0.000000    -0.000343   0.000000     0.016024   0.000000   )
 (  0.000343   0.000000    -0.000343   0.000000     0.016024   0.000000   )
 ( -0.000343   0.000000     0.000343   0.000000     0.016024   0.000000   )
 ( -0.000000   0.000000    -0.000000   0.000000     0.000000   0.000000   )
 ( -0.000000   0.000000    -0.000000   0.000000    -0.000000   0.000000   )
 ( -0.000343   0.000000    -0.000343   0.000000    -0.016024   0.000000   )
 (  0.000343   0.000000     0.000343   0.000000    -0.016024   0.000000   )
 ( -0.000000   0.000000    -0.000000   0.000000    -0.000000   0.000000   )
 (  0.000000   0.000000     0.000000   0.000000    -0.499088   0.000000   )
 (  0.000000   0.000000    -0.000000   0.000000     0.000000   0.000000   )
 ( -0.000000   0.000000     0.000000   0.000000     0.000000   0.000000   )
 ( -0.000000   0.000000     0.000000   0.000000     0.499088   0.000000   )
 (  0.000000   0.000000    -0.000000   0.000000     0.499088   0.000000   )
 ( -0.000000   0.000000    -0.000000   0.000000    -0.000000   0.000000   )
 (  0.000000   0.000000    -0.000000   0.000000    -0.499088   0.000000   )
 ( -0.010052   0.000000    -0.000000   0.000000     0.000000   0.000000   )
 ( -0.010052   0.000000     0.000000   0.000000    -0.000000   0.000000   )
 (  0.010052   0.000000     0.000000   0.000000     0.000000   0.000000   )
 (  0.010052   0.000000    -0.000000   0.000000    -0.000000   0.000000   )
 (  0.000000   0.000000     0.010052   0.000000     0.000000   0.000000   )
 ( -0.000000   0.000000     0.010052   0.000000    -0.000000   0.000000   )
 ( -0.000000   0.000000    -0.010052   0.000000     0.000000   0.000000   )
 (  0.000000   0.000000    -0.010052   0.000000    -0.000000   0.000000   )
 (  0.000000   0.000000    -0.009878   0.000000    -0.000000   0.000000   )
 (  0.000000   0.000000     0.009878   0.000000     0.000000   0.000000   )
 (  0.009878   0.000000     0.000000   0.000000     0.000000   0.000000   )
 ( -0.009878   0.000000     0.000000   0.000000    -0.000000   0.000000   )
 ( -0.009878   0.000000    -0.000000   0.000000     0.000000   0.000000   )
 (  0.009878   0.000000    -0.000000   0.000000    -0.000000   0.000000   )
 ( -0.000000   0.000000     0.009878   0.000000    -0.000000   0.000000   )
 ( -0.000000   0.000000    -0.009878   0.000000     0.000000   0.000000   )
     freq (   58) =       3.467302 [THz] =     115.656742 [cm-1]
 (  0.000000   0.000000    -0.000000   0.000000     0.077391   0.000000   )
 ( -0.000000   0.000000     0.000000   0.000000     0.077391   0.000000   )
 (  0.004472   0.000000     0.004472   0.000000    -0.081793   0.000000   )
 ( -0.004472   0.000000    -0.004472   0.000000    -0.081793   0.000000   )
 ( -0.000000   0.000000     0.000000   0.000000     0.070901   0.000000   )
 ( -0.000000   0.000000    -0.000000   0.000000     0.070901   0.000000   )
 (  0.000000   0.000000    -0.000000   0.000000     0.070901   0.000000   )
 ( -0.000000   0.000000    -0.000000   0.000000     0.070901   0.000000   )
 (  0.004472   0.000000    -0.004472   0.000000    -0.081793   0.000000   )
 ( -0.004472   0.000000     0.004472   0.000000    -0.081793   0.000000   )
 ( -0.004472   0.000000     0.004472   0.000000    -0.081793   0.000000   )
 (  0.004472   0.000000    -0.004472   0.000000    -0.081793   0.000000   )
 (  0.000000   0.000000     0.000000   0.000000     0.089806   0.000000   )
 ( -0.000000   0.000000     0.000000   0.000000     0.089806   0.000000   )
 ( -0.004472   0.000000    -0.004472   0.000000    -0.081793   0.000000   )
 (  0.004472   0.000000     0.004472   0.000000    -0.081793   0.000000   )
 (  0.000000   0.000000     0.000000   0.000000    -0.456340   0.000000   )
 ( -0.000000   0.000000    -0.000000   0.000000     0.334055   0.000000   )
 (  0.000000   0.000000    -0.000000   0.000000    -0.201826   0.000000   )
 ( -0.000000   0.000000    -0.000000   0.000000    -0.201826   0.000000   )
 ( -0.000000   0.000000     0.000000   0.000000     0.334055   0.000000   )
 (  0.000000   0.000000    -0.000000   0.000000     0.334055   0.000000   )
 (  0.000000   0.000000    -0.000000   0.000000    -0.400120   0.000000   )
 (  0.000000   0.000000     0.000000   0.000000     0.334055   0.000000   )
 (  0.000000   0.000000    -0.010518   0.000000     0.006611   0.000000   )
 ( -0.000000   0.000000    -0.010518   0.000000     0.006611   0.000000   )
 (  0.000000   0.000000     0.010518   0.000000     0.006611   0.000000   )
 ( -0.000000   0.000000     0.010518   0.000000     0.006611   0.000000   )
 (  0.010518   0.000000     0.000000   0.000000     0.006611   0.000000   )
 (  0.010518   0.000000     0.000000   0.000000     0.006611   0.000000   )
 ( -0.010518   0.000000     0.000000   0.000000     0.006611   0.000000   )
 ( -0.010518   0.000000     0.000000   0.000000     0.006611   0.000000   )
 ( -0.005710   0.000000     0.000000   0.000000     0.005774   0.000000   )
 (  0.005710   0.000000     0.000000   0.000000     0.005774   0.000000   )
 (  0.000000   0.000000     0.005710   0.000000     0.005774   0.000000   )
 ( -0.000000   0.000000    -0.005710   0.000000     0.005774   0.000000   )
 (  0.000000   0.000000    -0.005710   0.000000     0.005774   0.000000   )
 ( -0.000000   0.000000     0.005710   0.000000     0.005774   0.000000   )
 (  0.005710   0.000000     0.000000   0.000000     0.005774   0.000000   )
 ( -0.005710   0.000000     0.000000   0.000000     0.005774   0.000000   )
     freq (   59) =       3.935695 [THz] =     131.280666 [cm-1]
 ( -0.000000   0.000000    -0.000000   0.000000     0.000000   0.000000   )
 (  0.000000   0.000000     0.000000   0.000000     0.000000   0.000000   )
 (  0.190448   0.000000    -0.190448   0.000000    -0.000000   0.000000   )
 ( -0.190448   0.000000     0.190448   0.000000    -0.000000   0.000000   )
 ( -0.000000   0.000000     0.000000   0.000000    -0.261211   0.000000   )
 (  0.000000   0.000000    -0.000000   0.000000    -0.261211   0.000000   )
 (  0.000000   0.000000    -0.000000   0.000000     0.261211   0.000000   )
 ( -0.000000   0.000000     0.000000   0.000000     0.261211   0.000000   )
 (  0.190448   0.000000     0.190448   0.000000    -0.000000   0.000000   )
 ( -0.190448   0.000000    -0.190448   0.000000    -0.000000   0.000000   )
 ( -0.190448   0.000000    -0.190448   0.000000     0.000000   0.000000   )
 (  0.190448   0.000000     0.190448   0.000000     0.000000   0.000000   )
 (  0.000000   0.000000     0.000000   0.000000    -0.000000   0.000000   )
 ( -0.000000   0.000000    -0.000000   0.000000    -0.000000   0.000000   )
 ( -0.190448   0.000000     0.190448   0.000000     0.000000   0.000000   )
 (  0.190448   0.000000    -0.190448   0.000000     0.000000   0.000000   )
 ( -0.000000   0.000000     0.000000   0.000000     0.000000   0.000000   )
 ( -0.000000   0.000000     0.000000   0.000000    -0.000000   0.000000   )
 ( -0.000000   0.000000    -0.000000   0.000000    -0.209748   0.000000   )
 (  0.000000   0.000000    -0.000000   0.000000     0.209748   0.000000   )
 ( -0.000000   0.000000    -0.000000   0.000000    -0.000000   0.000000   )
 (  0.000000   0.000000    -0.000000   0.000000     0.000000   0.000000   )
 ( -0.000000   0.000000    -0.000000   0.000000    -0.000000   0.000000   )
 (  0.000000   0.000000     0.000000   0.000000     0.000000   0.000000   )
 ( -0.000000   0.000000     0.055341   0.000000    -0.014765   0.000000   )
 (  0.000000   0.000000     0.055341   0.000000    -0.014765   0.000000   )
 ( -0.000000   0.000000    -0.055341   0.000000    -0.014765   0.000000   )
 (  0.000000   0.000000    -0.055341   0.000000    -0.014765   0.000000   )
 (  0.055341   0.000000    -0.000000   0.000000     0.014765   0.000000   )
 (  0.055341   0.000000     0.000000   0.000000     0.014765   0.000000   )
 ( -0.055341   0.000000    -0.000000   0.000000     0.014765   0.000000   )
 ( -0.055341   0.000000     0.000000   0.000000     0.014765   0.000000   )
 (  0.063302   0.000000    -0.000000   0.000000    -0.007587   0.000000   )
 ( -0.063302   0.000000     0.000000   0.000000    -0.007587   0.000000   )
 (  0.000000   0.000000     0.063302   0.000000     0.007587   0.000000   )
 ( -0.000000   0.000000    -0.063302   0.000000     0.007587   0.000000   )
 (  0.000000   0.000000    -0.063302   0.000000     0.007587   0.000000   )
 ( -0.000000   0.000000     0.063302   0.000000     0.007587   0.000000   )
 ( -0.063302   0.000000    -0.000000   0.000000    -0.007587   0.000000   )
 (  0.063302   0.000000     0.000000   0.000000    -0.007587   0.000000   )
     freq (   60) =       3.946091 [THz] =     131.627437 [cm-1]
 ( -0.000000   0.000000     0.000000   0.000000     0.268952   0.000000   )
 (  0.000000   0.000000    -0.000000   0.000000     0.268952   0.000000   )
 ( -0.186796   0.000000    -0.186796   0.000000    -0.007171   0.000000   )
 (  0.186796   0.000000     0.186796   0.000000    -0.007171   0.000000   )
 ( -0.000000   0.000000    -0.000000   0.000000     0.004391   0.000000   )
 (  0.000000   0.000000     0.000000   0.000000     0.004391   0.000000   )
 (  0.000000   0.000000     0.000000   0.000000     0.004391   0.000000   )
 ( -0.000000   0.000000    -0.000000   0.000000     0.004391   0.000000   )
 ( -0.186796   0.000000     0.186796   0.000000    -0.007171   0.000000   )
 (  0.186796   0.000000    -0.186796   0.000000    -0.007171   0.000000   )
 (  0.186796   0.000000    -0.186796   0.000000    -0.007171   0.000000   )
 ( -0.186796   0.000000     0.186796   0.000000    -0.007171   0.000000   )
 (  0.000000   0.000000    -0.000000   0.000000    -0.257483   0.000000   )
 ( -0.000000   0.000000     0.000000   0.000000    -0.257483   0.000000   )
 (  0.186796   0.000000     0.186796   0.000000    -0.007171   0.000000   )
 ( -0.186796   0.000000    -0.186796   0.000000    -0.007171   0.000000   )
 (  0.000000   0.000000     0.000000   0.000000     0.223324   0.000000   )
 (  0.000000   0.000000    -0.000000   0.000000     0.023128   0.000000   )
 (  0.000000   0.000000     0.000000   0.000000    -0.019720   0.000000   )
 ( -0.000000   0.000000    -0.000000   0.000000    -0.019720   0.000000   )
 (  0.000000   0.000000     0.000000   0.000000     0.023128   0.000000   )
 ( -0.000000   0.000000     0.000000   0.000000     0.023128   0.000000   )
 (  0.000000   0.000000     0.000000   0.000000    -0.238232   0.000000   )
 ( -0.000000   0.000000    -0.000000   0.000000     0.023128   0.000000   )
 ( -0.000000   0.000000     0.057539   0.000000     0.008924   0.000000   )
 (  0.000000   0.000000     0.057539   0.000000     0.008924   0.000000   )
 ( -0.000000   0.000000    -0.057539   0.000000     0.008924   0.000000   )
 (  0.000000   0.000000    -0.057539   0.000000     0.008924   0.000000   )
 ( -0.057539   0.000000     0.000000   0.000000     0.008924   0.000000   )
 ( -0.057539   0.000000    -0.000000   0.000000     0.008924   0.000000   )
 (  0.057539   0.000000     0.000000   0.000000     0.008924   0.000000   )
 (  0.057539   0.000000     0.000000   0.000000     0.008924   0.000000   )
 ( -0.058200   0.000000     0.000000   0.000000    -0.004921   0.000000   )
 (  0.058200   0.000000    -0.000000   0.000000    -0.004921   0.000000   )
 (  0.000000   0.000000     0.058200   0.000000    -0.004921   0.000000   )
 ( -0.000000   0.000000    -0.058200   0.000000    -0.004921   0.000000   )
 (  0.000000   0.000000    -0.058200   0.000000    -0.004921   0.000000   )
 ( -0.000000   0.000000     0.058200   0.000000    -0.004921   0.000000   )
 (  0.058200   0.000000     0.000000   0.000000    -0.004921   0.000000   )
 ( -0.058200   0.000000    -0.000000   0.000000    -0.004921   0.000000   )
     freq (   61) =       3.959130 [THz] =     132.062363 [cm-1]
 ( -0.001128   0.000000     0.290708   0.000000    -0.000000   0.000000   )
 (  0.001128   0.000000    -0.290708   0.000000    -0.000000   0.000000   )
 (  0.003336   0.000000     0.001224   0.000000     0.183818   0.000000   )
 ( -0.003336   0.000000    -0.001224   0.000000     0.183818   0.000000   )
 ( -0.001044   0.000000    -0.284205   0.000000    -0.000000   0.000000   )
 (  0.001044   0.000000     0.284205   0.000000    -0.000000   0.000000   )
 (  0.001102   0.000000     0.269080   0.000000     0.000000   0.000000   )
 ( -0.001102   0.000000    -0.269080   0.000000     0.000000   0.000000   )
 ( -0.003346   0.000000     0.001249   0.000000    -0.185250   0.000000   )
 (  0.003346   0.000000    -0.001249   0.000000    -0.185250   0.000000   )
 ( -0.003346   0.000000     0.001249   0.000000     0.185250   0.000000   )
 (  0.003346   0.000000    -0.001249   0.000000     0.185250   0.000000   )
 (  0.001053   0.000000    -0.271430   0.000000     0.000000   0.000000   )
 ( -0.001053   0.000000     0.271430   0.000000     0.000000   0.000000   )
 (  0.003336   0.000000     0.001224   0.000000    -0.183818   0.000000   )
 ( -0.003336   0.000000    -0.001224   0.000000    -0.183818   0.000000   )
 ( -0.000000   0.000000     0.000000   0.000000    -0.000000   0.000000   )
 ( -0.000000   0.000000    -0.000000   0.000000     0.104916   0.000000   )
 (  0.000000   0.000000     0.000000   0.000000    -0.000000   0.000000   )
 ( -0.000000   0.000000    -0.000000   0.000000     0.000000   0.000000   )
 ( -0.000000   0.000000     0.000000   0.000000    -0.105733   0.000000   )
 ( -0.000000   0.000000     0.000000   0.000000     0.105733   0.000000   )
 (  0.000000   0.000000     0.000000   0.000000     0.000000   0.000000   )
 (  0.000000   0.000000     0.000000   0.000000    -0.104916   0.000000   )
 ( -0.000334   0.000000    -0.000726   0.000000     0.014913   0.000000   )
 (  0.000334   0.000000     0.000726   0.000000    -0.014913   0.000000   )
 ( -0.000334   0.000000    -0.000726   0.000000    -0.014913   0.000000   )
 (  0.000334   0.000000     0.000726   0.000000     0.014913   0.000000   )
 (  0.000003   0.000000     0.086129   0.000000     0.000058   0.000000   )
 ( -0.000003   0.000000    -0.086129   0.000000    -0.000058   0.000000   )
 (  0.000003   0.000000     0.086129   0.000000    -0.000058   0.000000   )
 ( -0.000003   0.000000    -0.086129   0.000000     0.000058   0.000000   )
 (  0.000029   0.000000     0.083815   0.000000    -0.000074   0.000000   )
 ( -0.000029   0.000000    -0.083815   0.000000    -0.000074   0.000000   )
 (  0.000325   0.000000     0.007602   0.000000     0.019171   0.000000   )
 ( -0.000325   0.000000    -0.007602   0.000000     0.019171   0.000000   )
 (  0.000325   0.000000     0.007602   0.000000    -0.019171   0.000000   )
 ( -0.000325   0.000000    -0.007602   0.000000    -0.019171   0.000000   )
 (  0.000029   0.000000     0.083815   0.000000     0.000074   0.000000   )
 ( -0.000029   0.000000    -0.083815   0.000000     0.000074   0.000000   )
     freq (   62) =       3.959130 [THz] =     132.062363 [cm-1]
 ( -0.290708   0.000000    -0.001128   0.000000    -0.000000   0.000000   )
 (  0.290708   0.000000     0.001128   0.000000    -0.000000   0.000000   )
 ( -0.001249   0.000000    -0.003346   0.000000    -0.185250   0.000000   )
 (  0.001249   0.000000     0.003346   0.000000    -0.185250   0.000000   )
 ( -0.269080   0.000000     0.001102   0.000000     0.000000   0.000000   )
 (  0.269080   0.000000    -0.001102   0.000000     0.000000   0.000000   )
 (  0.284205   0.000000    -0.001044   0.000000    -0.000000   0.000000   )
 ( -0.284205   0.000000     0.001044   0.000000    -0.000000   0.000000   )
 ( -0.001224   0.000000     0.003336   0.000000    -0.183818   0.000000   )
 (  0.001224   0.000000    -0.003336   0.000000    -0.183818   0.000000   )
 ( -0.001224   0.000000     0.003336   0.000000     0.183818   0.000000   )
 (  0.001224   0.000000    -0.003336   0.000000     0.183818   0.000000   )
 (  0.271430   0.000000     0.001053   0.000000     0.000000   0.000000   )
 ( -0.271430   0.000000    -0.001053   0.000000     0.000000   0.000000   )
 ( -0.001249   0.000000    -0.003346   0.000000     0.185250   0.000000   )
 (  0.001249   0.000000     0.003346   0.000000     0.185250   0.000000   )
 ( -0.000000   0.000000    -0.000000   0.000000    -0.000000   0.000000   )
 ( -0.000000   0.000000     0.000000   0.000000    -0.105733   0.000000   )
 ( -0.000000   0.000000    -0.000000   0.000000     0.000000   0.000000   )
 (  0.000000   0.000000     0.000000   0.000000    -0.000000   0.000000   )
 (  0.000000   0.000000    -0.000000   0.000000    -0.104916   0.000000   )
 ( -0.000000   0.000000    -0.000000   0.000000     0.104916   0.000000   )
 (  0.000000   0.000000     0.000000   0.000000     0.000000   0.000000   )
 ( -0.000000   0.000000     0.000000   0.000000     0.105733   0.000000   )
 ( -0.086129   0.000000     0.000003   0.000000    -0.000058   0.000000   )
 (  0.086129   0.000000    -0.000003   0.000000     0.000058   0.000000   )
 ( -0.086129   0.000000     0.000003   0.000000     0.000058   0.000000   )
 (  0.086129   0.000000    -0.000003   0.000000    -0.000058   0.000000   )
 (  0.000726   0.000000    -0.000334   0.000000     0.014913   0.000000   )
 ( -0.000726   0.000000     0.000334   0.000000    -0.014913   0.000000   )
 (  0.000726   0.000000    -0.000334   0.000000    -0.014913   0.000000   )
 ( -0.000726   0.000000     0.000334   0.000000     0.014913   0.000000   )
 (  0.007602   0.000000    -0.000325   0.000000    -0.019171   0.000000   )
 ( -0.007602   0.000000     0.000325   0.000000    -0.019171   0.000000   )
 (  0.083815   0.000000    -0.000029   0.000000    -0.000074   0.000000   )
 ( -0.083815   0.000000     0.000029   0.000000    -0.000074   0.000000   )
 (  0.083815   0.000000    -0.000029   0.000000     0.000074   0.000000   )
 ( -0.083815   0.000000     0.000029   0.000000     0.000074   0.000000   )
 (  0.007602   0.000000    -0.000325   0.000000     0.019171   0.000000   )
 ( -0.007602   0.000000     0.000325   0.000000     0.019171   0.000000   )
     freq (   63) =       4.413213 [THz] =     147.208940 [cm-1]
 ( -0.028329   0.000000    -0.259427   0.000000    -0.000000   0.000000   )
 ( -0.028329   0.000000    -0.259427   0.000000    -0.000000   0.000000   )
 (  0.239312   0.000000     0.022668   0.000000     0.008814   0.000000   )
 (  0.239312   0.000000     0.022668   0.000000    -0.008814   0.000000   )
 (  0.026476   0.000000     0.267279   0.000000    -0.000000   0.000000   )
 (  0.026476   0.000000     0.267279   0.000000    -0.000000   0.000000   )
 (  0.029186   0.000000     0.242460   0.000000     0.000000   0.000000   )
 (  0.029186   0.000000     0.242460   0.000000    -0.000000   0.000000   )
 ( -0.240078   0.000000    -0.029680   0.000000    -0.007079   0.000000   )
 ( -0.240078   0.000000    -0.029680   0.000000     0.007079   0.000000   )
 ( -0.240078   0.000000    -0.029680   0.000000     0.007079   0.000000   )
 ( -0.240078   0.000000    -0.029680   0.000000    -0.007079   0.000000   )
 ( -0.025714   0.000000    -0.235479   0.000000     0.000000   0.000000   )
 ( -0.025714   0.000000    -0.235479   0.000000    -0.000000   0.000000   )
 (  0.239312   0.000000     0.022668   0.000000    -0.008814   0.000000   )
 (  0.239312   0.000000     0.022668   0.000000     0.008814   0.000000   )
 ( -0.002252   0.000000    -0.020621   0.000000    -0.000000   0.000000   )
 (  0.054444   0.000000     0.014044   0.000000     0.000000   0.000000   )
 (  0.004014   0.000000     0.032109   0.000000    -0.000000   0.000000   )
 (  0.003506   0.000000     0.036760   0.000000    -0.000000   0.000000   )
 ( -0.052654   0.000000     0.002349   0.000000    -0.000000   0.000000   )
 ( -0.052654   0.000000     0.002349   0.000000    -0.000000   0.000000   )
 ( -0.004616   0.000000    -0.042273   0.000000     0.000000   0.000000   )
 (  0.054444   0.000000     0.014044   0.000000    -0.000000   0.000000   )
 ( -0.001828   0.000000    -0.021339   0.000000    -0.001293   0.000000   )
 ( -0.001828   0.000000    -0.021339   0.000000    -0.001293   0.000000   )
 ( -0.001828   0.000000    -0.021339   0.000000     0.001293   0.000000   )
 ( -0.001828   0.000000    -0.021339   0.000000     0.001293   0.000000   )
 ( -0.002330   0.000000    -0.016740   0.000000     0.000141   0.000000   )
 ( -0.002330   0.000000    -0.016740   0.000000     0.000141   0.000000   )
 ( -0.002330   0.000000    -0.016740   0.000000    -0.000141   0.000000   )
 ( -0.002330   0.000000    -0.016740   0.000000    -0.000141   0.000000   )
 ( -0.001754   0.000000     0.001040   0.000000     0.002257   0.000000   )
 ( -0.001754   0.000000     0.001040   0.000000    -0.002257   0.000000   )
 (  0.000114   0.000000    -0.016065   0.000000    -0.020669   0.000000   )
 (  0.000114   0.000000    -0.016065   0.000000     0.020669   0.000000   )
 (  0.000114   0.000000    -0.016065   0.000000     0.020669   0.000000   )
 (  0.000114   0.000000    -0.016065   0.000000    -0.020669   0.000000   )
 ( -0.001754   0.000000     0.001040   0.000000    -0.002257   0.000000   )
 ( -0.001754   0.000000     0.001040   0.000000     0.002257   0.000000   )
     freq (   64) =       4.413213 [THz] =     147.208940 [cm-1]
 (  0.259427   0.000000    -0.028329   0.000000     0.000000   0.000000   )
 (  0.259427   0.000000    -0.028329   0.000000     0.000000   0.000000   )
 (  0.029680   0.000000    -0.240078   0.000000    -0.007079   0.000000   )
 (  0.029680   0.000000    -0.240078   0.000000     0.007079   0.000000   )
 ( -0.242460   0.000000     0.029186   0.000000    -0.000000   0.000000   )
 ( -0.242460   0.000000     0.029186   0.000000     0.000000   0.000000   )
 ( -0.267279   0.000000     0.026476   0.000000    -0.000000   0.000000   )
 ( -0.267279   0.000000     0.026476   0.000000     0.000000   0.000000   )
 ( -0.022668   0.000000     0.239312   0.000000    -0.008814   0.000000   )
 ( -0.022668   0.000000     0.239312   0.000000     0.008814   0.000000   )
 ( -0.022668   0.000000     0.239312   0.000000     0.008814   0.000000   )
 ( -0.022668   0.000000     0.239312   0.000000    -0.008814   0.000000   )
 (  0.235479   0.000000    -0.025714   0.000000    -0.000000   0.000000   )
 (  0.235479   0.000000    -0.025714   0.000000     0.000000   0.000000   )
 (  0.029680   0.000000    -0.240078   0.000000     0.007079   0.000000   )
 (  0.029680   0.000000    -0.240078   0.000000    -0.007079   0.000000   )
 (  0.020621   0.000000    -0.002252   0.000000     0.000000   0.000000   )
 ( -0.002349   0.000000    -0.052654   0.000000    -0.000000   0.000000   )
 ( -0.036760   0.000000     0.003506   0.000000     0.000000   0.000000   )
 ( -0.032109   0.000000     0.004014   0.000000     0.000000   0.000000   )
 ( -0.014044   0.000000     0.054444   0.000000    -0.000000   0.000000   )
 ( -0.014044   0.000000     0.054444   0.000000    -0.000000   0.000000   )
 (  0.042273   0.000000    -0.004616   0.000000     0.000000   0.000000   )
 ( -0.002349   0.000000    -0.052654   0.000000    -0.000000   0.000000   )
 (  0.016740   0.000000    -0.002330   0.000000    -0.000141   0.000000   )
 (  0.016740   0.000000    -0.002330   0.000000    -0.000141   0.000000   )
 (  0.016740   0.000000    -0.002330   0.000000     0.000141   0.000000   )
 (  0.016740   0.000000    -0.002330   0.000000     0.000141   0.000000   )
 (  0.021339   0.000000    -0.001828   0.000000    -0.001293   0.000000   )
 (  0.021339   0.000000    -0.001828   0.000000    -0.001293   0.000000   )
 (  0.021339   0.000000    -0.001828   0.000000     0.001293   0.000000   )
 (  0.021339   0.000000    -0.001828   0.000000     0.001293   0.000000   )
 (  0.016065   0.000000     0.000114   0.000000    -0.020669   0.000000   )
 (  0.016065   0.000000     0.000114   0.000000     0.020669   0.000000   )
 ( -0.001040   0.000000    -0.001754   0.000000    -0.002257   0.000000   )
 ( -0.001040   0.000000    -0.001754   0.000000     0.002257   0.000000   )
 ( -0.001040   0.000000    -0.001754   0.000000     0.002257   0.000000   )
 ( -0.001040   0.000000    -0.001754   0.000000    -0.002257   0.000000   )
 (  0.016065   0.000000     0.000114   0.000000     0.020669   0.000000   )
 (  0.016065   0.000000     0.000114   0.000000    -0.020669   0.000000   )
     freq (   65) =       4.543752 [THz] =     151.563241 [cm-1]
 (  0.014451   0.000000     0.275963   0.000000    -0.000000   0.000000   )
 (  0.014451   0.000000     0.275963   0.000000     0.000000   0.000000   )
 (  0.011042   0.000000    -0.002944   0.000000    -0.182571   0.000000   )
 (  0.011042   0.000000    -0.002944   0.000000     0.182571   0.000000   )
 (  0.015386   0.000000    -0.273569   0.000000     0.000000   0.000000   )
 (  0.015386   0.000000    -0.273569   0.000000    -0.000000   0.000000   )
 ( -0.014325   0.000000     0.293822   0.000000    -0.000000   0.000000   )
 ( -0.014325   0.000000     0.293822   0.000000     0.000000   0.000000   )
 ( -0.011411   0.000000    -0.004120   0.000000     0.164402   0.000000   )
 ( -0.011411   0.000000    -0.004120   0.000000    -0.164402   0.000000   )
 ( -0.011411   0.000000    -0.004120   0.000000    -0.164402   0.000000   )
 ( -0.011411   0.000000    -0.004120   0.000000     0.164402   0.000000   )
 ( -0.015257   0.000000    -0.291366   0.000000     0.000000   0.000000   )
 ( -0.015257   0.000000    -0.291366   0.000000    -0.000000   0.000000   )
 (  0.011042   0.000000    -0.002944   0.000000     0.182571   0.000000   )
 (  0.011042   0.000000    -0.002944   0.000000    -0.182571   0.000000   )
 (  0.002977   0.000000     0.056856   0.000000     0.000000   0.000000   )
 ( -0.036275   0.000000     0.001764   0.000000    -0.000000   0.000000   )
 (  0.007443   0.000000    -0.044805   0.000000     0.000000   0.000000   )
 ( -0.002346   0.000000     0.142133   0.000000     0.000000   0.000000   )
 (  0.036660   0.000000     0.005583   0.000000    -0.000000   0.000000   )
 (  0.036660   0.000000     0.005583   0.000000     0.000000   0.000000   )
 ( -0.003693   0.000000    -0.070521   0.000000    -0.000000   0.000000   )
 ( -0.036275   0.000000     0.001764   0.000000     0.000000   0.000000   )
 (  0.004362   0.000000    -0.020316   0.000000     0.002692   0.000000   )
 (  0.004362   0.000000    -0.020316   0.000000     0.002692   0.000000   )
 (  0.004362   0.000000    -0.020316   0.000000    -0.002692   0.000000   )
 (  0.004362   0.000000    -0.020316   0.000000    -0.002692   0.000000   )
 ( -0.001064   0.000000     0.083294   0.000000    -0.000141   0.000000   )
 ( -0.001064   0.000000     0.083294   0.000000    -0.000141   0.000000   )
 ( -0.001064   0.000000     0.083294   0.000000     0.000141   0.000000   )
 ( -0.001064   0.000000     0.083294   0.000000     0.000141   0.000000   )
 ( -0.001115   0.000000    -0.102452   0.000000     0.001146   0.000000   )
 ( -0.001115   0.000000    -0.102452   0.000000    -0.001146   0.000000   )
 ( -0.005365   0.000000    -0.021289   0.000000    -0.021887   0.000000   )
 ( -0.005365   0.000000    -0.021289   0.000000     0.021887   0.000000   )
 ( -0.005365   0.000000    -0.021289   0.000000     0.021887   0.000000   )
 ( -0.005365   0.000000    -0.021289   0.000000    -0.021887   0.000000   )
 ( -0.001115   0.000000    -0.102452   0.000000    -0.001146   0.000000   )
 ( -0.001115   0.000000    -0.102452   0.000000     0.001146   0.000000   )
     freq (   66) =       4.543752 [THz] =     151.563241 [cm-1]
 ( -0.275963   0.000000     0.014451   0.000000     0.000000   0.000000   )
 ( -0.275963   0.000000     0.014451   0.000000    -0.000000   0.000000   )
 (  0.004120   0.000000    -0.011411   0.000000     0.164402   0.000000   )
 (  0.004120   0.000000    -0.011411   0.000000    -0.164402   0.000000   )
 ( -0.293822   0.000000    -0.014325   0.000000    -0.000000   0.000000   )
 ( -0.293822   0.000000    -0.014325   0.000000     0.000000   0.000000   )
 (  0.273569   0.000000     0.015386   0.000000    -0.000000   0.000000   )
 (  0.273569   0.000000     0.015386   0.000000    -0.000000   0.000000   )
 (  0.002944   0.000000     0.011042   0.000000     0.182571   0.000000   )
 (  0.002944   0.000000     0.011042   0.000000    -0.182571   0.000000   )
 (  0.002944   0.000000     0.011042   0.000000    -0.182571   0.000000   )
 (  0.002944   0.000000     0.011042   0.000000     0.182571   0.000000   )
 (  0.291366   0.000000    -0.015257   0.000000    -0.000000   0.000000   )
 (  0.291366   0.000000    -0.015257   0.000000     0.000000   0.000000   )
 (  0.004120   0.000000    -0.011411   0.000000    -0.164402   0.000000   )
 (  0.004120   0.000000    -0.011411   0.000000     0.164402   0.000000   )
 ( -0.056856   0.000000     0.002977   0.000000    -0.000000   0.000000   )
 ( -0.005583   0.000000     0.036660   0.000000     0.000000   0.000000   )
 ( -0.142133   0.000000    -0.002346   0.000000    -0.000000   0.000000   )
 (  0.044805   0.000000     0.007443   0.000000    -0.000000   0.000000   )
 ( -0.001764   0.000000    -0.036275   0.000000     0.000000   0.000000   )
 ( -0.001764   0.000000    -0.036275   0.000000     0.000000   0.000000   )
 (  0.070521   0.000000    -0.003693   0.000000    -0.000000   0.000000   )
 ( -0.005583   0.000000     0.036660   0.000000     0.000000   0.000000   )
 ( -0.083294   0.000000    -0.001064   0.000000     0.000141   0.000000   )
 ( -0.083294   0.000000    -0.001064   0.000000     0.000141   0.000000   )
 ( -0.083294   0.000000    -0.001064   0.000000    -0.000141   0.000000   )
 ( -0.083294   0.000000    -0.001064   0.000000    -0.000141   0.000000   )
 (  0.020316   0.000000     0.004362   0.000000     0.002692   0.000000   )
 (  0.020316   0.000000     0.004362   0.000000     0.002692   0.000000   )
 (  0.020316   0.000000     0.004362   0.000000    -0.002692   0.000000   )
 (  0.020316   0.000000     0.004362   0.000000    -0.002692   0.000000   )
 (  0.021289   0.000000    -0.005365   0.000000    -0.021887   0.000000   )
 (  0.021289   0.000000    -0.005365   0.000000     0.021887   0.000000   )
 (  0.102452   0.000000    -0.001115   0.000000    -0.001146   0.000000   )
 (  0.102452   0.000000    -0.001115   0.000000     0.001146   0.000000   )
 (  0.102452   0.000000    -0.001115   0.000000     0.001146   0.000000   )
 (  0.102452   0.000000    -0.001115   0.000000    -0.001146   0.000000   )
 (  0.021289   0.000000    -0.005365   0.000000     0.021887   0.000000   )
 (  0.021289   0.000000    -0.005365   0.000000    -0.021887   0.000000   )
     freq (   67) =       4.547046 [THz] =     151.673124 [cm-1]
 ( -0.000000   0.000000    -0.000000   0.000000    -0.247688   0.000000   )
 ( -0.000000   0.000000    -0.000000   0.000000     0.247688   0.000000   )
 ( -0.204341   0.000000    -0.204341   0.000000    -0.005534   0.000000   )
 ( -0.204341   0.000000    -0.204341   0.000000     0.005534   0.000000   )
 ( -0.000000   0.000000     0.000000   0.000000    -0.002019   0.000000   )
 ( -0.000000   0.000000     0.000000   0.000000     0.002019   0.000000   )
 (  0.000000   0.000000    -0.000000   0.000000    -0.002019   0.000000   )
 (  0.000000   0.000000    -0.000000   0.000000     0.002019   0.000000   )
 ( -0.204341   0.000000     0.204341   0.000000    -0.005534   0.000000   )
 ( -0.204341   0.000000     0.204341   0.000000     0.005534   0.000000   )
 (  0.204341   0.000000    -0.204341   0.000000    -0.005534   0.000000   )
 (  0.204341   0.000000    -0.204341   0.000000     0.005534   0.000000   )
 (  0.000000   0.000000     0.000000   0.000000     0.240634   0.000000   )
 (  0.000000   0.000000     0.000000   0.000000    -0.240634   0.000000   )
 (  0.204341   0.000000     0.204341   0.000000    -0.005534   0.000000   )
 (  0.204341   0.000000     0.204341   0.000000     0.005534   0.000000   )
 ( -0.000000   0.000000    -0.000000   0.000000    -0.000000   0.000000   )
 ( -0.058958   0.000000    -0.058958   0.000000     0.000000   0.000000   )
 ( -0.000000   0.000000     0.000000   0.000000     0.000000   0.000000   )
 (  0.000000   0.000000    -0.000000   0.000000    -0.000000   0.000000   )
 ( -0.058958   0.000000     0.058958   0.000000     0.000000   0.000000   )
 (  0.058958   0.000000    -0.058958   0.000000    -0.000000   0.000000   )
 (  0.000000   0.000000     0.000000   0.000000    -0.000000   0.000000   )
 (  0.058958   0.000000     0.058958   0.000000    -0.000000   0.000000   )
 ( -0.000000   0.000000    -0.065754   0.000000    -0.001500   0.000000   )
 ( -0.000000   0.000000     0.065754   0.000000     0.001500   0.000000   )
 ( -0.000000   0.000000     0.065754   0.000000    -0.001500   0.000000   )
 ( -0.000000   0.000000    -0.065754   0.000000     0.001500   0.000000   )
 (  0.065754   0.000000    -0.000000   0.000000    -0.001500   0.000000   )
 ( -0.065754   0.000000    -0.000000   0.000000     0.001500   0.000000   )
 ( -0.065754   0.000000    -0.000000   0.000000    -0.001500   0.000000   )
 (  0.065754   0.000000    -0.000000   0.000000     0.001500   0.000000   )
 ( -0.061974   0.000000     0.000000   0.000000     0.000957   0.000000   )
 ( -0.061974   0.000000     0.000000   0.000000    -0.000957   0.000000   )
 (  0.000000   0.000000    -0.061974   0.000000    -0.000957   0.000000   )
 (  0.000000   0.000000    -0.061974   0.000000     0.000957   0.000000   )
 (  0.000000   0.000000     0.061974   0.000000    -0.000957   0.000000   )
 (  0.000000   0.000000     0.061974   0.000000     0.000957   0.000000   )
 (  0.061974   0.000000     0.000000   0.000000     0.000957   0.000000   )
 (  0.061974   0.000000     0.000000   0.000000    -0.000957   0.000000   )
     freq (   68) =       4.574326 [THz] =     152.583090 [cm-1]
 (  0.000000   0.000000     0.000000   0.000000    -0.000000   0.000000   )
 (  0.000000   0.000000     0.000000   0.000000     0.000000   0.000000   )
 ( -0.201402   0.000000     0.201402   0.000000    -0.000000   0.000000   )
 ( -0.201402   0.000000     0.201402   0.000000     0.000000   0.000000   )
 (  0.000000   0.000000    -0.000000   0.000000    -0.244265   0.000000   )
 (  0.000000   0.000000    -0.000000   0.000000     0.244265   0.000000   )
 ( -0.000000   0.000000     0.000000   0.000000     0.244265   0.000000   )
 ( -0.000000   0.000000     0.000000   0.000000    -0.244265   0.000000   )
 ( -0.201402   0.000000    -0.201402   0.000000     0.000000   0.000000   )
 ( -0.201402   0.000000    -0.201402   0.000000     0.000000   0.000000   )
 (  0.201402   0.000000     0.201402   0.000000    -0.000000   0.000000   )
 (  0.201402   0.000000     0.201402   0.000000     0.000000   0.000000   )
 ( -0.000000   0.000000    -0.000000   0.000000     0.000000   0.000000   )
 ( -0.000000   0.000000    -0.000000   0.000000    -0.000000   0.000000   )
 (  0.201402   0.000000    -0.201402   0.000000     0.000000   0.000000   )
 (  0.201402   0.000000    -0.201402   0.000000    -0.000000   0.000000   )
 ( -0.000000   0.000000     0.000000   0.000000     0.000000   0.000000   )
 ( -0.089522   0.000000     0.089522   0.000000    -0.000000   0.000000   )
 (  0.000000   0.000000    -0.000000   0.000000     0.000000   0.000000   )
 (  0.000000   0.000000     0.000000   0.000000     0.000000   0.000000   )
 ( -0.089522   0.000000    -0.089522   0.000000    -0.000000   0.000000   )
 (  0.089522   0.000000     0.089522   0.000000    -0.000000   0.000000   )
 (  0.000000   0.000000    -0.000000   0.000000     0.000000   0.000000   )
 (  0.089522   0.000000    -0.089522   0.000000    -0.000000   0.000000   )
 (  0.000000   0.000000     0.061230   0.000000     0.004740   0.000000   )
 (  0.000000   0.000000    -0.061230   0.000000    -0.004740   0.000000   )
 (  0.000000   0.000000    -0.061230   0.000000     0.004740   0.000000   )
 (  0.000000   0.000000     0.061230   0.000000    -0.004740   0.000000   )
 (  0.061230   0.000000     0.000000   0.000000    -0.004740   0.000000   )
 ( -0.061230   0.000000     0.000000   0.000000     0.004740   0.000000   )
 ( -0.061230   0.000000     0.000000   0.000000    -0.004740   0.000000   )
 (  0.061230   0.000000     0.000000   0.000000     0.004740   0.000000   )
 ( -0.047495   0.000000    -0.000000   0.000000    -0.000306   0.000000   )
 ( -0.047495   0.000000    -0.000000   0.000000     0.000306   0.000000   )
 ( -0.000000   0.000000     0.047495   0.000000    -0.000306   0.000000   )
 ( -0.000000   0.000000     0.047495   0.000000     0.000306   0.000000   )
 ( -0.000000   0.000000    -0.047495   0.000000    -0.000306   0.000000   )
 ( -0.000000   0.000000    -0.047495   0.000000     0.000306   0.000000   )
 (  0.047495   0.000000    -0.000000   0.000000    -0.000306   0.000000   )
 (  0.047495   0.000000    -0.000000   0.000000     0.000306   0.000000   )
     freq (   69) =       4.601657 [THz] =     153.494759 [cm-1]
 ( -0.003084   0.000000    -0.241215   0.000000     0.000000   0.000000   )
 (  0.003084   0.000000     0.241215   0.000000    -0.000000   0.000000   )
 ( -0.249139   0.000000    -0.003667   0.000000     0.003574   0.000000   )
 (  0.249139   0.000000     0.003667   0.000000     0.003574   0.000000   )
 (  0.003302   0.000000     0.241532   0.000000    -0.000000   0.000000   )
 ( -0.003302   0.000000    -0.241532   0.000000     0.000000   0.000000   )
 (  0.003088   0.000000     0.258250   0.000000     0.000000   0.000000   )
 ( -0.003088   0.000000    -0.258250   0.000000    -0.000000   0.000000   )
 (  0.249126   0.000000     0.002703   0.000000    -0.003484   0.000000   )
 ( -0.249126   0.000000    -0.002703   0.000000    -0.003484   0.000000   )
 (  0.249126   0.000000     0.002703   0.000000     0.003484   0.000000   )
 ( -0.249126   0.000000    -0.002703   0.000000     0.003484   0.000000   )
 ( -0.003281   0.000000    -0.256568   0.000000    -0.000000   0.000000   )
 (  0.003281   0.000000     0.256568   0.000000     0.000000   0.000000   )
 ( -0.249139   0.000000    -0.003667   0.000000    -0.003574   0.000000   )
 (  0.249139   0.000000     0.003667   0.000000    -0.003574   0.000000   )
 (  0.000000   0.000000     0.000000   0.000000    -0.000000   0.000000   )
 ( -0.000000   0.000000     0.000000   0.000000     0.004671   0.000000   )
 (  0.000000   0.000000    -0.000000   0.000000    -0.000000   0.000000   )
 ( -0.000000   0.000000     0.000000   0.000000     0.000000   0.000000   )
 (  0.000000   0.000000     0.000000   0.000000    -0.004553   0.000000   )
 (  0.000000   0.000000     0.000000   0.000000     0.004553   0.000000   )
 ( -0.000000   0.000000    -0.000000   0.000000     0.000000   0.000000   )
 ( -0.000000   0.000000     0.000000   0.000000    -0.004671   0.000000   )
 (  0.000031   0.000000     0.004218   0.000000     0.033998   0.000000   )
 ( -0.000031   0.000000    -0.004218   0.000000    -0.033998   0.000000   )
 (  0.000031   0.000000     0.004218   0.000000    -0.033998   0.000000   )
 ( -0.000031   0.000000    -0.004218   0.000000     0.033998   0.000000   )
 (  0.000054   0.000000     0.002429   0.000000    -0.000435   0.000000   )
 ( -0.000054   0.000000    -0.002429   0.000000     0.000435   0.000000   )
 (  0.000054   0.000000     0.002429   0.000000     0.000435   0.000000   )
 ( -0.000054   0.000000    -0.002429   0.000000    -0.000435   0.000000   )
 ( -0.000007   0.000000    -0.007914   0.000000    -0.000049   0.000000   )
 (  0.000007   0.000000     0.007914   0.000000    -0.000049   0.000000   )
 (  0.000101   0.000000     0.000555   0.000000    -0.003867   0.000000   )
 ( -0.000101   0.000000    -0.000555   0.000000    -0.003867   0.000000   )
 (  0.000101   0.000000     0.000555   0.000000     0.003867   0.000000   )
 ( -0.000101   0.000000    -0.000555   0.000000     0.003867   0.000000   )
 ( -0.000007   0.000000    -0.007914   0.000000     0.000049   0.000000   )
 (  0.000007   0.000000     0.007914   0.000000     0.000049   0.000000   )
     freq (   70) =       4.601657 [THz] =     153.494759 [cm-1]
 (  0.241215   0.000000    -0.003084   0.000000    -0.000000   0.000000   )
 ( -0.241215   0.000000     0.003084   0.000000     0.000000   0.000000   )
 ( -0.002703   0.000000     0.249126   0.000000    -0.003484   0.000000   )
 (  0.002703   0.000000    -0.249126   0.000000    -0.003484   0.000000   )
 ( -0.258250   0.000000     0.003088   0.000000    -0.000000   0.000000   )
 (  0.258250   0.000000    -0.003088   0.000000     0.000000   0.000000   )
 ( -0.241532   0.000000     0.003302   0.000000    -0.000000   0.000000   )
 (  0.241532   0.000000    -0.003302   0.000000     0.000000   0.000000   )
 (  0.003667   0.000000    -0.249139   0.000000    -0.003574   0.000000   )
 ( -0.003667   0.000000     0.249139   0.000000    -0.003574   0.000000   )
 (  0.003667   0.000000    -0.249139   0.000000     0.003574   0.000000   )
 ( -0.003667   0.000000     0.249139   0.000000     0.003574   0.000000   )
 (  0.256568   0.000000    -0.003281   0.000000    -0.000000   0.000000   )
 ( -0.256568   0.000000     0.003281   0.000000     0.000000   0.000000   )
 ( -0.002703   0.000000     0.249126   0.000000     0.003484   0.000000   )
 (  0.002703   0.000000    -0.249126   0.000000     0.003484   0.000000   )
 ( -0.000000   0.000000     0.000000   0.000000     0.000000   0.000000   )
 ( -0.000000   0.000000    -0.000000   0.000000    -0.004553   0.000000   )
 ( -0.000000   0.000000    -0.000000   0.000000     0.000000   0.000000   )
 ( -0.000000   0.000000    -0.000000   0.000000     0.000000   0.000000   )
 ( -0.000000   0.000000     0.000000   0.000000    -0.004671   0.000000   )
 ( -0.000000   0.000000     0.000000   0.000000     0.004671   0.000000   )
 (  0.000000   0.000000     0.000000   0.000000     0.000000   0.000000   )
 ( -0.000000   0.000000    -0.000000   0.000000     0.004553   0.000000   )
 ( -0.002429   0.000000     0.000054   0.000000     0.000435   0.000000   )
 (  0.002429   0.000000    -0.000054   0.000000    -0.000435   0.000000   )
 ( -0.002429   0.000000     0.000054   0.000000    -0.000435   0.000000   )
 (  0.002429   0.000000    -0.000054   0.000000     0.000435   0.000000   )
 ( -0.004218   0.000000     0.000031   0.000000     0.033998   0.000000   )
 (  0.004218   0.000000    -0.000031   0.000000    -0.033998   0.000000   )
 ( -0.004218   0.000000     0.000031   0.000000    -0.033998   0.000000   )
 (  0.004218   0.000000    -0.000031   0.000000     0.033998   0.000000   )
 (  0.000555   0.000000    -0.000101   0.000000     0.003867   0.000000   )
 ( -0.000555   0.000000     0.000101   0.000000     0.003867   0.000000   )
 ( -0.007914   0.000000     0.000007   0.000000    -0.000049   0.000000   )
 (  0.007914   0.000000    -0.000007   0.000000    -0.000049   0.000000   )
 ( -0.007914   0.000000     0.000007   0.000000     0.000049   0.000000   )
 (  0.007914   0.000000    -0.000007   0.000000     0.000049   0.000000   )
 (  0.000555   0.000000    -0.000101   0.000000    -0.003867   0.000000   )
 ( -0.000555   0.000000     0.000101   0.000000    -0.003867   0.000000   )
     freq (   71) =       4.861376 [THz] =     162.158057 [cm-1]
 (  0.000000   0.000000     0.000000   0.000000    -0.181773   0.000000   )
 (  0.000000   0.000000    -0.000000   0.000000    -0.181773   0.000000   )
 ( -0.001174   0.000000    -0.001174   0.000000     0.182663   0.000000   )
 (  0.001174   0.000000     0.001174   0.000000     0.182663   0.000000   )
 ( -0.000000   0.000000    -0.000000   0.000000    -0.188382   0.000000   )
 (  0.000000   0.000000     0.000000   0.000000    -0.188382   0.000000   )
 ( -0.000000   0.000000    -0.000000   0.000000    -0.188382   0.000000   )
 ( -0.000000   0.000000    -0.000000   0.000000    -0.188382   0.000000   )
 ( -0.001174   0.000000     0.001174   0.000000     0.182663   0.000000   )
 (  0.001174   0.000000    -0.001174   0.000000     0.182663   0.000000   )
 (  0.001174   0.000000    -0.001174   0.000000     0.182663   0.000000   )
 ( -0.001174   0.000000     0.001174   0.000000     0.182663   0.000000   )
 (  0.000000   0.000000     0.000000   0.000000    -0.184619   0.000000   )
 ( -0.000000   0.000000    -0.000000   0.000000    -0.184619   0.000000   )
 (  0.001174   0.000000     0.001174   0.000000     0.182663   0.000000   )
 ( -0.001174   0.000000    -0.001174   0.000000     0.182663   0.000000   )
 (  0.000000   0.000000     0.000000   0.000000    -0.233905   0.000000   )
 (  0.000000   0.000000    -0.000000   0.000000     0.244844   0.000000   )
 (  0.000000   0.000000    -0.000000   0.000000    -0.233546   0.000000   )
 ( -0.000000   0.000000    -0.000000   0.000000    -0.233546   0.000000   )
 (  0.000000   0.000000     0.000000   0.000000     0.244844   0.000000   )
 (  0.000000   0.000000     0.000000   0.000000     0.244844   0.000000   )
 ( -0.000000   0.000000     0.000000   0.000000    -0.229738   0.000000   )
 ( -0.000000   0.000000    -0.000000   0.000000     0.244844   0.000000   )
 ( -0.000000   0.000000     0.000624   0.000000     0.005357   0.000000   )
 (  0.000000   0.000000     0.000624   0.000000     0.005357   0.000000   )
 ( -0.000000   0.000000    -0.000624   0.000000     0.005357   0.000000   )
 ( -0.000000   0.000000    -0.000624   0.000000     0.005357   0.000000   )
 ( -0.000624   0.000000    -0.000000   0.000000     0.005357   0.000000   )
 ( -0.000624   0.000000     0.000000   0.000000     0.005357   0.000000   )
 (  0.000624   0.000000    -0.000000   0.000000     0.005357   0.000000   )
 (  0.000624   0.000000     0.000000   0.000000     0.005357   0.000000   )
 (  0.000891   0.000000    -0.000000   0.000000     0.005464   0.000000   )
 ( -0.000891   0.000000    -0.000000   0.000000     0.005464   0.000000   )
 ( -0.000000   0.000000    -0.000891   0.000000     0.005464   0.000000   )
 ( -0.000000   0.000000     0.000891   0.000000     0.005464   0.000000   )
 ( -0.000000   0.000000     0.000891   0.000000     0.005464   0.000000   )
 ( -0.000000   0.000000    -0.000891   0.000000     0.005464   0.000000   )
 ( -0.000891   0.000000    -0.000000   0.000000     0.005464   0.000000   )
 (  0.000891   0.000000    -0.000000   0.000000     0.005464   0.000000   )
     freq (   72) =       4.870647 [THz] =     162.467285 [cm-1]
 ( -0.000000   0.000000     0.000000   0.000000    -0.247901   0.000000   )
 (  0.000000   0.000000     0.000000   0.000000     0.247901   0.000000   )
 (  0.003792   0.000000     0.003792   0.000000    -0.249055   0.000000   )
 (  0.003792   0.000000     0.003792   0.000000     0.249055   0.000000   )
 (  0.000000   0.000000    -0.000000   0.000000    -0.249525   0.000000   )
 (  0.000000   0.000000    -0.000000   0.000000     0.249525   0.000000   )
 (  0.000000   0.000000    -0.000000   0.000000    -0.249525   0.000000   )
 ( -0.000000   0.000000     0.000000   0.000000     0.249525   0.000000   )
 (  0.003792   0.000000    -0.003792   0.000000    -0.249055   0.000000   )
 (  0.003792   0.000000    -0.003792   0.000000     0.249055   0.000000   )
 ( -0.003792   0.000000     0.003792   0.000000    -0.249055   0.000000   )
 ( -0.003792   0.000000     0.003792   0.000000     0.249055   0.000000   )
 ( -0.000000   0.000000    -0.000000   0.000000    -0.256372   0.000000   )
 ( -0.000000   0.000000    -0.000000   0.000000     0.256372   0.000000   )
 ( -0.003792   0.000000    -0.003792   0.000000    -0.249055   0.000000   )
 ( -0.003792   0.000000    -0.003792   0.000000     0.249055   0.000000   )
 ( -0.000000   0.000000     0.000000   0.000000     0.000000   0.000000   )
 ( -0.000001   0.000000    -0.000001   0.000000    -0.000000   0.000000   )
 (  0.000000   0.000000    -0.000000   0.000000     0.000000   0.000000   )
 (  0.000000   0.000000     0.000000   0.000000     0.000000   0.000000   )
 ( -0.000001   0.000000     0.000001   0.000000    -0.000000   0.000000   )
 (  0.000001   0.000000    -0.000001   0.000000    -0.000000   0.000000   )
 ( -0.000000   0.000000    -0.000000   0.000000     0.000000   0.000000   )
 (  0.000001   0.000000     0.000001   0.000000    -0.000000   0.000000   )
 ( -0.000000   0.000000     0.000803   0.000000    -0.003755   0.000000   )
 ( -0.000000   0.000000    -0.000803   0.000000     0.003755   0.000000   )
 (  0.000000   0.000000    -0.000803   0.000000    -0.003755   0.000000   )
 (  0.000000   0.000000     0.000803   0.000000     0.003755   0.000000   )
 ( -0.000803   0.000000    -0.000000   0.000000    -0.003755   0.000000   )
 (  0.000803   0.000000     0.000000   0.000000     0.003755   0.000000   )
 (  0.000803   0.000000     0.000000   0.000000    -0.003755   0.000000   )
 ( -0.000803   0.000000     0.000000   0.000000     0.003755   0.000000   )
 (  0.000910   0.000000     0.000000   0.000000    -0.000721   0.000000   )
 (  0.000910   0.000000    -0.000000   0.000000     0.000721   0.000000   )
 ( -0.000000   0.000000     0.000910   0.000000     0.000721   0.000000   )
 ( -0.000000   0.000000     0.000910   0.000000    -0.000721   0.000000   )
 ( -0.000000   0.000000    -0.000910   0.000000     0.000721   0.000000   )
 (  0.000000   0.000000    -0.000910   0.000000    -0.000721   0.000000   )
 ( -0.000910   0.000000    -0.000000   0.000000    -0.000721   0.000000   )
 ( -0.000910   0.000000     0.000000   0.000000     0.000721   0.000000   )
     freq (   73) =       6.823735 [THz] =     227.615289 [cm-1]
 ( -0.000000   0.000000    -0.000000   0.000000     0.000000   0.000000   )
 ( -0.000000   0.000000    -0.000000   0.000000    -0.000000   0.000000   )
 (  0.000001   0.000000    -0.000001   0.000000     0.000000   0.000000   )
 ( -0.000001   0.000000     0.000001   0.000000    -0.000000   0.000000   )
 (  0.000000   0.000000    -0.000000   0.000000    -0.000000   0.000000   )
 ( -0.000000   0.000000     0.000000   0.000000    -0.000000   0.000000   )
 (  0.000000   0.000000    -0.000000   0.000000     0.000000   0.000000   )
 (  0.000000   0.000000     0.000000   0.000000     0.000000   0.000000   )
 ( -0.000001   0.000000    -0.000001   0.000000     0.000000   0.000000   )
 (  0.000001   0.000000     0.000001   0.000000    -0.000000   0.000000   )
 (  0.000001   0.000000     0.000001   0.000000    -0.000000   0.000000   )
 ( -0.000001   0.000000    -0.000001   0.000000     0.000000   0.000000   )
 ( -0.000000   0.000000    -0.000000   0.000000     0.000000   0.000000   )
 (  0.000000   0.000000     0.000000   0.000000    -0.000000   0.000000   )
 ( -0.000001   0.000000     0.000001   0.000000    -0.000000   0.000000   )
 (  0.000001   0.000000    -0.000001   0.000000    -0.000000   0.000000   )
 (  0.000000   0.000000    -0.000000   0.000000     0.000000   0.000000   )
 (  0.000000   0.000000    -0.000000   0.000000     0.000000   0.000000   )
 (  0.000000   0.000000     0.000000   0.000000     0.000000   0.000000   )
 ( -0.000000   0.000000    -0.000000   0.000000     0.000000   0.000000   )
 (  0.000000   0.000000    -0.000000   0.000000     0.000000   0.000000   )
 ( -0.000000   0.000000    -0.000000   0.000000     0.000000   0.000000   )
 ( -0.000000   0.000000    -0.000000   0.000000    -0.000000   0.000000   )
 (  0.000000   0.000000    -0.000000   0.000000     0.000000   0.000000   )
 ( -0.249976   0.000000     0.000000   0.000000     0.000000   0.000000   )
 ( -0.249976   0.000000     0.000000   0.000000     0.000000   0.000000   )
 (  0.249976   0.000000     0.000000   0.000000     0.000000   0.000000   )
 (  0.249976   0.000000     0.000000   0.000000    -0.000000   0.000000   )
 ( -0.000000   0.000000    -0.249976   0.000000     0.000000   0.000000   )
 ( -0.000000   0.000000    -0.249976   0.000000     0.000000   0.000000   )
 ( -0.000000   0.000000     0.249976   0.000000    -0.000000   0.000000   )
 ( -0.000000   0.000000     0.249976   0.000000    -0.000000   0.000000   )
 ( -0.000000   0.000000     0.250024   0.000000     0.000000   0.000000   )
 ( -0.000000   0.000000    -0.250024   0.000000    -0.000000   0.000000   )
 (  0.250024   0.000000     0.000000   0.000000    -0.000000   0.000000   )
 ( -0.250024   0.000000    -0.000000   0.000000     0.000000   0.000000   )
 ( -0.250024   0.000000     0.000000   0.000000     0.000000   0.000000   )
 (  0.250024   0.000000    -0.000000   0.000000     0.000000   0.000000   )
 ( -0.000000   0.000000    -0.250024   0.000000    -0.000000   0.000000   )
 ( -0.000000   0.000000     0.250024   0.000000     0.000000   0.000000   )
     freq (   74) =       7.484092 [THz] =     249.642433 [cm-1]
 (  0.000000   0.000000    -0.000000   0.000000    -0.000000   0.000000   )
 ( -0.000000   0.000000    -0.000000   0.000000    -0.000000   0.000000   )
 ( -0.000145   0.000000     0.000145   0.000000    -0.000000   0.000000   )
 (  0.000145   0.000000    -0.000145   0.000000     0.000000   0.000000   )
 ( -0.000000   0.000000     0.000000   0.000000     0.000776   0.000000   )
 (  0.000000   0.000000    -0.000000   0.000000     0.000776   0.000000   )
 ( -0.000000   0.000000    -0.000000   0.000000    -0.000776   0.000000   )
 ( -0.000000   0.000000    -0.000000   0.000000    -0.000776   0.000000   )
 ( -0.000145   0.000000    -0.000145   0.000000    -0.000000   0.000000   )
 (  0.000145   0.000000     0.000145   0.000000     0.000000   0.000000   )
 (  0.000145   0.000000     0.000145   0.000000     0.000000   0.000000   )
 ( -0.000145   0.000000    -0.000145   0.000000     0.000000   0.000000   )
 ( -0.000000   0.000000     0.000000   0.000000    -0.000000   0.000000   )
 ( -0.000000   0.000000    -0.000000   0.000000    -0.000000   0.000000   )
 (  0.000145   0.000000    -0.000145   0.000000     0.000000   0.000000   )
 ( -0.000145   0.000000     0.000145   0.000000     0.000000   0.000000   )
 ( -0.000000   0.000000    -0.000000   0.000000    -0.000000   0.000000   )
 ( -0.000000   0.000000    -0.000000   0.000000     0.000000   0.000000   )
 ( -0.000000   0.000000    -0.000000   0.000000    -0.000168   0.000000   )
 ( -0.000000   0.000000    -0.000000   0.000000     0.000168   0.000000   )
 ( -0.000000   0.000000    -0.000000   0.000000     0.000000   0.000000   )
 ( -0.000000   0.000000    -0.000000   0.000000     0.000000   0.000000   )
 ( -0.000000   0.000000    -0.000000   0.000000    -0.000000   0.000000   )
 ( -0.000000   0.000000    -0.000000   0.000000     0.000000   0.000000   )
 ( -0.000000   0.000000    -0.250047   0.000000    -0.000163   0.000000   )
 (  0.000000   0.000000    -0.250047   0.000000    -0.000163   0.000000   )
 (  0.000000   0.000000     0.250047   0.000000    -0.000163   0.000000   )
 (  0.000000   0.000000     0.250047   0.000000    -0.000163   0.000000   )
 ( -0.250047   0.000000    -0.000000   0.000000     0.000163   0.000000   )
 ( -0.250047   0.000000     0.000000   0.000000     0.000163   0.000000   )
 (  0.250047   0.000000     0.000000   0.000000     0.000163   0.000000   )
 (  0.250047   0.000000    -0.000000   0.000000     0.000163   0.000000   )
 (  0.249947   0.000000     0.000000   0.000000    -0.001627   0.000000   )
 ( -0.249947   0.000000    -0.000000   0.000000    -0.001627   0.000000   )
 (  0.000000   0.000000     0.249947   0.000000     0.001627   0.000000   )
 (  0.000000   0.000000    -0.249947   0.000000     0.001627   0.000000   )
 ( -0.000000   0.000000    -0.249947   0.000000     0.001627   0.000000   )
 (  0.000000   0.000000     0.249947   0.000000     0.001627   0.000000   )
 ( -0.249947   0.000000     0.000000   0.000000    -0.001627   0.000000   )
 (  0.249947   0.000000     0.000000   0.000000    -0.001627   0.000000   )
     freq (   75) =       7.511907 [THz] =     250.570237 [cm-1]
 (  0.000000   0.000000     0.000000   0.000000     0.000000   0.000000   )
 (  0.000000   0.000000     0.000000   0.000000     0.000000   0.000000   )
 (  0.000499   0.000000    -0.000499   0.000000     0.000000   0.000000   )
 (  0.000499   0.000000    -0.000499   0.000000     0.000000   0.000000   )
 (  0.000000   0.000000     0.000000   0.000000     0.000443   0.000000   )
 (  0.000000   0.000000     0.000000   0.000000    -0.000443   0.000000   )
 ( -0.000000   0.000000     0.000000   0.000000    -0.000443   0.000000   )
 (  0.000000   0.000000     0.000000   0.000000     0.000443   0.000000   )
 (  0.000499   0.000000     0.000499   0.000000     0.000000   0.000000   )
 (  0.000499   0.000000     0.000499   0.000000     0.000000   0.000000   )
 ( -0.000499   0.000000    -0.000499   0.000000     0.000000   0.000000   )
 ( -0.000499   0.000000    -0.000499   0.000000    -0.000000   0.000000   )
 ( -0.000000   0.000000     0.000000   0.000000     0.000000   0.000000   )
 (  0.000000   0.000000     0.000000   0.000000    -0.000000   0.000000   )
 ( -0.000499   0.000000     0.000499   0.000000     0.000000   0.000000   )
 ( -0.000499   0.000000     0.000499   0.000000     0.000000   0.000000   )
 (  0.000000   0.000000     0.000000   0.000000     0.000000   0.000000   )
 (  0.000244   0.000000    -0.000244   0.000000    -0.000000   0.000000   )
 (  0.000000   0.000000     0.000000   0.000000     0.000000   0.000000   )
 (  0.000000   0.000000     0.000000   0.000000     0.000000   0.000000   )
 (  0.000244   0.000000     0.000244   0.000000    -0.000000   0.000000   )
 ( -0.000244   0.000000    -0.000244   0.000000    -0.000000   0.000000   )
 (  0.000000   0.000000     0.000000   0.000000     0.000000   0.000000   )
 ( -0.000244   0.000000     0.000244   0.000000    -0.000000   0.000000   )
 ( -0.000000   0.000000     0.250081   0.000000    -0.000849   0.000000   )
 (  0.000000   0.000000    -0.250081   0.000000     0.000849   0.000000   )
 (  0.000000   0.000000    -0.250081   0.000000    -0.000849   0.000000   )
 ( -0.000000   0.000000     0.250081   0.000000     0.000849   0.000000   )
 (  0.250081   0.000000    -0.000000   0.000000     0.000849   0.000000   )
 ( -0.250081   0.000000     0.000000   0.000000    -0.000849   0.000000   )
 ( -0.250081   0.000000    -0.000000   0.000000     0.000849   0.000000   )
 (  0.250081   0.000000    -0.000000   0.000000    -0.000849   0.000000   )
 (  0.249914   0.000000    -0.000000   0.000000     0.001018   0.000000   )
 (  0.249914   0.000000    -0.000000   0.000000    -0.001018   0.000000   )
 (  0.000000   0.000000    -0.249914   0.000000     0.001018   0.000000   )
 (  0.000000   0.000000    -0.249914   0.000000    -0.001018   0.000000   )
 ( -0.000000   0.000000     0.249914   0.000000     0.001018   0.000000   )
 ( -0.000000   0.000000     0.249914   0.000000    -0.001018   0.000000   )
 ( -0.249914   0.000000     0.000000   0.000000     0.001018   0.000000   )
 ( -0.249914   0.000000    -0.000000   0.000000    -0.001018   0.000000   )
     freq (   76) =       7.658861 [THz] =     255.472091 [cm-1]
 ( -0.000000   0.000000    -0.000000   0.000000    -0.000000   0.000000   )
 ( -0.000000   0.000000    -0.000000   0.000000    -0.000000   0.000000   )
 ( -0.000001   0.000000     0.000001   0.000000    -0.000000   0.000000   )
 ( -0.000001   0.000000     0.000001   0.000000     0.000000   0.000000   )
 ( -0.000000   0.000000    -0.000000   0.000000     0.000000   0.000000   )
 ( -0.000000   0.000000    -0.000000   0.000000     0.000000   0.000000   )
 (  0.000000   0.000000    -0.000000   0.000000     0.000000   0.000000   )
 ( -0.000000   0.000000    -0.000000   0.000000     0.000000   0.000000   )
 (  0.000001   0.000000     0.000001   0.000000     0.000000   0.000000   )
 (  0.000001   0.000000     0.000001   0.000000     0.000000   0.000000   )
 ( -0.000001   0.000000    -0.000001   0.000000    -0.000000   0.000000   )
 ( -0.000001   0.000000    -0.000001   0.000000     0.000000   0.000000   )
 ( -0.000000   0.000000    -0.000000   0.000000    -0.000000   0.000000   )
 ( -0.000000   0.000000    -0.000000   0.000000     0.000000   0.000000   )
 (  0.000001   0.000000    -0.000001   0.000000    -0.000000   0.000000   )
 (  0.000001   0.000000    -0.000001   0.000000     0.000000   0.000000   )
 ( -0.000000   0.000000    -0.000000   0.000000     0.000000   0.000000   )
 ( -0.000000   0.000000     0.000000   0.000000     0.000000   0.000000   )
 ( -0.000000   0.000000    -0.000000   0.000000     0.000000   0.000000   )
 ( -0.000000   0.000000    -0.000000   0.000000    -0.000000   0.000000   )
 (  0.000000   0.000000     0.000000   0.000000     0.000000   0.000000   )
 ( -0.000000   0.000000    -0.000000   0.000000    -0.000000   0.000000   )
 ( -0.000000   0.000000    -0.000000   0.000000     0.000000   0.000000   )
 (  0.000000   0.000000    -0.000000   0.000000    -0.000000   0.000000   )
 ( -0.249974   0.000000     0.000000   0.000000    -0.000000   0.000000   )
 (  0.249974   0.000000     0.000000   0.000000     0.000000   0.000000   )
 (  0.249974   0.000000     0.000000   0.000000     0.000000   0.000000   )
 ( -0.249974   0.000000     0.000000   0.000000    -0.000000   0.000000   )
 (  0.000000   0.000000    -0.249974   0.000000    -0.000000   0.000000   )
 (  0.000000   0.000000     0.249974   0.000000    -0.000000   0.000000   )
 (  0.000000   0.000000     0.249974   0.000000     0.000000   0.000000   )
 ( -0.000000   0.000000    -0.249974   0.000000     0.000000   0.000000   )
 ( -0.000000   0.000000    -0.250026   0.000000    -0.000000   0.000000   )
 (  0.000000   0.000000    -0.250026   0.000000    -0.000000   0.000000   )
 (  0.250026   0.000000     0.000000   0.000000     0.000000   0.000000   )
 (  0.250026   0.000000     0.000000   0.000000    -0.000000   0.000000   )
 ( -0.250026   0.000000     0.000000   0.000000    -0.000000   0.000000   )
 ( -0.250026   0.000000     0.000000   0.000000     0.000000   0.000000   )
 (  0.000000   0.000000     0.250026   0.000000     0.000000   0.000000   )
 (  0.000000   0.000000     0.250026   0.000000    -0.000000   0.000000   )
     freq (   77) =       7.693053 [THz] =     256.612640 [cm-1]
 (  0.011318   0.000000    -0.004395   0.000000     0.000000   0.000000   )
 (  0.011318   0.000000    -0.004395   0.000000     0.000000   0.000000   )
 (  0.012658   0.000000    -0.005477   0.000000     0.000873   0.000000   )
 (  0.012658   0.000000    -0.005477   0.000000    -0.000873   0.000000   )
 (  0.007809   0.000000    -0.004666   0.000000     0.000000   0.000000   )
 (  0.007809   0.000000    -0.004666   0.000000     0.000000   0.000000   )
 (  0.012017   0.000000    -0.003032   0.000000     0.000000   0.000000   )
 (  0.012017   0.000000    -0.003032   0.000000     0.000000   0.000000   )
 (  0.012144   0.000000    -0.004154   0.000000     0.001982   0.000000   )
 (  0.012144   0.000000    -0.004154   0.000000    -0.001982   0.000000   )
 (  0.012144   0.000000    -0.004154   0.000000    -0.001982   0.000000   )
 (  0.012144   0.000000    -0.004154   0.000000     0.001982   0.000000   )
 (  0.014590   0.000000    -0.005665   0.000000     0.000000   0.000000   )
 (  0.014590   0.000000    -0.005665   0.000000     0.000000   0.000000   )
 (  0.012658   0.000000    -0.005477   0.000000    -0.000873   0.000000   )
 (  0.012658   0.000000    -0.005477   0.000000     0.000873   0.000000   )
 (  0.039637   0.000000    -0.015392   0.000000     0.000000   0.000000   )
 (  0.031106   0.000000    -0.012687   0.000000    -0.000000   0.000000   )
 (  0.030663   0.000000    -0.008663   0.000000    -0.000000   0.000000   )
 (  0.022308   0.000000    -0.011907   0.000000     0.000000   0.000000   )
 (  0.030550   0.000000    -0.011254   0.000000    -0.000000   0.000000   )
 (  0.030550   0.000000    -0.011254   0.000000    -0.000000   0.000000   )
 (  0.029449   0.000000    -0.011435   0.000000     0.000000   0.000000   )
 (  0.031106   0.000000    -0.012687   0.000000    -0.000000   0.000000   )
 ( -0.218328   0.000000     0.088386   0.000000    -0.000733   0.000000   )
 ( -0.218328   0.000000     0.088386   0.000000    -0.000733   0.000000   )
 ( -0.218328   0.000000     0.088386   0.000000     0.000733   0.000000   )
 ( -0.218328   0.000000     0.088386   0.000000     0.000733   0.000000   )
 ( -0.227615   0.000000     0.084779   0.000000    -0.001888   0.000000   )
 ( -0.227615   0.000000     0.084779   0.000000    -0.001888   0.000000   )
 ( -0.227615   0.000000     0.084779   0.000000     0.001888   0.000000   )
 ( -0.227615   0.000000     0.084779   0.000000     0.001888   0.000000   )
 ( -0.238479   0.000000     0.093561   0.000000     0.018228   0.000000   )
 ( -0.238479   0.000000     0.093561   0.000000    -0.018228   0.000000   )
 ( -0.240943   0.000000     0.092604   0.000000     0.007078   0.000000   )
 ( -0.240943   0.000000     0.092604   0.000000    -0.007078   0.000000   )
 ( -0.240943   0.000000     0.092604   0.000000    -0.007078   0.000000   )
 ( -0.240943   0.000000     0.092604   0.000000     0.007078   0.000000   )
 ( -0.238479   0.000000     0.093561   0.000000    -0.018228   0.000000   )
 ( -0.238479   0.000000     0.093561   0.000000     0.018228   0.000000   )
     freq (   78) =       7.693053 [THz] =     256.612640 [cm-1]
 (  0.004395   0.000000     0.011318   0.000000    -0.000000   0.000000   )
 (  0.004395   0.000000     0.011318   0.000000     0.000000   0.000000   )
 (  0.004154   0.000000     0.012144   0.000000     0.001982   0.000000   )
 (  0.004154   0.000000     0.012144   0.000000    -0.001982   0.000000   )
 (  0.003032   0.000000     0.012017   0.000000    -0.000000   0.000000   )
 (  0.003032   0.000000     0.012017   0.000000     0.000000   0.000000   )
 (  0.004666   0.000000     0.007809   0.000000     0.000000   0.000000   )
 (  0.004666   0.000000     0.007809   0.000000     0.000000   0.000000   )
 (  0.005477   0.000000     0.012658   0.000000    -0.000873   0.000000   )
 (  0.005477   0.000000     0.012658   0.000000     0.000873   0.000000   )
 (  0.005477   0.000000     0.012658   0.000000     0.000873   0.000000   )
 (  0.005477   0.000000     0.012658   0.000000    -0.000873   0.000000   )
 (  0.005665   0.000000     0.014590   0.000000    -0.000000   0.000000   )
 (  0.005665   0.000000     0.014590   0.000000    -0.000000   0.000000   )
 (  0.004154   0.000000     0.012144   0.000000    -0.001982   0.000000   )
 (  0.004154   0.000000     0.012144   0.000000     0.001982   0.000000   )
 (  0.015392   0.000000     0.039637   0.000000     0.000000   0.000000   )
 (  0.011254   0.000000     0.030550   0.000000    -0.000000   0.000000   )
 (  0.011907   0.000000     0.022308   0.000000    -0.000000   0.000000   )
 (  0.008663   0.000000     0.030663   0.000000    -0.000000   0.000000   )
 (  0.012687   0.000000     0.031106   0.000000     0.000000   0.000000   )
 (  0.012687   0.000000     0.031106   0.000000     0.000000   0.000000   )
 (  0.011435   0.000000     0.029449   0.000000    -0.000000   0.000000   )
 (  0.011254   0.000000     0.030550   0.000000     0.000000   0.000000   )
 ( -0.084779   0.000000    -0.227615   0.000000     0.001888   0.000000   )
 ( -0.084779   0.000000    -0.227615   0.000000     0.001888   0.000000   )
 ( -0.084779   0.000000    -0.227615   0.000000    -0.001888   0.000000   )
 ( -0.084779   0.000000    -0.227615   0.000000    -0.001888   0.000000   )
 ( -0.088386   0.000000    -0.218328   0.000000    -0.000733   0.000000   )
 ( -0.088386   0.000000    -0.218328   0.000000    -0.000733   0.000000   )
 ( -0.088386   0.000000    -0.218328   0.000000     0.000733   0.000000   )
 ( -0.088386   0.000000    -0.218328   0.000000     0.000733   0.000000   )
 ( -0.092604   0.000000    -0.240943   0.000000     0.007078   0.000000   )
 ( -0.092604   0.000000    -0.240943   0.000000    -0.007078   0.000000   )
 ( -0.093561   0.000000    -0.238479   0.000000    -0.018228   0.000000   )
 ( -0.093561   0.000000    -0.238479   0.000000     0.018228   0.000000   )
 ( -0.093561   0.000000    -0.238479   0.000000     0.018228   0.000000   )
 ( -0.093561   0.000000    -0.238479   0.000000    -0.018228   0.000000   )
 ( -0.092604   0.000000    -0.240943   0.000000    -0.007078   0.000000   )
 ( -0.092604   0.000000    -0.240943   0.000000     0.007078   0.000000   )
     freq (   79) =       7.830525 [THz] =     261.198198 [cm-1]
 (  0.014680   0.000000     0.001045   0.000000     0.000000   0.000000   )
 ( -0.014680   0.000000    -0.001045   0.000000     0.000000   0.000000   )
 ( -0.016455   0.000000    -0.001991   0.000000     0.000205   0.000000   )
 (  0.016455   0.000000     0.001991   0.000000     0.000205   0.000000   )
 (  0.016469   0.000000     0.001057   0.000000     0.000000   0.000000   )
 ( -0.016469   0.000000    -0.001057   0.000000     0.000000   0.000000   )
 (  0.014842   0.000000     0.001173   0.000000     0.000000   0.000000   )
 ( -0.014842   0.000000    -0.001173   0.000000     0.000000   0.000000   )
 ( -0.016338   0.000000    -0.000344   0.000000     0.000178   0.000000   )
 (  0.016338   0.000000     0.000344   0.000000     0.000178   0.000000   )
 ( -0.016338   0.000000    -0.000344   0.000000    -0.000178   0.000000   )
 (  0.016338   0.000000     0.000344   0.000000    -0.000178   0.000000   )
 (  0.015917   0.000000     0.001133   0.000000     0.000000   0.000000   )
 ( -0.015917   0.000000    -0.001133   0.000000     0.000000   0.000000   )
 ( -0.016455   0.000000    -0.001991   0.000000    -0.000205   0.000000   )
 (  0.016455   0.000000     0.001991   0.000000    -0.000205   0.000000   )
 (  0.000000   0.000000    -0.000000   0.000000     0.000000   0.000000   )
 (  0.000000   0.000000     0.000000   0.000000     0.001035   0.000000   )
 (  0.000000   0.000000     0.000000   0.000000     0.000000   0.000000   )
 (  0.000000   0.000000    -0.000000   0.000000    -0.000000   0.000000   )
 (  0.000000   0.000000     0.000000   0.000000     0.000898   0.000000   )
 (  0.000000   0.000000     0.000000   0.000000    -0.000898   0.000000   )
 (  0.000000   0.000000     0.000000   0.000000     0.000000   0.000000   )
 (  0.000000   0.000000    -0.000000   0.000000    -0.001035   0.000000   )
 ( -0.240801   0.000000    -0.017182   0.000000    -0.006297   0.000000   )
 (  0.240801   0.000000     0.017182   0.000000     0.006297   0.000000   )
 ( -0.240801   0.000000    -0.017182   0.000000     0.006297   0.000000   )
 (  0.240801   0.000000     0.017182   0.000000    -0.006297   0.000000   )
 ( -0.241304   0.000000    -0.017147   0.000000     0.088438   0.000000   )
 (  0.241304   0.000000     0.017147   0.000000    -0.088438   0.000000   )
 ( -0.241304   0.000000    -0.017147   0.000000    -0.088438   0.000000   )
 (  0.241304   0.000000     0.017147   0.000000     0.088438   0.000000   )
 (  0.240311   0.000000     0.017034   0.000000     0.093330   0.000000   )
 ( -0.240311   0.000000    -0.017034   0.000000     0.093330   0.000000   )
 ( -0.239216   0.000000    -0.017112   0.000000     0.006646   0.000000   )
 (  0.239216   0.000000     0.017112   0.000000     0.006646   0.000000   )
 ( -0.239216   0.000000    -0.017112   0.000000    -0.006646   0.000000   )
 (  0.239216   0.000000     0.017112   0.000000    -0.006646   0.000000   )
 (  0.240311   0.000000     0.017034   0.000000    -0.093330   0.000000   )
 ( -0.240311   0.000000    -0.017034   0.000000    -0.093330   0.000000   )
     freq (   80) =       7.830525 [THz] =     261.198198 [cm-1]
 (  0.001045   0.000000    -0.014680   0.000000    -0.000000   0.000000   )
 ( -0.001045   0.000000     0.014680   0.000000     0.000000   0.000000   )
 ( -0.000344   0.000000     0.016338   0.000000    -0.000178   0.000000   )
 (  0.000344   0.000000    -0.016338   0.000000    -0.000178   0.000000   )
 (  0.001173   0.000000    -0.014842   0.000000    -0.000000   0.000000   )
 ( -0.001173   0.000000     0.014842   0.000000     0.000000   0.000000   )
 (  0.001057   0.000000    -0.016469   0.000000    -0.000000   0.000000   )
 ( -0.001057   0.000000     0.016469   0.000000    -0.000000   0.000000   )
 ( -0.001991   0.000000     0.016455   0.000000     0.000205   0.000000   )
 (  0.001991   0.000000    -0.016455   0.000000     0.000205   0.000000   )
 ( -0.001991   0.000000     0.016455   0.000000    -0.000205   0.000000   )
 (  0.001991   0.000000    -0.016455   0.000000    -0.000205   0.000000   )
 (  0.001133   0.000000    -0.015917   0.000000    -0.000000   0.000000   )
 ( -0.001133   0.000000     0.015917   0.000000    -0.000000   0.000000   )
 ( -0.000344   0.000000     0.016338   0.000000     0.000178   0.000000   )
 (  0.000344   0.000000    -0.016338   0.000000     0.000178   0.000000   )
 ( -0.000000   0.000000    -0.000000   0.000000    -0.000000   0.000000   )
 ( -0.000000   0.000000    -0.000000   0.000000    -0.000898   0.000000   )
 ( -0.000000   0.000000    -0.000000   0.000000    -0.000000   0.000000   )
 ( -0.000000   0.000000    -0.000000   0.000000     0.000000   0.000000   )
 ( -0.000000   0.000000    -0.000000   0.000000     0.001035   0.000000   )
 ( -0.000000   0.000000    -0.000000   0.000000    -0.001035   0.000000   )
 ( -0.000000   0.000000    -0.000000   0.000000    -0.000000   0.000000   )
 ( -0.000000   0.000000    -0.000000   0.000000     0.000898   0.000000   )
 ( -0.017147   0.000000     0.241304   0.000000     0.088438   0.000000   )
 (  0.017147   0.000000    -0.241304   0.000000    -0.088438   0.000000   )
 ( -0.017147   0.000000     0.241304   0.000000    -0.088438   0.000000   )
 (  0.017147   0.000000    -0.241304   0.000000     0.088438   0.000000   )
 ( -0.017182   0.000000     0.240801   0.000000     0.006297   0.000000   )
 (  0.017182   0.000000    -0.240801   0.000000    -0.006297   0.000000   )
 ( -0.017182   0.000000     0.240801   0.000000    -0.006297   0.000000   )
 (  0.017182   0.000000    -0.240801   0.000000     0.006297   0.000000   )
 (  0.017112   0.000000    -0.239216   0.000000     0.006646   0.000000   )
 ( -0.017112   0.000000     0.239216   0.000000     0.006646   0.000000   )
 ( -0.017034   0.000000     0.240311   0.000000    -0.093330   0.000000   )
 (  0.017034   0.000000    -0.240311   0.000000    -0.093330   0.000000   )
 ( -0.017034   0.000000     0.240311   0.000000     0.093330   0.000000   )
 (  0.017034   0.000000    -0.240311   0.000000     0.093330   0.000000   )
 (  0.017112   0.000000    -0.239216   0.000000    -0.006646   0.000000   )
 ( -0.017112   0.000000     0.239216   0.000000    -0.006646   0.000000   )
     freq (   81) =       8.637916 [THz] =     288.129866 [cm-1]
 ( -0.005966   0.000000     0.000088   0.000000    -0.000000   0.000000   )
 ( -0.005966   0.000000     0.000088   0.000000    -0.000000   0.000000   )
 (  0.000686   0.000000    -0.004830   0.000000    -0.001486   0.000000   )
 (  0.000686   0.000000    -0.004830   0.000000     0.001486   0.000000   )
 (  0.005867   0.000000    -0.000091   0.000000    -0.000000   0.000000   )
 (  0.005867   0.000000    -0.000091   0.000000     0.000000   0.000000   )
 (  0.006152   0.000000    -0.000086   0.000000    -0.000000   0.000000   )
 (  0.006152   0.000000    -0.000086   0.000000     0.000000   0.000000   )
 (  0.000544   0.000000     0.004812   0.000000    -0.001530   0.000000   )
 (  0.000544   0.000000     0.004812   0.000000     0.001530   0.000000   )
 (  0.000544   0.000000     0.004812   0.000000     0.001530   0.000000   )
 (  0.000544   0.000000     0.004812   0.000000    -0.001530   0.000000   )
 ( -0.004761   0.000000     0.000070   0.000000     0.000000   0.000000   )
 ( -0.004761   0.000000     0.000070   0.000000     0.000000   0.000000   )
 (  0.000686   0.000000    -0.004830   0.000000     0.001486   0.000000   )
 (  0.000686   0.000000    -0.004830   0.000000    -0.001486   0.000000   )
 ( -0.014462   0.000000     0.000213   0.000000     0.000000   0.000000   )
 (  0.000300   0.000000    -0.010495   0.000000     0.000000   0.000000   )
 (  0.012985   0.000000    -0.000241   0.000000    -0.000000   0.000000   )
 (  0.016387   0.000000    -0.000191   0.000000     0.000000   0.000000   )
 ( -0.000009   0.000000     0.010491   0.000000     0.000000   0.000000   )
 ( -0.000009   0.000000     0.010491   0.000000     0.000000   0.000000   )
 ( -0.011304   0.000000     0.000166   0.000000    -0.000000   0.000000   )
 (  0.000300   0.000000    -0.010495   0.000000     0.000000   0.000000   )
 ( -0.002379   0.000000     0.000125   0.000000     0.005321   0.000000   )
 ( -0.002379   0.000000     0.000125   0.000000     0.005321   0.000000   )
 ( -0.002379   0.000000     0.000125   0.000000    -0.005321   0.000000   )
 ( -0.002379   0.000000     0.000125   0.000000    -0.005321   0.000000   )
 ( -0.008483   0.000000     0.000035   0.000000     0.361463   0.000000   )
 ( -0.008483   0.000000     0.000035   0.000000     0.361463   0.000000   )
 ( -0.008483   0.000000     0.000035   0.000000    -0.361463   0.000000   )
 ( -0.008483   0.000000     0.000035   0.000000    -0.361463   0.000000   )
 ( -0.006898   0.000000     0.000175   0.000000    -0.344388   0.000000   )
 ( -0.006898   0.000000     0.000175   0.000000     0.344388   0.000000   )
 ( -0.011901   0.000000     0.000102   0.000000    -0.005070   0.000000   )
 ( -0.011901   0.000000     0.000102   0.000000     0.005070   0.000000   )
 ( -0.011901   0.000000     0.000102   0.000000     0.005070   0.000000   )
 ( -0.011901   0.000000     0.000102   0.000000    -0.005070   0.000000   )
 ( -0.006898   0.000000     0.000175   0.000000     0.344388   0.000000   )
 ( -0.006898   0.000000     0.000175   0.000000    -0.344388   0.000000   )
     freq (   82) =       8.637916 [THz] =     288.129866 [cm-1]
 ( -0.000088   0.000000    -0.005966   0.000000    -0.000000   0.000000   )
 ( -0.000088   0.000000    -0.005966   0.000000    -0.000000   0.000000   )
 ( -0.004812   0.000000     0.000544   0.000000    -0.001530   0.000000   )
 ( -0.004812   0.000000     0.000544   0.000000     0.001530   0.000000   )
 (  0.000086   0.000000     0.006152   0.000000    -0.000000   0.000000   )
 (  0.000086   0.000000     0.006152   0.000000    -0.000000   0.000000   )
 (  0.000091   0.000000     0.005867   0.000000     0.000000   0.000000   )
 (  0.000091   0.000000     0.005867   0.000000    -0.000000   0.000000   )
 (  0.004830   0.000000     0.000686   0.000000     0.001486   0.000000   )
 (  0.004830   0.000000     0.000686   0.000000    -0.001486   0.000000   )
 (  0.004830   0.000000     0.000686   0.000000    -0.001486   0.000000   )
 (  0.004830   0.000000     0.000686   0.000000     0.001486   0.000000   )
 ( -0.000070   0.000000    -0.004761   0.000000     0.000000   0.000000   )
 ( -0.000070   0.000000    -0.004761   0.000000     0.000000   0.000000   )
 ( -0.004812   0.000000     0.000544   0.000000     0.001530   0.000000   )
 ( -0.004812   0.000000     0.000544   0.000000    -0.001530   0.000000   )
 ( -0.000213   0.000000    -0.014462   0.000000     0.000000   0.000000   )
 ( -0.010491   0.000000    -0.000009   0.000000     0.000000   0.000000   )
 (  0.000191   0.000000     0.016387   0.000000    -0.000000   0.000000   )
 (  0.000241   0.000000     0.012985   0.000000     0.000000   0.000000   )
 (  0.010495   0.000000     0.000300   0.000000     0.000000   0.000000   )
 (  0.010495   0.000000     0.000300   0.000000    -0.000000   0.000000   )
 ( -0.000166   0.000000    -0.011304   0.000000    -0.000000   0.000000   )
 ( -0.010491   0.000000    -0.000009   0.000000     0.000000   0.000000   )
 ( -0.000035   0.000000    -0.008483   0.000000    -0.361463   0.000000   )
 ( -0.000035   0.000000    -0.008483   0.000000    -0.361463   0.000000   )
 ( -0.000035   0.000000    -0.008483   0.000000     0.361463   0.000000   )
 ( -0.000035   0.000000    -0.008483   0.000000     0.361463   0.000000   )
 ( -0.000125   0.000000    -0.002379   0.000000     0.005321   0.000000   )
 ( -0.000125   0.000000    -0.002379   0.000000     0.005321   0.000000   )
 ( -0.000125   0.000000    -0.002379   0.000000    -0.005321   0.000000   )
 ( -0.000125   0.000000    -0.002379   0.000000    -0.005321   0.000000   )
 ( -0.000102   0.000000    -0.011901   0.000000    -0.005070   0.000000   )
 ( -0.000102   0.000000    -0.011901   0.000000     0.005070   0.000000   )
 ( -0.000175   0.000000    -0.006898   0.000000     0.344388   0.000000   )
 ( -0.000175   0.000000    -0.006898   0.000000    -0.344388   0.000000   )
 ( -0.000175   0.000000    -0.006898   0.000000    -0.344388   0.000000   )
 ( -0.000175   0.000000    -0.006898   0.000000     0.344388   0.000000   )
 ( -0.000102   0.000000    -0.011901   0.000000     0.005070   0.000000   )
 ( -0.000102   0.000000    -0.011901   0.000000    -0.005070   0.000000   )
     freq (   83) =       8.681608 [THz] =     289.587270 [cm-1]
 ( -0.010484   0.000000    -0.000014   0.000000     0.000000   0.000000   )
 (  0.010484   0.000000     0.000014   0.000000     0.000000   0.000000   )
 (  0.003041   0.000000     0.005302   0.000000    -0.000068   0.000000   )
 ( -0.003041   0.000000    -0.005302   0.000000    -0.000068   0.000000   )
 (  0.004386   0.000000     0.000005   0.000000     0.000000   0.000000   )
 ( -0.004386   0.000000    -0.000005   0.000000    -0.000000   0.000000   )
 (  0.003974   0.000000     0.000006   0.000000    -0.000000   0.000000   )
 ( -0.003974   0.000000    -0.000006   0.000000    -0.000000   0.000000   )
 (  0.003028   0.000000    -0.005294   0.000000    -0.000068   0.000000   )
 ( -0.003028   0.000000     0.005294   0.000000    -0.000068   0.000000   )
 (  0.003028   0.000000    -0.005294   0.000000     0.000068   0.000000   )
 ( -0.003028   0.000000     0.005294   0.000000     0.000068   0.000000   )
 ( -0.009802   0.000000    -0.000013   0.000000    -0.000000   0.000000   )
 (  0.009802   0.000000     0.000013   0.000000    -0.000000   0.000000   )
 (  0.003041   0.000000     0.005302   0.000000     0.000068   0.000000   )
 ( -0.003041   0.000000    -0.005302   0.000000     0.000068   0.000000   )
 ( -0.000000   0.000000    -0.000000   0.000000    -0.000000   0.000000   )
 (  0.000000   0.000000    -0.000000   0.000000    -0.000044   0.000000   )
 (  0.000000   0.000000     0.000000   0.000000    -0.000000   0.000000   )
 (  0.000000   0.000000     0.000000   0.000000     0.000000   0.000000   )
 (  0.000000   0.000000     0.000000   0.000000    -0.000044   0.000000   )
 (  0.000000   0.000000     0.000000   0.000000     0.000044   0.000000   )
 ( -0.000000   0.000000    -0.000000   0.000000     0.000000   0.000000   )
 ( -0.000000   0.000000    -0.000000   0.000000     0.000044   0.000000   )
 (  0.057176   0.000000     0.000093   0.000000    -0.000448   0.000000   )
 ( -0.057176   0.000000    -0.000093   0.000000     0.000448   0.000000   )
 (  0.057176   0.000000     0.000093   0.000000     0.000448   0.000000   )
 ( -0.057176   0.000000    -0.000093   0.000000    -0.000448   0.000000   )
 (  0.071649   0.000000     0.000075   0.000000     0.343800   0.000000   )
 ( -0.071649   0.000000    -0.000075   0.000000    -0.343800   0.000000   )
 (  0.071649   0.000000     0.000075   0.000000    -0.343800   0.000000   )
 ( -0.071649   0.000000    -0.000075   0.000000     0.343800   0.000000   )
 ( -0.062317   0.000000    -0.000074   0.000000     0.340723   0.000000   )
 (  0.062317   0.000000     0.000074   0.000000     0.340723   0.000000   )
 (  0.056813   0.000000     0.000081   0.000000     0.000444   0.000000   )
 ( -0.056813   0.000000    -0.000081   0.000000     0.000444   0.000000   )
 (  0.056813   0.000000     0.000081   0.000000    -0.000444   0.000000   )
 ( -0.056813   0.000000    -0.000081   0.000000    -0.000444   0.000000   )
 ( -0.062317   0.000000    -0.000074   0.000000    -0.340723   0.000000   )
 (  0.062317   0.000000     0.000074   0.000000    -0.340723   0.000000   )
     freq (   84) =       8.681608 [THz] =     289.587270 [cm-1]
 (  0.000014   0.000000    -0.010484   0.000000     0.000000   0.000000   )
 ( -0.000014   0.000000     0.010484   0.000000    -0.000000   0.000000   )
 (  0.005294   0.000000     0.003028   0.000000    -0.000068   0.000000   )
 ( -0.005294   0.000000    -0.003028   0.000000    -0.000068   0.000000   )
 ( -0.000006   0.000000     0.003974   0.000000     0.000000   0.000000   )
 (  0.000006   0.000000    -0.003974   0.000000    -0.000000   0.000000   )
 ( -0.000005   0.000000     0.004386   0.000000     0.000000   0.000000   )
 (  0.000005   0.000000    -0.004386   0.000000     0.000000   0.000000   )
 ( -0.005302   0.000000     0.003041   0.000000     0.000068   0.000000   )
 (  0.005302   0.000000    -0.003041   0.000000     0.000068   0.000000   )
 ( -0.005302   0.000000     0.003041   0.000000    -0.000068   0.000000   )
 (  0.005302   0.000000    -0.003041   0.000000    -0.000068   0.000000   )
 (  0.000013   0.000000    -0.009802   0.000000     0.000000   0.000000   )
 ( -0.000013   0.000000     0.009802   0.000000     0.000000   0.000000   )
 (  0.005294   0.000000     0.003028   0.000000     0.000068   0.000000   )
 ( -0.005294   0.000000    -0.003028   0.000000     0.000068   0.000000   )
 (  0.000000   0.000000     0.000000   0.000000     0.000000   0.000000   )
 (  0.000000   0.000000     0.000000   0.000000    -0.000044   0.000000   )
 ( -0.000000   0.000000    -0.000000   0.000000     0.000000   0.000000   )
 ( -0.000000   0.000000    -0.000000   0.000000    -0.000000   0.000000   )
 ( -0.000000   0.000000    -0.000000   0.000000     0.000044   0.000000   )
 ( -0.000000   0.000000    -0.000000   0.000000    -0.000044   0.000000   )
 (  0.000000   0.000000     0.000000   0.000000    -0.000000   0.000000   )
 (  0.000000   0.000000     0.000000   0.000000     0.000044   0.000000   )
 ( -0.000075   0.000000     0.071649   0.000000    -0.343800   0.000000   )
 (  0.000075   0.000000    -0.071649   0.000000     0.343800   0.000000   )
 ( -0.000075   0.000000     0.071649   0.000000     0.343800   0.000000   )
 (  0.000075   0.000000    -0.071649   0.000000    -0.343800   0.000000   )
 ( -0.000093   0.000000     0.057176   0.000000    -0.000448   0.000000   )
 (  0.000093   0.000000    -0.057176   0.000000     0.000448   0.000000   )
 ( -0.000093   0.000000     0.057176   0.000000     0.000448   0.000000   )
 (  0.000093   0.000000    -0.057176   0.000000    -0.000448   0.000000   )
 (  0.000081   0.000000    -0.056813   0.000000    -0.000444   0.000000   )
 ( -0.000081   0.000000     0.056813   0.000000    -0.000444   0.000000   )
 ( -0.000074   0.000000     0.062317   0.000000     0.340723   0.000000   )
 (  0.000074   0.000000    -0.062317   0.000000     0.340723   0.000000   )
 ( -0.000074   0.000000     0.062317   0.000000    -0.340723   0.000000   )
 (  0.000074   0.000000    -0.062317   0.000000    -0.340723   0.000000   )
 (  0.000081   0.000000    -0.056813   0.000000     0.000444   0.000000   )
 ( -0.000081   0.000000     0.056813   0.000000     0.000444   0.000000   )
     freq (   85) =       9.524413 [THz] =     317.700224 [cm-1]
 ( -0.003609   0.000000    -0.010670   0.000000    -0.000000   0.000000   )
 ( -0.003609   0.000000    -0.010670   0.000000     0.000000   0.000000   )
 ( -0.000463   0.000000    -0.000231   0.000000    -0.011766   0.000000   )
 ( -0.000463   0.000000    -0.000231   0.000000     0.011766   0.000000   )
 ( -0.003588   0.000000     0.007710   0.000000     0.000000   0.000000   )
 ( -0.003588   0.000000     0.007710   0.000000     0.000000   0.000000   )
 (  0.002608   0.000000    -0.010607   0.000000    -0.000000   0.000000   )
 (  0.002608   0.000000    -0.010607   0.000000    -0.000000   0.000000   )
 (  0.000406   0.000000     0.000063   0.000000     0.005818   0.000000   )
 (  0.000406   0.000000     0.000063   0.000000    -0.005818   0.000000   )
 (  0.000406   0.000000     0.000063   0.000000    -0.005818   0.000000   )
 (  0.000406   0.000000     0.000063   0.000000     0.005818   0.000000   )
 (  0.003693   0.000000     0.010918   0.000000     0.000000   0.000000   )
 (  0.003693   0.000000     0.010918   0.000000    -0.000000   0.000000   )
 ( -0.000463   0.000000    -0.000231   0.000000     0.011766   0.000000   )
 ( -0.000463   0.000000    -0.000231   0.000000    -0.011766   0.000000   )
 (  0.014321   0.000000     0.042340   0.000000     0.000000   0.000000   )
 ( -0.002875   0.000000    -0.002225   0.000000    -0.000000   0.000000   )
 (  0.015526   0.000000    -0.048024   0.000000    -0.000000   0.000000   )
 ( -0.016243   0.000000     0.045904   0.000000     0.000000   0.000000   )
 (  0.001918   0.000000    -0.000604   0.000000     0.000000   0.000000   )
 (  0.001918   0.000000    -0.000604   0.000000    -0.000000   0.000000   )
 ( -0.015364   0.000000    -0.045424   0.000000     0.000000   0.000000   )
 ( -0.002875   0.000000    -0.002225   0.000000    -0.000000   0.000000   )
 (  0.021614   0.000000     0.029664   0.000000    -0.318891   0.000000   )
 (  0.021614   0.000000     0.029664   0.000000    -0.318891   0.000000   )
 (  0.021614   0.000000     0.029664   0.000000     0.318891   0.000000   )
 (  0.021614   0.000000     0.029664   0.000000     0.318891   0.000000   )
 (  0.010033   0.000000     0.063903   0.000000     0.107861   0.000000   )
 (  0.010033   0.000000     0.063903   0.000000     0.107861   0.000000   )
 (  0.010033   0.000000     0.063903   0.000000    -0.107861   0.000000   )
 (  0.010033   0.000000     0.063903   0.000000    -0.107861   0.000000   )
 ( -0.004381   0.000000    -0.047722   0.000000     0.113600   0.000000   )
 ( -0.004381   0.000000    -0.047722   0.000000    -0.113600   0.000000   )
 ( -0.016142   0.000000    -0.012953   0.000000    -0.335860   0.000000   )
 ( -0.016142   0.000000    -0.012953   0.000000     0.335860   0.000000   )
 ( -0.016142   0.000000    -0.012953   0.000000     0.335860   0.000000   )
 ( -0.016142   0.000000    -0.012953   0.000000    -0.335860   0.000000   )
 ( -0.004381   0.000000    -0.047722   0.000000    -0.113600   0.000000   )
 ( -0.004381   0.000000    -0.047722   0.000000     0.113600   0.000000   )
     freq (   86) =       9.524413 [THz] =     317.700224 [cm-1]
 ( -0.010670   0.000000     0.003609   0.000000    -0.000000   0.000000   )
 ( -0.010670   0.000000     0.003609   0.000000     0.000000   0.000000   )
 (  0.000063   0.000000    -0.000406   0.000000    -0.005818   0.000000   )
 (  0.000063   0.000000    -0.000406   0.000000     0.005818   0.000000   )
 ( -0.010607   0.000000    -0.002608   0.000000    -0.000000   0.000000   )
 ( -0.010607   0.000000    -0.002608   0.000000    -0.000000   0.000000   )
 (  0.007710   0.000000     0.003588   0.000000     0.000000   0.000000   )
 (  0.007710   0.000000     0.003588   0.000000     0.000000   0.000000   )
 ( -0.000231   0.000000     0.000463   0.000000    -0.011766   0.000000   )
 ( -0.000231   0.000000     0.000463   0.000000     0.011766   0.000000   )
 ( -0.000231   0.000000     0.000463   0.000000     0.011766   0.000000   )
 ( -0.000231   0.000000     0.000463   0.000000    -0.011766   0.000000   )
 (  0.010918   0.000000    -0.003693   0.000000     0.000000   0.000000   )
 (  0.010918   0.000000    -0.003693   0.000000    -0.000000   0.000000   )
 (  0.000063   0.000000    -0.000406   0.000000     0.005818   0.000000   )
 (  0.000063   0.000000    -0.000406   0.000000    -0.005818   0.000000   )
 (  0.042340   0.000000    -0.014321   0.000000    -0.000000   0.000000   )
 ( -0.000604   0.000000    -0.001918   0.000000     0.000000   0.000000   )
 (  0.045904   0.000000     0.016243   0.000000     0.000000   0.000000   )
 ( -0.048024   0.000000    -0.015526   0.000000     0.000000   0.000000   )
 ( -0.002225   0.000000     0.002875   0.000000     0.000000   0.000000   )
 ( -0.002225   0.000000     0.002875   0.000000     0.000000   0.000000   )
 ( -0.045424   0.000000     0.015364   0.000000     0.000000   0.000000   )
 ( -0.000604   0.000000    -0.001918   0.000000     0.000000   0.000000   )
 (  0.063903   0.000000    -0.010033   0.000000     0.107861   0.000000   )
 (  0.063903   0.000000    -0.010033   0.000000     0.107861   0.000000   )
 (  0.063903   0.000000    -0.010033   0.000000    -0.107861   0.000000   )
 (  0.063903   0.000000    -0.010033   0.000000    -0.107861   0.000000   )
 (  0.029664   0.000000    -0.021614   0.000000     0.318891   0.000000   )
 (  0.029664   0.000000    -0.021614   0.000000     0.318891   0.000000   )
 (  0.029664   0.000000    -0.021614   0.000000    -0.318891   0.000000   )
 (  0.029664   0.000000    -0.021614   0.000000    -0.318891   0.000000   )
 ( -0.012953   0.000000     0.016142   0.000000     0.335860   0.000000   )
 ( -0.012953   0.000000     0.016142   0.000000    -0.335860   0.000000   )
 ( -0.047722   0.000000     0.004381   0.000000     0.113600   0.000000   )
 ( -0.047722   0.000000     0.004381   0.000000    -0.113600   0.000000   )
 ( -0.047722   0.000000     0.004381   0.000000    -0.113600   0.000000   )
 ( -0.047722   0.000000     0.004381   0.000000     0.113600   0.000000   )
 ( -0.012953   0.000000     0.016142   0.000000    -0.335860   0.000000   )
 ( -0.012953   0.000000     0.016142   0.000000     0.335860   0.000000   )
     freq (   87) =       9.885062 [THz] =     329.730186 [cm-1]
 ( -0.000000   0.000000     0.000000   0.000000     0.015092   0.000000   )
 ( -0.000000   0.000000     0.000000   0.000000    -0.015092   0.000000   )
 ( -0.006571   0.000000    -0.006571   0.000000    -0.000134   0.000000   )
 ( -0.006571   0.000000    -0.006571   0.000000     0.000134   0.000000   )
 ( -0.000000   0.000000     0.000000   0.000000     0.000455   0.000000   )
 ( -0.000000   0.000000    -0.000000   0.000000    -0.000455   0.000000   )
 (  0.000000   0.000000    -0.000000   0.000000     0.000455   0.000000   )
 (  0.000000   0.000000     0.000000   0.000000    -0.000455   0.000000   )
 ( -0.006571   0.000000     0.006571   0.000000    -0.000134   0.000000   )
 ( -0.006571   0.000000     0.006571   0.000000     0.000134   0.000000   )
 (  0.006571   0.000000    -0.006571   0.000000    -0.000134   0.000000   )
 (  0.006571   0.000000    -0.006571   0.000000     0.000134   0.000000   )
 (  0.000000   0.000000    -0.000000   0.000000    -0.014361   0.000000   )
 (  0.000000   0.000000    -0.000000   0.000000     0.014361   0.000000   )
 (  0.006571   0.000000     0.006571   0.000000    -0.000134   0.000000   )
 (  0.006571   0.000000     0.006571   0.000000     0.000134   0.000000   )
 (  0.000000   0.000000    -0.000000   0.000000    -0.000000   0.000000   )
 (  0.030293   0.000000     0.030293   0.000000     0.000000   0.000000   )
 (  0.000000   0.000000     0.000000   0.000000    -0.000000   0.000000   )
 ( -0.000000   0.000000    -0.000000   0.000000     0.000000   0.000000   )
 (  0.030293   0.000000    -0.030293   0.000000     0.000000   0.000000   )
 ( -0.030293   0.000000     0.030293   0.000000    -0.000000   0.000000   )
 ( -0.000000   0.000000     0.000000   0.000000     0.000000   0.000000   )
 ( -0.030293   0.000000    -0.030293   0.000000    -0.000000   0.000000   )
 (  0.000000   0.000000     0.024160   0.000000    -0.248813   0.000000   )
 (  0.000000   0.000000    -0.024160   0.000000     0.248813   0.000000   )
 (  0.000000   0.000000    -0.024160   0.000000    -0.248813   0.000000   )
 (  0.000000   0.000000     0.024160   0.000000     0.248813   0.000000   )
 ( -0.024160   0.000000    -0.000000   0.000000    -0.248813   0.000000   )
 (  0.024160   0.000000     0.000000   0.000000     0.248813   0.000000   )
 (  0.024160   0.000000    -0.000000   0.000000    -0.248813   0.000000   )
 ( -0.024160   0.000000     0.000000   0.000000     0.248813   0.000000   )
 (  0.021387   0.000000     0.000000   0.000000    -0.246857   0.000000   )
 (  0.021387   0.000000    -0.000000   0.000000     0.246857   0.000000   )
 ( -0.000000   0.000000     0.021387   0.000000     0.246857   0.000000   )
 ( -0.000000   0.000000     0.021387   0.000000    -0.246857   0.000000   )
 ( -0.000000   0.000000    -0.021387   0.000000     0.246857   0.000000   )
 ( -0.000000   0.000000    -0.021387   0.000000    -0.246857   0.000000   )
 ( -0.021387   0.000000     0.000000   0.000000    -0.246857   0.000000   )
 ( -0.021387   0.000000     0.000000   0.000000     0.246857   0.000000   )
     freq (   88) =       9.925101 [THz] =     331.065738 [cm-1]
 (  0.000000   0.000000    -0.000000   0.000000     0.000000   0.000000   )
 ( -0.000000   0.000000    -0.000000   0.000000    -0.000000   0.000000   )
 ( -0.007729   0.000000     0.007729   0.000000    -0.000000   0.000000   )
 ( -0.007729   0.000000     0.007729   0.000000    -0.000000   0.000000   )
 (  0.000000   0.000000     0.000000   0.000000     0.013675   0.000000   )
 (  0.000000   0.000000    -0.000000   0.000000    -0.013675   0.000000   )
 ( -0.000000   0.000000    -0.000000   0.000000    -0.013675   0.000000   )
 (  0.000000   0.000000     0.000000   0.000000     0.013675   0.000000   )
 ( -0.007729   0.000000    -0.007729   0.000000    -0.000000   0.000000   )
 ( -0.007729   0.000000    -0.007729   0.000000    -0.000000   0.000000   )
 (  0.007729   0.000000     0.007729   0.000000     0.000000   0.000000   )
 (  0.007729   0.000000     0.007729   0.000000     0.000000   0.000000   )
 ( -0.000000   0.000000     0.000000   0.000000    -0.000000   0.000000   )
 ( -0.000000   0.000000    -0.000000   0.000000     0.000000   0.000000   )
 (  0.007729   0.000000    -0.007729   0.000000    -0.000000   0.000000   )
 (  0.007729   0.000000    -0.007729   0.000000    -0.000000   0.000000   )
 ( -0.000000   0.000000     0.000000   0.000000    -0.000000   0.000000   )
 (  0.032602   0.000000    -0.032602   0.000000     0.000000   0.000000   )
 ( -0.000000   0.000000    -0.000000   0.000000    -0.000000   0.000000   )
 (  0.000000   0.000000     0.000000   0.000000     0.000000   0.000000   )
 (  0.032602   0.000000     0.032602   0.000000     0.000000   0.000000   )
 ( -0.032602   0.000000    -0.032602   0.000000    -0.000000   0.000000   )
 (  0.000000   0.000000    -0.000000   0.000000     0.000000   0.000000   )
 ( -0.032602   0.000000     0.032602   0.000000    -0.000000   0.000000   )
 ( -0.000000   0.000000    -0.030340   0.000000    -0.243315   0.000000   )
 ( -0.000000   0.000000     0.030340   0.000000     0.243315   0.000000   )
 (  0.000000   0.000000     0.030340   0.000000    -0.243315   0.000000   )
 ( -0.000000   0.000000    -0.030340   0.000000     0.243315   0.000000   )
 ( -0.030340   0.000000    -0.000000   0.000000     0.243315   0.000000   )
 (  0.030340   0.000000     0.000000   0.000000    -0.243315   0.000000   )
 (  0.030340   0.000000    -0.000000   0.000000     0.243315   0.000000   )
 ( -0.030340   0.000000     0.000000   0.000000    -0.243315   0.000000   )
 (  0.028600   0.000000     0.000000   0.000000     0.250567   0.000000   )
 (  0.028600   0.000000    -0.000000   0.000000    -0.250567   0.000000   )
 ( -0.000000   0.000000    -0.028600   0.000000     0.250567   0.000000   )
 (  0.000000   0.000000    -0.028600   0.000000    -0.250567   0.000000   )
 ( -0.000000   0.000000     0.028600   0.000000     0.250567   0.000000   )
 (  0.000000   0.000000     0.028600   0.000000    -0.250567   0.000000   )
 ( -0.028600   0.000000    -0.000000   0.000000     0.250567   0.000000   )
 ( -0.028600   0.000000    -0.000000   0.000000    -0.250567   0.000000   )
     freq (   89) =      10.117354 [THz] =     337.478614 [cm-1]
 (  0.005293   0.000000     0.002948   0.000000    -0.000000   0.000000   )
 ( -0.005293   0.000000    -0.002948   0.000000     0.000000   0.000000   )
 (  0.000489   0.000000     0.000747   0.000000    -0.016338   0.000000   )
 ( -0.000489   0.000000    -0.000747   0.000000    -0.016338   0.000000   )
 (  0.003599   0.000000    -0.002709   0.000000     0.000000   0.000000   )
 ( -0.003599   0.000000     0.002709   0.000000     0.000000   0.000000   )
 ( -0.004864   0.000000     0.002004   0.000000    -0.000000   0.000000   )
 (  0.004864   0.000000    -0.002004   0.000000    -0.000000   0.000000   )
 ( -0.000277   0.000000    -0.000629   0.000000    -0.004650   0.000000   )
 (  0.000277   0.000000     0.000629   0.000000    -0.004650   0.000000   )
 ( -0.000277   0.000000    -0.000629   0.000000     0.004650   0.000000   )
 (  0.000277   0.000000     0.000629   0.000000     0.004650   0.000000   )
 ( -0.003700   0.000000    -0.002060   0.000000     0.000000   0.000000   )
 (  0.003700   0.000000     0.002060   0.000000    -0.000000   0.000000   )
 (  0.000489   0.000000     0.000747   0.000000     0.016338   0.000000   )
 ( -0.000489   0.000000    -0.000747   0.000000     0.016338   0.000000   )
 ( -0.000000   0.000000    -0.000000   0.000000    -0.000000   0.000000   )
 ( -0.000000   0.000000    -0.000000   0.000000     0.008893   0.000000   )
 ( -0.000000   0.000000     0.000000   0.000000     0.000000   0.000000   )
 (  0.000000   0.000000    -0.000000   0.000000    -0.000000   0.000000   )
 ( -0.000000   0.000000     0.000000   0.000000     0.002531   0.000000   )
 (  0.000000   0.000000    -0.000000   0.000000    -0.002531   0.000000   )
 ( -0.000000   0.000000     0.000000   0.000000    -0.000000   0.000000   )
 (  0.000000   0.000000     0.000000   0.000000    -0.008893   0.000000   )
 (  0.032485   0.000000    -0.003703   0.000000     0.170513   0.000000   )
 ( -0.032485   0.000000     0.003703   0.000000    -0.170513   0.000000   )
 (  0.032485   0.000000    -0.003703   0.000000    -0.170513   0.000000   )
 ( -0.032485   0.000000     0.003703   0.000000     0.170513   0.000000   )
 ( -0.006649   0.000000     0.018091   0.000000    -0.306173   0.000000   )
 (  0.006649   0.000000    -0.018091   0.000000     0.306173   0.000000   )
 ( -0.006649   0.000000     0.018091   0.000000     0.306173   0.000000   )
 (  0.006649   0.000000    -0.018091   0.000000    -0.306173   0.000000   )
 ( -0.007761   0.000000     0.015033   0.000000     0.308048   0.000000   )
 (  0.007761   0.000000    -0.015033   0.000000     0.308048   0.000000   )
 ( -0.026993   0.000000     0.004322   0.000000     0.171557   0.000000   )
 (  0.026993   0.000000    -0.004322   0.000000     0.171557   0.000000   )
 ( -0.026993   0.000000     0.004322   0.000000    -0.171557   0.000000   )
 (  0.026993   0.000000    -0.004322   0.000000    -0.171557   0.000000   )
 ( -0.007761   0.000000     0.015033   0.000000    -0.308048   0.000000   )
 (  0.007761   0.000000    -0.015033   0.000000    -0.308048   0.000000   )
     freq (   90) =      10.117354 [THz] =     337.478614 [cm-1]
 (  0.002948   0.000000    -0.005293   0.000000    -0.000000   0.000000   )
 ( -0.002948   0.000000     0.005293   0.000000    -0.000000   0.000000   )
 ( -0.000629   0.000000     0.000277   0.000000     0.004650   0.000000   )
 (  0.000629   0.000000    -0.000277   0.000000     0.004650   0.000000   )
 (  0.002004   0.000000     0.004864   0.000000    -0.000000   0.000000   )
 ( -0.002004   0.000000    -0.004864   0.000000     0.000000   0.000000   )
 ( -0.002709   0.000000    -0.003599   0.000000     0.000000   0.000000   )
 (  0.002709   0.000000     0.003599   0.000000    -0.000000   0.000000   )
 (  0.000747   0.000000    -0.000489   0.000000    -0.016338   0.000000   )
 ( -0.000747   0.000000     0.000489   0.000000    -0.016338   0.000000   )
 (  0.000747   0.000000    -0.000489   0.000000     0.016338   0.000000   )
 ( -0.000747   0.000000     0.000489   0.000000     0.016338   0.000000   )
 ( -0.002060   0.000000     0.003700   0.000000     0.000000   0.000000   )
 (  0.002060   0.000000    -0.003700   0.000000    -0.000000   0.000000   )
 ( -0.000629   0.000000     0.000277   0.000000    -0.004650   0.000000   )
 (  0.000629   0.000000    -0.000277   0.000000    -0.004650   0.000000   )
 (  0.000000   0.000000    -0.000000   0.000000     0.000000   0.000000   )
 ( -0.000000   0.000000    -0.000000   0.000000    -0.002531   0.000000   )
 (  0.000000   0.000000     0.000000   0.000000    -0.000000   0.000000   )
 ( -0.000000   0.000000    -0.000000   0.000000    -0.000000   0.000000   )
 ( -0.000000   0.000000     0.000000   0.000000     0.008893   0.000000   )
 (  0.000000   0.000000    -0.000000   0.000000    -0.008893   0.000000   )
 ( -0.000000   0.000000     0.000000   0.000000    -0.000000   0.000000   )
 (  0.000000   0.000000     0.000000   0.000000     0.002531   0.000000   )
 (  0.018091   0.000000     0.006649   0.000000    -0.306173   0.000000   )
 ( -0.018091   0.000000    -0.006649   0.000000     0.306173   0.000000   )
 (  0.018091   0.000000     0.006649   0.000000     0.306173   0.000000   )
 ( -0.018091   0.000000    -0.006649   0.000000    -0.306173   0.000000   )
 ( -0.003703   0.000000    -0.032485   0.000000    -0.170513   0.000000   )
 (  0.003703   0.000000     0.032485   0.000000     0.170513   0.000000   )
 ( -0.003703   0.000000    -0.032485   0.000000     0.170513   0.000000   )
 (  0.003703   0.000000     0.032485   0.000000    -0.170513   0.000000   )
 ( -0.004322   0.000000    -0.026993   0.000000     0.171557   0.000000   )
 (  0.004322   0.000000     0.026993   0.000000     0.171557   0.000000   )
 ( -0.015033   0.000000    -0.007761   0.000000    -0.308048   0.000000   )
 (  0.015033   0.000000     0.007761   0.000000    -0.308048   0.000000   )
 ( -0.015033   0.000000    -0.007761   0.000000     0.308048   0.000000   )
 (  0.015033   0.000000     0.007761   0.000000     0.308048   0.000000   )
 ( -0.004322   0.000000    -0.026993   0.000000    -0.171557   0.000000   )
 (  0.004322   0.000000     0.026993   0.000000    -0.171557   0.000000   )
     freq (   91) =      10.239108 [THz] =     341.539893 [cm-1]
 (  0.000000   0.000000     0.000000   0.000000    -0.014964   0.000000   )
 (  0.000000   0.000000    -0.000000   0.000000    -0.014964   0.000000   )
 ( -0.003851   0.000000    -0.003851   0.000000     0.000608   0.000000   )
 (  0.003851   0.000000     0.003851   0.000000     0.000608   0.000000   )
 ( -0.000000   0.000000     0.000000   0.000000     0.000562   0.000000   )
 ( -0.000000   0.000000     0.000000   0.000000     0.000562   0.000000   )
 (  0.000000   0.000000    -0.000000   0.000000     0.000562   0.000000   )
 (  0.000000   0.000000    -0.000000   0.000000     0.000562   0.000000   )
 ( -0.003851   0.000000     0.003851   0.000000     0.000608   0.000000   )
 (  0.003851   0.000000    -0.003851   0.000000     0.000608   0.000000   )
 (  0.003851   0.000000    -0.003851   0.000000     0.000608   0.000000   )
 ( -0.003851   0.000000     0.003851   0.000000     0.000608   0.000000   )
 ( -0.000000   0.000000    -0.000000   0.000000     0.016228   0.000000   )
 ( -0.000000   0.000000    -0.000000   0.000000     0.016228   0.000000   )
 (  0.003851   0.000000     0.003851   0.000000     0.000608   0.000000   )
 ( -0.003851   0.000000    -0.003851   0.000000     0.000608   0.000000   )
 (  0.000000   0.000000     0.000000   0.000000     0.009559   0.000000   )
 (  0.000000   0.000000     0.000000   0.000000     0.001030   0.000000   )
 ( -0.000000   0.000000    -0.000000   0.000000     0.000563   0.000000   )
 (  0.000000   0.000000     0.000000   0.000000     0.000563   0.000000   )
 (  0.000000   0.000000    -0.000000   0.000000     0.001030   0.000000   )
 ( -0.000000   0.000000     0.000000   0.000000     0.001030   0.000000   )
 ( -0.000000   0.000000    -0.000000   0.000000    -0.007622   0.000000   )
 ( -0.000000   0.000000    -0.000000   0.000000     0.001030   0.000000   )
 ( -0.000000   0.000000     0.020492   0.000000     0.238837   0.000000   )
 ( -0.000000   0.000000     0.020492   0.000000     0.238837   0.000000   )
 (  0.000000   0.000000    -0.020492   0.000000     0.238837   0.000000   )
 (  0.000000   0.000000    -0.020492   0.000000     0.238837   0.000000   )
 ( -0.020492   0.000000    -0.000000   0.000000     0.238837   0.000000   )
 ( -0.020492   0.000000     0.000000   0.000000     0.238837   0.000000   )
 (  0.020492   0.000000    -0.000000   0.000000     0.238837   0.000000   )
 (  0.020492   0.000000    -0.000000   0.000000     0.238837   0.000000   )
 ( -0.016657   0.000000    -0.000000   0.000000    -0.259014   0.000000   )
 (  0.016657   0.000000     0.000000   0.000000    -0.259014   0.000000   )
 ( -0.000000   0.000000     0.016657   0.000000    -0.259014   0.000000   )
 ( -0.000000   0.000000    -0.016657   0.000000    -0.259014   0.000000   )
 (  0.000000   0.000000    -0.016657   0.000000    -0.259014   0.000000   )
 ( -0.000000   0.000000     0.016657   0.000000    -0.259014   0.000000   )
 (  0.016657   0.000000     0.000000   0.000000    -0.259014   0.000000   )
 ( -0.016657   0.000000    -0.000000   0.000000    -0.259014   0.000000   )
     freq (   92) =      10.353428 [THz] =     345.353178 [cm-1]
 ( -0.000000   0.000000    -0.000000   0.000000    -0.000000   0.000000   )
 ( -0.000000   0.000000    -0.000000   0.000000    -0.000000   0.000000   )
 ( -0.003812   0.000000     0.003812   0.000000     0.000000   0.000000   )
 (  0.003812   0.000000    -0.003812   0.000000     0.000000   0.000000   )
 ( -0.000000   0.000000     0.000000   0.000000    -0.016640   0.000000   )
 (  0.000000   0.000000     0.000000   0.000000    -0.016640   0.000000   )
 (  0.000000   0.000000    -0.000000   0.000000     0.016640   0.000000   )
 ( -0.000000   0.000000    -0.000000   0.000000     0.016640   0.000000   )
 ( -0.003812   0.000000    -0.003812   0.000000     0.000000   0.000000   )
 (  0.003812   0.000000     0.003812   0.000000     0.000000   0.000000   )
 (  0.003812   0.000000     0.003812   0.000000    -0.000000   0.000000   )
 ( -0.003812   0.000000    -0.003812   0.000000     0.000000   0.000000   )
 (  0.000000   0.000000     0.000000   0.000000     0.000000   0.000000   )
 (  0.000000   0.000000     0.000000   0.000000     0.000000   0.000000   )
 (  0.003812   0.000000    -0.003812   0.000000     0.000000   0.000000   )
 ( -0.003812   0.000000     0.003812   0.000000     0.000000   0.000000   )
 ( -0.000000   0.000000     0.000000   0.000000     0.000000   0.000000   )
 (  0.000000   0.000000     0.000000   0.000000     0.000000   0.000000   )
 ( -0.000000   0.000000    -0.000000   0.000000     0.003477   0.000000   )
 ( -0.000000   0.000000     0.000000   0.000000    -0.003477   0.000000   )
 (  0.000000   0.000000    -0.000000   0.000000     0.000000   0.000000   )
 ( -0.000000   0.000000     0.000000   0.000000     0.000000   0.000000   )
 (  0.000000   0.000000    -0.000000   0.000000    -0.000000   0.000000   )
 ( -0.000000   0.000000    -0.000000   0.000000     0.000000   0.000000   )
 (  0.000000   0.000000    -0.024841   0.000000     0.269883   0.000000   )
 (  0.000000   0.000000    -0.024841   0.000000     0.269883   0.000000   )
 (  0.000000   0.000000     0.024841   0.000000     0.269883   0.000000   )
 ( -0.000000   0.000000     0.024841   0.000000     0.269883   0.000000   )
 ( -0.024841   0.000000    -0.000000   0.000000    -0.269883   0.000000   )
 ( -0.024841   0.000000    -0.000000   0.000000    -0.269883   0.000000   )
 (  0.024841   0.000000     0.000000   0.000000    -0.269883   0.000000   )
 (  0.024841   0.000000     0.000000   0.000000    -0.269883   0.000000   )
 ( -0.022925   0.000000    -0.000000   0.000000     0.225499   0.000000   )
 (  0.022925   0.000000    -0.000000   0.000000     0.225499   0.000000   )
 (  0.000000   0.000000    -0.022925   0.000000    -0.225499   0.000000   )
 (  0.000000   0.000000     0.022925   0.000000    -0.225499   0.000000   )
 (  0.000000   0.000000     0.022925   0.000000    -0.225499   0.000000   )
 (  0.000000   0.000000    -0.022925   0.000000    -0.225499   0.000000   )
 (  0.022925   0.000000     0.000000   0.000000     0.225499   0.000000   )
 ( -0.022925   0.000000    -0.000000   0.000000     0.225499   0.000000   )
     freq (   93) =      10.531804 [THz] =     351.303157 [cm-1]
 ( -0.000000   0.000000     0.000000   0.000000     0.000000   0.000000   )
 ( -0.000000   0.000000    -0.000000   0.000000    -0.000000   0.000000   )
 (  0.000428   0.000000    -0.000428   0.000000     0.000000   0.000000   )
 ( -0.000428   0.000000     0.000428   0.000000     0.000000   0.000000   )
 ( -0.000000   0.000000    -0.000000   0.000000     0.000671   0.000000   )
 (  0.000000   0.000000     0.000000   0.000000     0.000671   0.000000   )
 (  0.000000   0.000000     0.000000   0.000000    -0.000671   0.000000   )
 ( -0.000000   0.000000    -0.000000   0.000000    -0.000671   0.000000   )
 (  0.000428   0.000000     0.000428   0.000000     0.000000   0.000000   )
 ( -0.000428   0.000000    -0.000428   0.000000     0.000000   0.000000   )
 ( -0.000428   0.000000    -0.000428   0.000000    -0.000000   0.000000   )
 (  0.000428   0.000000     0.000428   0.000000    -0.000000   0.000000   )
 (  0.000000   0.000000     0.000000   0.000000     0.000000   0.000000   )
 (  0.000000   0.000000     0.000000   0.000000     0.000000   0.000000   )
 ( -0.000428   0.000000     0.000428   0.000000    -0.000000   0.000000   )
 (  0.000428   0.000000    -0.000428   0.000000    -0.000000   0.000000   )
 (  0.000000   0.000000     0.000000   0.000000    -0.000000   0.000000   )
 ( -0.000000   0.000000     0.000000   0.000000    -0.000000   0.000000   )
 (  0.000000   0.000000    -0.000000   0.000000    -0.000642   0.000000   )
 ( -0.000000   0.000000     0.000000   0.000000     0.000642   0.000000   )
 ( -0.000000   0.000000    -0.000000   0.000000    -0.000000   0.000000   )
 (  0.000000   0.000000     0.000000   0.000000    -0.000000   0.000000   )
 ( -0.000000   0.000000     0.000000   0.000000    -0.000000   0.000000   )
 (  0.000000   0.000000    -0.000000   0.000000    -0.000000   0.000000   )
 (  0.000000   0.000000     0.002113   0.000000     0.227085   0.000000   )
 (  0.000000   0.000000     0.002113   0.000000     0.227085   0.000000   )
 (  0.000000   0.000000    -0.002113   0.000000     0.227085   0.000000   )
 (  0.000000   0.000000    -0.002113   0.000000     0.227085   0.000000   )
 (  0.002113   0.000000     0.000000   0.000000    -0.227085   0.000000   )
 (  0.002113   0.000000     0.000000   0.000000    -0.227085   0.000000   )
 ( -0.002113   0.000000    -0.000000   0.000000    -0.227085   0.000000   )
 ( -0.002113   0.000000    -0.000000   0.000000    -0.227085   0.000000   )
 (  0.000491   0.000000     0.000000   0.000000    -0.270974   0.000000   )
 ( -0.000491   0.000000     0.000000   0.000000    -0.270974   0.000000   )
 ( -0.000000   0.000000     0.000491   0.000000     0.270974   0.000000   )
 ( -0.000000   0.000000    -0.000491   0.000000     0.270974   0.000000   )
 ( -0.000000   0.000000    -0.000491   0.000000     0.270974   0.000000   )
 ( -0.000000   0.000000     0.000491   0.000000     0.270974   0.000000   )
 ( -0.000491   0.000000    -0.000000   0.000000    -0.270974   0.000000   )
 (  0.000491   0.000000     0.000000   0.000000    -0.270974   0.000000   )
     freq (   94) =      10.569511 [THz] =     352.560926 [cm-1]
 (  0.000000   0.000000    -0.000000   0.000000     0.000000   0.000000   )
 (  0.000000   0.000000    -0.000000   0.000000     0.000000   0.000000   )
 ( -0.000329   0.000000     0.000329   0.000000     0.000000   0.000000   )
 ( -0.000329   0.000000     0.000329   0.000000     0.000000   0.000000   )
 ( -0.000000   0.000000    -0.000000   0.000000     0.000342   0.000000   )
 (  0.000000   0.000000    -0.000000   0.000000    -0.000342   0.000000   )
 (  0.000000   0.000000     0.000000   0.000000    -0.000342   0.000000   )
 ( -0.000000   0.000000     0.000000   0.000000     0.000342   0.000000   )
 ( -0.000329   0.000000    -0.000329   0.000000     0.000000   0.000000   )
 ( -0.000329   0.000000    -0.000329   0.000000     0.000000   0.000000   )
 (  0.000329   0.000000     0.000329   0.000000     0.000000   0.000000   )
 (  0.000329   0.000000     0.000329   0.000000    -0.000000   0.000000   )
 ( -0.000000   0.000000     0.000000   0.000000     0.000000   0.000000   )
 ( -0.000000   0.000000     0.000000   0.000000     0.000000   0.000000   )
 (  0.000329   0.000000    -0.000329   0.000000     0.000000   0.000000   )
 (  0.000329   0.000000    -0.000329   0.000000    -0.000000   0.000000   )
 (  0.000000   0.000000    -0.000000   0.000000     0.000000   0.000000   )
 (  0.000452   0.000000    -0.000452   0.000000     0.000000   0.000000   )
 ( -0.000000   0.000000    -0.000000   0.000000     0.000000   0.000000   )
 (  0.000000   0.000000     0.000000   0.000000     0.000000   0.000000   )
 (  0.000452   0.000000     0.000452   0.000000     0.000000   0.000000   )
 ( -0.000452   0.000000    -0.000452   0.000000     0.000000   0.000000   )
 ( -0.000000   0.000000     0.000000   0.000000     0.000000   0.000000   )
 ( -0.000452   0.000000     0.000452   0.000000     0.000000   0.000000   )
 ( -0.000000   0.000000     0.001351   0.000000    -0.253451   0.000000   )
 ( -0.000000   0.000000    -0.001351   0.000000     0.253451   0.000000   )
 ( -0.000000   0.000000    -0.001351   0.000000    -0.253451   0.000000   )
 ( -0.000000   0.000000     0.001351   0.000000     0.253451   0.000000   )
 (  0.001351   0.000000     0.000000   0.000000     0.253451   0.000000   )
 ( -0.001351   0.000000     0.000000   0.000000    -0.253451   0.000000   )
 ( -0.001351   0.000000    -0.000000   0.000000     0.253451   0.000000   )
 (  0.001351   0.000000    -0.000000   0.000000    -0.253451   0.000000   )
 ( -0.001198   0.000000     0.000000   0.000000    -0.246493   0.000000   )
 ( -0.001198   0.000000    -0.000000   0.000000     0.246493   0.000000   )
 (  0.000000   0.000000     0.001198   0.000000    -0.246493   0.000000   )
 (  0.000000   0.000000     0.001198   0.000000     0.246493   0.000000   )
 (  0.000000   0.000000    -0.001198   0.000000    -0.246493   0.000000   )
 (  0.000000   0.000000    -0.001198   0.000000     0.246493   0.000000   )
 (  0.001198   0.000000     0.000000   0.000000    -0.246493   0.000000   )
 (  0.001198   0.000000     0.000000   0.000000     0.246493   0.000000   )
     freq (   95) =      10.841951 [THz] =     361.648568 [cm-1]
 (  0.000000   0.000000    -0.000000   0.000000    -0.000000   0.000000   )
 (  0.000000   0.000000    -0.000000   0.000000    -0.000000   0.000000   )
 (  0.003799   0.000000     0.003799   0.000000    -0.000040   0.000000   )
 ( -0.003799   0.000000    -0.003799   0.000000    -0.000040   0.000000   )
 ( -0.000000   0.000000     0.000000   0.000000     0.000000   0.000000   )
 (  0.000000   0.000000    -0.000000   0.000000    -0.000000   0.000000   )
 (  0.000000   0.000000    -0.000000   0.000000     0.000000   0.000000   )
 (  0.000000   0.000000     0.000000   0.000000    -0.000000   0.000000   )
 ( -0.003799   0.000000     0.003799   0.000000     0.000040   0.000000   )
 (  0.003799   0.000000    -0.003799   0.000000     0.000040   0.000000   )
 (  0.003799   0.000000    -0.003799   0.000000     0.000040   0.000000   )
 ( -0.003799   0.000000     0.003799   0.000000     0.000040   0.000000   )
 ( -0.000000   0.000000     0.000000   0.000000     0.000000   0.000000   )
 ( -0.000000   0.000000     0.000000   0.000000     0.000000   0.000000   )
 ( -0.003799   0.000000    -0.003799   0.000000    -0.000040   0.000000   )
 (  0.003799   0.000000     0.003799   0.000000    -0.000040   0.000000   )
 (  0.000000   0.000000    -0.000000   0.000000     0.000000   0.000000   )
 (  0.000000   0.000000     0.000000   0.000000    -0.000001   0.000000   )
 ( -0.000000   0.000000    -0.000000   0.000000     0.000000   0.000000   )
 ( -0.000000   0.000000     0.000000   0.000000    -0.000000   0.000000   )
 ( -0.000000   0.000000    -0.000000   0.000000     0.000001   0.000000   )
 (  0.000000   0.000000    -0.000000   0.000000     0.000001   0.000000   )
 (  0.000000   0.000000     0.000000   0.000000     0.000000   0.000000   )
 ( -0.000000   0.000000    -0.000000   0.000000    -0.000001   0.000000   )
 (  0.249960   0.000000    -0.000000   0.000000    -0.000000   0.000000   )
 (  0.249960   0.000000     0.000000   0.000000     0.000000   0.000000   )
 ( -0.249960   0.000000    -0.000000   0.000000     0.000000   0.000000   )
 ( -0.249960   0.000000     0.000000   0.000000    -0.000000   0.000000   )
 ( -0.000000   0.000000    -0.249960   0.000000     0.000000   0.000000   )
 ( -0.000000   0.000000    -0.249960   0.000000    -0.000000   0.000000   )
 ( -0.000000   0.000000     0.249960   0.000000    -0.000000   0.000000   )
 ( -0.000000   0.000000     0.249960   0.000000     0.000000   0.000000   )
 (  0.000000   0.000000    -0.249983   0.000000    -0.000000   0.000000   )
 (  0.000000   0.000000     0.249983   0.000000    -0.000000   0.000000   )
 (  0.249983   0.000000     0.000000   0.000000     0.000000   0.000000   )
 ( -0.249983   0.000000    -0.000000   0.000000    -0.000000   0.000000   )
 ( -0.249983   0.000000     0.000000   0.000000     0.000000   0.000000   )
 (  0.249983   0.000000    -0.000000   0.000000     0.000000   0.000000   )
 (  0.000000   0.000000     0.249983   0.000000    -0.000000   0.000000   )
 (  0.000000   0.000000    -0.249983   0.000000     0.000000   0.000000   )
     freq (   96) =      10.873308 [THz] =     362.694521 [cm-1]
 ( -0.005409   0.000000     0.000227   0.000000    -0.000000   0.000000   )
 (  0.005409   0.000000    -0.000227   0.000000    -0.000000   0.000000   )
 ( -0.000004   0.000000    -0.000041   0.000000    -0.000153   0.000000   )
 (  0.000004   0.000000     0.000041   0.000000    -0.000153   0.000000   )
 (  0.007111   0.000000     0.000304   0.000000    -0.000000   0.000000   )
 ( -0.007111   0.000000    -0.000304   0.000000    -0.000000   0.000000   )
 ( -0.007247   0.000000    -0.000298   0.000000     0.000000   0.000000   )
 (  0.007247   0.000000     0.000298   0.000000     0.000000   0.000000   )
 ( -0.000007   0.000000     0.000041   0.000000    -0.000167   0.000000   )
 (  0.000007   0.000000    -0.000041   0.000000    -0.000167   0.000000   )
 ( -0.000007   0.000000     0.000041   0.000000     0.000167   0.000000   )
 (  0.000007   0.000000    -0.000041   0.000000     0.000167   0.000000   )
 (  0.006590   0.000000    -0.000277   0.000000    -0.000000   0.000000   )
 ( -0.006590   0.000000     0.000277   0.000000     0.000000   0.000000   )
 ( -0.000004   0.000000    -0.000041   0.000000     0.000153   0.000000   )
 (  0.000004   0.000000     0.000041   0.000000     0.000153   0.000000   )
 (  0.000000   0.000000     0.000000   0.000000     0.000000   0.000000   )
 (  0.000000   0.000000     0.000000   0.000000    -0.000183   0.000000   )
 ( -0.000000   0.000000     0.000000   0.000000     0.000000   0.000000   )
 (  0.000000   0.000000    -0.000000   0.000000     0.000000   0.000000   )
 (  0.000000   0.000000    -0.000000   0.000000    -0.000199   0.000000   )
 ( -0.000000   0.000000     0.000000   0.000000     0.000199   0.000000   )
 ( -0.000000   0.000000    -0.000000   0.000000     0.000000   0.000000   )
 ( -0.000000   0.000000     0.000000   0.000000     0.000183   0.000000   )
 ( -0.003979   0.000000    -0.014801   0.000000    -0.000538   0.000000   )
 (  0.003979   0.000000     0.014801   0.000000     0.000538   0.000000   )
 ( -0.003979   0.000000    -0.014801   0.000000     0.000538   0.000000   )
 (  0.003979   0.000000     0.014801   0.000000    -0.000538   0.000000   )
 (  0.352586   0.000000     0.000167   0.000000    -0.012813   0.000000   )
 ( -0.352586   0.000000    -0.000167   0.000000     0.012813   0.000000   )
 (  0.352586   0.000000     0.000167   0.000000     0.012813   0.000000   )
 ( -0.352586   0.000000    -0.000167   0.000000    -0.012813   0.000000   )
 (  0.353493   0.000000     0.000052   0.000000     0.004021   0.000000   )
 ( -0.353493   0.000000    -0.000052   0.000000     0.004021   0.000000   )
 (  0.001246   0.000000     0.014839   0.000000    -0.000169   0.000000   )
 ( -0.001246   0.000000    -0.014839   0.000000    -0.000169   0.000000   )
 (  0.001246   0.000000     0.014839   0.000000     0.000169   0.000000   )
 ( -0.001246   0.000000    -0.014839   0.000000     0.000169   0.000000   )
 (  0.353493   0.000000     0.000052   0.000000    -0.004021   0.000000   )
 ( -0.353493   0.000000    -0.000052   0.000000    -0.004021   0.000000   )
     freq (   97) =      10.873308 [THz] =     362.694521 [cm-1]
 (  0.000227   0.000000     0.005409   0.000000     0.000000   0.000000   )
 ( -0.000227   0.000000    -0.005409   0.000000     0.000000   0.000000   )
 (  0.000041   0.000000     0.000007   0.000000     0.000167   0.000000   )
 ( -0.000041   0.000000    -0.000007   0.000000     0.000167   0.000000   )
 ( -0.000298   0.000000     0.007247   0.000000     0.000000   0.000000   )
 (  0.000298   0.000000    -0.007247   0.000000     0.000000   0.000000   )
 (  0.000304   0.000000    -0.007111   0.000000     0.000000   0.000000   )
 ( -0.000304   0.000000     0.007111   0.000000     0.000000   0.000000   )
 ( -0.000041   0.000000     0.000004   0.000000    -0.000153   0.000000   )
 (  0.000041   0.000000    -0.000004   0.000000    -0.000153   0.000000   )
 ( -0.000041   0.000000     0.000004   0.000000     0.000153   0.000000   )
 (  0.000041   0.000000    -0.000004   0.000000     0.000153   0.000000   )
 ( -0.000277   0.000000    -0.006590   0.000000     0.000000   0.000000   )
 (  0.000277   0.000000     0.006590   0.000000    -0.000000   0.000000   )
 (  0.000041   0.000000     0.000007   0.000000    -0.000167   0.000000   )
 ( -0.000041   0.000000    -0.000007   0.000000    -0.000167   0.000000   )
 ( -0.000000   0.000000    -0.000000   0.000000     0.000000   0.000000   )
 ( -0.000000   0.000000    -0.000000   0.000000     0.000199   0.000000   )
 ( -0.000000   0.000000    -0.000000   0.000000     0.000000   0.000000   )
 (  0.000000   0.000000     0.000000   0.000000    -0.000000   0.000000   )
 (  0.000000   0.000000    -0.000000   0.000000    -0.000183   0.000000   )
 ( -0.000000   0.000000     0.000000   0.000000     0.000183   0.000000   )
 (  0.000000   0.000000     0.000000   0.000000     0.000000   0.000000   )
 (  0.000000   0.000000     0.000000   0.000000    -0.000199   0.000000   )
 (  0.000167   0.000000    -0.352586   0.000000    -0.012813   0.000000   )
 ( -0.000167   0.000000     0.352586   0.000000     0.012813   0.000000   )
 (  0.000167   0.000000    -0.352586   0.000000     0.012813   0.000000   )
 ( -0.000167   0.000000     0.352586   0.000000    -0.012813   0.000000   )
 ( -0.014801   0.000000     0.003979   0.000000     0.000538   0.000000   )
 (  0.014801   0.000000    -0.003979   0.000000    -0.000538   0.000000   )
 ( -0.014801   0.000000     0.003979   0.000000    -0.000538   0.000000   )
 (  0.014801   0.000000    -0.003979   0.000000     0.000538   0.000000   )
 ( -0.014839   0.000000     0.001246   0.000000    -0.000169   0.000000   )
 (  0.014839   0.000000    -0.001246   0.000000    -0.000169   0.000000   )
 ( -0.000052   0.000000     0.353493   0.000000    -0.004021   0.000000   )
 (  0.000052   0.000000    -0.353493   0.000000    -0.004021   0.000000   )
 ( -0.000052   0.000000     0.353493   0.000000     0.004021   0.000000   )
 (  0.000052   0.000000    -0.353493   0.000000     0.004021   0.000000   )
 ( -0.014839   0.000000     0.001246   0.000000     0.000169   0.000000   )
 (  0.014839   0.000000    -0.001246   0.000000     0.000169   0.000000   )
     freq (   98) =      10.953241 [THz] =     365.360784 [cm-1]
 (  0.000000   0.000000    -0.000000   0.000000    -0.000000   0.000000   )
 (  0.000000   0.000000    -0.000000   0.000000     0.000000   0.000000   )
 (  0.004857   0.000000     0.004857   0.000000     0.000206   0.000000   )
 (  0.004857   0.000000     0.004857   0.000000    -0.000206   0.000000   )
 ( -0.000000   0.000000    -0.000000   0.000000    -0.000000   0.000000   )
 ( -0.000000   0.000000    -0.000000   0.000000     0.000000   0.000000   )
 (  0.000000   0.000000     0.000000   0.000000     0.000000   0.000000   )
 (  0.000000   0.000000     0.000000   0.000000     0.000000   0.000000   )
 ( -0.004857   0.000000     0.004857   0.000000    -0.000206   0.000000   )
 ( -0.004857   0.000000     0.004857   0.000000     0.000206   0.000000   )
 (  0.004857   0.000000    -0.004857   0.000000    -0.000206   0.000000   )
 (  0.004857   0.000000    -0.004857   0.000000     0.000206   0.000000   )
 ( -0.000000   0.000000     0.000000   0.000000    -0.000000   0.000000   )
 ( -0.000000   0.000000     0.000000   0.000000     0.000000   0.000000   )
 ( -0.004857   0.000000    -0.004857   0.000000     0.000206   0.000000   )
 ( -0.004857   0.000000    -0.004857   0.000000    -0.000206   0.000000   )
 (  0.000000   0.000000    -0.000000   0.000000    -0.000000   0.000000   )
 (  0.006129   0.000000     0.006129   0.000000    -0.000000   0.000000   )
 ( -0.000000   0.000000    -0.000000   0.000000     0.000000   0.000000   )
 (  0.000000   0.000000     0.000000   0.000000     0.000000   0.000000   )
 ( -0.006129   0.000000     0.006129   0.000000     0.000000   0.000000   )
 (  0.006129   0.000000    -0.006129   0.000000     0.000000   0.000000   )
 ( -0.000000   0.000000     0.000000   0.000000    -0.000000   0.000000   )
 ( -0.006129   0.000000    -0.006129   0.000000     0.000000   0.000000   )
 ( -0.249805   0.000000     0.000000   0.000000     0.000000   0.000000   )
 (  0.249805   0.000000     0.000000   0.000000     0.000000   0.000000   )
 (  0.249805   0.000000     0.000000   0.000000    -0.000000   0.000000   )
 ( -0.249805   0.000000     0.000000   0.000000    -0.000000   0.000000   )
 ( -0.000000   0.000000     0.249805   0.000000     0.000000   0.000000   )
 ( -0.000000   0.000000    -0.249805   0.000000     0.000000   0.000000   )
 ( -0.000000   0.000000    -0.249805   0.000000    -0.000000   0.000000   )
 ( -0.000000   0.000000     0.249805   0.000000    -0.000000   0.000000   )
 (  0.000000   0.000000    -0.250025   0.000000     0.000000   0.000000   )
 (  0.000000   0.000000    -0.250025   0.000000    -0.000000   0.000000   )
 ( -0.250025   0.000000    -0.000000   0.000000     0.000000   0.000000   )
 ( -0.250025   0.000000    -0.000000   0.000000    -0.000000   0.000000   )
 (  0.250025   0.000000    -0.000000   0.000000    -0.000000   0.000000   )
 (  0.250025   0.000000    -0.000000   0.000000     0.000000   0.000000   )
 (  0.000000   0.000000     0.250025   0.000000     0.000000   0.000000   )
 (  0.000000   0.000000     0.250025   0.000000     0.000000   0.000000   )
     freq (   99) =      10.958217 [THz] =     365.526778 [cm-1]
 ( -0.000471   0.000000     0.007864   0.000000     0.000000   0.000000   )
 ( -0.000471   0.000000     0.007864   0.000000    -0.000000   0.000000   )
 ( -0.000333   0.000000     0.000613   0.000000    -0.000379   0.000000   )
 ( -0.000333   0.000000     0.000613   0.000000     0.000379   0.000000   )
 (  0.000367   0.000000     0.005384   0.000000     0.000000   0.000000   )
 (  0.000367   0.000000     0.005384   0.000000    -0.000000   0.000000   )
 ( -0.000323   0.000000    -0.006123   0.000000    -0.000000   0.000000   )
 ( -0.000323   0.000000    -0.006123   0.000000     0.000000   0.000000   )
 (  0.000262   0.000000     0.000577   0.000000     0.000428   0.000000   )
 (  0.000262   0.000000     0.000577   0.000000    -0.000428   0.000000   )
 (  0.000262   0.000000     0.000577   0.000000    -0.000428   0.000000   )
 (  0.000262   0.000000     0.000577   0.000000     0.000428   0.000000   )
 (  0.000450   0.000000    -0.007507   0.000000     0.000000   0.000000   )
 (  0.000450   0.000000    -0.007507   0.000000    -0.000000   0.000000   )
 ( -0.000333   0.000000     0.000613   0.000000     0.000379   0.000000   )
 ( -0.000333   0.000000     0.000613   0.000000    -0.000379   0.000000   )
 ( -0.000518   0.000000     0.008648   0.000000    -0.000000   0.000000   )
 (  0.000295   0.000000     0.002996   0.000000     0.000000   0.000000   )
 (  0.000694   0.000000     0.004537   0.000000     0.000000   0.000000   )
 ( -0.000272   0.000000    -0.011582   0.000000    -0.000000   0.000000   )
 ( -0.000658   0.000000     0.003053   0.000000    -0.000000   0.000000   )
 ( -0.000658   0.000000     0.003053   0.000000    -0.000000   0.000000   )
 (  0.000636   0.000000    -0.010613   0.000000     0.000000   0.000000   )
 (  0.000295   0.000000     0.002996   0.000000    -0.000000   0.000000   )
 (  0.002418   0.000000    -0.363155   0.000000    -0.030319   0.000000   )
 (  0.002418   0.000000    -0.363155   0.000000    -0.030319   0.000000   )
 (  0.002418   0.000000    -0.363155   0.000000     0.030319   0.000000   )
 (  0.002418   0.000000    -0.363155   0.000000     0.030319   0.000000   )
 (  0.021756   0.000000    -0.040353   0.000000    -0.001816   0.000000   )
 (  0.021756   0.000000    -0.040353   0.000000    -0.001816   0.000000   )
 (  0.021756   0.000000    -0.040353   0.000000     0.001816   0.000000   )
 (  0.021756   0.000000    -0.040353   0.000000     0.001816   0.000000   )
 ( -0.019916   0.000000     0.054191   0.000000    -0.001922   0.000000   )
 ( -0.019916   0.000000     0.054191   0.000000     0.001922   0.000000   )
 ( -0.003246   0.000000     0.332450   0.000000    -0.032077   0.000000   )
 ( -0.003246   0.000000     0.332450   0.000000     0.032077   0.000000   )
 ( -0.003246   0.000000     0.332450   0.000000     0.032077   0.000000   )
 ( -0.003246   0.000000     0.332450   0.000000    -0.032077   0.000000   )
 ( -0.019916   0.000000     0.054191   0.000000     0.001922   0.000000   )
 ( -0.019916   0.000000     0.054191   0.000000    -0.001922   0.000000   )
     freq (  100) =      10.958217 [THz] =     365.526778 [cm-1]
 (  0.007864   0.000000     0.000471   0.000000     0.000000   0.000000   )
 (  0.007864   0.000000     0.000471   0.000000     0.000000   0.000000   )
 (  0.000577   0.000000    -0.000262   0.000000    -0.000428   0.000000   )
 (  0.000577   0.000000    -0.000262   0.000000     0.000428   0.000000   )
 ( -0.006123   0.000000     0.000323   0.000000    -0.000000   0.000000   )
 ( -0.006123   0.000000     0.000323   0.000000    -0.000000   0.000000   )
 (  0.005384   0.000000    -0.000367   0.000000     0.000000   0.000000   )
 (  0.005384   0.000000    -0.000367   0.000000     0.000000   0.000000   )
 (  0.000613   0.000000     0.000333   0.000000    -0.000379   0.000000   )
 (  0.000613   0.000000     0.000333   0.000000     0.000379   0.000000   )
 (  0.000613   0.000000     0.000333   0.000000     0.000379   0.000000   )
 (  0.000613   0.000000     0.000333   0.000000    -0.000379   0.000000   )
 ( -0.007507   0.000000    -0.000450   0.000000    -0.000000   0.000000   )
 ( -0.007507   0.000000    -0.000450   0.000000    -0.000000   0.000000   )
 (  0.000577   0.000000    -0.000262   0.000000     0.000428   0.000000   )
 (  0.000577   0.000000    -0.000262   0.000000    -0.000428   0.000000   )
 (  0.008648   0.000000     0.000518   0.000000    -0.000000   0.000000   )
 (  0.003053   0.000000     0.000658   0.000000    -0.000000   0.000000   )
 ( -0.011582   0.000000     0.000272   0.000000     0.000000   0.000000   )
 (  0.004537   0.000000    -0.000694   0.000000    -0.000000   0.000000   )
 (  0.002996   0.000000    -0.000295   0.000000    -0.000000   0.000000   )
 (  0.002996   0.000000    -0.000295   0.000000    -0.000000   0.000000   )
 ( -0.010613   0.000000    -0.000636   0.000000    -0.000000   0.000000   )
 (  0.003053   0.000000     0.000658   0.000000    -0.000000   0.000000   )
 ( -0.040353   0.000000    -0.021756   0.000000    -0.001816   0.000000   )
 ( -0.040353   0.000000    -0.021756   0.000000    -0.001816   0.000000   )
 ( -0.040353   0.000000    -0.021756   0.000000     0.001816   0.000000   )
 ( -0.040353   0.000000    -0.021756   0.000000     0.001816   0.000000   )
 ( -0.363155   0.000000    -0.002418   0.000000     0.030319   0.000000   )
 ( -0.363155   0.000000    -0.002418   0.000000     0.030319   0.000000   )
 ( -0.363155   0.000000    -0.002418   0.000000    -0.030319   0.000000   )
 ( -0.363155   0.000000    -0.002418   0.000000    -0.030319   0.000000   )
 (  0.332450   0.000000     0.003246   0.000000     0.032077   0.000000   )
 (  0.332450   0.000000     0.003246   0.000000    -0.032077   0.000000   )
 (  0.054191   0.000000     0.019916   0.000000    -0.001922   0.000000   )
 (  0.054191   0.000000     0.019916   0.000000     0.001922   0.000000   )
 (  0.054191   0.000000     0.019916   0.000000     0.001922   0.000000   )
 (  0.054191   0.000000     0.019916   0.000000    -0.001922   0.000000   )
 (  0.332450   0.000000     0.003246   0.000000    -0.032077   0.000000   )
 (  0.332450   0.000000     0.003246   0.000000     0.032077   0.000000   )
     freq (  101) =      11.038381 [THz] =     368.200768 [cm-1]
 ( -0.000000   0.000000    -0.000000   0.000000     0.000000   0.000000   )
 (  0.000000   0.000000    -0.000000   0.000000    -0.000000   0.000000   )
 (  0.004000   0.000000    -0.004000   0.000000     0.000000   0.000000   )
 ( -0.004000   0.000000     0.004000   0.000000    -0.000000   0.000000   )
 (  0.000000   0.000000    -0.000000   0.000000     0.000000   0.000000   )
 ( -0.000000   0.000000    -0.000000   0.000000    -0.000000   0.000000   )
 (  0.000000   0.000000     0.000000   0.000000     0.000000   0.000000   )
 ( -0.000000   0.000000     0.000000   0.000000    -0.000000   0.000000   )
 ( -0.004000   0.000000    -0.004000   0.000000     0.000000   0.000000   )
 (  0.004000   0.000000     0.004000   0.000000    -0.000000   0.000000   )
 (  0.004000   0.000000     0.004000   0.000000     0.000000   0.000000   )
 ( -0.004000   0.000000    -0.004000   0.000000     0.000000   0.000000   )
 (  0.000000   0.000000     0.000000   0.000000     0.000000   0.000000   )
 (  0.000000   0.000000     0.000000   0.000000    -0.000000   0.000000   )
 ( -0.004000   0.000000     0.004000   0.000000     0.000000   0.000000   )
 (  0.004000   0.000000    -0.004000   0.000000     0.000000   0.000000   )
 (  0.000000   0.000000    -0.000000   0.000000     0.000000   0.000000   )
 ( -0.000000   0.000000     0.000000   0.000000    -0.000000   0.000000   )
 ( -0.000000   0.000000    -0.000000   0.000000     0.000000   0.000000   )
 ( -0.000000   0.000000     0.000000   0.000000    -0.000000   0.000000   )
 ( -0.000000   0.000000     0.000000   0.000000     0.000000   0.000000   )
 (  0.000000   0.000000    -0.000000   0.000000    -0.000000   0.000000   )
 (  0.000000   0.000000     0.000000   0.000000    -0.000000   0.000000   )
 ( -0.000000   0.000000    -0.000000   0.000000     0.000000   0.000000   )
 (  0.249992   0.000000     0.000000   0.000000     0.000000   0.000000   )
 (  0.249992   0.000000     0.000000   0.000000     0.000000   0.000000   )
 ( -0.249992   0.000000     0.000000   0.000000    -0.000000   0.000000   )
 ( -0.249992   0.000000     0.000000   0.000000    -0.000000   0.000000   )
 ( -0.000000   0.000000     0.249992   0.000000    -0.000000   0.000000   )
 ( -0.000000   0.000000     0.249992   0.000000     0.000000   0.000000   )
 (  0.000000   0.000000    -0.249992   0.000000    -0.000000   0.000000   )
 ( -0.000000   0.000000    -0.249992   0.000000     0.000000   0.000000   )
 (  0.000000   0.000000     0.249944   0.000000     0.000000   0.000000   )
 (  0.000000   0.000000    -0.249944   0.000000     0.000000   0.000000   )
 (  0.249944   0.000000    -0.000000   0.000000     0.000000   0.000000   )
 ( -0.249944   0.000000    -0.000000   0.000000    -0.000000   0.000000   )
 ( -0.249944   0.000000    -0.000000   0.000000    -0.000000   0.000000   )
 (  0.249944   0.000000    -0.000000   0.000000    -0.000000   0.000000   )
 (  0.000000   0.000000    -0.249944   0.000000     0.000000   0.000000   )
 (  0.000000   0.000000     0.249944   0.000000    -0.000000   0.000000   )
     freq (  102) =      11.202115 [THz] =     373.662333 [cm-1]
 (  0.000000   0.000000    -0.000000   0.000000     0.012341   0.000000   )
 (  0.000000   0.000000     0.000000   0.000000     0.012341   0.000000   )
 ( -0.000146   0.000000    -0.000146   0.000000     0.011905   0.000000   )
 (  0.000146   0.000000     0.000146   0.000000     0.011905   0.000000   )
 (  0.000000   0.000000     0.000000   0.000000     0.011599   0.000000   )
 (  0.000000   0.000000    -0.000000   0.000000     0.011599   0.000000   )
 ( -0.000000   0.000000    -0.000000   0.000000     0.011599   0.000000   )
 ( -0.000000   0.000000    -0.000000   0.000000     0.011599   0.000000   )
 ( -0.000146   0.000000     0.000146   0.000000     0.011905   0.000000   )
 (  0.000146   0.000000    -0.000146   0.000000     0.011905   0.000000   )
 (  0.000146   0.000000    -0.000146   0.000000     0.011905   0.000000   )
 ( -0.000146   0.000000     0.000146   0.000000     0.011905   0.000000   )
 ( -0.000000   0.000000     0.000000   0.000000     0.011344   0.000000   )
 ( -0.000000   0.000000    -0.000000   0.000000     0.011344   0.000000   )
 (  0.000146   0.000000     0.000146   0.000000     0.011905   0.000000   )
 ( -0.000146   0.000000    -0.000146   0.000000     0.011905   0.000000   )
 ( -0.000000   0.000000     0.000000   0.000000     0.037840   0.000000   )
 (  0.000000   0.000000     0.000000   0.000000     0.039193   0.000000   )
 ( -0.000000   0.000000     0.000000   0.000000     0.036815   0.000000   )
 (  0.000000   0.000000     0.000000   0.000000     0.036815   0.000000   )
 (  0.000000   0.000000    -0.000000   0.000000     0.039193   0.000000   )
 ( -0.000000   0.000000    -0.000000   0.000000     0.039193   0.000000   )
 (  0.000000   0.000000    -0.000000   0.000000     0.034635   0.000000   )
 ( -0.000000   0.000000    -0.000000   0.000000     0.039193   0.000000   )
 ( -0.000000   0.000000    -0.013063   0.000000    -0.257424   0.000000   )
 ( -0.000000   0.000000    -0.013063   0.000000    -0.257424   0.000000   )
 (  0.000000   0.000000     0.013063   0.000000    -0.257424   0.000000   )
 ( -0.000000   0.000000     0.013063   0.000000    -0.257424   0.000000   )
 (  0.013063   0.000000    -0.000000   0.000000    -0.257424   0.000000   )
 (  0.013063   0.000000    -0.000000   0.000000    -0.257424   0.000000   )
 ( -0.013063   0.000000     0.000000   0.000000    -0.257424   0.000000   )
 ( -0.013063   0.000000    -0.000000   0.000000    -0.257424   0.000000   )
 (  0.014041   0.000000     0.000000   0.000000    -0.238012   0.000000   )
 ( -0.014041   0.000000     0.000000   0.000000    -0.238012   0.000000   )
 ( -0.000000   0.000000    -0.014041   0.000000    -0.238012   0.000000   )
 (  0.000000   0.000000     0.014041   0.000000    -0.238012   0.000000   )
 (  0.000000   0.000000     0.014041   0.000000    -0.238012   0.000000   )
 (  0.000000   0.000000    -0.014041   0.000000    -0.238012   0.000000   )
 ( -0.014041   0.000000    -0.000000   0.000000    -0.238012   0.000000   )
 (  0.014041   0.000000    -0.000000   0.000000    -0.238012   0.000000   )
     freq (  103) =      11.297381 [THz] =     376.840069 [cm-1]
 (  0.000000   0.000000    -0.000000   0.000000    -0.000000   0.000000   )
 ( -0.000000   0.000000    -0.000000   0.000000     0.000000   0.000000   )
 ( -0.005049   0.000000     0.005049   0.000000     0.000000   0.000000   )
 ( -0.005049   0.000000     0.005049   0.000000    -0.000000   0.000000   )
 (  0.000000   0.000000     0.000000   0.000000     0.000000   0.000000   )
 ( -0.000000   0.000000     0.000000   0.000000     0.000000   0.000000   )
 (  0.000000   0.000000    -0.000000   0.000000    -0.000000   0.000000   )
 (  0.000000   0.000000    -0.000000   0.000000     0.000000   0.000000   )
 (  0.005049   0.000000     0.005049   0.000000     0.000000   0.000000   )
 (  0.005049   0.000000     0.005049   0.000000     0.000000   0.000000   )
 ( -0.005049   0.000000    -0.005049   0.000000     0.000000   0.000000   )
 ( -0.005049   0.000000    -0.005049   0.000000     0.000000   0.000000   )
 (  0.000000   0.000000     0.000000   0.000000     0.000000   0.000000   )
 ( -0.000000   0.000000     0.000000   0.000000     0.000000   0.000000   )
 (  0.005049   0.000000    -0.005049   0.000000     0.000000   0.000000   )
 (  0.005049   0.000000    -0.005049   0.000000     0.000000   0.000000   )
 (  0.000000   0.000000     0.000000   0.000000     0.000000   0.000000   )
 ( -0.001447   0.000000     0.001447   0.000000     0.000000   0.000000   )
 (  0.000000   0.000000    -0.000000   0.000000     0.000000   0.000000   )
 ( -0.000000   0.000000     0.000000   0.000000     0.000000   0.000000   )
 (  0.001447   0.000000     0.001447   0.000000     0.000000   0.000000   )
 ( -0.001447   0.000000    -0.001447   0.000000     0.000000   0.000000   )
 ( -0.000000   0.000000    -0.000000   0.000000     0.000000   0.000000   )
 (  0.001447   0.000000    -0.001447   0.000000     0.000000   0.000000   )
 (  0.249973   0.000000    -0.000000   0.000000     0.000000   0.000000   )
 ( -0.249973   0.000000     0.000000   0.000000     0.000000   0.000000   )
 ( -0.249973   0.000000    -0.000000   0.000000    -0.000000   0.000000   )
 (  0.249973   0.000000     0.000000   0.000000    -0.000000   0.000000   )
 ( -0.000000   0.000000     0.249973   0.000000    -0.000000   0.000000   )
 ( -0.000000   0.000000    -0.249973   0.000000    -0.000000   0.000000   )
 ( -0.000000   0.000000    -0.249973   0.000000    -0.000000   0.000000   )
 ( -0.000000   0.000000     0.249973   0.000000    -0.000000   0.000000   )
 (  0.000000   0.000000    -0.249920   0.000000    -0.000000   0.000000   )
 (  0.000000   0.000000    -0.249920   0.000000    -0.000000   0.000000   )
 (  0.249920   0.000000     0.000000   0.000000     0.000000   0.000000   )
 (  0.249920   0.000000    -0.000000   0.000000    -0.000000   0.000000   )
 ( -0.249920   0.000000     0.000000   0.000000    -0.000000   0.000000   )
 ( -0.249920   0.000000    -0.000000   0.000000     0.000000   0.000000   )
 (  0.000000   0.000000     0.249920   0.000000    -0.000000   0.000000   )
 (  0.000000   0.000000     0.249920   0.000000    -0.000000   0.000000   )
     freq (  104) =      11.568102 [THz] =     385.870339 [cm-1]
 (  0.000103   0.000000     0.008146   0.000000     0.000000   0.000000   )
 (  0.000103   0.000000     0.008146   0.000000    -0.000000   0.000000   )
 ( -0.001022   0.000000     0.000471   0.000000    -0.001281   0.000000   )
 ( -0.001022   0.000000     0.000471   0.000000     0.001281   0.000000   )
 (  0.000137   0.000000    -0.009094   0.000000    -0.000000   0.000000   )
 (  0.000137   0.000000    -0.009094   0.000000    -0.000000   0.000000   )
 ( -0.000115   0.000000     0.010884   0.000000    -0.000000   0.000000   )
 ( -0.000115   0.000000     0.010884   0.000000    -0.000000   0.000000   )
 (  0.001035   0.000000     0.000497   0.000000     0.001249   0.000000   )
 (  0.001035   0.000000     0.000497   0.000000    -0.001249   0.000000   )
 (  0.001035   0.000000     0.000497   0.000000    -0.001249   0.000000   )
 (  0.001035   0.000000     0.000497   0.000000     0.001249   0.000000   )
 ( -0.000101   0.000000    -0.007999   0.000000    -0.000000   0.000000   )
 ( -0.000101   0.000000    -0.007999   0.000000    -0.000000   0.000000   )
 ( -0.001022   0.000000     0.000471   0.000000     0.001281   0.000000   )
 ( -0.001022   0.000000     0.000471   0.000000    -0.001281   0.000000   )
 ( -0.000262   0.000000    -0.020779   0.000000    -0.000000   0.000000   )
 (  0.002974   0.000000    -0.000033   0.000000    -0.000000   0.000000   )
 ( -0.000336   0.000000     0.021367   0.000000    -0.000000   0.000000   )
 (  0.000269   0.000000    -0.026610   0.000000     0.000000   0.000000   )
 ( -0.002976   0.000000    -0.000108   0.000000     0.000000   0.000000   )
 ( -0.002976   0.000000    -0.000108   0.000000     0.000000   0.000000   )
 (  0.000372   0.000000     0.029471   0.000000    -0.000000   0.000000   )
 (  0.002974   0.000000    -0.000033   0.000000     0.000000   0.000000   )
 ( -0.004490   0.000000     0.051444   0.000000    -0.069831   0.000000   )
 ( -0.004490   0.000000     0.051444   0.000000    -0.069831   0.000000   )
 ( -0.004490   0.000000     0.051444   0.000000     0.069831   0.000000   )
 ( -0.004490   0.000000     0.051444   0.000000     0.069831   0.000000   )
 (  0.000649   0.000000    -0.356077   0.000000     0.000881   0.000000   )
 (  0.000649   0.000000    -0.356077   0.000000     0.000881   0.000000   )
 (  0.000649   0.000000    -0.356077   0.000000    -0.000881   0.000000   )
 (  0.000649   0.000000    -0.356077   0.000000    -0.000881   0.000000   )
 ( -0.000669   0.000000     0.328509   0.000000     0.000809   0.000000   )
 ( -0.000669   0.000000     0.328509   0.000000    -0.000809   0.000000   )
 (  0.004143   0.000000    -0.053080   0.000000    -0.064143   0.000000   )
 (  0.004143   0.000000    -0.053080   0.000000     0.064143   0.000000   )
 (  0.004143   0.000000    -0.053080   0.000000     0.064143   0.000000   )
 (  0.004143   0.000000    -0.053080   0.000000    -0.064143   0.000000   )
 ( -0.000669   0.000000     0.328509   0.000000    -0.000809   0.000000   )
 ( -0.000669   0.000000     0.328509   0.000000     0.000809   0.000000   )
     freq (  105) =      11.568102 [THz] =     385.870339 [cm-1]
 ( -0.008146   0.000000     0.000103   0.000000     0.000000   0.000000   )
 ( -0.008146   0.000000     0.000103   0.000000     0.000000   0.000000   )
 ( -0.000497   0.000000     0.001035   0.000000     0.001249   0.000000   )
 ( -0.000497   0.000000     0.001035   0.000000    -0.001249   0.000000   )
 ( -0.010884   0.000000    -0.000115   0.000000     0.000000   0.000000   )
 ( -0.010884   0.000000    -0.000115   0.000000     0.000000   0.000000   )
 (  0.009094   0.000000     0.000137   0.000000     0.000000   0.000000   )
 (  0.009094   0.000000     0.000137   0.000000     0.000000   0.000000   )
 ( -0.000471   0.000000    -0.001022   0.000000     0.001281   0.000000   )
 ( -0.000471   0.000000    -0.001022   0.000000    -0.001281   0.000000   )
 ( -0.000471   0.000000    -0.001022   0.000000    -0.001281   0.000000   )
 ( -0.000471   0.000000    -0.001022   0.000000     0.001281   0.000000   )
 (  0.007999   0.000000    -0.000101   0.000000    -0.000000   0.000000   )
 (  0.007999   0.000000    -0.000101   0.000000     0.000000   0.000000   )
 ( -0.000497   0.000000     0.001035   0.000000    -0.001249   0.000000   )
 ( -0.000497   0.000000     0.001035   0.000000     0.001249   0.000000   )
 (  0.020779   0.000000    -0.000262   0.000000     0.000000   0.000000   )
 (  0.000108   0.000000    -0.002976   0.000000     0.000000   0.000000   )
 (  0.026610   0.000000     0.000269   0.000000     0.000000   0.000000   )
 ( -0.021367   0.000000    -0.000336   0.000000     0.000000   0.000000   )
 (  0.000033   0.000000     0.002974   0.000000     0.000000   0.000000   )
 (  0.000033   0.000000     0.002974   0.000000     0.000000   0.000000   )
 ( -0.029471   0.000000     0.000372   0.000000     0.000000   0.000000   )
 (  0.000108   0.000000    -0.002976   0.000000     0.000000   0.000000   )
 (  0.356077   0.000000     0.000649   0.000000    -0.000881   0.000000   )
 (  0.356077   0.000000     0.000649   0.000000    -0.000881   0.000000   )
 (  0.356077   0.000000     0.000649   0.000000     0.000881   0.000000   )
 (  0.356077   0.000000     0.000649   0.000000     0.000881   0.000000   )
 ( -0.051444   0.000000    -0.004490   0.000000    -0.069831   0.000000   )
 ( -0.051444   0.000000    -0.004490   0.000000    -0.069831   0.000000   )
 ( -0.051444   0.000000    -0.004490   0.000000     0.069831   0.000000   )
 ( -0.051444   0.000000    -0.004490   0.000000     0.069831   0.000000   )
 (  0.053080   0.000000     0.004143   0.000000    -0.064143   0.000000   )
 (  0.053080   0.000000     0.004143   0.000000     0.064143   0.000000   )
 ( -0.328509   0.000000    -0.000669   0.000000    -0.000809   0.000000   )
 ( -0.328509   0.000000    -0.000669   0.000000     0.000809   0.000000   )
 ( -0.328509   0.000000    -0.000669   0.000000     0.000809   0.000000   )
 ( -0.328509   0.000000    -0.000669   0.000000    -0.000809   0.000000   )
 (  0.053080   0.000000     0.004143   0.000000     0.064143   0.000000   )
 (  0.053080   0.000000     0.004143   0.000000    -0.064143   0.000000   )
     freq (  106) =      11.693541 [THz] =     390.054546 [cm-1]
 ( -0.000000   0.000000     0.000000   0.000000     0.000000   0.000000   )
 ( -0.000000   0.000000     0.000000   0.000000    -0.000000   0.000000   )
 ( -0.006243   0.000000     0.006243   0.000000    -0.000000   0.000000   )
 ( -0.006243   0.000000     0.006243   0.000000     0.000000   0.000000   )
 ( -0.000000   0.000000    -0.000000   0.000000    -0.001457   0.000000   )
 ( -0.000000   0.000000    -0.000000   0.000000     0.001457   0.000000   )
 (  0.000000   0.000000     0.000000   0.000000     0.001457   0.000000   )
 (  0.000000   0.000000     0.000000   0.000000    -0.001457   0.000000   )
 ( -0.006243   0.000000    -0.006243   0.000000    -0.000000   0.000000   )
 ( -0.006243   0.000000    -0.006243   0.000000     0.000000   0.000000   )
 (  0.006243   0.000000     0.006243   0.000000     0.000000   0.000000   )
 (  0.006243   0.000000     0.006243   0.000000     0.000000   0.000000   )
 (  0.000000   0.000000    -0.000000   0.000000    -0.000000   0.000000   )
 (  0.000000   0.000000    -0.000000   0.000000     0.000000   0.000000   )
 (  0.006243   0.000000    -0.006243   0.000000    -0.000000   0.000000   )
 (  0.006243   0.000000    -0.006243   0.000000     0.000000   0.000000   )
 (  0.000000   0.000000    -0.000000   0.000000    -0.000000   0.000000   )
 (  0.019342   0.000000    -0.019342   0.000000    -0.000000   0.000000   )
 (  0.000000   0.000000     0.000000   0.000000    -0.000000   0.000000   )
 ( -0.000000   0.000000    -0.000000   0.000000    -0.000000   0.000000   )
 (  0.019342   0.000000     0.019342   0.000000    -0.000000   0.000000   )
 ( -0.019342   0.000000    -0.019342   0.000000    -0.000000   0.000000   )
 ( -0.000000   0.000000     0.000000   0.000000    -0.000000   0.000000   )
 ( -0.019342   0.000000     0.019342   0.000000    -0.000000   0.000000   )
 (  0.000000   0.000000    -0.246282   0.000000     0.036399   0.000000   )
 (  0.000000   0.000000     0.246282   0.000000    -0.036399   0.000000   )
 (  0.000000   0.000000     0.246282   0.000000     0.036399   0.000000   )
 (  0.000000   0.000000    -0.246282   0.000000    -0.036399   0.000000   )
 ( -0.246282   0.000000    -0.000000   0.000000    -0.036399   0.000000   )
 (  0.246282   0.000000    -0.000000   0.000000     0.036399   0.000000   )
 (  0.246282   0.000000     0.000000   0.000000    -0.036399   0.000000   )
 ( -0.246282   0.000000    -0.000000   0.000000     0.036399   0.000000   )
 (  0.246980   0.000000     0.000000   0.000000    -0.039598   0.000000   )
 (  0.246980   0.000000     0.000000   0.000000     0.039598   0.000000   )
 ( -0.000000   0.000000    -0.246980   0.000000    -0.039598   0.000000   )
 ( -0.000000   0.000000    -0.246980   0.000000     0.039598   0.000000   )
 ( -0.000000   0.000000     0.246980   0.000000    -0.039598   0.000000   )
 ( -0.000000   0.000000     0.246980   0.000000     0.039598   0.000000   )
 ( -0.246980   0.000000     0.000000   0.000000    -0.039598   0.000000   )
 ( -0.246980   0.000000     0.000000   0.000000     0.039598   0.000000   )
     freq (  107) =      11.720082 [THz] =     390.939868 [cm-1]
 ( -0.000000   0.000000     0.000000   0.000000    -0.001834   0.000000   )
 ( -0.000000   0.000000     0.000000   0.000000     0.001834   0.000000   )
 ( -0.006565   0.000000    -0.006565   0.000000     0.000281   0.000000   )
 ( -0.006565   0.000000    -0.006565   0.000000    -0.000281   0.000000   )
 ( -0.000000   0.000000    -0.000000   0.000000    -0.000551   0.000000   )
 ( -0.000000   0.000000    -0.000000   0.000000     0.000551   0.000000   )
 (  0.000000   0.000000     0.000000   0.000000    -0.000551   0.000000   )
 (  0.000000   0.000000     0.000000   0.000000     0.000551   0.000000   )
 ( -0.006565   0.000000     0.006565   0.000000     0.000281   0.000000   )
 ( -0.006565   0.000000     0.006565   0.000000    -0.000281   0.000000   )
 (  0.006565   0.000000    -0.006565   0.000000     0.000281   0.000000   )
 (  0.006565   0.000000    -0.006565   0.000000    -0.000281   0.000000   )
 (  0.000000   0.000000    -0.000000   0.000000     0.001309   0.000000   )
 (  0.000000   0.000000    -0.000000   0.000000    -0.001309   0.000000   )
 (  0.006565   0.000000     0.006565   0.000000     0.000281   0.000000   )
 (  0.006565   0.000000     0.006565   0.000000    -0.000281   0.000000   )
 (  0.000000   0.000000    -0.000000   0.000000    -0.000000   0.000000   )
 (  0.020247   0.000000     0.020247   0.000000    -0.000000   0.000000   )
 (  0.000000   0.000000     0.000000   0.000000    -0.000000   0.000000   )
 ( -0.000000   0.000000    -0.000000   0.000000    -0.000000   0.000000   )
 (  0.020247   0.000000    -0.020247   0.000000    -0.000000   0.000000   )
 ( -0.020247   0.000000     0.020247   0.000000    -0.000000   0.000000   )
 ( -0.000000   0.000000     0.000000   0.000000    -0.000000   0.000000   )
 ( -0.020247   0.000000    -0.020247   0.000000    -0.000000   0.000000   )
 (  0.000000   0.000000     0.249704   0.000000     0.032995   0.000000   )
 (  0.000000   0.000000    -0.249704   0.000000    -0.032995   0.000000   )
 (  0.000000   0.000000    -0.249704   0.000000     0.032995   0.000000   )
 (  0.000000   0.000000     0.249704   0.000000    -0.032995   0.000000   )
 ( -0.249704   0.000000    -0.000000   0.000000     0.032995   0.000000   )
 (  0.249704   0.000000    -0.000000   0.000000    -0.032995   0.000000   )
 (  0.249704   0.000000    -0.000000   0.000000     0.032995   0.000000   )
 ( -0.249704   0.000000    -0.000000   0.000000    -0.032995   0.000000   )
 (  0.245440   0.000000     0.000000   0.000000     0.028650   0.000000   )
 (  0.245440   0.000000     0.000000   0.000000    -0.028650   0.000000   )
 (  0.000000   0.000000     0.245440   0.000000    -0.028650   0.000000   )
 ( -0.000000   0.000000     0.245440   0.000000     0.028650   0.000000   )
 ( -0.000000   0.000000    -0.245440   0.000000    -0.028650   0.000000   )
 ( -0.000000   0.000000    -0.245440   0.000000     0.028650   0.000000   )
 ( -0.245440   0.000000     0.000000   0.000000     0.028650   0.000000   )
 ( -0.245440   0.000000     0.000000   0.000000    -0.028650   0.000000   )
     freq (  108) =      11.911114 [THz] =     397.312007 [cm-1]
 ( -0.008989   0.000000     0.000258   0.000000    -0.000000   0.000000   )
 (  0.008989   0.000000    -0.000258   0.000000    -0.000000   0.000000   )
 (  0.000135   0.000000    -0.000438   0.000000     0.002258   0.000000   )
 ( -0.000135   0.000000     0.000438   0.000000     0.002258   0.000000   )
 ( -0.008956   0.000000    -0.000285   0.000000    -0.000000   0.000000   )
 (  0.008956   0.000000     0.000285   0.000000    -0.000000   0.000000   )
 (  0.009919   0.000000     0.000257   0.000000    -0.000000   0.000000   )
 ( -0.009919   0.000000    -0.000257   0.000000    -0.000000   0.000000   )
 (  0.000110   0.000000     0.000431   0.000000     0.002391   0.000000   )
 ( -0.000110   0.000000    -0.000431   0.000000     0.002391   0.000000   )
 (  0.000110   0.000000     0.000431   0.000000    -0.002391   0.000000   )
 ( -0.000110   0.000000    -0.000431   0.000000    -0.002391   0.000000   )
 (  0.008782   0.000000    -0.000252   0.000000     0.000000   0.000000   )
 ( -0.008782   0.000000     0.000252   0.000000     0.000000   0.000000   )
 (  0.000135   0.000000    -0.000438   0.000000    -0.002258   0.000000   )
 ( -0.000135   0.000000     0.000438   0.000000    -0.002258   0.000000   )
 (  0.000000   0.000000     0.000000   0.000000    -0.000000   0.000000   )
 (  0.000000   0.000000     0.000000   0.000000    -0.005799   0.000000   )
 ( -0.000000   0.000000    -0.000000   0.000000    -0.000000   0.000000   )
 (  0.000000   0.000000     0.000000   0.000000    -0.000000   0.000000   )
 (  0.000000   0.000000    -0.000000   0.000000    -0.006142   0.000000   )
 ( -0.000000   0.000000     0.000000   0.000000     0.006142   0.000000   )
 (  0.000000   0.000000    -0.000000   0.000000    -0.000000   0.000000   )
 ( -0.000000   0.000000    -0.000000   0.000000     0.005799   0.000000   )
 (  0.342788   0.000000    -0.000311   0.000000     0.000878   0.000000   )
 ( -0.342788   0.000000     0.000311   0.000000    -0.000878   0.000000   )
 (  0.342788   0.000000    -0.000311   0.000000    -0.000878   0.000000   )
 ( -0.342788   0.000000     0.000311   0.000000     0.000878   0.000000   )
 (  0.010846   0.000000    -0.009842   0.000000     0.030561   0.000000   )
 ( -0.010846   0.000000     0.009842   0.000000    -0.030561   0.000000   )
 (  0.010846   0.000000    -0.009842   0.000000    -0.030561   0.000000   )
 ( -0.010846   0.000000     0.009842   0.000000     0.030561   0.000000   )
 ( -0.003678   0.000000    -0.010354   0.000000    -0.031187   0.000000   )
 (  0.003678   0.000000     0.010354   0.000000    -0.031187   0.000000   )
 ( -0.360608   0.000000    -0.000106   0.000000     0.000895   0.000000   )
 (  0.360608   0.000000     0.000106   0.000000     0.000895   0.000000   )
 ( -0.360608   0.000000    -0.000106   0.000000    -0.000895   0.000000   )
 (  0.360608   0.000000     0.000106   0.000000    -0.000895   0.000000   )
 ( -0.003678   0.000000    -0.010354   0.000000     0.031187   0.000000   )
 (  0.003678   0.000000     0.010354   0.000000     0.031187   0.000000   )
     freq (  109) =      11.911114 [THz] =     397.312007 [cm-1]
 ( -0.000258   0.000000    -0.008989   0.000000    -0.000000   0.000000   )
 (  0.000258   0.000000     0.008989   0.000000     0.000000   0.000000   )
 ( -0.000431   0.000000     0.000110   0.000000     0.002391   0.000000   )
 (  0.000431   0.000000    -0.000110   0.000000     0.002391   0.000000   )
 ( -0.000257   0.000000     0.009919   0.000000    -0.000000   0.000000   )
 (  0.000257   0.000000    -0.009919   0.000000     0.000000   0.000000   )
 (  0.000285   0.000000    -0.008956   0.000000    -0.000000   0.000000   )
 ( -0.000285   0.000000     0.008956   0.000000     0.000000   0.000000   )
 (  0.000438   0.000000     0.000135   0.000000    -0.002258   0.000000   )
 ( -0.000438   0.000000    -0.000135   0.000000    -0.002258   0.000000   )
 (  0.000438   0.000000     0.000135   0.000000     0.002258   0.000000   )
 ( -0.000438   0.000000    -0.000135   0.000000     0.002258   0.000000   )
 (  0.000252   0.000000     0.008782   0.000000    -0.000000   0.000000   )
 ( -0.000252   0.000000    -0.008782   0.000000    -0.000000   0.000000   )
 ( -0.000431   0.000000     0.000110   0.000000    -0.002391   0.000000   )
 (  0.000431   0.000000    -0.000110   0.000000    -0.002391   0.000000   )
 (  0.000000   0.000000     0.000000   0.000000    -0.000000   0.000000   )
 ( -0.000000   0.000000     0.000000   0.000000    -0.006142   0.000000   )
 (  0.000000   0.000000    -0.000000   0.000000    -0.000000   0.000000   )
 ( -0.000000   0.000000     0.000000   0.000000    -0.000000   0.000000   )
 ( -0.000000   0.000000     0.000000   0.000000     0.005799   0.000000   )
 (  0.000000   0.000000     0.000000   0.000000    -0.005799   0.000000   )
 ( -0.000000   0.000000    -0.000000   0.000000    -0.000000   0.000000   )
 (  0.000000   0.000000     0.000000   0.000000     0.006142   0.000000   )
 (  0.009842   0.000000     0.010846   0.000000    -0.030561   0.000000   )
 ( -0.009842   0.000000    -0.010846   0.000000     0.030561   0.000000   )
 (  0.009842   0.000000     0.010846   0.000000     0.030561   0.000000   )
 ( -0.009842   0.000000    -0.010846   0.000000    -0.030561   0.000000   )
 (  0.000311   0.000000     0.342788   0.000000     0.000878   0.000000   )
 ( -0.000311   0.000000    -0.342788   0.000000    -0.000878   0.000000   )
 (  0.000311   0.000000     0.342788   0.000000    -0.000878   0.000000   )
 ( -0.000311   0.000000    -0.342788   0.000000     0.000878   0.000000   )
 ( -0.000106   0.000000     0.360608   0.000000    -0.000895   0.000000   )
 (  0.000106   0.000000    -0.360608   0.000000    -0.000895   0.000000   )
 ( -0.010354   0.000000     0.003678   0.000000    -0.031187   0.000000   )
 (  0.010354   0.000000    -0.003678   0.000000    -0.031187   0.000000   )
 ( -0.010354   0.000000     0.003678   0.000000     0.031187   0.000000   )
 (  0.010354   0.000000    -0.003678   0.000000     0.031187   0.000000   )
 ( -0.000106   0.000000     0.360608   0.000000     0.000895   0.000000   )
 (  0.000106   0.000000    -0.360608   0.000000     0.000895   0.000000   )
     freq (  110) =      12.174843 [THz] =     406.109042 [cm-1]
 (  0.000000   0.000000     0.000000   0.000000    -0.003749   0.000000   )
 ( -0.000000   0.000000    -0.000000   0.000000    -0.003749   0.000000   )
 ( -0.006600   0.000000    -0.006600   0.000000    -0.000440   0.000000   )
 (  0.006600   0.000000     0.006600   0.000000    -0.000440   0.000000   )
 (  0.000000   0.000000    -0.000000   0.000000    -0.000530   0.000000   )
 ( -0.000000   0.000000     0.000000   0.000000    -0.000530   0.000000   )
 ( -0.000000   0.000000     0.000000   0.000000    -0.000530   0.000000   )
 (  0.000000   0.000000    -0.000000   0.000000    -0.000530   0.000000   )
 ( -0.006600   0.000000     0.006600   0.000000    -0.000440   0.000000   )
 (  0.006600   0.000000    -0.006600   0.000000    -0.000440   0.000000   )
 (  0.006600   0.000000    -0.006600   0.000000    -0.000440   0.000000   )
 ( -0.006600   0.000000     0.006600   0.000000    -0.000440   0.000000   )
 ( -0.000000   0.000000    -0.000000   0.000000     0.003016   0.000000   )
 (  0.000000   0.000000     0.000000   0.000000     0.003016   0.000000   )
 (  0.006600   0.000000     0.006600   0.000000    -0.000440   0.000000   )
 ( -0.006600   0.000000    -0.006600   0.000000    -0.000440   0.000000   )
 ( -0.000000   0.000000    -0.000000   0.000000     0.005449   0.000000   )
 ( -0.000000   0.000000     0.000000   0.000000    -0.002701   0.000000   )
 ( -0.000000   0.000000     0.000000   0.000000    -0.002009   0.000000   )
 ( -0.000000   0.000000    -0.000000   0.000000    -0.002009   0.000000   )
 ( -0.000000   0.000000    -0.000000   0.000000    -0.002701   0.000000   )
 (  0.000000   0.000000     0.000000   0.000000    -0.002701   0.000000   )
 ( -0.000000   0.000000    -0.000000   0.000000    -0.010132   0.000000   )
 (  0.000000   0.000000    -0.000000   0.000000    -0.002701   0.000000   )
 ( -0.000000   0.000000    -0.249645   0.000000     0.028731   0.000000   )
 (  0.000000   0.000000    -0.249645   0.000000     0.028731   0.000000   )
 ( -0.000000   0.000000     0.249645   0.000000     0.028731   0.000000   )
 (  0.000000   0.000000     0.249645   0.000000     0.028731   0.000000   )
 (  0.249645   0.000000    -0.000000   0.000000     0.028731   0.000000   )
 (  0.249645   0.000000     0.000000   0.000000     0.028731   0.000000   )
 ( -0.249645   0.000000    -0.000000   0.000000     0.028731   0.000000   )
 ( -0.249645   0.000000     0.000000   0.000000     0.028731   0.000000   )
 (  0.248418   0.000000     0.000000   0.000000    -0.005090   0.000000   )
 ( -0.248418   0.000000     0.000000   0.000000    -0.005090   0.000000   )
 (  0.000000   0.000000    -0.248418   0.000000    -0.005090   0.000000   )
 ( -0.000000   0.000000     0.248418   0.000000    -0.005090   0.000000   )
 (  0.000000   0.000000     0.248418   0.000000    -0.005090   0.000000   )
 ( -0.000000   0.000000    -0.248418   0.000000    -0.005090   0.000000   )
 ( -0.248418   0.000000    -0.000000   0.000000    -0.005090   0.000000   )
 (  0.248418   0.000000    -0.000000   0.000000    -0.005090   0.000000   )
     freq (  111) =      12.233029 [THz] =     408.049920 [cm-1]
 (  0.000000   0.000000     0.000000   0.000000     0.000000   0.000000   )
 ( -0.000000   0.000000    -0.000000   0.000000     0.000000   0.000000   )
 ( -0.006624   0.000000     0.006624   0.000000    -0.000000   0.000000   )
 (  0.006624   0.000000    -0.006624   0.000000     0.000000   0.000000   )
 (  0.000000   0.000000    -0.000000   0.000000    -0.003720   0.000000   )
 ( -0.000000   0.000000    -0.000000   0.000000    -0.003720   0.000000   )
 ( -0.000000   0.000000    -0.000000   0.000000     0.003720   0.000000   )
 (  0.000000   0.000000     0.000000   0.000000     0.003720   0.000000   )
 ( -0.006624   0.000000    -0.006624   0.000000    -0.000000   0.000000   )
 (  0.006624   0.000000     0.006624   0.000000     0.000000   0.000000   )
 (  0.006624   0.000000     0.006624   0.000000     0.000000   0.000000   )
 ( -0.006624   0.000000    -0.006624   0.000000     0.000000   0.000000   )
 ( -0.000000   0.000000     0.000000   0.000000    -0.000000   0.000000   )
 (  0.000000   0.000000     0.000000   0.000000    -0.000000   0.000000   )
 (  0.006624   0.000000    -0.006624   0.000000     0.000000   0.000000   )
 ( -0.006624   0.000000     0.006624   0.000000    -0.000000   0.000000   )
 (  0.000000   0.000000    -0.000000   0.000000    -0.000000   0.000000   )
 ( -0.000000   0.000000     0.000000   0.000000     0.000000   0.000000   )
 (  0.000000   0.000000    -0.000000   0.000000     0.009415   0.000000   )
 (  0.000000   0.000000    -0.000000   0.000000    -0.009415   0.000000   )
 ( -0.000000   0.000000    -0.000000   0.000000     0.000000   0.000000   )
 ( -0.000000   0.000000     0.000000   0.000000     0.000000   0.000000   )
 (  0.000000   0.000000    -0.000000   0.000000     0.000000   0.000000   )
 ( -0.000000   0.000000    -0.000000   0.000000     0.000000   0.000000   )
 ( -0.000000   0.000000     0.248821   0.000000     0.022509   0.000000   )
 ( -0.000000   0.000000     0.248821   0.000000     0.022509   0.000000   )
 ( -0.000000   0.000000    -0.248821   0.000000     0.022509   0.000000   )
 ( -0.000000   0.000000    -0.248821   0.000000     0.022509   0.000000   )
 (  0.248821   0.000000     0.000000   0.000000    -0.022509   0.000000   )
 (  0.248821   0.000000     0.000000   0.000000    -0.022509   0.000000   )
 ( -0.248821   0.000000     0.000000   0.000000    -0.022509   0.000000   )
 ( -0.248821   0.000000     0.000000   0.000000    -0.022509   0.000000   )
 (  0.249055   0.000000     0.000000   0.000000     0.020894   0.000000   )
 ( -0.249055   0.000000     0.000000   0.000000     0.020894   0.000000   )
 (  0.000000   0.000000     0.249055   0.000000    -0.020894   0.000000   )
 ( -0.000000   0.000000    -0.249055   0.000000    -0.020894   0.000000   )
 (  0.000000   0.000000    -0.249055   0.000000    -0.020894   0.000000   )
 ( -0.000000   0.000000     0.249055   0.000000    -0.020894   0.000000   )
 ( -0.249055   0.000000     0.000000   0.000000     0.020894   0.000000   )
 (  0.249055   0.000000     0.000000   0.000000     0.020894   0.000000   )
     freq (  112) =      12.614528 [THz] =     420.775365 [cm-1]
 (  0.000201   0.000000     0.001237   0.000000     0.000000   0.000000   )
 ( -0.000201   0.000000    -0.001237   0.000000    -0.000000   0.000000   )
 (  0.000759   0.000000     0.002038   0.000000     0.000334   0.000000   )
 ( -0.000759   0.000000    -0.002038   0.000000     0.000334   0.000000   )
 (  0.000316   0.000000     0.002424   0.000000     0.000000   0.000000   )
 ( -0.000316   0.000000    -0.002424   0.000000    -0.000000   0.000000   )
 (  0.000395   0.000000     0.001941   0.000000     0.000000   0.000000   )
 ( -0.000395   0.000000    -0.001941   0.000000    -0.000000   0.000000   )
 ( -0.000119   0.000000     0.001895   0.000000    -0.000241   0.000000   )
 (  0.000119   0.000000    -0.001895   0.000000    -0.000241   0.000000   )
 ( -0.000119   0.000000     0.001895   0.000000     0.000241   0.000000   )
 (  0.000119   0.000000    -0.001895   0.000000     0.000241   0.000000   )
 (  0.000322   0.000000     0.001977   0.000000    -0.000000   0.000000   )
 ( -0.000322   0.000000    -0.001977   0.000000    -0.000000   0.000000   )
 (  0.000759   0.000000     0.002038   0.000000    -0.000334   0.000000   )
 ( -0.000759   0.000000    -0.002038   0.000000    -0.000334   0.000000   )
 (  0.000000   0.000000    -0.000000   0.000000    -0.000000   0.000000   )
 ( -0.000000   0.000000     0.000000   0.000000     0.000165   0.000000   )
 ( -0.000000   0.000000    -0.000000   0.000000    -0.000000   0.000000   )
 (  0.000000   0.000000    -0.000000   0.000000     0.000000   0.000000   )
 (  0.000000   0.000000     0.000000   0.000000    -0.000119   0.000000   )
 (  0.000000   0.000000     0.000000   0.000000     0.000119   0.000000   )
 (  0.000000   0.000000    -0.000000   0.000000     0.000000   0.000000   )
 ( -0.000000   0.000000     0.000000   0.000000    -0.000165   0.000000   )
 (  0.042187   0.000000    -0.244205   0.000000    -0.009116   0.000000   )
 ( -0.042187   0.000000     0.244205   0.000000     0.009116   0.000000   )
 (  0.042187   0.000000    -0.244205   0.000000     0.009116   0.000000   )
 ( -0.042187   0.000000     0.244205   0.000000    -0.009116   0.000000   )
 ( -0.039771   0.000000     0.259040   0.000000     0.001485   0.000000   )
 (  0.039771   0.000000    -0.259040   0.000000    -0.001485   0.000000   )
 ( -0.039771   0.000000     0.259040   0.000000    -0.001485   0.000000   )
 (  0.039771   0.000000    -0.259040   0.000000     0.001485   0.000000   )
 (  0.040048   0.000000    -0.237108   0.000000     0.000613   0.000000   )
 ( -0.040048   0.000000     0.237108   0.000000     0.000613   0.000000   )
 (  0.038615   0.000000    -0.245905   0.000000     0.003763   0.000000   )
 ( -0.038615   0.000000     0.245905   0.000000     0.003763   0.000000   )
 (  0.038615   0.000000    -0.245905   0.000000    -0.003763   0.000000   )
 ( -0.038615   0.000000     0.245905   0.000000    -0.003763   0.000000   )
 (  0.040048   0.000000    -0.237108   0.000000    -0.000613   0.000000   )
 ( -0.040048   0.000000     0.237108   0.000000    -0.000613   0.000000   )
     freq (  113) =      12.614528 [THz] =     420.775365 [cm-1]
 ( -0.001237   0.000000     0.000201   0.000000    -0.000000   0.000000   )
 (  0.001237   0.000000    -0.000201   0.000000    -0.000000   0.000000   )
 ( -0.001895   0.000000    -0.000119   0.000000    -0.000241   0.000000   )
 (  0.001895   0.000000     0.000119   0.000000    -0.000241   0.000000   )
 ( -0.001941   0.000000     0.000395   0.000000     0.000000   0.000000   )
 (  0.001941   0.000000    -0.000395   0.000000    -0.000000   0.000000   )
 ( -0.002424   0.000000     0.000316   0.000000     0.000000   0.000000   )
 (  0.002424   0.000000    -0.000316   0.000000     0.000000   0.000000   )
 ( -0.002038   0.000000     0.000759   0.000000    -0.000334   0.000000   )
 (  0.002038   0.000000    -0.000759   0.000000    -0.000334   0.000000   )
 ( -0.002038   0.000000     0.000759   0.000000     0.000334   0.000000   )
 (  0.002038   0.000000    -0.000759   0.000000     0.000334   0.000000   )
 ( -0.001977   0.000000     0.000322   0.000000     0.000000   0.000000   )
 (  0.001977   0.000000    -0.000322   0.000000    -0.000000   0.000000   )
 ( -0.001895   0.000000    -0.000119   0.000000     0.000241   0.000000   )
 (  0.001895   0.000000     0.000119   0.000000     0.000241   0.000000   )
 (  0.000000   0.000000     0.000000   0.000000     0.000000   0.000000   )
 ( -0.000000   0.000000    -0.000000   0.000000    -0.000119   0.000000   )
 (  0.000000   0.000000    -0.000000   0.000000    -0.000000   0.000000   )
 (  0.000000   0.000000     0.000000   0.000000    -0.000000   0.000000   )
 ( -0.000000   0.000000     0.000000   0.000000    -0.000165   0.000000   )
 ( -0.000000   0.000000    -0.000000   0.000000     0.000165   0.000000   )
 (  0.000000   0.000000    -0.000000   0.000000    -0.000000   0.000000   )
 ( -0.000000   0.000000     0.000000   0.000000     0.000119   0.000000   )
 ( -0.259040   0.000000    -0.039771   0.000000    -0.001485   0.000000   )
 (  0.259040   0.000000     0.039771   0.000000     0.001485   0.000000   )
 ( -0.259040   0.000000    -0.039771   0.000000     0.001485   0.000000   )
 (  0.259040   0.000000     0.039771   0.000000    -0.001485   0.000000   )
 (  0.244205   0.000000     0.042187   0.000000    -0.009116   0.000000   )
 ( -0.244205   0.000000    -0.042187   0.000000     0.009116   0.000000   )
 (  0.244205   0.000000     0.042187   0.000000     0.009116   0.000000   )
 ( -0.244205   0.000000    -0.042187   0.000000    -0.009116   0.000000   )
 ( -0.245905   0.000000    -0.038615   0.000000    -0.003763   0.000000   )
 (  0.245905   0.000000     0.038615   0.000000    -0.003763   0.000000   )
 ( -0.237108   0.000000    -0.040048   0.000000     0.000613   0.000000   )
 (  0.237108   0.000000     0.040048   0.000000     0.000613   0.000000   )
 ( -0.237108   0.000000    -0.040048   0.000000    -0.000613   0.000000   )
 (  0.237108   0.000000     0.040048   0.000000    -0.000613   0.000000   )
 ( -0.245905   0.000000    -0.038615   0.000000     0.003763   0.000000   )
 (  0.245905   0.000000     0.038615   0.000000     0.003763   0.000000   )
     freq (  114) =      12.645605 [THz] =     421.811971 [cm-1]
 (  0.001694   0.000000     0.000015   0.000000     0.000000   0.000000   )
 (  0.001694   0.000000     0.000015   0.000000     0.000000   0.000000   )
 ( -0.001461   0.000000    -0.000354   0.000000     0.000629   0.000000   )
 ( -0.001461   0.000000    -0.000354   0.000000    -0.000629   0.000000   )
 (  0.000855   0.000000     0.000007   0.000000     0.000000   0.000000   )
 (  0.000855   0.000000     0.000007   0.000000     0.000000   0.000000   )
 (  0.000754   0.000000     0.000008   0.000000     0.000000   0.000000   )
 (  0.000754   0.000000     0.000008   0.000000     0.000000   0.000000   )
 ( -0.001455   0.000000     0.000327   0.000000     0.000617   0.000000   )
 ( -0.001455   0.000000     0.000327   0.000000    -0.000617   0.000000   )
 ( -0.001455   0.000000     0.000327   0.000000    -0.000617   0.000000   )
 ( -0.001455   0.000000     0.000327   0.000000     0.000617   0.000000   )
 (  0.002147   0.000000     0.000019   0.000000     0.000000   0.000000   )
 (  0.002147   0.000000     0.000019   0.000000     0.000000   0.000000   )
 ( -0.001461   0.000000    -0.000354   0.000000    -0.000629   0.000000   )
 ( -0.001461   0.000000    -0.000354   0.000000     0.000629   0.000000   )
 ( -0.008860   0.000000    -0.000080   0.000000    -0.000000   0.000000   )
 (  0.009090   0.000000    -0.000634   0.000000     0.000000   0.000000   )
 ( -0.010349   0.000000    -0.000100   0.000000     0.000000   0.000000   )
 ( -0.011049   0.000000    -0.000094   0.000000     0.000000   0.000000   )
 (  0.009103   0.000000     0.000798   0.000000     0.000000   0.000000   )
 (  0.009103   0.000000     0.000798   0.000000     0.000000   0.000000   )
 ( -0.009795   0.000000    -0.000089   0.000000     0.000000   0.000000   )
 (  0.009090   0.000000    -0.000634   0.000000     0.000000   0.000000   )
 (  0.244251   0.000000    -0.002084   0.000000    -0.000002   0.000000   )
 (  0.244251   0.000000    -0.002084   0.000000    -0.000002   0.000000   )
 (  0.244251   0.000000    -0.002084   0.000000     0.000002   0.000000   )
 (  0.244251   0.000000    -0.002084   0.000000     0.000002   0.000000   )
 ( -0.230580   0.000000     0.002207   0.000000     0.000220   0.000000   )
 ( -0.230580   0.000000     0.002207   0.000000     0.000220   0.000000   )
 ( -0.230580   0.000000     0.002207   0.000000    -0.000220   0.000000   )
 ( -0.230580   0.000000     0.002207   0.000000    -0.000220   0.000000   )
 ( -0.264989   0.000000     0.002335   0.000000     0.000239   0.000000   )
 ( -0.264989   0.000000     0.002335   0.000000    -0.000239   0.000000   )
 (  0.258343   0.000000    -0.002395   0.000000    -0.000002   0.000000   )
 (  0.258343   0.000000    -0.002395   0.000000     0.000002   0.000000   )
 (  0.258343   0.000000    -0.002395   0.000000     0.000002   0.000000   )
 (  0.258343   0.000000    -0.002395   0.000000    -0.000002   0.000000   )
 ( -0.264989   0.000000     0.002335   0.000000    -0.000239   0.000000   )
 ( -0.264989   0.000000     0.002335   0.000000     0.000239   0.000000   )
     freq (  115) =      12.645605 [THz] =     421.811971 [cm-1]
 (  0.000015   0.000000    -0.001694   0.000000    -0.000000   0.000000   )
 (  0.000015   0.000000    -0.001694   0.000000    -0.000000   0.000000   )
 (  0.000327   0.000000     0.001455   0.000000    -0.000617   0.000000   )
 (  0.000327   0.000000     0.001455   0.000000     0.000617   0.000000   )
 (  0.000008   0.000000    -0.000754   0.000000    -0.000000   0.000000   )
 (  0.000008   0.000000    -0.000754   0.000000    -0.000000   0.000000   )
 (  0.000007   0.000000    -0.000855   0.000000     0.000000   0.000000   )
 (  0.000007   0.000000    -0.000855   0.000000    -0.000000   0.000000   )
 ( -0.000354   0.000000     0.001461   0.000000     0.000629   0.000000   )
 ( -0.000354   0.000000     0.001461   0.000000    -0.000629   0.000000   )
 ( -0.000354   0.000000     0.001461   0.000000    -0.000629   0.000000   )
 ( -0.000354   0.000000     0.001461   0.000000     0.000629   0.000000   )
 (  0.000019   0.000000    -0.002147   0.000000     0.000000   0.000000   )
 (  0.000019   0.000000    -0.002147   0.000000    -0.000000   0.000000   )
 (  0.000327   0.000000     0.001455   0.000000     0.000617   0.000000   )
 (  0.000327   0.000000     0.001455   0.000000    -0.000617   0.000000   )
 ( -0.000080   0.000000     0.008860   0.000000    -0.000000   0.000000   )
 (  0.000798   0.000000    -0.009103   0.000000    -0.000000   0.000000   )
 ( -0.000094   0.000000     0.011049   0.000000    -0.000000   0.000000   )
 ( -0.000100   0.000000     0.010349   0.000000    -0.000000   0.000000   )
 ( -0.000634   0.000000    -0.009090   0.000000     0.000000   0.000000   )
 ( -0.000634   0.000000    -0.009090   0.000000     0.000000   0.000000   )
 ( -0.000089   0.000000     0.009795   0.000000    -0.000000   0.000000   )
 (  0.000798   0.000000    -0.009103   0.000000     0.000000   0.000000   )
 (  0.002207   0.000000     0.230580   0.000000     0.000220   0.000000   )
 (  0.002207   0.000000     0.230580   0.000000     0.000220   0.000000   )
 (  0.002207   0.000000     0.230580   0.000000    -0.000220   0.000000   )
 (  0.002207   0.000000     0.230580   0.000000    -0.000220   0.000000   )
 ( -0.002084   0.000000    -0.244251   0.000000     0.000002   0.000000   )
 ( -0.002084   0.000000    -0.244251   0.000000     0.000002   0.000000   )
 ( -0.002084   0.000000    -0.244251   0.000000    -0.000002   0.000000   )
 ( -0.002084   0.000000    -0.244251   0.000000    -0.000002   0.000000   )
 ( -0.002395   0.000000    -0.258343   0.000000     0.000002   0.000000   )
 ( -0.002395   0.000000    -0.258343   0.000000    -0.000002   0.000000   )
 (  0.002335   0.000000     0.264989   0.000000     0.000239   0.000000   )
 (  0.002335   0.000000     0.264989   0.000000    -0.000239   0.000000   )
 (  0.002335   0.000000     0.264989   0.000000    -0.000239   0.000000   )
 (  0.002335   0.000000     0.264989   0.000000     0.000239   0.000000   )
 ( -0.002395   0.000000    -0.258343   0.000000    -0.000002   0.000000   )
 ( -0.002395   0.000000    -0.258343   0.000000     0.000002   0.000000   )
     freq (  116) =      13.341086 [THz] =     445.010744 [cm-1]
 ( -0.000000   0.000000    -0.000000   0.000000     0.000000   0.000000   )
 ( -0.000000   0.000000    -0.000000   0.000000     0.000000   0.000000   )
 ( -0.000015   0.000000    -0.000015   0.000000     0.003184   0.000000   )
 (  0.000015   0.000000     0.000015   0.000000     0.003184   0.000000   )
 (  0.000000   0.000000     0.000000   0.000000    -0.000000   0.000000   )
 (  0.000000   0.000000    -0.000000   0.000000     0.000000   0.000000   )
 ( -0.000000   0.000000     0.000000   0.000000     0.000000   0.000000   )
 (  0.000000   0.000000    -0.000000   0.000000     0.000000   0.000000   )
 (  0.000015   0.000000    -0.000015   0.000000    -0.003184   0.000000   )
 ( -0.000015   0.000000     0.000015   0.000000    -0.003184   0.000000   )
 ( -0.000015   0.000000     0.000015   0.000000    -0.003184   0.000000   )
 (  0.000015   0.000000    -0.000015   0.000000    -0.003184   0.000000   )
 ( -0.000000   0.000000    -0.000000   0.000000     0.000000   0.000000   )
 ( -0.000000   0.000000    -0.000000   0.000000     0.000000   0.000000   )
 (  0.000015   0.000000     0.000015   0.000000     0.003184   0.000000   )
 ( -0.000015   0.000000    -0.000015   0.000000     0.003184   0.000000   )
 (  0.000000   0.000000     0.000000   0.000000     0.000000   0.000000   )
 (  0.000000   0.000000     0.000000   0.000000    -0.004587   0.000000   )
 (  0.000000   0.000000     0.000000   0.000000     0.000000   0.000000   )
 (  0.000000   0.000000     0.000000   0.000000     0.000000   0.000000   )
 (  0.000000   0.000000    -0.000000   0.000000     0.004587   0.000000   )
 ( -0.000000   0.000000    -0.000000   0.000000     0.004587   0.000000   )
 (  0.000000   0.000000     0.000000   0.000000     0.000000   0.000000   )
 (  0.000000   0.000000     0.000000   0.000000    -0.004587   0.000000   )
 (  0.249997   0.000000     0.000000   0.000000    -0.000000   0.000000   )
 (  0.249997   0.000000     0.000000   0.000000     0.000000   0.000000   )
 ( -0.249997   0.000000    -0.000000   0.000000     0.000000   0.000000   )
 ( -0.249997   0.000000     0.000000   0.000000     0.000000   0.000000   )
 (  0.000000   0.000000    -0.249997   0.000000     0.000000   0.000000   )
 ( -0.000000   0.000000    -0.249997   0.000000     0.000000   0.000000   )
 (  0.000000   0.000000     0.249997   0.000000     0.000000   0.000000   )
 (  0.000000   0.000000     0.249997   0.000000    -0.000000   0.000000   )
 (  0.000000   0.000000     0.249962   0.000000    -0.000000   0.000000   )
 ( -0.000000   0.000000    -0.249962   0.000000    -0.000000   0.000000   )
 ( -0.249962   0.000000    -0.000000   0.000000    -0.000000   0.000000   )
 (  0.249962   0.000000     0.000000   0.000000     0.000000   0.000000   )
 (  0.249962   0.000000     0.000000   0.000000     0.000000   0.000000   )
 ( -0.249962   0.000000     0.000000   0.000000     0.000000   0.000000   )
 (  0.000000   0.000000    -0.249962   0.000000     0.000000   0.000000   )
 (  0.000000   0.000000     0.249962   0.000000    -0.000000   0.000000   )
     freq (  117) =      13.659138 [THz] =     455.619802 [cm-1]
 ( -0.000000   0.000000     0.000000   0.000000    -0.004840   0.000000   )
 ( -0.000000   0.000000    -0.000000   0.000000    -0.004840   0.000000   )
 ( -0.000012   0.000000    -0.000012   0.000000     0.000042   0.000000   )
 (  0.000012   0.000000     0.000012   0.000000     0.000042   0.000000   )
 ( -0.000000   0.000000     0.000000   0.000000     0.004283   0.000000   )
 ( -0.000000   0.000000     0.000000   0.000000     0.004283   0.000000   )
 ( -0.000000   0.000000     0.000000   0.000000     0.004283   0.000000   )
 (  0.000000   0.000000    -0.000000   0.000000     0.004283   0.000000   )
 ( -0.000012   0.000000     0.000012   0.000000     0.000042   0.000000   )
 (  0.000012   0.000000    -0.000012   0.000000     0.000042   0.000000   )
 (  0.000012   0.000000    -0.000012   0.000000     0.000042   0.000000   )
 ( -0.000012   0.000000     0.000012   0.000000     0.000042   0.000000   )
 ( -0.000000   0.000000     0.000000   0.000000    -0.004426   0.000000   )
 (  0.000000   0.000000    -0.000000   0.000000    -0.004426   0.000000   )
 (  0.000012   0.000000     0.000012   0.000000     0.000042   0.000000   )
 ( -0.000012   0.000000    -0.000012   0.000000     0.000042   0.000000   )
 (  0.000000   0.000000    -0.000000   0.000000     0.012555   0.000000   )
 (  0.000000   0.000000     0.000000   0.000000     0.000518   0.000000   )
 (  0.000000   0.000000    -0.000000   0.000000    -0.011817   0.000000   )
 ( -0.000000   0.000000     0.000000   0.000000    -0.011817   0.000000   )
 (  0.000000   0.000000    -0.000000   0.000000     0.000518   0.000000   )
 (  0.000000   0.000000     0.000000   0.000000     0.000518   0.000000   )
 ( -0.000000   0.000000     0.000000   0.000000     0.013365   0.000000   )
 (  0.000000   0.000000    -0.000000   0.000000     0.000518   0.000000   )
 ( -0.000000   0.000000    -0.249205   0.000000     0.001334   0.000000   )
 (  0.000000   0.000000    -0.249205   0.000000     0.001334   0.000000   )
 (  0.000000   0.000000     0.249205   0.000000     0.001334   0.000000   )
 ( -0.000000   0.000000     0.249205   0.000000     0.001334   0.000000   )
 (  0.249205   0.000000     0.000000   0.000000     0.001334   0.000000   )
 (  0.249205   0.000000    -0.000000   0.000000     0.001334   0.000000   )
 ( -0.249205   0.000000     0.000000   0.000000     0.001334   0.000000   )
 ( -0.249205   0.000000     0.000000   0.000000     0.001334   0.000000   )
 ( -0.250585   0.000000     0.000000   0.000000    -0.002280   0.000000   )
 (  0.250585   0.000000     0.000000   0.000000    -0.002280   0.000000   )
 (  0.000000   0.000000     0.250585   0.000000    -0.002280   0.000000   )
 (  0.000000   0.000000    -0.250585   0.000000    -0.002280   0.000000   )
 (  0.000000   0.000000    -0.250585   0.000000    -0.002280   0.000000   )
 ( -0.000000   0.000000     0.250585   0.000000    -0.002280   0.000000   )
 (  0.250585   0.000000    -0.000000   0.000000    -0.002280   0.000000   )
 ( -0.250585   0.000000     0.000000   0.000000    -0.002280   0.000000   )
     freq (  118) =      14.120984 [THz] =     471.025311 [cm-1]
 (  0.000000   0.000000     0.000000   0.000000    -0.000000   0.000000   )
 ( -0.000000   0.000000    -0.000000   0.000000     0.000000   0.000000   )
 (  0.000029   0.000000     0.000029   0.000000    -0.008792   0.000000   )
 (  0.000029   0.000000     0.000029   0.000000     0.008792   0.000000   )
 (  0.000000   0.000000    -0.000000   0.000000     0.000000   0.000000   )
 ( -0.000000   0.000000     0.000000   0.000000    -0.000000   0.000000   )
 (  0.000000   0.000000     0.000000   0.000000     0.000000   0.000000   )
 (  0.000000   0.000000    -0.000000   0.000000    -0.000000   0.000000   )
 ( -0.000029   0.000000     0.000029   0.000000     0.008792   0.000000   )
 ( -0.000029   0.000000     0.000029   0.000000    -0.008792   0.000000   )
 (  0.000029   0.000000    -0.000029   0.000000     0.008792   0.000000   )
 (  0.000029   0.000000    -0.000029   0.000000    -0.008792   0.000000   )
 (  0.000000   0.000000    -0.000000   0.000000    -0.000000   0.000000   )
 ( -0.000000   0.000000     0.000000   0.000000     0.000000   0.000000   )
 ( -0.000029   0.000000    -0.000029   0.000000    -0.008792   0.000000   )
 ( -0.000029   0.000000    -0.000029   0.000000     0.008792   0.000000   )
 ( -0.000000   0.000000    -0.000000   0.000000    -0.000000   0.000000   )
 (  0.000007   0.000000     0.000007   0.000000     0.000000   0.000000   )
 ( -0.000000   0.000000     0.000000   0.000000    -0.000000   0.000000   )
 (  0.000000   0.000000    -0.000000   0.000000    -0.000000   0.000000   )
 ( -0.000007   0.000000     0.000007   0.000000     0.000000   0.000000   )
 (  0.000007   0.000000    -0.000007   0.000000     0.000000   0.000000   )
 (  0.000000   0.000000     0.000000   0.000000    -0.000000   0.000000   )
 ( -0.000007   0.000000    -0.000007   0.000000     0.000000   0.000000   )
 (  0.249993   0.000000    -0.000000   0.000000     0.000000   0.000000   )
 ( -0.249993   0.000000     0.000000   0.000000     0.000000   0.000000   )
 ( -0.249993   0.000000     0.000000   0.000000     0.000000   0.000000   )
 (  0.249993   0.000000    -0.000000   0.000000     0.000000   0.000000   )
 (  0.000000   0.000000    -0.249993   0.000000    -0.000000   0.000000   )
 (  0.000000   0.000000     0.249993   0.000000    -0.000000   0.000000   )
 ( -0.000000   0.000000     0.249993   0.000000    -0.000000   0.000000   )
 (  0.000000   0.000000    -0.249993   0.000000     0.000000   0.000000   )
 (  0.000000   0.000000    -0.249852   0.000000    -0.000000   0.000000   )
 (  0.000000   0.000000    -0.249852   0.000000     0.000000   0.000000   )
 ( -0.249852   0.000000     0.000000   0.000000     0.000000   0.000000   )
 ( -0.249852   0.000000     0.000000   0.000000     0.000000   0.000000   )
 (  0.249852   0.000000    -0.000000   0.000000     0.000000   0.000000   )
 (  0.249852   0.000000    -0.000000   0.000000     0.000000   0.000000   )
 ( -0.000000   0.000000     0.249852   0.000000    -0.000000   0.000000   )
 ( -0.000000   0.000000     0.249852   0.000000    -0.000000   0.000000   )
     freq (  119) =      14.147564 [THz] =     471.911935 [cm-1]
 ( -0.000000   0.000000    -0.000000   0.000000     0.007831   0.000000   )
 (  0.000000   0.000000     0.000000   0.000000    -0.007831   0.000000   )
 ( -0.000062   0.000000    -0.000062   0.000000    -0.000459   0.000000   )
 ( -0.000062   0.000000    -0.000062   0.000000     0.000459   0.000000   )
 (  0.000000   0.000000     0.000000   0.000000    -0.007193   0.000000   )
 (  0.000000   0.000000    -0.000000   0.000000     0.007193   0.000000   )
 ( -0.000000   0.000000    -0.000000   0.000000    -0.007193   0.000000   )
 ( -0.000000   0.000000     0.000000   0.000000     0.007193   0.000000   )
 ( -0.000062   0.000000     0.000062   0.000000    -0.000459   0.000000   )
 ( -0.000062   0.000000     0.000062   0.000000     0.000459   0.000000   )
 (  0.000062   0.000000    -0.000062   0.000000    -0.000459   0.000000   )
 (  0.000062   0.000000    -0.000062   0.000000     0.000459   0.000000   )
 ( -0.000000   0.000000     0.000000   0.000000     0.008184   0.000000   )
 ( -0.000000   0.000000     0.000000   0.000000    -0.008184   0.000000   )
 (  0.000062   0.000000     0.000062   0.000000    -0.000459   0.000000   )
 (  0.000062   0.000000     0.000062   0.000000     0.000459   0.000000   )
 ( -0.000000   0.000000     0.000000   0.000000     0.000000   0.000000   )
 ( -0.000310   0.000000    -0.000310   0.000000     0.000000   0.000000   )
 ( -0.000000   0.000000     0.000000   0.000000    -0.000000   0.000000   )
 (  0.000000   0.000000     0.000000   0.000000    -0.000000   0.000000   )
 ( -0.000310   0.000000     0.000310   0.000000     0.000000   0.000000   )
 (  0.000310   0.000000    -0.000310   0.000000     0.000000   0.000000   )
 (  0.000000   0.000000     0.000000   0.000000     0.000000   0.000000   )
 (  0.000310   0.000000     0.000310   0.000000     0.000000   0.000000   )
 (  0.000000   0.000000     0.247646   0.000000    -0.004236   0.000000   )
 ( -0.000000   0.000000    -0.247646   0.000000     0.004236   0.000000   )
 ( -0.000000   0.000000    -0.247646   0.000000    -0.004236   0.000000   )
 (  0.000000   0.000000     0.247646   0.000000     0.004236   0.000000   )
 ( -0.247646   0.000000    -0.000000   0.000000    -0.004236   0.000000   )
 (  0.247646   0.000000     0.000000   0.000000     0.004236   0.000000   )
 (  0.247646   0.000000     0.000000   0.000000    -0.004236   0.000000   )
 ( -0.247646   0.000000    -0.000000   0.000000     0.004236   0.000000   )
 ( -0.252099   0.000000    -0.000000   0.000000     0.006447   0.000000   )
 ( -0.252099   0.000000    -0.000000   0.000000    -0.006447   0.000000   )
 ( -0.000000   0.000000    -0.252099   0.000000    -0.006447   0.000000   )
 ( -0.000000   0.000000    -0.252099   0.000000     0.006447   0.000000   )
 (  0.000000   0.000000     0.252099   0.000000    -0.006447   0.000000   )
 (  0.000000   0.000000     0.252099   0.000000     0.006447   0.000000   )
 (  0.252099   0.000000     0.000000   0.000000     0.006447   0.000000   )
 (  0.252099   0.000000     0.000000   0.000000    -0.006447   0.000000   )
     freq (  120) =      14.763628 [THz] =     492.461620 [cm-1]
 ( -0.000000   0.000000     0.000000   0.000000    -0.018255   0.000000   )
 ( -0.000000   0.000000     0.000000   0.000000     0.018255   0.000000   )
 ( -0.000173   0.000000    -0.000173   0.000000     0.018480   0.000000   )
 ( -0.000173   0.000000    -0.000173   0.000000    -0.018480   0.000000   )
 ( -0.000000   0.000000     0.000000   0.000000    -0.018908   0.000000   )
 ( -0.000000   0.000000     0.000000   0.000000     0.018908   0.000000   )
 (  0.000000   0.000000     0.000000   0.000000    -0.018908   0.000000   )
 (  0.000000   0.000000     0.000000   0.000000     0.018908   0.000000   )
 ( -0.000173   0.000000     0.000173   0.000000     0.018480   0.000000   )
 ( -0.000173   0.000000     0.000173   0.000000    -0.018480   0.000000   )
 (  0.000173   0.000000    -0.000173   0.000000     0.018480   0.000000   )
 (  0.000173   0.000000    -0.000173   0.000000    -0.018480   0.000000   )
 (  0.000000   0.000000    -0.000000   0.000000    -0.018275   0.000000   )
 (  0.000000   0.000000     0.000000   0.000000     0.018275   0.000000   )
 (  0.000173   0.000000     0.000173   0.000000     0.018480   0.000000   )
 (  0.000173   0.000000     0.000173   0.000000    -0.018480   0.000000   )
 (  0.000000   0.000000    -0.000000   0.000000    -0.000000   0.000000   )
 ( -0.000291   0.000000    -0.000291   0.000000    -0.000000   0.000000   )
 (  0.000000   0.000000     0.000000   0.000000    -0.000000   0.000000   )
 ( -0.000000   0.000000    -0.000000   0.000000    -0.000000   0.000000   )
 ( -0.000291   0.000000     0.000291   0.000000    -0.000000   0.000000   )
 (  0.000291   0.000000    -0.000291   0.000000    -0.000000   0.000000   )
 ( -0.000000   0.000000     0.000000   0.000000    -0.000000   0.000000   )
 (  0.000291   0.000000     0.000291   0.000000    -0.000000   0.000000   )
 (  0.000000   0.000000     0.003275   0.000000     0.247768   0.000000   )
 ( -0.000000   0.000000    -0.003275   0.000000    -0.247768   0.000000   )
 ( -0.000000   0.000000    -0.003275   0.000000     0.247768   0.000000   )
 (  0.000000   0.000000     0.003275   0.000000    -0.247768   0.000000   )
 ( -0.003275   0.000000    -0.000000   0.000000     0.247768   0.000000   )
 (  0.003275   0.000000     0.000000   0.000000    -0.247768   0.000000   )
 (  0.003275   0.000000     0.000000   0.000000     0.247768   0.000000   )
 ( -0.003275   0.000000    -0.000000   0.000000    -0.247768   0.000000   )
 ( -0.008060   0.000000    -0.000000   0.000000    -0.250695   0.000000   )
 ( -0.008060   0.000000    -0.000000   0.000000     0.250695   0.000000   )
 ( -0.000000   0.000000    -0.008060   0.000000     0.250695   0.000000   )
 ( -0.000000   0.000000    -0.008060   0.000000    -0.250695   0.000000   )
 (  0.000000   0.000000     0.008060   0.000000     0.250695   0.000000   )
 (  0.000000   0.000000     0.008060   0.000000    -0.250695   0.000000   )
 (  0.008060   0.000000     0.000000   0.000000    -0.250695   0.000000   )
 (  0.008060   0.000000     0.000000   0.000000     0.250695   0.000000   )
 **************************************************************************
