Attaching 13848 to 993869.pbshpc
Attaching 19089 to 993869.pbshpc
Attaching 10976 to 993869.pbshpc

     Program PHONON v.7.3.1 starts on 22Aug2026 at  4:38:37 

     This program is part of the open-source Quantum ESPRESSO suite
     for quantum simulation of materials; please cite
         "P. Giannozzi et al., J. Phys.:Condens. Matter 21 395502 (2009);
         "P. Giannozzi et al., J. Phys.:Condens. Matter 29 465901 (2017);
         "P. Giannozzi et al., J. Chem. Phys. 152 154105 (2020);
          URL http://www.quantum-espresso.org", 
     in publications or presentations arising from this work. More details at
     http://www.quantum-espresso.org/quote

     Parallel version (MPI & OpenMP), running on      64 processor cores
     Number of MPI processes:                64
     Threads/MPI process:                     1

     MPI processes distributed on     4 nodes
     51781 MiB available memory on the printing compute node when the environment starts
 
     Reading input from ph.in
      Title line not specified: using 'default'.

     Reading xml data from directory:

     ./out/v.save/
 
     K-points division:     npool     =       2
     R & G space division:  proc/nbgrp/npool/nimage =      32
     Subspace diagonalization in iterative solution of the eigenvalue problem:
     one sub-group per band group will be used
     scalapack distributed-memory algorithm (size of sub-group:  2*  2 procs)


     IMPORTANT: XC functional enforced from input :
     Exchange-correlation= PZ
                           (   1   1   0   0   0   0   0)
     Any further DFT definition will be discarded
     Please, verify this is what you really want

 
     Parallelization info
     --------------------
     sticks:   dense  smooth     PW     G-vecs:    dense   smooth      PW
     Min         254     126     34                27112     9576    1358
     Max         255     127     35                27118     9585    1367
     Sum        8129    4061   1109               867655   306621   43583
 
     Using Slab Decomposition
 
     Reading collected, re-writing distributed wavefunctions in ./out/

     Number and degeneracy of irreps per q-point
       N         xq(1)         xq(2)         xq(3)   N irreps
       1   0.000000000   0.000000000   0.000000000      87
        1   1   1   1   1   1   1   1   1   1   1   1   1   1   1   1   1   1
   1   1   1   1   1   1   1   1   2   2   2   2   2   2   2   2   2   2
   2   2   2   2   1   1   1   1   1   1   1   1   1   1   1   1   1   1
   1   1   1   1   1   1   1   1   1   1   1   1   1   1   2   2   2   2
   2   2   2   2   2   2   2   2   2   2   2   2   2   2   2

     Calculation of q =    0.0000000   0.0000000   0.0000000

     default                                                                    

     bravais-lattice index     =            0
     lattice parameter (alat)  =      14.6148  a.u.
     unit-cell volume          =    4887.0940 (a.u.)^3
     number of atoms/cell      =           40
     number of atomic types    =            3
     kinetic-energy cut-off    =      60.0000  Ry
     charge density cut-off    =     480.0000  Ry
     convergence threshold     =      1.0E-14
     beta                      =       0.7000
     number of iterations used =            4
     Exchange-correlation= PZ
                           (   1   1   0   0   0   0   0)


     celldm(1)=   14.61480  celldm(2)=    0.00000  celldm(3)=    0.00000
     celldm(4)=    0.00000  celldm(5)=    0.00000  celldm(6)=    0.00000

     crystal axes: (cart. coord. in units of alat)
               a(1) = (  1.0000  0.0000  0.0000 )  
               a(2) = (  0.0000  1.0000  0.0000 )  
               a(3) = (  0.0000  0.0000  1.5656 )  

     reciprocal axes: (cart. coord. in units 2 pi/alat)
               b(1) = (  1.0000  0.0000  0.0000 )  
               b(2) = (  0.0000  1.0000  0.0000 )  
               b(3) = (  0.0000  0.0000  0.6387 )  


     Atoms inside the unit cell: 

     Cartesian axes

     site n.  atom      mass           positions (alat units)
        1  Bi    208.9804   tau(    1) = (    0.00000    0.00000    0.55561  )
        2  Bi    208.9804   tau(    2) = (    0.00000    0.00000    1.00996  )
        3  Bi    208.9804   tau(    3) = (    0.25000    0.25000    1.33840  )
        4  Bi    208.9804   tau(    4) = (    0.25000    0.25000    0.22717  )
        5  Bi    208.9804   tau(    5) = (    0.00000    0.50000    0.55561  )
        6  Bi    208.9804   tau(    6) = (    0.00000    0.50000    1.00996  )
        7  Bi    208.9804   tau(    7) = (    0.50000    0.00000    0.55561  )
        8  Bi    208.9804   tau(    8) = (    0.50000    0.00000    1.00996  )
        9  Bi    208.9804   tau(    9) = (    0.25000    0.75000    1.33840  )
       10  Bi    208.9804   tau(   10) = (    0.25000    0.75000    0.22717  )
       11  Bi    208.9804   tau(   11) = (    0.75000    0.25000    1.33840  )
       12  Bi    208.9804   tau(   12) = (    0.75000    0.25000    0.22717  )
       13  Bi    208.9804   tau(   13) = (    0.50000    0.50000    0.55561  )
       14  Bi    208.9804   tau(   14) = (    0.50000    0.50000    1.00996  )
       15  Bi    208.9804   tau(   15) = (    0.75000    0.75000    1.33840  )
       16  Bi    208.9804   tau(   16) = (    0.75000    0.75000    0.22717  )
       17  Se     78.9600   tau(   17) = (    0.00000    0.00000    0.00000  )
       18  Se     78.9600   tau(   18) = (    0.25000    0.25000    0.78278  )
       19  Se     78.9600   tau(   19) = (    0.00000    0.50000    0.00000  )
       20  Se     78.9600   tau(   20) = (    0.50000    0.00000    0.00000  )
       21  Se     78.9600   tau(   21) = (    0.25000    0.75000    0.78278  )
       22  Se     78.9600   tau(   22) = (    0.75000    0.25000    0.78278  )
       23  Se     78.9600   tau(   23) = (    0.50000    0.50000    0.00000  )
       24  Se     78.9600   tau(   24) = (    0.75000    0.75000    0.78278  )
       25  O      15.9994   tau(   25) = (    0.00000    0.25000    0.39139  )
       26  O      15.9994   tau(   26) = (    0.00000    0.75000    1.17418  )
       27  O      15.9994   tau(   27) = (    0.00000    0.75000    0.39139  )
       28  O      15.9994   tau(   28) = (    0.00000    0.25000    1.17418  )
       29  O      15.9994   tau(   29) = (    0.75000    0.00000    0.39139  )
       30  O      15.9994   tau(   30) = (    0.25000    0.00000    1.17418  )
       31  O      15.9994   tau(   31) = (    0.25000    0.00000    0.39139  )
       32  O      15.9994   tau(   32) = (    0.75000    0.00000    1.17418  )
       33  O      15.9994   tau(   33) = (    0.25000    0.50000    1.17418  )
       34  O      15.9994   tau(   34) = (    0.25000    0.50000    0.39139  )
       35  O      15.9994   tau(   35) = (    0.50000    0.25000    0.39139  )
       36  O      15.9994   tau(   36) = (    0.50000    0.25000    1.17418  )
       37  O      15.9994   tau(   37) = (    0.50000    0.75000    0.39139  )
       38  O      15.9994   tau(   38) = (    0.50000    0.75000    1.17418  )
       39  O      15.9994   tau(   39) = (    0.75000    0.50000    1.17418  )
       40  O      15.9994   tau(   40) = (    0.75000    0.50000    0.39139  )

     Computing dynamical matrix for 
                    q = (   0.0000000   0.0000000   0.0000000 )
 
     17 Sym.Ops. (with q -> -q+G )


     G cutoff = 2596.9707  (  27114 G-vectors)     FFT grid: (108,108,160)
     G cutoff = 1298.4854  (   9585 G-vectors)  smooth grid: ( 75, 75,120)
     number of k points=    40
                       cart. coord. in units 2pi/alat
        k(    1) = (   0.0000000   0.0000000   0.0000000), wk =   0.0092593
        k(    2) = (   0.0000000   0.0000000   0.1064575), wk =   0.0185185
        k(    3) = (   0.0000000   0.0000000   0.2129151), wk =   0.0185185
        k(    4) = (   0.0000000   0.0000000  -0.3193726), wk =   0.0092593
        k(    5) = (   0.0000000   0.1666667   0.0000000), wk =   0.0370370
        k(    6) = (   0.0000000   0.1666667   0.1064575), wk =   0.0740741
        k(    7) = (   0.0000000   0.1666667   0.2129151), wk =   0.0740741
        k(    8) = (   0.0000000   0.1666667  -0.3193726), wk =   0.0370370
        k(    9) = (   0.0000000   0.3333333   0.0000000), wk =   0.0370370
        k(   10) = (   0.0000000   0.3333333   0.1064575), wk =   0.0740741
        k(   11) = (   0.0000000   0.3333333   0.2129151), wk =   0.0740741
        k(   12) = (   0.0000000   0.3333333  -0.3193726), wk =   0.0370370
        k(   13) = (   0.0000000  -0.5000000   0.0000000), wk =   0.0185185
        k(   14) = (   0.0000000  -0.5000000   0.1064575), wk =   0.0370370
        k(   15) = (   0.0000000  -0.5000000   0.2129151), wk =   0.0370370
        k(   16) = (   0.0000000  -0.5000000  -0.3193726), wk =   0.0185185
        k(   17) = (   0.1666667   0.1666667   0.0000000), wk =   0.0370370
        k(   18) = (   0.1666667   0.1666667   0.1064575), wk =   0.0740741
        k(   19) = (   0.1666667   0.1666667   0.2129151), wk =   0.0740741
        k(   20) = (   0.1666667   0.1666667  -0.3193726), wk =   0.0370370
        k(   21) = (   0.1666667   0.3333333   0.0000000), wk =   0.0740741
        k(   22) = (   0.1666667   0.3333333   0.1064575), wk =   0.1481481
        k(   23) = (   0.1666667   0.3333333   0.2129151), wk =   0.1481481
        k(   24) = (   0.1666667   0.3333333  -0.3193726), wk =   0.0740741
        k(   25) = (   0.1666667  -0.5000000   0.0000000), wk =   0.0370370
        k(   26) = (   0.1666667  -0.5000000   0.1064575), wk =   0.0740741
        k(   27) = (   0.1666667  -0.5000000   0.2129151), wk =   0.0740741
        k(   28) = (   0.1666667  -0.5000000  -0.3193726), wk =   0.0370370
        k(   29) = (   0.3333333   0.3333333   0.0000000), wk =   0.0370370
        k(   30) = (   0.3333333   0.3333333   0.1064575), wk =   0.0740741
        k(   31) = (   0.3333333   0.3333333   0.2129151), wk =   0.0740741
        k(   32) = (   0.3333333   0.3333333  -0.3193726), wk =   0.0370370
        k(   33) = (   0.3333333  -0.5000000   0.0000000), wk =   0.0370370
        k(   34) = (   0.3333333  -0.5000000   0.1064575), wk =   0.0740741
        k(   35) = (   0.3333333  -0.5000000   0.2129151), wk =   0.0740741
        k(   36) = (   0.3333333  -0.5000000  -0.3193726), wk =   0.0370370
        k(   37) = (  -0.5000000  -0.5000000   0.0000000), wk =   0.0092593
        k(   38) = (  -0.5000000  -0.5000000   0.1064575), wk =   0.0185185
        k(   39) = (  -0.5000000  -0.5000000   0.2129151), wk =   0.0185185
        k(   40) = (  -0.5000000  -0.5000000  -0.3193726), wk =   0.0092593

     PseudoPot. # 1 for Bi read from file:
     ./Bi.upf
     MD5 check sum: 6872f064adb6bc5e400c0fc6d475decc
     Pseudo is Norm-conserving + core correction, Zval = 15.0
     Generated using ONCVPSP code by D. R. Hamann
     Using radial grid of 1562 points,  6 beta functions with: 
                l(1) =   0
                l(2) =   0
                l(3) =   1
                l(4) =   1
                l(5) =   2
                l(6) =   2

     PseudoPot. # 2 for O  read from file:
     ./O.upf
     MD5 check sum: a1969bbd51a79f57ce766e937222aee4
     Pseudo is Norm-conserving + core correction, Zval =  6.0
     Generated using ONCVPSP code by D. R. Hamann
     Using radial grid of  936 points,  5 beta functions with: 
                l(1) =   0
                l(2) =   0
                l(3) =   1
                l(4) =   1
                l(5) =   2

     PseudoPot. # 3 for Se read from file:
     ./Se.upf
     MD5 check sum: 666d3fce17080e2232e5bf8193ff52c1
     Pseudo is Norm-conserving + core correction, Zval = 16.0
     Generated using ONCVPSP code by D. R. Hamann
     Using radial grid of 1214 points,  6 beta functions with: 
                l(1) =   0
                l(2) =   0
                l(3) =   1
                l(4) =   1
                l(5) =   2
                l(6) =   2

     Mode symmetry, D_4h(4/mmm) point group:


     Electric field:
     Dielectric constant
     Born effective charges as d Force / d E
     Raman tensor


     Atomic displacements:
     There are   87 irreducible representations

     Representation     1      1 modes -  To be done

     Representation     2      1 modes -  To be done

     Representation     3      1 modes -  To be done

     Representation     4      1 modes -  To be done

     Representation     5      1 modes -  To be done

     Representation     6      1 modes -  To be done

     Representation     7      1 modes -  To be done

     Representation     8      1 modes -  To be done

     Representation     9      1 modes -  To be done

     Representation    10      1 modes -  To be done

     Representation    11      1 modes -  To be done

     Representation    12      1 modes -  To be done

     Representation    13      1 modes -  To be done

     Representation    14      1 modes -  To be done

     Representation    15      1 modes -  To be done

     Representation    16      1 modes -  To be done

     Representation    17      1 modes -  To be done

     Representation    18      1 modes -  To be done

     Representation    19      1 modes -  To be done

     Representation    20      1 modes -  To be done

     Representation    21      1 modes -  To be done

     Representation    22      1 modes -  To be done

     Representation    23      1 modes -  To be done

     Representation    24      1 modes -  To be done

     Representation    25      1 modes -  To be done

     Representation    26      1 modes -  To be done

     Representation    27      2 modes -  To be done

     Representation    28      2 modes -  To be done

     Representation    29      2 modes -  To be done

     Representation    30      2 modes -  To be done

     Representation    31      2 modes -  To be done

     Representation    32      2 modes -  To be done

     Representation    33      2 modes -  To be done

     Representation    34      2 modes -  To be done

     Representation    35      2 modes -  To be done

     Representation    36      2 modes -  To be done

     Representation    37      2 modes -  To be done

     Representation    38      2 modes -  To be done

     Representation    39      2 modes -  To be done

     Representation    40      2 modes -  To be done

     Representation    41      1 modes -  To be done

     Representation    42      1 modes -  To be done

     Representation    43      1 modes -  To be done

     Representation    44      1 modes -  To be done

     Representation    45      1 modes -  To be done

     Representation    46      1 modes -  To be done

     Representation    47      1 modes -  To be done

     Representation    48      1 modes -  To be done

     Representation    49      1 modes -  To be done

     Representation    50      1 modes -  To be done

     Representation    51      1 modes -  To be done

     Representation    52      1 modes -  To be done

     Representation    53      1 modes -  To be done

     Representation    54      1 modes -  To be done

     Representation    55      1 modes -  To be done

     Representation    56      1 modes -  To be done

     Representation    57      1 modes -  To be done

     Representation    58      1 modes -  To be done

     Representation    59      1 modes -  To be done

     Representation    60      1 modes -  To be done

     Representation    61      1 modes -  To be done

     Representation    62      1 modes -  To be done

     Representation    63      1 modes -  To be done

     Representation    64      1 modes -  To be done

     Representation    65      1 modes -  To be done

     Representation    66      1 modes -  To be done

     Representation    67      1 modes -  To be done

     Representation    68      1 modes -  To be done

     Representation    69      2 modes -  To be done

     Representation    70      2 modes -  To be done

     Representation    71      2 modes -  To be done

     Representation    72      2 modes -  To be done

     Representation    73      2 modes -  To be done

     Representation    74      2 modes -  To be done

     Representation    75      2 modes -  To be done

     Representation    76      2 modes -  To be done

     Representation    77      2 modes -  To be done

     Representation    78      2 modes -  To be done

     Representation    79      2 modes -  To be done

     Representation    80      2 modes -  To be done

     Representation    81      2 modes -  To be done

     Representation    82      2 modes -  To be done

     Representation    83      2 modes -  To be done

     Representation    84      2 modes -  To be done

     Representation    85      2 modes -  To be done

     Representation    86      2 modes -  To be done

     Representation    87      2 modes -  To be done



     Alpha used in Ewald sum =   2.8000
     PHONON       :     24.96s CPU     31.16s WALL


     Electric Fields Calculation

      iter #   1 total cpu time :  1143.6 secs   av.it.:   8.9
      thresh= 1.000E-02 alpha_mix =  0.700 |ddv_scf|^2 =  3.854E-08

      iter #   2 total cpu time :  1615.3 secs   av.it.:  18.6
      thresh= 1.963E-05 alpha_mix =  0.700 |ddv_scf|^2 =  5.524E-08

      iter #   3 total cpu time :  2036.1 secs   av.it.:  16.4
      thresh= 2.350E-05 alpha_mix =  0.700 |ddv_scf|^2 =  1.054E-09

      iter #   4 total cpu time :  2496.0 secs   av.it.:  17.9
      thresh= 3.246E-06 alpha_mix =  0.700 |ddv_scf|^2 =  3.791E-11

      iter #   5 total cpu time :  2971.8 secs   av.it.:  18.6
      thresh= 6.157E-07 alpha_mix =  0.700 |ddv_scf|^2 =  5.927E-11

      iter #   6 total cpu time :  3339.9 secs   av.it.:  13.9
      thresh= 7.699E-07 alpha_mix =  0.700 |ddv_scf|^2 =  1.148E-11

      iter #   7 total cpu time :  3772.3 secs   av.it.:  16.6
      thresh= 3.388E-07 alpha_mix =  0.700 |ddv_scf|^2 =  9.177E-14

      iter #   8 total cpu time :  4275.6 secs   av.it.:  19.3
      thresh= 3.029E-08 alpha_mix =  0.700 |ddv_scf|^2 =  2.908E-14

      iter #   9 total cpu time :  4762.7 secs   av.it.:  18.8
      thresh= 1.705E-08 alpha_mix =  0.700 |ddv_scf|^2 =  9.016E-14

      iter #  10 total cpu time :  5220.6 secs   av.it.:  17.5
      thresh= 3.003E-08 alpha_mix =  0.700 |ddv_scf|^2 =  1.895E-15

     End of electric fields calculation

          Dielectric constant in cartesian axis 

          (      15.057951678       0.000000000       0.000000000 )
          (       0.000000000      15.057951678       0.000000000 )
          (       0.000000000       0.000000000      10.985149102 )

          Effective charges (d Force / dE) in cartesian axis without acoustic sum rule applied (asr)

           atom    1  Bi    Mean Z*:        5.99309
      Ex  (        6.24409        0.00000        0.00000 )
      Ey  (        0.00000        6.24409        0.00000 )
      Ez  (        0.00000        0.00000        5.49110 )
           atom    2  Bi    Mean Z*:        5.99309
      Ex  (        6.24409        0.00000        0.00000 )
      Ey  (        0.00000        6.24409        0.00000 )
      Ez  (        0.00000        0.00000        5.49110 )
           atom    3  Bi    Mean Z*:        5.99080
      Ex  (        6.24069       -0.00000       -0.00093 )
      Ey  (       -0.00000        6.24069       -0.00093 )
      Ez  (        0.00018        0.00018        5.49102 )
           atom    4  Bi    Mean Z*:        5.99080
      Ex  (        6.24069       -0.00000        0.00093 )
      Ey  (       -0.00000        6.24069        0.00093 )
      Ez  (       -0.00018       -0.00018        5.49102 )
           atom    5  Bi    Mean Z*:        5.99083
      Ex  (        6.24407        0.00000        0.00000 )
      Ey  (        0.00000        6.23712        0.00000 )
      Ez  (        0.00000        0.00000        5.49129 )
           atom    6  Bi    Mean Z*:        5.99083
      Ex  (        6.24407        0.00000        0.00000 )
      Ey  (        0.00000        6.23712        0.00000 )
      Ez  (        0.00000        0.00000        5.49129 )
           atom    7  Bi    Mean Z*:        5.99083
      Ex  (        6.23712        0.00000        0.00000 )
      Ey  (        0.00000        6.24407        0.00000 )
      Ez  (        0.00000        0.00000        5.49129 )
           atom    8  Bi    Mean Z*:        5.99083
      Ex  (        6.23712        0.00000        0.00000 )
      Ey  (        0.00000        6.24407        0.00000 )
      Ez  (        0.00000        0.00000        5.49129 )
           atom    9  Bi    Mean Z*:        5.99080
      Ex  (        6.24069        0.00000       -0.00093 )
      Ey  (        0.00000        6.24069        0.00093 )
      Ez  (        0.00018       -0.00018        5.49102 )
           atom   10  Bi    Mean Z*:        5.99080
      Ex  (        6.24069        0.00000        0.00093 )
      Ey  (        0.00000        6.24069       -0.00093 )
      Ez  (       -0.00018        0.00018        5.49102 )
           atom   11  Bi    Mean Z*:        5.99080
      Ex  (        6.24069        0.00000        0.00093 )
      Ey  (        0.00000        6.24069       -0.00093 )
      Ez  (       -0.00018        0.00018        5.49102 )
           atom   12  Bi    Mean Z*:        5.99080
      Ex  (        6.24069        0.00000       -0.00093 )
      Ey  (        0.00000        6.24069        0.00093 )
      Ez  (        0.00018       -0.00018        5.49102 )
           atom   13  Bi    Mean Z*:        5.98857
      Ex  (        6.23712        0.00000        0.00000 )
      Ey  (        0.00000        6.23712        0.00000 )
      Ez  (        0.00000        0.00000        5.49147 )
           atom   14  Bi    Mean Z*:        5.98857
      Ex  (        6.23712        0.00000        0.00000 )
      Ey  (        0.00000        6.23712        0.00000 )
      Ez  (        0.00000        0.00000        5.49147 )
           atom   15  Bi    Mean Z*:        5.99080
      Ex  (        6.24069       -0.00000        0.00093 )
      Ey  (       -0.00000        6.24069        0.00093 )
      Ez  (       -0.00018       -0.00018        5.49102 )
           atom   16  Bi    Mean Z*:        5.99080
      Ex  (        6.24069       -0.00000       -0.00093 )
      Ey  (       -0.00000        6.24069       -0.00093 )
      Ez  (        0.00018        0.00018        5.49102 )
           atom   17  Se    Mean Z*:       -3.89561
      Ex  (       -4.32807        0.00000        0.00000 )
      Ey  (        0.00000       -4.32807        0.00000 )
      Ez  (        0.00000        0.00000       -3.03067 )
           atom   18  Se    Mean Z*:       -3.89649
      Ex  (       -4.32941       -0.00000        0.00000 )
      Ey  (       -0.00000       -4.32941        0.00000 )
      Ez  (        0.00000        0.00000       -3.03064 )
           atom   19  Se    Mean Z*:       -3.89696
      Ex  (       -4.32820        0.00000        0.00000 )
      Ey  (        0.00000       -4.33167        0.00000 )
      Ez  (        0.00000        0.00000       -3.03101 )
           atom   20  Se    Mean Z*:       -3.89696
      Ex  (       -4.33167        0.00000        0.00000 )
      Ey  (        0.00000       -4.32820        0.00000 )
      Ez  (        0.00000        0.00000       -3.03101 )
           atom   21  Se    Mean Z*:       -3.89649
      Ex  (       -4.32941        0.00000        0.00000 )
      Ey  (        0.00000       -4.32941        0.00000 )
      Ez  (        0.00000        0.00000       -3.03064 )
           atom   22  Se    Mean Z*:       -3.89649
      Ex  (       -4.32941        0.00000        0.00000 )
      Ey  (        0.00000       -4.32941        0.00000 )
      Ez  (        0.00000       -0.00000       -3.03064 )
           atom   23  Se    Mean Z*:       -3.89831
      Ex  (       -4.33179        0.00000        0.00000 )
      Ey  (        0.00000       -4.33179        0.00000 )
      Ez  (        0.00000        0.00000       -3.03135 )
           atom   24  Se    Mean Z*:       -3.89649
      Ex  (       -4.32941       -0.00000        0.00000 )
      Ey  (       -0.00000       -4.32941        0.00000 )
      Ez  (        0.00000       -0.00000       -3.03064 )
           atom   25  O     Mean Z*:       -3.99923
      Ex  (       -4.03356        0.00000        0.00000 )
      Ey  (       -0.00000       -4.03452        0.00020 )
      Ez  (        0.00000       -0.00008       -3.92961 )
           atom   26  O     Mean Z*:       -3.99923
      Ex  (       -4.03356        0.00000        0.00000 )
      Ey  (        0.00000       -4.03452        0.00020 )
      Ez  (        0.00000       -0.00008       -3.92961 )
           atom   27  O     Mean Z*:       -3.99923
      Ex  (       -4.03356        0.00000        0.00000 )
      Ey  (       -0.00000       -4.03452       -0.00020 )
      Ez  (        0.00000        0.00008       -3.92961 )
           atom   28  O     Mean Z*:       -3.99923
      Ex  (       -4.03356        0.00000        0.00000 )
      Ey  (        0.00000       -4.03452       -0.00020 )
      Ez  (        0.00000        0.00008       -3.92961 )
           atom   29  O     Mean Z*:       -3.99923
      Ex  (       -4.03452        0.00000       -0.00020 )
      Ey  (       -0.00000       -4.03356       -0.00000 )
      Ez  (        0.00008        0.00000       -3.92961 )
           atom   30  O     Mean Z*:       -3.99923
      Ex  (       -4.03452        0.00000       -0.00020 )
      Ey  (        0.00000       -4.03356        0.00000 )
      Ez  (        0.00008        0.00000       -3.92961 )
           atom   31  O     Mean Z*:       -3.99923
      Ex  (       -4.03452        0.00000        0.00020 )
      Ey  (       -0.00000       -4.03356        0.00000 )
      Ez  (       -0.00008        0.00000       -3.92961 )
           atom   32  O     Mean Z*:       -3.99923
      Ex  (       -4.03452        0.00000        0.00020 )
      Ey  (        0.00000       -4.03356       -0.00000 )
      Ez  (       -0.00008        0.00000       -3.92961 )
           atom   33  O     Mean Z*:       -4.00000
      Ex  (       -4.03459        0.00000       -0.00020 )
      Ey  (       -0.00000       -4.03578        0.00000 )
      Ez  (        0.00008        0.00000       -3.92963 )
           atom   34  O     Mean Z*:       -4.00000
      Ex  (       -4.03459       -0.00000        0.00020 )
      Ey  (       -0.00000       -4.03578        0.00000 )
      Ez  (       -0.00008        0.00000       -3.92963 )
           atom   35  O     Mean Z*:       -4.00000
      Ex  (       -4.03578        0.00000        0.00000 )
      Ey  (        0.00000       -4.03459        0.00020 )
      Ez  (        0.00000       -0.00008       -3.92963 )
           atom   36  O     Mean Z*:       -4.00000
      Ex  (       -4.03578        0.00000        0.00000 )
      Ey  (       -0.00000       -4.03459       -0.00020 )
      Ez  (        0.00000        0.00008       -3.92963 )
           atom   37  O     Mean Z*:       -4.00000
      Ex  (       -4.03578        0.00000        0.00000 )
      Ey  (        0.00000       -4.03459       -0.00020 )
      Ez  (        0.00000        0.00008       -3.92963 )
           atom   38  O     Mean Z*:       -4.00000
      Ex  (       -4.03578        0.00000        0.00000 )
      Ey  (       -0.00000       -4.03459        0.00020 )
      Ez  (        0.00000       -0.00008       -3.92963 )
           atom   39  O     Mean Z*:       -4.00000
      Ex  (       -4.03459        0.00000        0.00020 )
      Ey  (       -0.00000       -4.03578       -0.00000 )
      Ez  (       -0.00008        0.00000       -3.92963 )
           atom   40  O     Mean Z*:       -4.00000
      Ex  (       -4.03459       -0.00000       -0.00020 )
      Ey  (       -0.00000       -4.03578       -0.00000 )
      Ez  (        0.00008        0.00000       -3.92963 )

          Effective charges Sum: Mean:        0.68545
              0.65920       -0.00000        0.00000
              0.00000        0.65920        0.00000
             -0.00000       -0.00000        0.73796

          Effective charges (d Force / dE) in cartesian axis with asr applied: 
           atom    1  Bi    Mean Z*:        5.97596
      E*x (        6.22761       -0.00000        0.00000 )
      E*y (        0.00000        6.22761        0.00000 )
      E*z (       -0.00000       -0.00000        5.47265 )
           atom    2  Bi    Mean Z*:        5.97596
      E*x (        6.22761       -0.00000        0.00000 )
      E*y (        0.00000        6.22761        0.00000 )
      E*z (       -0.00000       -0.00000        5.47265 )
           atom    3  Bi    Mean Z*:        5.97367
      E*x (        6.22421       -0.00000       -0.00093 )
      E*y (       -0.00000        6.22421       -0.00093 )
      E*z (        0.00018        0.00018        5.47257 )
           atom    4  Bi    Mean Z*:        5.97367
      E*x (        6.22421       -0.00000        0.00093 )
      E*y (       -0.00000        6.22421        0.00093 )
      E*z (       -0.00018       -0.00018        5.47257 )
           atom    5  Bi    Mean Z*:        5.97369
      E*x (        6.22759       -0.00000        0.00000 )
      E*y (        0.00000        6.22064        0.00000 )
      E*z (       -0.00000       -0.00000        5.47284 )
           atom    6  Bi    Mean Z*:        5.97369
      E*x (        6.22759       -0.00000        0.00000 )
      E*y (        0.00000        6.22064        0.00000 )
      E*z (       -0.00000       -0.00000        5.47284 )
           atom    7  Bi    Mean Z*:        5.97369
      E*x (        6.22064       -0.00000        0.00000 )
      E*y (        0.00000        6.22759        0.00000 )
      E*z (       -0.00000       -0.00000        5.47284 )
           atom    8  Bi    Mean Z*:        5.97369
      E*x (        6.22064       -0.00000        0.00000 )
      E*y (        0.00000        6.22759        0.00000 )
      E*z (       -0.00000       -0.00000        5.47284 )
           atom    9  Bi    Mean Z*:        5.97367
      E*x (        6.22421        0.00000       -0.00093 )
      E*y (        0.00000        6.22421        0.00093 )
      E*z (        0.00018       -0.00018        5.47257 )
           atom   10  Bi    Mean Z*:        5.97367
      E*x (        6.22421        0.00000        0.00093 )
      E*y (        0.00000        6.22421       -0.00093 )
      E*z (       -0.00018        0.00018        5.47257 )
           atom   11  Bi    Mean Z*:        5.97367
      E*x (        6.22421        0.00000        0.00093 )
      E*y (        0.00000        6.22421       -0.00093 )
      E*z (       -0.00018        0.00018        5.47257 )
           atom   12  Bi    Mean Z*:        5.97367
      E*x (        6.22421        0.00000       -0.00093 )
      E*y (        0.00000        6.22421        0.00093 )
      E*z (        0.00018       -0.00018        5.47257 )
           atom   13  Bi    Mean Z*:        5.97144
      E*x (        6.22064       -0.00000        0.00000 )
      E*y (        0.00000        6.22064        0.00000 )
      E*z (       -0.00000       -0.00000        5.47302 )
           atom   14  Bi    Mean Z*:        5.97144
      E*x (        6.22064       -0.00000        0.00000 )
      E*y (        0.00000        6.22064        0.00000 )
      E*z (       -0.00000       -0.00000        5.47302 )
           atom   15  Bi    Mean Z*:        5.97367
      E*x (        6.22421       -0.00000        0.00093 )
      E*y (       -0.00000        6.22421        0.00093 )
      E*z (       -0.00018       -0.00018        5.47257 )
           atom   16  Bi    Mean Z*:        5.97367
      E*x (        6.22421       -0.00000       -0.00093 )
      E*y (       -0.00000        6.22421       -0.00093 )
      E*z (        0.00018        0.00018        5.47257 )
           atom   17  Se    Mean Z*:       -3.91274
      E*x (       -4.34455       -0.00000        0.00000 )
      E*y (        0.00000       -4.34455        0.00000 )
      E*z (       -0.00000       -0.00000       -3.04912 )
           atom   18  Se    Mean Z*:       -3.91363
      E*x (       -4.34589       -0.00000        0.00000 )
      E*y (       -0.00000       -4.34589        0.00000 )
      E*z (       -0.00000        0.00000       -3.04909 )
           atom   19  Se    Mean Z*:       -3.91409
      E*x (       -4.34468       -0.00000        0.00000 )
      E*y (        0.00000       -4.34815        0.00000 )
      E*z (       -0.00000       -0.00000       -3.04946 )
           atom   20  Se    Mean Z*:       -3.91409
      E*x (       -4.34815       -0.00000        0.00000 )
      E*y (        0.00000       -4.34468        0.00000 )
      E*z (       -0.00000       -0.00000       -3.04946 )
           atom   21  Se    Mean Z*:       -3.91363
      E*x (       -4.34589        0.00000        0.00000 )
      E*y (        0.00000       -4.34589        0.00000 )
      E*z (       -0.00000        0.00000       -3.04909 )
           atom   22  Se    Mean Z*:       -3.91363
      E*x (       -4.34589        0.00000        0.00000 )
      E*y (        0.00000       -4.34589        0.00000 )
      E*z (       -0.00000       -0.00000       -3.04909 )
           atom   23  Se    Mean Z*:       -3.91545
      E*x (       -4.34827       -0.00000        0.00000 )
      E*y (        0.00000       -4.34827        0.00000 )
      E*z (       -0.00000       -0.00000       -3.04980 )
           atom   24  Se    Mean Z*:       -3.91363
      E*x (       -4.34589       -0.00000        0.00000 )
      E*y (       -0.00000       -4.34589        0.00000 )
      E*z (       -0.00000       -0.00000       -3.04909 )
           atom   25  O     Mean Z*:       -4.01636
      E*x (       -4.05004        0.00000        0.00000 )
      E*y (       -0.00000       -4.05100        0.00020 )
      E*z (       -0.00000       -0.00008       -3.94805 )
           atom   26  O     Mean Z*:       -4.01636
      E*x (       -4.05004       -0.00000        0.00000 )
      E*y (        0.00000       -4.05100        0.00020 )
      E*z (       -0.00000       -0.00008       -3.94805 )
           atom   27  O     Mean Z*:       -4.01636
      E*x (       -4.05004        0.00000        0.00000 )
      E*y (       -0.00000       -4.05100       -0.00020 )
      E*z (       -0.00000        0.00008       -3.94805 )
           atom   28  O     Mean Z*:       -4.01636
      E*x (       -4.05004       -0.00000        0.00000 )
      E*y (        0.00000       -4.05100       -0.00020 )
      E*z (       -0.00000        0.00008       -3.94805 )
           atom   29  O     Mean Z*:       -4.01636
      E*x (       -4.05100       -0.00000       -0.00020 )
      E*y (       -0.00000       -4.05004       -0.00000 )
      E*z (        0.00008       -0.00000       -3.94805 )
           atom   30  O     Mean Z*:       -4.01636
      E*x (       -4.05100        0.00000       -0.00020 )
      E*y (        0.00000       -4.05004        0.00000 )
      E*z (        0.00008       -0.00000       -3.94805 )
           atom   31  O     Mean Z*:       -4.01636
      E*x (       -4.05100       -0.00000        0.00020 )
      E*y (       -0.00000       -4.05004        0.00000 )
      E*z (       -0.00008       -0.00000       -3.94805 )
           atom   32  O     Mean Z*:       -4.01636
      E*x (       -4.05100        0.00000        0.00020 )
      E*y (        0.00000       -4.05004       -0.00000 )
      E*z (       -0.00008       -0.00000       -3.94805 )
           atom   33  O     Mean Z*:       -4.01714
      E*x (       -4.05107       -0.00000       -0.00020 )
      E*y (       -0.00000       -4.05226        0.00000 )
      E*z (        0.00008       -0.00000       -3.94808 )
           atom   34  O     Mean Z*:       -4.01714
      E*x (       -4.05107       -0.00000        0.00020 )
      E*y (       -0.00000       -4.05226        0.00000 )
      E*z (       -0.00008       -0.00000       -3.94808 )
           atom   35  O     Mean Z*:       -4.01714
      E*x (       -4.05226        0.00000        0.00000 )
      E*y (        0.00000       -4.05107        0.00020 )
      E*z (       -0.00000       -0.00008       -3.94808 )
           atom   36  O     Mean Z*:       -4.01714
      E*x (       -4.05226        0.00000        0.00000 )
      E*y (       -0.00000       -4.05107       -0.00020 )
      E*z (       -0.00000        0.00008       -3.94808 )
           atom   37  O     Mean Z*:       -4.01714
      E*x (       -4.05226        0.00000        0.00000 )
      E*y (        0.00000       -4.05107       -0.00020 )
      E*z (       -0.00000        0.00008       -3.94808 )
           atom   38  O     Mean Z*:       -4.01714
      E*x (       -4.05226        0.00000        0.00000 )
      E*y (       -0.00000       -4.05107        0.00020 )
      E*z (       -0.00000       -0.00008       -3.94808 )
           atom   39  O     Mean Z*:       -4.01714
      E*x (       -4.05107       -0.00000        0.00020 )
      E*y (       -0.00000       -4.05226       -0.00000 )
      E*z (       -0.00008       -0.00000       -3.94808 )
           atom   40  O     Mean Z*:       -4.01714
      E*x (       -4.05107       -0.00000       -0.00020 )
      E*y (       -0.00000       -4.05226       -0.00000 )
      E*z (        0.00008       -0.00000       -3.94808 )

     Calling punch_plot_e
     Writing on file  drho                                                                                                                                                                                                                                                            

     Computing Pc [DH,Drho] |psi> 

     Derivative coefficient:  0.001000    Threshold: 1.00E-12
     Non-scf  u_k: avg # of iterations = 28.2
     Non-scf Du_k: avg # of iterations = 47.2

          Dielectric constant from finite-differences

          (      15.058049375       0.000000000       0.000000000 )
          (       0.000000000      15.058049375       0.000000000 )
          (       0.000000000       0.000000000      10.985370746 )

     Computing Second order response 


      iter #   1   av.it.:  14.3
      thresh= 1.000E-02 alpha_mix =  0.700 |ddv_scf|^2 =  7.273E-05


      iter #   2   av.it.:  17.4
      thresh= 8.528E-04 alpha_mix =  0.700 |ddv_scf|^2 =  5.641E-04


      iter #   3   av.it.:  12.7
      thresh= 2.375E-03 alpha_mix =  0.700 |ddv_scf|^2 =  1.058E-06


      iter #   4   av.it.:  16.5
      thresh= 1.029E-04 alpha_mix =  0.700 |ddv_scf|^2 =  2.707E-08


      iter #   5   av.it.:  18.0
      thresh= 1.645E-05 alpha_mix =  0.700 |ddv_scf|^2 =  1.024E-09


      iter #   6   av.it.:  17.9
      thresh= 3.200E-06 alpha_mix =  0.700 |ddv_scf|^2 =  3.253E-09


      iter #   7   av.it.:  15.9
      thresh= 5.703E-06 alpha_mix =  0.700 |ddv_scf|^2 =  7.196E-11


      iter #   8   av.it.:  18.1
      thresh= 8.483E-07 alpha_mix =  0.700 |ddv_scf|^2 =  4.832E-12


      iter #   9   av.it.:  19.1
      thresh= 2.198E-07 alpha_mix =  0.700 |ddv_scf|^2 =  6.387E-12


      iter #  10   av.it.:  17.0
      thresh= 2.527E-07 alpha_mix =  0.700 |ddv_scf|^2 =  5.128E-12


      iter #  11   av.it.:  16.2
      thresh= 2.265E-07 alpha_mix =  0.700 |ddv_scf|^2 =  1.262E-13


      iter #  12   av.it.:  18.5
      thresh= 3.552E-08 alpha_mix =  0.700 |ddv_scf|^2 =  1.942E-13


      iter #  13   av.it.:  16.5
      thresh= 4.407E-08 alpha_mix =  0.700 |ddv_scf|^2 =  2.533E-14


      iter #  14   av.it.:  17.6
      thresh= 1.591E-08 alpha_mix =  0.700 |ddv_scf|^2 =  1.294E-14


      iter #  15   av.it.:  17.4
      thresh= 1.137E-08 alpha_mix =  0.700 |ddv_scf|^2 =  3.482E-15

          Raman tensor (au^-1) in cartesian axis 

           atom      1
          (       0.000000000       0.000000000       0.280398803 )
          (       0.000000000       0.000000000       0.000000000 )
          (       0.280398803       0.000000000       0.000000000 )

          (       0.000000000       0.000000000       0.000000000 )
          (       0.000000000       0.000000000       0.280398803 )
          (       0.000000000       0.280398803       0.000000000 )

          (       0.245093325       0.000000000       0.000000000 )
          (       0.000000000       0.245093325       0.000000000 )
          (       0.000000000       0.000000000       0.208833133 )

           atom      2
          (       0.000000000       0.000000000      -0.280398803 )
          (       0.000000000       0.000000000       0.000000000 )
          (      -0.280398803       0.000000000       0.000000000 )

          (       0.000000000       0.000000000       0.000000000 )
          (       0.000000000       0.000000000      -0.280398803 )
          (       0.000000000      -0.280398803       0.000000000 )

          (      -0.245093325       0.000000000       0.000000000 )
          (       0.000000000      -0.245093325       0.000000000 )
          (       0.000000000       0.000000000      -0.208833133 )

           atom      3
          (      -0.000039507       0.000007130       0.280402249 )
          (       0.000007130      -0.000043209       0.000001526 )
          (       0.280402249       0.000001526      -0.000005619 )

          (      -0.000043209       0.000007130       0.000001526 )
          (       0.000007130      -0.000039507       0.280402249 )
          (       0.000001526       0.280402249      -0.000005619 )

          (       0.245103199       0.000004619      -0.000011605 )
          (       0.000004619       0.245103199      -0.000011605 )
          (      -0.000011605      -0.000011605       0.208901312 )

           atom      4
          (      -0.000039507       0.000007130      -0.280402249 )
          (       0.000007130      -0.000043209      -0.000001526 )
          (      -0.280402249      -0.000001526      -0.000005619 )

          (      -0.000043209       0.000007130      -0.000001526 )
          (       0.000007130      -0.000039507      -0.280402249 )
          (      -0.000001526      -0.280402249      -0.000005619 )

          (      -0.245103199      -0.000004619      -0.000011605 )
          (      -0.000004619      -0.245103199      -0.000011605 )
          (      -0.000011605      -0.000011605      -0.208901312 )

           atom      5
          (       0.000000000       0.000000000       0.280419460 )
          (       0.000000000       0.000000000       0.000000000 )
          (       0.280419460       0.000000000       0.000000000 )

          (       0.000000000       0.000000000       0.000000000 )
          (       0.000000000       0.000000000       0.280391325 )
          (       0.000000000       0.280391325       0.000000000 )

          (       0.245138685       0.000000000       0.000000000 )
          (       0.000000000       0.245047143       0.000000000 )
          (       0.000000000       0.000000000       0.208846164 )

           atom      6
          (       0.000000000       0.000000000      -0.280419460 )
          (       0.000000000       0.000000000       0.000000000 )
          (      -0.280419460       0.000000000       0.000000000 )

          (       0.000000000       0.000000000       0.000000000 )
          (       0.000000000       0.000000000      -0.280391325 )
          (       0.000000000      -0.280391325       0.000000000 )

          (      -0.245138685       0.000000000       0.000000000 )
          (       0.000000000      -0.245047143       0.000000000 )
          (       0.000000000       0.000000000      -0.208846164 )

           atom      7
          (       0.000000000       0.000000000       0.280391325 )
          (       0.000000000       0.000000000       0.000000000 )
          (       0.280391325       0.000000000       0.000000000 )

          (       0.000000000       0.000000000       0.000000000 )
          (       0.000000000       0.000000000       0.280419460 )
          (       0.000000000       0.280419460       0.000000000 )

          (       0.245047143       0.000000000       0.000000000 )
          (       0.000000000       0.245138685       0.000000000 )
          (       0.000000000       0.000000000       0.208846164 )

           atom      8
          (       0.000000000       0.000000000      -0.280391325 )
          (       0.000000000       0.000000000       0.000000000 )
          (      -0.280391325       0.000000000       0.000000000 )

          (       0.000000000       0.000000000       0.000000000 )
          (       0.000000000       0.000000000      -0.280419460 )
          (       0.000000000      -0.280419460       0.000000000 )

          (      -0.245047143       0.000000000       0.000000000 )
          (       0.000000000      -0.245138685       0.000000000 )
          (       0.000000000       0.000000000      -0.208846164 )

           atom      9
          (      -0.000039507      -0.000007130       0.280402249 )
          (      -0.000007130      -0.000043209      -0.000001526 )
          (       0.280402249      -0.000001526      -0.000005619 )

          (       0.000043209       0.000007130      -0.000001526 )
          (       0.000007130       0.000039507       0.280402249 )
          (      -0.000001526       0.280402249       0.000005619 )

          (       0.245103199      -0.000004619      -0.000011605 )
          (      -0.000004619       0.245103199       0.000011605 )
          (      -0.000011605       0.000011605       0.208901312 )

           atom     10
          (      -0.000039507      -0.000007130      -0.280402249 )
          (      -0.000007130      -0.000043209       0.000001526 )
          (      -0.280402249       0.000001526      -0.000005619 )

          (       0.000043209       0.000007130       0.000001526 )
          (       0.000007130       0.000039507      -0.280402249 )
          (       0.000001526      -0.280402249       0.000005619 )

          (      -0.245103199       0.000004619      -0.000011605 )
          (       0.000004619      -0.245103199       0.000011605 )
          (      -0.000011605       0.000011605      -0.208901312 )

           atom     11
          (       0.000039507       0.000007130       0.280402249 )
          (       0.000007130       0.000043209      -0.000001526 )
          (       0.280402249      -0.000001526       0.000005619 )

          (      -0.000043209      -0.000007130      -0.000001526 )
          (      -0.000007130      -0.000039507       0.280402249 )
          (      -0.000001526       0.280402249      -0.000005619 )

          (       0.245103199      -0.000004619       0.000011605 )
          (      -0.000004619       0.245103199      -0.000011605 )
          (       0.000011605      -0.000011605       0.208901312 )

           atom     12
          (       0.000039507       0.000007130      -0.280402249 )
          (       0.000007130       0.000043209       0.000001526 )
          (      -0.280402249       0.000001526       0.000005619 )

          (      -0.000043209      -0.000007130       0.000001526 )
          (      -0.000007130      -0.000039507      -0.280402249 )
          (       0.000001526      -0.280402249      -0.000005619 )

          (      -0.245103199       0.000004619       0.000011605 )
          (       0.000004619      -0.245103199      -0.000011605 )
          (       0.000011605      -0.000011605      -0.208901312 )

           atom     13
          (       0.000000000       0.000000000       0.280410371 )
          (       0.000000000       0.000000000       0.000000000 )
          (       0.280410371       0.000000000       0.000000000 )

          (       0.000000000       0.000000000       0.000000000 )
          (       0.000000000       0.000000000       0.280410371 )
          (       0.000000000       0.280410371       0.000000000 )

          (       0.245084849       0.000000000       0.000000000 )
          (       0.000000000       0.245084849       0.000000000 )
          (       0.000000000       0.000000000       0.208859154 )

           atom     14
          (       0.000000000       0.000000000      -0.280410371 )
          (       0.000000000       0.000000000       0.000000000 )
          (      -0.280410371       0.000000000       0.000000000 )

          (       0.000000000       0.000000000       0.000000000 )
          (       0.000000000       0.000000000      -0.280410371 )
          (       0.000000000      -0.280410371       0.000000000 )

          (      -0.245084849       0.000000000       0.000000000 )
          (       0.000000000      -0.245084849       0.000000000 )
          (       0.000000000       0.000000000      -0.208859154 )

           atom     15
          (       0.000039507      -0.000007130       0.280402249 )
          (      -0.000007130       0.000043209       0.000001526 )
          (       0.280402249       0.000001526       0.000005619 )

          (       0.000043209      -0.000007130       0.000001526 )
          (      -0.000007130       0.000039507       0.280402249 )
          (       0.000001526       0.280402249       0.000005619 )

          (       0.245103199       0.000004619       0.000011605 )
          (       0.000004619       0.245103199       0.000011605 )
          (       0.000011605       0.000011605       0.208901312 )

           atom     16
          (       0.000039507      -0.000007130      -0.280402249 )
          (      -0.000007130       0.000043209      -0.000001526 )
          (      -0.280402249      -0.000001526       0.000005619 )

          (       0.000043209      -0.000007130      -0.000001526 )
          (      -0.000007130       0.000039507      -0.280402249 )
          (      -0.000001526      -0.280402249       0.000005619 )

          (      -0.245103199      -0.000004619       0.000011605 )
          (      -0.000004619      -0.245103199       0.000011605 )
          (       0.000011605       0.000011605      -0.208901312 )

           atom     17
          (       0.000000000       0.000000000       0.000000000 )
          (       0.000000000       0.000000000       0.000000000 )
          (       0.000000000       0.000000000       0.000000000 )

          (       0.000000000       0.000000000       0.000000000 )
          (       0.000000000       0.000000000       0.000000000 )
          (       0.000000000       0.000000000       0.000000000 )

          (       0.000000000      -0.000000000       0.000000000 )
          (      -0.000000000       0.000000000       0.000000000 )
          (       0.000000000       0.000000000       0.000000000 )

           atom     18
          (      -0.000001882       0.000013996       0.000000000 )
          (       0.000013996       0.000002679       0.000000000 )
          (       0.000000000       0.000000000       0.000002085 )

          (       0.000002679       0.000013996       0.000000000 )
          (       0.000013996      -0.000001882      -0.000000000 )
          (       0.000000000      -0.000000000       0.000002085 )

          (       0.000000000       0.000000000      -0.000001296 )
          (       0.000000000       0.000000000      -0.000001296 )
          (      -0.000001296      -0.000001296      -0.000000000 )

           atom     19
          (       0.000000000       0.000000000       0.000000000 )
          (       0.000000000       0.000000000       0.000000000 )
          (       0.000000000       0.000000000       0.000000000 )

          (       0.000000000       0.000000000      -0.000000000 )
          (       0.000000000       0.000000000       0.000000000 )
          (      -0.000000000       0.000000000       0.000000000 )

          (       0.000000000       0.000000000       0.000000000 )
          (       0.000000000       0.000000000       0.000000000 )
          (       0.000000000       0.000000000       0.000000000 )

           atom     20
          (       0.000000000       0.000000000       0.000000000 )
          (       0.000000000       0.000000000      -0.000000000 )
          (       0.000000000      -0.000000000       0.000000000 )

          (       0.000000000       0.000000000       0.000000000 )
          (       0.000000000       0.000000000       0.000000000 )
          (       0.000000000       0.000000000       0.000000000 )

          (       0.000000000      -0.000000000       0.000000000 )
          (      -0.000000000       0.000000000       0.000000000 )
          (       0.000000000       0.000000000       0.000000000 )

           atom     21
          (      -0.000001882      -0.000013996       0.000000000 )
          (      -0.000013996       0.000002679       0.000000000 )
          (       0.000000000       0.000000000       0.000002085 )

          (      -0.000002679       0.000013996       0.000000000 )
          (       0.000013996       0.000001882      -0.000000000 )
          (       0.000000000      -0.000000000      -0.000002085 )

          (       0.000000000       0.000000000      -0.000001296 )
          (       0.000000000       0.000000000       0.000001296 )
          (      -0.000001296       0.000001296       0.000000000 )

           atom     22
          (       0.000001882       0.000013996       0.000000000 )
          (       0.000013996      -0.000002679       0.000000000 )
          (       0.000000000       0.000000000      -0.000002085 )

          (       0.000002679      -0.000013996       0.000000000 )
          (      -0.000013996      -0.000001882      -0.000000000 )
          (       0.000000000      -0.000000000       0.000002085 )

          (       0.000000000       0.000000000       0.000001296 )
          (       0.000000000       0.000000000      -0.000001296 )
          (       0.000001296      -0.000001296      -0.000000000 )

           atom     23
          (       0.000000000       0.000000000       0.000000000 )
          (       0.000000000       0.000000000       0.000000000 )
          (       0.000000000       0.000000000       0.000000000 )

          (       0.000000000       0.000000000       0.000000000 )
          (       0.000000000       0.000000000       0.000000000 )
          (       0.000000000       0.000000000       0.000000000 )

          (       0.000000000       0.000000000       0.000000000 )
          (       0.000000000       0.000000000       0.000000000 )
          (       0.000000000       0.000000000       0.000000000 )

           atom     24
          (       0.000001882      -0.000013996       0.000000000 )
          (      -0.000013996      -0.000002679       0.000000000 )
          (       0.000000000       0.000000000      -0.000002085 )

          (      -0.000002679      -0.000013996       0.000000000 )
          (      -0.000013996       0.000001882      -0.000000000 )
          (       0.000000000      -0.000000000      -0.000002085 )

          (       0.000000000       0.000000000       0.000001296 )
          (       0.000000000       0.000000000       0.000001296 )
          (       0.000001296       0.000001296       0.000000000 )

           atom     25
          (       0.000000000      -0.000015863       0.096377971 )
          (      -0.000015863       0.000000000      -0.000000000 )
          (       0.096377971      -0.000000000       0.000000000 )

          (      -0.000046359       0.000000000      -0.000000000 )
          (       0.000000000      -0.000023673      -0.096391480 )
          (      -0.000000000      -0.096391480      -0.000003999 )

          (      -0.202550409       0.000000000       0.000000000 )
          (       0.000000000       0.202551737      -0.000009734 )
          (       0.000000000      -0.000009734       0.000015178 )

           atom     26
          (       0.000000000       0.000015863      -0.096377971 )
          (       0.000015863       0.000000000       0.000000000 )
          (      -0.096377971       0.000000000       0.000000000 )

          (       0.000046359       0.000000000       0.000000000 )
          (       0.000000000       0.000023673       0.096391480 )
          (       0.000000000       0.096391480       0.000003999 )

          (       0.202550409      -0.000000000       0.000000000 )
          (      -0.000000000      -0.202551737       0.000009734 )
          (       0.000000000       0.000009734      -0.000015178 )

           atom     27
          (      -0.000000000       0.000015863       0.096377971 )
          (       0.000015863       0.000000000      -0.000000000 )
          (       0.096377971      -0.000000000       0.000000000 )

          (       0.000046359       0.000000000      -0.000000000 )
          (       0.000000000       0.000023673      -0.096391480 )
          (      -0.000000000      -0.096391480       0.000003999 )

          (      -0.202550409       0.000000000       0.000000000 )
          (       0.000000000       0.202551737       0.000009734 )
          (       0.000000000       0.000009734       0.000015178 )

           atom     28
          (      -0.000000000      -0.000015863      -0.096377971 )
          (      -0.000015863       0.000000000       0.000000000 )
          (      -0.096377971       0.000000000       0.000000000 )

          (      -0.000046359      -0.000000000       0.000000000 )
          (      -0.000000000      -0.000023673       0.096391480 )
          (       0.000000000       0.096391480      -0.000003999 )

          (       0.202550409      -0.000000000       0.000000000 )
          (      -0.000000000      -0.202551737      -0.000009734 )
          (       0.000000000      -0.000009734      -0.000015178 )

           atom     29
          (       0.000023673       0.000000000      -0.096391480 )
          (       0.000000000       0.000046359      -0.000000000 )
          (      -0.096391480      -0.000000000       0.000003999 )

          (       0.000000000       0.000015863       0.000000000 )
          (       0.000015863       0.000000000       0.096377971 )
          (       0.000000000       0.096377971       0.000000000 )

          (       0.202551737      -0.000000000       0.000009734 )
          (      -0.000000000      -0.202550409       0.000000000 )
          (       0.000009734       0.000000000       0.000015178 )

           atom     30
          (      -0.000023673       0.000000000       0.096391480 )
          (       0.000000000      -0.000046359       0.000000000 )
          (       0.096391480       0.000000000      -0.000003999 )

          (       0.000000000      -0.000015863       0.000000000 )
          (      -0.000015863       0.000000000      -0.096377971 )
          (       0.000000000      -0.096377971       0.000000000 )

          (      -0.202551737      -0.000000000      -0.000009734 )
          (      -0.000000000       0.202550409       0.000000000 )
          (      -0.000009734       0.000000000      -0.000015178 )

           atom     31
          (      -0.000023673       0.000000000      -0.096391480 )
          (       0.000000000      -0.000046359      -0.000000000 )
          (      -0.096391480      -0.000000000      -0.000003999 )

          (       0.000000000      -0.000015863       0.000000000 )
          (      -0.000015863       0.000000000       0.096377971 )
          (       0.000000000       0.096377971       0.000000000 )

          (       0.202551737      -0.000000000      -0.000009734 )
          (      -0.000000000      -0.202550409       0.000000000 )
          (      -0.000009734       0.000000000       0.000015178 )

           atom     32
          (       0.000023673       0.000000000       0.096391480 )
          (       0.000000000       0.000046359       0.000000000 )
          (       0.096391480       0.000000000       0.000003999 )

          (       0.000000000       0.000015863       0.000000000 )
          (       0.000015863       0.000000000      -0.096377971 )
          (       0.000000000      -0.096377971       0.000000000 )

          (      -0.202551737      -0.000000000       0.000009734 )
          (      -0.000000000       0.202550409       0.000000000 )
          (       0.000009734       0.000000000      -0.000015178 )

           atom     33
          (      -0.000020506       0.000000000       0.096391936 )
          (       0.000000000      -0.000044467      -0.000000000 )
          (       0.096391936      -0.000000000      -0.000004787 )

          (       0.000000000      -0.000013212      -0.000000000 )
          (      -0.000013212       0.000000000      -0.096404902 )
          (      -0.000000000      -0.096404902       0.000000000 )

          (      -0.202556708       0.000000000      -0.000007768 )
          (       0.000000000       0.202470086       0.000000000 )
          (      -0.000007768       0.000000000      -0.000022913 )

           atom     34
          (      -0.000020506      -0.000000000      -0.096391936 )
          (      -0.000000000      -0.000044467      -0.000000000 )
          (      -0.096391936      -0.000000000      -0.000004787 )

          (       0.000000000      -0.000013212       0.000000000 )
          (      -0.000013212       0.000000000       0.096404902 )
          (       0.000000000       0.096404902       0.000000000 )

          (       0.202556708      -0.000000000      -0.000007768 )
          (      -0.000000000      -0.202470086       0.000000000 )
          (      -0.000007768       0.000000000       0.000022913 )

           atom     35
          (       0.000000000      -0.000013212       0.096404902 )
          (      -0.000013212       0.000000000       0.000000000 )
          (       0.096404902       0.000000000       0.000000000 )

          (      -0.000044467      -0.000000000       0.000000000 )
          (      -0.000000000      -0.000020506      -0.096391936 )
          (       0.000000000      -0.096391936      -0.000004787 )

          (      -0.202470086      -0.000000000       0.000000000 )
          (      -0.000000000       0.202556708      -0.000007768 )
          (       0.000000000      -0.000007768       0.000022913 )

           atom     36
          (      -0.000000000      -0.000013212      -0.096404902 )
          (      -0.000013212       0.000000000      -0.000000000 )
          (      -0.096404902      -0.000000000       0.000000000 )

          (      -0.000044467       0.000000000       0.000000000 )
          (       0.000000000      -0.000020506       0.096391936 )
          (       0.000000000       0.096391936      -0.000004787 )

          (       0.202470086      -0.000000000       0.000000000 )
          (      -0.000000000      -0.202556708      -0.000007768 )
          (       0.000000000      -0.000007768      -0.000022913 )

           atom     37
          (      -0.000000000       0.000013212       0.096404902 )
          (       0.000013212       0.000000000       0.000000000 )
          (       0.096404902       0.000000000       0.000000000 )

          (       0.000044467      -0.000000000       0.000000000 )
          (      -0.000000000       0.000020506      -0.096391936 )
          (       0.000000000      -0.096391936       0.000004787 )

          (      -0.202470086      -0.000000000       0.000000000 )
          (      -0.000000000       0.202556708       0.000007768 )
          (       0.000000000       0.000007768       0.000022913 )

           atom     38
          (       0.000000000       0.000013212      -0.096404902 )
          (       0.000013212       0.000000000      -0.000000000 )
          (      -0.096404902      -0.000000000       0.000000000 )

          (       0.000044467       0.000000000       0.000000000 )
          (       0.000000000       0.000020506       0.096391936 )
          (       0.000000000       0.096391936       0.000004787 )

          (       0.202470086      -0.000000000       0.000000000 )
          (      -0.000000000      -0.202556708       0.000007768 )
          (       0.000000000       0.000007768      -0.000022913 )

           atom     39
          (       0.000020506       0.000000000       0.096391936 )
          (       0.000000000       0.000044467      -0.000000000 )
          (       0.096391936      -0.000000000       0.000004787 )

          (       0.000000000       0.000013212      -0.000000000 )
          (       0.000013212       0.000000000      -0.096404902 )
          (      -0.000000000      -0.096404902       0.000000000 )

          (      -0.202556708       0.000000000       0.000007768 )
          (       0.000000000       0.202470086       0.000000000 )
          (       0.000007768       0.000000000      -0.000022913 )

           atom     40
          (       0.000020506       0.000000000      -0.096391936 )
          (       0.000000000       0.000044467      -0.000000000 )
          (      -0.096391936      -0.000000000       0.000004787 )

          (       0.000000000       0.000013212       0.000000000 )
          (       0.000013212       0.000000000       0.096404902 )
          (       0.000000000       0.096404902       0.000000000 )

          (       0.202556708      -0.000000000       0.000007768 )
          (      -0.000000000      -0.202470086       0.000000000 )
          (       0.000007768       0.000000000       0.000022913 )


     Raman tensor (A^2)

     atom #    1    pol.  1
      0.000000000000E+00      0.000000000000E+00      0.305364996428E+02
      0.000000000000E+00      0.000000000000E+00      0.000000000000E+00
      0.305364996428E+02      0.000000000000E+00      0.000000000000E+00
     atom #    1    pol.  2
      0.000000000000E+00      0.000000000000E+00      0.000000000000E+00
      0.000000000000E+00      0.000000000000E+00      0.305364996428E+02
      0.000000000000E+00      0.305364996428E+02      0.000000000000E+00
     atom #    1    pol.  3
      0.266915984407E+02      0.000000000000E+00      0.000000000000E+00
      0.000000000000E+00      0.266915984407E+02      0.000000000000E+00
      0.000000000000E+00      0.000000000000E+00      0.227427250748E+02
     atom #    2    pol.  1
      0.000000000000E+00      0.000000000000E+00     -0.305364996428E+02
      0.000000000000E+00      0.000000000000E+00      0.000000000000E+00
     -0.305364996428E+02      0.000000000000E+00      0.000000000000E+00
     atom #    2    pol.  2
      0.000000000000E+00      0.000000000000E+00      0.000000000000E+00
      0.000000000000E+00      0.000000000000E+00     -0.305364996428E+02
      0.000000000000E+00     -0.305364996428E+02      0.000000000000E+00
     atom #    2    pol.  3
     -0.266915984407E+02      0.000000000000E+00      0.000000000000E+00
      0.000000000000E+00     -0.266915984407E+02      0.000000000000E+00
      0.000000000000E+00      0.000000000000E+00     -0.227427250748E+02
     atom #    3    pol.  1
     -0.430249478014E-02      0.776454443548E-03      0.305368749276E+02
      0.776454443548E-03     -0.470564683309E-02      0.166144428241E-03
      0.305368749276E+02      0.166144428241E-03     -0.611932799454E-03
     atom #    3    pol.  2
     -0.470564683309E-02      0.776454443548E-03      0.166144428241E-03
      0.776454443548E-03     -0.430249478014E-02      0.305368749276E+02
      0.166144428241E-03      0.305368749276E+02     -0.611932799454E-03
     atom #    3    pol.  3
      0.266926737309E+02      0.503043292339E-03     -0.126385819333E-02
      0.503043292339E-03      0.266926737309E+02     -0.126385819333E-02
     -0.126385819333E-02     -0.126385819333E-02      0.227501500728E+02
     atom #    4    pol.  1
     -0.430249478014E-02      0.776454443548E-03     -0.305368749276E+02
      0.776454443548E-03     -0.470564683309E-02     -0.166144428241E-03
     -0.305368749276E+02     -0.166144428241E-03     -0.611932799454E-03
     atom #    4    pol.  2
     -0.470564683309E-02      0.776454443548E-03     -0.166144428241E-03
      0.776454443548E-03     -0.430249478014E-02     -0.305368749276E+02
     -0.166144428241E-03     -0.305368749276E+02     -0.611932799454E-03
     atom #    4    pol.  3
     -0.266926737309E+02     -0.503043292337E-03     -0.126385819333E-02
     -0.503043292337E-03     -0.266926737309E+02     -0.126385819333E-02
     -0.126385819333E-02     -0.126385819333E-02     -0.227501500728E+02
     atom #    5    pol.  1
      0.000000000000E+00      0.000000000000E+00      0.305387493210E+02
      0.000000000000E+00      0.000000000000E+00      0.000000000000E+00
      0.305387493210E+02      0.000000000000E+00      0.000000000000E+00
     atom #    5    pol.  2
      0.000000000000E+00      0.000000000000E+00      0.000000000000E+00
      0.000000000000E+00      0.000000000000E+00      0.305356852851E+02
      0.000000000000E+00      0.305356852851E+02      0.000000000000E+00
     atom #    5    pol.  3
      0.266965382755E+02      0.000000000000E+00      0.000000000000E+00
      0.000000000000E+00      0.266865689792E+02      0.000000000000E+00
      0.000000000000E+00      0.000000000000E+00      0.227441442002E+02
     atom #    6    pol.  1
      0.000000000000E+00      0.000000000000E+00     -0.305387493210E+02
      0.000000000000E+00      0.000000000000E+00      0.000000000000E+00
     -0.305387493210E+02      0.000000000000E+00      0.000000000000E+00
     atom #    6    pol.  2
      0.000000000000E+00      0.000000000000E+00      0.000000000000E+00
      0.000000000000E+00      0.000000000000E+00     -0.305356852851E+02
      0.000000000000E+00     -0.305356852851E+02      0.000000000000E+00
     atom #    6    pol.  3
     -0.266965382755E+02      0.000000000000E+00      0.000000000000E+00
      0.000000000000E+00     -0.266865689792E+02      0.000000000000E+00
      0.000000000000E+00      0.000000000000E+00     -0.227441442002E+02
     atom #    7    pol.  1
      0.000000000000E+00      0.000000000000E+00      0.305356852851E+02
      0.000000000000E+00      0.000000000000E+00      0.000000000000E+00
      0.305356852851E+02      0.000000000000E+00      0.000000000000E+00
     atom #    7    pol.  2
      0.000000000000E+00      0.000000000000E+00      0.000000000000E+00
      0.000000000000E+00      0.000000000000E+00      0.305387493210E+02
      0.000000000000E+00      0.305387493210E+02      0.000000000000E+00
     atom #    7    pol.  3
      0.266865689792E+02      0.000000000000E+00      0.000000000000E+00
      0.000000000000E+00      0.266965382755E+02      0.000000000000E+00
      0.000000000000E+00      0.000000000000E+00      0.227441442002E+02
     atom #    8    pol.  1
      0.000000000000E+00      0.000000000000E+00     -0.305356852851E+02
      0.000000000000E+00      0.000000000000E+00      0.000000000000E+00
     -0.305356852851E+02      0.000000000000E+00      0.000000000000E+00
     atom #    8    pol.  2
      0.000000000000E+00      0.000000000000E+00      0.000000000000E+00
      0.000000000000E+00      0.000000000000E+00     -0.305387493210E+02
      0.000000000000E+00     -0.305387493210E+02      0.000000000000E+00
     atom #    8    pol.  3
     -0.266865689792E+02      0.000000000000E+00      0.000000000000E+00
      0.000000000000E+00     -0.266965382755E+02      0.000000000000E+00
      0.000000000000E+00      0.000000000000E+00     -0.227441442002E+02
     atom #    9    pol.  1
     -0.430249478014E-02     -0.776454443548E-03      0.305368749276E+02
     -0.776454443548E-03     -0.470564683309E-02     -0.166144428241E-03
      0.305368749276E+02     -0.166144428241E-03     -0.611932799454E-03
     atom #    9    pol.  2
      0.470564683309E-02      0.776454443548E-03     -0.166144428241E-03
      0.776454443548E-03      0.430249478014E-02      0.305368749276E+02
     -0.166144428241E-03      0.305368749276E+02      0.611932799454E-03
     atom #    9    pol.  3
      0.266926737309E+02     -0.503043292338E-03     -0.126385819333E-02
     -0.503043292338E-03      0.266926737309E+02      0.126385819333E-02
     -0.126385819333E-02      0.126385819333E-02      0.227501500728E+02
     atom #   10    pol.  1
     -0.430249478014E-02     -0.776454443548E-03     -0.305368749276E+02
     -0.776454443548E-03     -0.470564683309E-02      0.166144428241E-03
     -0.305368749276E+02      0.166144428241E-03     -0.611932799454E-03
     atom #   10    pol.  2
      0.470564683309E-02      0.776454443548E-03      0.166144428241E-03
      0.776454443548E-03      0.430249478014E-02     -0.305368749276E+02
      0.166144428241E-03     -0.305368749276E+02      0.611932799454E-03
     atom #   10    pol.  3
     -0.266926737309E+02      0.503043292337E-03     -0.126385819333E-02
      0.503043292337E-03     -0.266926737309E+02      0.126385819333E-02
     -0.126385819333E-02      0.126385819333E-02     -0.227501500728E+02
     atom #   11    pol.  1
      0.430249478014E-02      0.776454443548E-03      0.305368749276E+02
      0.776454443548E-03      0.470564683309E-02     -0.166144428241E-03
      0.305368749276E+02     -0.166144428241E-03      0.611932799454E-03
     atom #   11    pol.  2
     -0.470564683309E-02     -0.776454443548E-03     -0.166144428241E-03
     -0.776454443548E-03     -0.430249478014E-02      0.305368749276E+02
     -0.166144428241E-03      0.305368749276E+02     -0.611932799454E-03
     atom #   11    pol.  3
      0.266926737309E+02     -0.503043292338E-03      0.126385819333E-02
     -0.503043292338E-03      0.266926737309E+02     -0.126385819333E-02
      0.126385819333E-02     -0.126385819333E-02      0.227501500728E+02
     atom #   12    pol.  1
      0.430249478014E-02      0.776454443548E-03     -0.305368749276E+02
      0.776454443548E-03      0.470564683309E-02      0.166144428241E-03
     -0.305368749276E+02      0.166144428241E-03      0.611932799454E-03
     atom #   12    pol.  2
     -0.470564683309E-02     -0.776454443548E-03      0.166144428241E-03
     -0.776454443548E-03     -0.430249478014E-02     -0.305368749276E+02
      0.166144428241E-03     -0.305368749276E+02     -0.611932799454E-03
     atom #   12    pol.  3
     -0.266926737309E+02      0.503043292337E-03      0.126385819333E-02
      0.503043292337E-03     -0.266926737309E+02     -0.126385819333E-02
      0.126385819333E-02     -0.126385819333E-02     -0.227501500728E+02
     atom #   13    pol.  1
      0.000000000000E+00      0.000000000000E+00      0.305377595182E+02
      0.000000000000E+00      0.000000000000E+00      0.000000000000E+00
      0.305377595182E+02      0.000000000000E+00      0.000000000000E+00
     atom #   13    pol.  2
      0.000000000000E+00      0.000000000000E+00      0.000000000000E+00
      0.000000000000E+00      0.000000000000E+00      0.305377595182E+02
      0.000000000000E+00      0.305377595182E+02      0.000000000000E+00
     atom #   13    pol.  3
      0.266906753759E+02      0.000000000000E+00      0.000000000000E+00
      0.000000000000E+00      0.266906753759E+02      0.000000000000E+00
      0.000000000000E+00      0.000000000000E+00      0.227455588551E+02
     atom #   14    pol.  1
      0.000000000000E+00      0.000000000000E+00     -0.305377595182E+02
      0.000000000000E+00      0.000000000000E+00      0.000000000000E+00
     -0.305377595182E+02      0.000000000000E+00      0.000000000000E+00
     atom #   14    pol.  2
      0.000000000000E+00      0.000000000000E+00      0.000000000000E+00
      0.000000000000E+00      0.000000000000E+00     -0.305377595182E+02
      0.000000000000E+00     -0.305377595182E+02      0.000000000000E+00
     atom #   14    pol.  3
     -0.266906753759E+02      0.000000000000E+00      0.000000000000E+00
      0.000000000000E+00     -0.266906753759E+02      0.000000000000E+00
      0.000000000000E+00      0.000000000000E+00     -0.227455588551E+02
     atom #   15    pol.  1
      0.430249478014E-02     -0.776454443548E-03      0.305368749276E+02
     -0.776454443548E-03      0.470564683309E-02      0.166144428241E-03
      0.305368749276E+02      0.166144428241E-03      0.611932799454E-03
     atom #   15    pol.  2
      0.470564683309E-02     -0.776454443548E-03      0.166144428241E-03
     -0.776454443548E-03      0.430249478014E-02      0.305368749276E+02
      0.166144428241E-03      0.305368749276E+02      0.611932799454E-03
     atom #   15    pol.  3
      0.266926737309E+02      0.503043292339E-03      0.126385819333E-02
      0.503043292339E-03      0.266926737309E+02      0.126385819333E-02
      0.126385819333E-02      0.126385819333E-02      0.227501500728E+02
     atom #   16    pol.  1
      0.430249478014E-02     -0.776454443548E-03     -0.305368749276E+02
     -0.776454443548E-03      0.470564683309E-02     -0.166144428241E-03
     -0.305368749276E+02     -0.166144428241E-03      0.611932799454E-03
     atom #   16    pol.  2
      0.470564683309E-02     -0.776454443548E-03     -0.166144428241E-03
     -0.776454443548E-03      0.430249478014E-02     -0.305368749276E+02
     -0.166144428241E-03     -0.305368749276E+02      0.611932799454E-03
     atom #   16    pol.  3
     -0.266926737309E+02     -0.503043292337E-03      0.126385819333E-02
     -0.503043292337E-03     -0.266926737309E+02      0.126385819333E-02
      0.126385819333E-02      0.126385819333E-02     -0.227501500728E+02
     atom #   17    pol.  1
      0.000000000000E+00      0.000000000000E+00      0.000000000000E+00
      0.000000000000E+00      0.000000000000E+00      0.000000000000E+00
      0.000000000000E+00      0.000000000000E+00      0.000000000000E+00
     atom #   17    pol.  2
      0.000000000000E+00      0.000000000000E+00      0.117842252660E-18
      0.000000000000E+00      0.000000000000E+00      0.000000000000E+00
      0.117842252660E-18      0.000000000000E+00      0.000000000000E+00
     atom #   17    pol.  3
      0.000000000000E+00     -0.294605631651E-19      0.000000000000E+00
     -0.294605631651E-19      0.000000000000E+00      0.000000000000E+00
      0.000000000000E+00      0.000000000000E+00      0.000000000000E+00
     atom #   18    pol.  1
     -0.204992114929E-03      0.152426253727E-02      0.000000000000E+00
      0.152426253727E-02      0.291720832741E-03      0.000000000000E+00
      0.000000000000E+00      0.000000000000E+00      0.227021418805E-03
     atom #   18    pol.  2
      0.291720832741E-03      0.152426253727E-02      0.000000000000E+00
      0.152426253727E-02     -0.204992114929E-03     -0.294605631651E-19
      0.000000000000E+00     -0.294605631651E-19      0.227021418805E-03
     atom #   18    pol.  3
      0.000000000000E+00      0.000000000000E+00     -0.141169147158E-03
      0.000000000000E+00      0.589211263302E-19     -0.141169147158E-03
     -0.141169147158E-03     -0.141169147158E-03     -0.240395490881E-19
     atom #   19    pol.  1
      0.000000000000E+00      0.000000000000E+00      0.000000000000E+00
      0.000000000000E+00      0.000000000000E+00      0.125207393452E-18
      0.000000000000E+00      0.125207393452E-18      0.000000000000E+00
     atom #   19    pol.  2
      0.000000000000E+00      0.000000000000E+00     -0.353526757981E-18
      0.000000000000E+00      0.000000000000E+00      0.000000000000E+00
     -0.353526757981E-18      0.000000000000E+00      0.000000000000E+00
     atom #   19    pol.  3
      0.000000000000E+00      0.589211263302E-19      0.000000000000E+00
      0.589211263302E-19      0.000000000000E+00      0.000000000000E+00
      0.000000000000E+00      0.000000000000E+00      0.000000000000E+00
     atom #   20    pol.  1
      0.000000000000E+00      0.000000000000E+00      0.000000000000E+00
      0.000000000000E+00      0.000000000000E+00     -0.405082743520E-18
      0.000000000000E+00     -0.405082743520E-18      0.000000000000E+00
     atom #   20    pol.  2
      0.000000000000E+00      0.000000000000E+00      0.589211263302E-19
      0.000000000000E+00      0.000000000000E+00      0.000000000000E+00
      0.589211263302E-19      0.000000000000E+00      0.000000000000E+00
     atom #   20    pol.  3
      0.000000000000E+00     -0.294605631651E-19      0.000000000000E+00
     -0.294605631651E-19      0.000000000000E+00      0.000000000000E+00
      0.000000000000E+00      0.000000000000E+00      0.000000000000E+00
     atom #   21    pol.  1
     -0.204992114929E-03     -0.152426253727E-02      0.589211263302E-19
     -0.152426253727E-02      0.291720832741E-03      0.000000000000E+00
      0.589211263302E-19      0.000000000000E+00      0.227021418805E-03
     atom #   21    pol.  2
     -0.291720832741E-03      0.152426253727E-02      0.000000000000E+00
      0.152426253727E-02      0.204992114929E-03     -0.294605631651E-19
      0.000000000000E+00     -0.294605631651E-19     -0.227021418805E-03
     atom #   21    pol.  3
      0.117842252660E-18      0.000000000000E+00     -0.141169147158E-03
      0.000000000000E+00      0.000000000000E+00      0.141169147158E-03
     -0.141169147158E-03      0.141169147158E-03      0.000000000000E+00
     atom #   22    pol.  1
      0.204992114929E-03      0.152426253727E-02      0.589211263302E-19
      0.152426253727E-02     -0.291720832741E-03      0.000000000000E+00
      0.589211263302E-19      0.000000000000E+00     -0.227021418805E-03
     atom #   22    pol.  2
      0.291720832741E-03     -0.152426253727E-02      0.589211263302E-19
     -0.152426253727E-02     -0.204992114929E-03     -0.294605631651E-19
      0.589211263302E-19     -0.294605631651E-19      0.227021418805E-03
     atom #   22    pol.  3
      0.117842252660E-18      0.000000000000E+00      0.141169147158E-03
      0.000000000000E+00      0.000000000000E+00     -0.141169147158E-03
      0.141169147158E-03     -0.141169147158E-03     -0.120197745440E-19
     atom #   23    pol.  1
      0.000000000000E+00      0.000000000000E+00      0.000000000000E+00
      0.000000000000E+00      0.000000000000E+00      0.000000000000E+00
      0.000000000000E+00      0.000000000000E+00      0.000000000000E+00
     atom #   23    pol.  2
      0.000000000000E+00      0.000000000000E+00      0.000000000000E+00
      0.000000000000E+00      0.000000000000E+00      0.000000000000E+00
      0.000000000000E+00      0.000000000000E+00      0.000000000000E+00
     atom #   23    pol.  3
      0.000000000000E+00      0.589211263302E-19      0.000000000000E+00
      0.589211263302E-19      0.000000000000E+00      0.000000000000E+00
      0.000000000000E+00      0.000000000000E+00      0.000000000000E+00
     atom #   24    pol.  1
      0.204992114929E-03     -0.152426253727E-02      0.000000000000E+00
     -0.152426253727E-02     -0.291720832741E-03      0.000000000000E+00
      0.000000000000E+00      0.000000000000E+00     -0.227021418805E-03
     atom #   24    pol.  2
     -0.291720832741E-03     -0.152426253727E-02      0.000000000000E+00
     -0.152426253727E-02      0.204992114929E-03     -0.294605631651E-19
      0.000000000000E+00     -0.294605631651E-19     -0.227021418805E-03
     atom #   24    pol.  3
      0.000000000000E+00      0.000000000000E+00      0.141169147158E-03
      0.000000000000E+00      0.589211263302E-19      0.141169147158E-03
      0.141169147158E-03      0.141169147158E-03      0.120197745440E-19
     atom #   25    pol.  1
      0.413258138981E-16     -0.172753475225E-02      0.104959287975E+02
     -0.172753475225E-02      0.000000000000E+00     -0.120670466724E-15
      0.104959287975E+02     -0.120670466724E-15      0.000000000000E+00
     atom #   25    pol.  2
     -0.504867853385E-02      0.236147507989E-16     -0.603352333621E-16
      0.236147507989E-16     -0.257810802938E-02     -0.104974000029E+02
     -0.603352333621E-16     -0.104974000029E+02     -0.435546152599E-03
     atom #   25    pol.  3
     -0.220585125206E+02      0.000000000000E+00      0.000000000000E+00
      0.000000000000E+00      0.220586570900E+02     -0.106010361714E-02
      0.000000000000E+00     -0.106010361714E-02      0.165293928171E-02
     atom #   26    pol.  1
      0.413258138981E-16      0.172753475225E-02     -0.104959287975E+02
      0.172753475225E-02      0.000000000000E+00      0.000000000000E+00
     -0.104959287975E+02      0.000000000000E+00      0.000000000000E+00
     atom #   26    pol.  2
      0.504867853385E-02      0.236147507989E-16      0.603352333621E-16
      0.236147507989E-16      0.257810802938E-02      0.104974000029E+02
      0.603352333621E-16      0.104974000029E+02      0.435546152599E-03
     atom #   26    pol.  3
      0.220585125206E+02     -0.150838083405E-16      0.000000000000E+00
     -0.150838083405E-16     -0.220586570900E+02      0.106010361714E-02
      0.000000000000E+00      0.106010361714E-02     -0.165293928171E-02
     atom #   27    pol.  1
     -0.413258138981E-16      0.172753475225E-02      0.104959287975E+02
      0.172753475225E-02      0.000000000000E+00     -0.120670466724E-15
      0.104959287975E+02     -0.120670466724E-15      0.000000000000E+00
     atom #   27    pol.  2
      0.504867853385E-02      0.236147507989E-16     -0.603352333621E-16
      0.236147507989E-16      0.257810802938E-02     -0.104974000029E+02
     -0.603352333621E-16     -0.104974000029E+02      0.435546152599E-03
     atom #   27    pol.  3
     -0.220585125206E+02      0.000000000000E+00      0.000000000000E+00
      0.000000000000E+00      0.220586570900E+02      0.106010361714E-02
      0.000000000000E+00      0.106010361714E-02      0.165293928171E-02
     atom #   28    pol.  1
     -0.413258138981E-16     -0.172753475225E-02     -0.104959287975E+02
     -0.172753475225E-02      0.000000000000E+00      0.000000000000E+00
     -0.104959287975E+02      0.000000000000E+00      0.000000000000E+00
     atom #   28    pol.  2
     -0.504867853385E-02     -0.236147507989E-16      0.603352333621E-16
     -0.236147507989E-16     -0.257810802938E-02      0.104974000029E+02
      0.603352333621E-16      0.104974000029E+02     -0.435546152599E-03
     atom #   28    pol.  3
      0.220585125206E+02     -0.150838083405E-16      0.000000000000E+00
     -0.150838083405E-16     -0.220586570900E+02     -0.106010361714E-02
      0.000000000000E+00     -0.106010361714E-02     -0.165293928171E-02
     atom #   29    pol.  1
      0.257810802938E-02      0.000000000000E+00     -0.104974000029E+02
      0.000000000000E+00      0.504867853385E-02     -0.120670466724E-15
     -0.104974000029E+02     -0.120670466724E-15      0.435546152599E-03
     atom #   29    pol.  2
      0.000000000000E+00      0.172753475225E-02      0.603352333621E-16
      0.172753475225E-02      0.000000000000E+00      0.104959287975E+02
      0.603352333621E-16      0.104959287975E+02      0.000000000000E+00
     atom #   29    pol.  3
      0.220586570900E+02     -0.301676166811E-16      0.106010361714E-02
     -0.301676166811E-16     -0.220585125206E+02      0.000000000000E+00
      0.106010361714E-02      0.000000000000E+00      0.165293928171E-02
     atom #   30    pol.  1
     -0.257810802938E-02      0.000000000000E+00      0.104974000029E+02
      0.000000000000E+00     -0.504867853385E-02      0.120670466724E-15
      0.104974000029E+02      0.120670466724E-15     -0.435546152599E-03
     atom #   30    pol.  2
      0.000000000000E+00     -0.172753475225E-02      0.000000000000E+00
     -0.172753475225E-02      0.000000000000E+00     -0.104959287975E+02
      0.000000000000E+00     -0.104959287975E+02      0.000000000000E+00
     atom #   30    pol.  3
     -0.220586570900E+02     -0.301676166811E-16     -0.106010361714E-02
     -0.301676166811E-16      0.220585125206E+02      0.000000000000E+00
     -0.106010361714E-02      0.000000000000E+00     -0.165293928171E-02
     atom #   31    pol.  1
     -0.257810802938E-02      0.000000000000E+00     -0.104974000029E+02
      0.000000000000E+00     -0.504867853385E-02     -0.120670466724E-15
     -0.104974000029E+02     -0.120670466724E-15     -0.435546152599E-03
     atom #   31    pol.  2
      0.000000000000E+00     -0.172753475225E-02      0.603352333621E-16
     -0.172753475225E-02      0.000000000000E+00      0.104959287975E+02
      0.603352333621E-16      0.104959287975E+02      0.000000000000E+00
     atom #   31    pol.  3
      0.220586570900E+02     -0.301676166811E-16     -0.106010361714E-02
     -0.301676166811E-16     -0.220585125206E+02      0.000000000000E+00
     -0.106010361714E-02      0.000000000000E+00      0.165293928171E-02
     atom #   32    pol.  1
      0.257810802938E-02      0.472295015978E-16      0.104974000029E+02
      0.472295015978E-16      0.504867853385E-02      0.120670466724E-15
      0.104974000029E+02      0.120670466724E-15      0.435546152599E-03
     atom #   32    pol.  2
      0.000000000000E+00      0.172753475225E-02      0.000000000000E+00
      0.172753475225E-02      0.000000000000E+00     -0.104959287975E+02
      0.000000000000E+00     -0.104959287975E+02      0.000000000000E+00
     atom #   32    pol.  3
     -0.220586570900E+02     -0.301676166811E-16      0.106010361714E-02
     -0.301676166811E-16      0.220585125206E+02      0.000000000000E+00
      0.106010361714E-02      0.000000000000E+00     -0.165293928171E-02
     atom #   33    pol.  1
     -0.223318541918E-02      0.472295015978E-16      0.104974497198E+02
      0.472295015978E-16     -0.484267925449E-02     -0.120670466724E-15
      0.104974497198E+02     -0.120670466724E-15     -0.521358478960E-03
     atom #   33    pol.  2
      0.000000000000E+00     -0.143884430891E-02     -0.603352333621E-16
     -0.143884430891E-02      0.000000000000E+00     -0.104988617257E+02
     -0.603352333621E-16     -0.104988617257E+02      0.000000000000E+00
     atom #   33    pol.  3
     -0.220591984338E+02      0.301676166811E-16     -0.845969559497E-03
      0.301676166811E-16      0.220497650550E+02      0.000000000000E+00
     -0.845969559497E-03      0.000000000000E+00     -0.249534931736E-02
     atom #   34    pol.  1
     -0.223318541918E-02     -0.472295015978E-16     -0.104974497198E+02
     -0.472295015978E-16     -0.484267925449E-02     -0.603352333621E-16
     -0.104974497198E+02     -0.603352333621E-16     -0.521358478960E-03
     atom #   34    pol.  2
      0.000000000000E+00     -0.143884430891E-02      0.603352333621E-16
     -0.143884430891E-02      0.000000000000E+00      0.104988617257E+02
      0.603352333621E-16      0.104988617257E+02      0.000000000000E+00
     atom #   34    pol.  3
      0.220591984338E+02     -0.452514250216E-16     -0.845969559497E-03
     -0.452514250216E-16     -0.220497650550E+02      0.000000000000E+00
     -0.845969559497E-03      0.000000000000E+00      0.249534931736E-02
     atom #   35    pol.  1
      0.590368769972E-17     -0.143884430891E-02      0.104988617257E+02
     -0.143884430891E-02      0.000000000000E+00      0.120670466724E-15
      0.104988617257E+02      0.120670466724E-15      0.000000000000E+00
     atom #   35    pol.  2
     -0.484267925449E-02     -0.236147507989E-16      0.120670466724E-15
     -0.236147507989E-16     -0.223318541918E-02     -0.104974497198E+02
      0.120670466724E-15     -0.104974497198E+02     -0.521358478960E-03
     atom #   35    pol.  3
     -0.220497650550E+02     -0.150838083405E-16      0.000000000000E+00
     -0.150838083405E-16      0.220591984338E+02     -0.845969559497E-03
      0.000000000000E+00     -0.845969559497E-03      0.249534931736E-02
     atom #   36    pol.  1
     -0.590368769972E-17     -0.143884430891E-02     -0.104988617257E+02
     -0.143884430891E-02      0.000000000000E+00     -0.120670466724E-15
     -0.104988617257E+02     -0.120670466724E-15      0.000000000000E+00
     atom #   36    pol.  2
     -0.484267925449E-02      0.236147507989E-16      0.120670466724E-15
      0.236147507989E-16     -0.223318541918E-02      0.104974497198E+02
      0.120670466724E-15      0.104974497198E+02     -0.521358478960E-03
     atom #   36    pol.  3
      0.220497650550E+02     -0.150838083405E-16      0.000000000000E+00
     -0.150838083405E-16     -0.220591984338E+02     -0.845969559497E-03
      0.000000000000E+00     -0.845969559497E-03     -0.249534931736E-02
     atom #   37    pol.  1
     -0.590368769972E-17      0.143884430891E-02      0.104988617257E+02
      0.143884430891E-02      0.000000000000E+00      0.120670466724E-15
      0.104988617257E+02      0.120670466724E-15      0.000000000000E+00
     atom #   37    pol.  2
      0.484267925449E-02     -0.236147507989E-16      0.120670466724E-15
     -0.236147507989E-16      0.223318541918E-02     -0.104974497198E+02
      0.120670466724E-15     -0.104974497198E+02      0.521358478960E-03
     atom #   37    pol.  3
     -0.220497650550E+02     -0.150838083405E-16      0.000000000000E+00
     -0.150838083405E-16      0.220591984338E+02      0.845969559497E-03
      0.000000000000E+00      0.845969559497E-03      0.249534931736E-02
     atom #   38    pol.  1
      0.590368769972E-17      0.143884430891E-02     -0.104988617257E+02
      0.143884430891E-02      0.000000000000E+00     -0.120670466724E-15
     -0.104988617257E+02     -0.120670466724E-15      0.000000000000E+00
     atom #   38    pol.  2
      0.484267925449E-02      0.236147507989E-16      0.120670466724E-15
      0.236147507989E-16      0.223318541918E-02      0.104974497198E+02
      0.120670466724E-15      0.104974497198E+02      0.521358478960E-03
     atom #   38    pol.  3
      0.220497650550E+02     -0.150838083405E-16      0.000000000000E+00
     -0.150838083405E-16     -0.220591984338E+02      0.845969559497E-03
      0.000000000000E+00      0.845969559497E-03     -0.249534931736E-02
     atom #   39    pol.  1
      0.223318541918E-02      0.000000000000E+00      0.104974497198E+02
      0.000000000000E+00      0.484267925449E-02     -0.120670466724E-15
      0.104974497198E+02     -0.120670466724E-15      0.521358478960E-03
     atom #   39    pol.  2
      0.000000000000E+00      0.143884430891E-02     -0.603352333621E-16
      0.143884430891E-02      0.000000000000E+00     -0.104988617257E+02
     -0.603352333621E-16     -0.104988617257E+02      0.000000000000E+00
     atom #   39    pol.  3
     -0.220591984338E+02      0.301676166811E-16      0.845969559497E-03
      0.301676166811E-16      0.220497650550E+02      0.000000000000E+00
      0.845969559497E-03      0.000000000000E+00     -0.249534931736E-02
     atom #   40    pol.  1
      0.223318541918E-02      0.000000000000E+00     -0.104974497198E+02
      0.000000000000E+00      0.484267925449E-02     -0.603352333621E-16
     -0.104974497198E+02     -0.603352333621E-16      0.521358478960E-03
     atom #   40    pol.  2
      0.000000000000E+00      0.143884430891E-02      0.603352333621E-16
      0.143884430891E-02      0.000000000000E+00      0.104988617257E+02
      0.603352333621E-16      0.104988617257E+02      0.000000000000E+00
     atom #   40    pol.  3
      0.220591984338E+02     -0.452514250216E-16      0.845969559497E-03
     -0.452514250216E-16     -0.220497650550E+02      0.000000000000E+00
      0.845969559497E-03      0.000000000000E+00      0.249534931736E-02


     Representation #   1 mode #   1

     Self-consistent Calculation

      iter #   1 total cpu time : 45808.6 secs   av.it.:   6.0
      thresh= 1.000E-02 alpha_mix =  0.700 |ddv_scf|^2 =  2.667E-07

      iter #   2 total cpu time : 45961.7 secs   av.it.:  17.4
      thresh= 5.164E-05 alpha_mix =  0.700 |ddv_scf|^2 =  2.248E-06

      iter #   3 total cpu time : 46093.8 secs   av.it.:  14.9
      thresh= 1.499E-04 alpha_mix =  0.700 |ddv_scf|^2 =  7.297E-08

      iter #   4 total cpu time : 46231.6 secs   av.it.:  15.6
      thresh= 2.701E-05 alpha_mix =  0.700 |ddv_scf|^2 =  9.993E-09

      iter #   5 total cpu time : 46370.0 secs   av.it.:  15.6
      thresh= 9.996E-06 alpha_mix =  0.700 |ddv_scf|^2 =  8.169E-10

      iter #   6 total cpu time : 46514.2 secs   av.it.:  16.1
      thresh= 2.858E-06 alpha_mix =  0.700 |ddv_scf|^2 =  1.114E-10

      iter #   7 total cpu time : 46660.1 secs   av.it.:  16.6
      thresh= 1.056E-06 alpha_mix =  0.700 |ddv_scf|^2 =  4.795E-12

      iter #   8 total cpu time : 46806.2 secs   av.it.:  16.6
      thresh= 2.190E-07 alpha_mix =  0.700 |ddv_scf|^2 =  8.503E-13

      iter #   9 total cpu time : 46946.0 secs   av.it.:  15.8
      thresh= 9.221E-08 alpha_mix =  0.700 |ddv_scf|^2 =  2.991E-14

      iter #  10 total cpu time : 47101.0 secs   av.it.:  17.7
      thresh= 1.729E-08 alpha_mix =  0.700 |ddv_scf|^2 =  2.839E-14

      iter #  11 total cpu time : 47245.3 secs   av.it.:  16.2
      thresh= 1.685E-08 alpha_mix =  0.700 |ddv_scf|^2 =  1.368E-14

      iter #  12 total cpu time : 47388.6 secs   av.it.:  16.0
      thresh= 1.170E-08 alpha_mix =  0.700 |ddv_scf|^2 =  4.394E-15

     End of self-consistent calculation

     Convergence has been achieved 


     Representation #   2 mode #   2

     Self-consistent Calculation

      iter #   1 total cpu time : 47474.1 secs   av.it.:   7.7
      thresh= 1.000E-02 alpha_mix =  0.700 |ddv_scf|^2 =  1.625E-06

      iter #   2 total cpu time : 47625.8 secs   av.it.:  17.2
      thresh= 1.275E-04 alpha_mix =  0.700 |ddv_scf|^2 =  2.142E-05

      iter #   3 total cpu time : 47751.1 secs   av.it.:  13.9
      thresh= 4.628E-04 alpha_mix =  0.700 |ddv_scf|^2 =  1.808E-07

      iter #   4 total cpu time : 47895.6 secs   av.it.:  16.4
      thresh= 4.253E-05 alpha_mix =  0.700 |ddv_scf|^2 =  1.638E-08

      iter #   5 total cpu time : 48041.1 secs   av.it.:  16.4
      thresh= 1.280E-05 alpha_mix =  0.700 |ddv_scf|^2 =  4.022E-09

      iter #   6 total cpu time : 48179.6 secs   av.it.:  15.7
      thresh= 6.342E-06 alpha_mix =  0.700 |ddv_scf|^2 =  1.511E-10

      iter #   7 total cpu time : 48328.5 secs   av.it.:  16.9
      thresh= 1.229E-06 alpha_mix =  0.700 |ddv_scf|^2 =  1.419E-10

      iter #   8 total cpu time : 48473.8 secs   av.it.:  16.4
      thresh= 1.191E-06 alpha_mix =  0.700 |ddv_scf|^2 =  1.374E-10

      iter #   9 total cpu time : 48609.2 secs   av.it.:  15.0
      thresh= 1.172E-06 alpha_mix =  0.700 |ddv_scf|^2 =  2.872E-12

      iter #  10 total cpu time : 48765.2 secs   av.it.:  17.8
      thresh= 1.695E-07 alpha_mix =  0.700 |ddv_scf|^2 =  6.901E-12

      iter #  11 total cpu time : 48906.8 secs   av.it.:  15.9
      thresh= 2.627E-07 alpha_mix =  0.700 |ddv_scf|^2 =  8.643E-13

      iter #  12 total cpu time : 49046.7 secs   av.it.:  15.8
      thresh= 9.297E-08 alpha_mix =  0.700 |ddv_scf|^2 =  1.210E-13

      iter #  13 total cpu time : 49199.0 secs   av.it.:  17.2
      thresh= 3.478E-08 alpha_mix =  0.700 |ddv_scf|^2 =  9.586E-14

      iter #  14 total cpu time : 49350.0 secs   av.it.:  17.1
      thresh= 3.096E-08 alpha_mix =  0.700 |ddv_scf|^2 =  1.788E-13

      iter #  15 total cpu time : 49489.9 secs   av.it.:  15.7
      thresh= 4.228E-08 alpha_mix =  0.700 |ddv_scf|^2 =  4.741E-15

     End of self-consistent calculation

     Convergence has been achieved 


     Representation #   3 mode #   3

     Self-consistent Calculation

      iter #   1 total cpu time : 49596.2 secs   av.it.:   7.9
      thresh= 1.000E-02 alpha_mix =  0.700 |ddv_scf|^2 =  2.084E-06

      iter #   2 total cpu time : 49748.5 secs   av.it.:  17.4
      thresh= 1.444E-04 alpha_mix =  0.700 |ddv_scf|^2 =  1.964E-05

      iter #   3 total cpu time : 49880.9 secs   av.it.:  14.9
      thresh= 4.432E-04 alpha_mix =  0.700 |ddv_scf|^2 =  9.188E-08

      iter #   4 total cpu time : 50025.1 secs   av.it.:  16.4
      thresh= 3.031E-05 alpha_mix =  0.700 |ddv_scf|^2 =  6.815E-09

      iter #   5 total cpu time : 50166.3 secs   av.it.:  16.0
      thresh= 8.255E-06 alpha_mix =  0.700 |ddv_scf|^2 =  3.838E-09

      iter #   6 total cpu time : 50297.8 secs   av.it.:  14.8
      thresh= 6.196E-06 alpha_mix =  0.700 |ddv_scf|^2 =  2.510E-10

      iter #   7 total cpu time : 50437.0 secs   av.it.:  15.8
      thresh= 1.584E-06 alpha_mix =  0.700 |ddv_scf|^2 =  6.882E-12

      iter #   8 total cpu time : 50593.8 secs   av.it.:  17.9
      thresh= 2.623E-07 alpha_mix =  0.700 |ddv_scf|^2 =  2.850E-11

      iter #   9 total cpu time : 50732.1 secs   av.it.:  15.6
      thresh= 5.338E-07 alpha_mix =  0.700 |ddv_scf|^2 =  1.305E-12

      iter #  10 total cpu time : 50872.4 secs   av.it.:  15.8
      thresh= 1.142E-07 alpha_mix =  0.700 |ddv_scf|^2 =  6.779E-14

      iter #  11 total cpu time : 51025.0 secs   av.it.:  17.4
      thresh= 2.604E-08 alpha_mix =  0.700 |ddv_scf|^2 =  2.216E-13

      iter #  12 total cpu time : 51158.9 secs   av.it.:  15.0
      thresh= 4.707E-08 alpha_mix =  0.700 |ddv_scf|^2 =  9.754E-14

      iter #  13 total cpu time : 51294.6 secs   av.it.:  15.1
      thresh= 3.123E-08 alpha_mix =  0.700 |ddv_scf|^2 =  2.052E-15

     End of self-consistent calculation

     Convergence has been achieved 


     Representation #   4 mode #   4

     Self-consistent Calculation

      iter #   1 total cpu time : 51374.5 secs   av.it.:   6.0
      thresh= 1.000E-02 alpha_mix =  0.700 |ddv_scf|^2 =  6.952E-07

      iter #   2 total cpu time : 51521.8 secs   av.it.:  16.7
      thresh= 8.338E-05 alpha_mix =  0.700 |ddv_scf|^2 =  8.777E-06

      iter #   3 total cpu time : 51645.3 secs   av.it.:  13.8
      thresh= 2.963E-04 alpha_mix =  0.700 |ddv_scf|^2 =  4.565E-08

      iter #   4 total cpu time : 51787.4 secs   av.it.:  16.0
      thresh= 2.137E-05 alpha_mix =  0.700 |ddv_scf|^2 =  1.090E-08

      iter #   5 total cpu time : 51924.9 secs   av.it.:  15.6
      thresh= 1.044E-05 alpha_mix =  0.700 |ddv_scf|^2 =  8.653E-10

      iter #   6 total cpu time : 52068.6 secs   av.it.:  16.2
      thresh= 2.942E-06 alpha_mix =  0.700 |ddv_scf|^2 =  1.244E-10

      iter #   7 total cpu time : 52210.7 secs   av.it.:  15.9
      thresh= 1.115E-06 alpha_mix =  0.700 |ddv_scf|^2 =  3.984E-12

      iter #   8 total cpu time : 52363.5 secs   av.it.:  17.4
      thresh= 1.996E-07 alpha_mix =  0.700 |ddv_scf|^2 =  5.230E-12

      iter #   9 total cpu time : 52501.7 secs   av.it.:  15.6
      thresh= 2.287E-07 alpha_mix =  0.700 |ddv_scf|^2 =  3.337E-14

      iter #  10 total cpu time : 52661.9 secs   av.it.:  18.4
      thresh= 1.827E-08 alpha_mix =  0.700 |ddv_scf|^2 =  8.583E-14

      iter #  11 total cpu time : 52804.7 secs   av.it.:  16.1
      thresh= 2.930E-08 alpha_mix =  0.700 |ddv_scf|^2 =  7.508E-15

     End of self-consistent calculation

     Convergence has been achieved 


     Representation #   5 mode #   5

     Self-consistent Calculation

      iter #   1 total cpu time : 52889.5 secs   av.it.:   7.7
      thresh= 1.000E-02 alpha_mix =  0.700 |ddv_scf|^2 =  1.625E-06

      iter #   2 total cpu time : 53041.6 secs   av.it.:  17.2
      thresh= 1.275E-04 alpha_mix =  0.700 |ddv_scf|^2 =  2.142E-05

      iter #   3 total cpu time : 53166.7 secs   av.it.:  13.9
      thresh= 4.628E-04 alpha_mix =  0.700 |ddv_scf|^2 =  1.808E-07

      iter #   4 total cpu time : 53310.9 secs   av.it.:  16.4
      thresh= 4.253E-05 alpha_mix =  0.700 |ddv_scf|^2 =  1.638E-08

      iter #   5 total cpu time : 53457.8 secs   av.it.:  16.4
      thresh= 1.280E-05 alpha_mix =  0.700 |ddv_scf|^2 =  4.022E-09

      iter #   6 total cpu time : 53597.1 secs   av.it.:  15.7
      thresh= 6.342E-06 alpha_mix =  0.700 |ddv_scf|^2 =  1.511E-10

      iter #   7 total cpu time : 53746.6 secs   av.it.:  16.9
      thresh= 1.229E-06 alpha_mix =  0.700 |ddv_scf|^2 =  1.419E-10

      iter #   8 total cpu time : 53892.4 secs   av.it.:  16.4
      thresh= 1.191E-06 alpha_mix =  0.700 |ddv_scf|^2 =  1.373E-10

      iter #   9 total cpu time : 54027.7 secs   av.it.:  15.0
      thresh= 1.172E-06 alpha_mix =  0.700 |ddv_scf|^2 =  2.871E-12

      iter #  10 total cpu time : 54183.6 secs   av.it.:  17.8
      thresh= 1.695E-07 alpha_mix =  0.700 |ddv_scf|^2 =  6.901E-12

      iter #  11 total cpu time : 54324.8 secs   av.it.:  15.9
      thresh= 2.627E-07 alpha_mix =  0.700 |ddv_scf|^2 =  8.643E-13

      iter #  12 total cpu time : 54464.5 secs   av.it.:  15.8
      thresh= 9.297E-08 alpha_mix =  0.700 |ddv_scf|^2 =  1.210E-13

      iter #  13 total cpu time : 54616.9 secs   av.it.:  17.3
      thresh= 3.478E-08 alpha_mix =  0.700 |ddv_scf|^2 =  9.587E-14

      iter #  14 total cpu time : 54767.9 secs   av.it.:  17.1
      thresh= 3.096E-08 alpha_mix =  0.700 |ddv_scf|^2 =  1.788E-13

      iter #  15 total cpu time : 54906.6 secs   av.it.:  15.7
      thresh= 4.228E-08 alpha_mix =  0.700 |ddv_scf|^2 =  4.741E-15

     End of self-consistent calculation

     Convergence has been achieved 


     Representation #   6 mode #   6

     Self-consistent Calculation

      iter #   1 total cpu time : 54989.9 secs   av.it.:   7.4
      thresh= 1.000E-02 alpha_mix =  0.700 |ddv_scf|^2 =  2.813E-06

      iter #   2 total cpu time : 55131.8 secs   av.it.:  16.3
      thresh= 1.677E-04 alpha_mix =  0.700 |ddv_scf|^2 =  4.105E-05

      iter #   3 total cpu time : 55249.5 secs   av.it.:  13.1
      thresh= 6.407E-04 alpha_mix =  0.700 |ddv_scf|^2 =  1.167E-07

      iter #   4 total cpu time : 55389.3 secs   av.it.:  15.9
      thresh= 3.416E-05 alpha_mix =  0.700 |ddv_scf|^2 =  3.115E-08

      iter #   5 total cpu time : 55524.7 secs   av.it.:  15.5
      thresh= 1.765E-05 alpha_mix =  0.700 |ddv_scf|^2 =  6.359E-10

      iter #   6 total cpu time : 55667.0 secs   av.it.:  16.2
      thresh= 2.522E-06 alpha_mix =  0.700 |ddv_scf|^2 =  5.885E-11

      iter #   7 total cpu time : 55807.4 secs   av.it.:  16.0
      thresh= 7.671E-07 alpha_mix =  0.700 |ddv_scf|^2 =  1.835E-12

      iter #   8 total cpu time : 55952.8 secs   av.it.:  16.7
      thresh= 1.355E-07 alpha_mix =  0.700 |ddv_scf|^2 =  7.523E-13

      iter #   9 total cpu time : 56092.4 secs   av.it.:  15.9
      thresh= 8.674E-08 alpha_mix =  0.700 |ddv_scf|^2 =  4.418E-14

      iter #  10 total cpu time : 56239.1 secs   av.it.:  16.8
      thresh= 2.102E-08 alpha_mix =  0.700 |ddv_scf|^2 =  1.378E-14

      iter #  11 total cpu time : 56379.7 secs   av.it.:  15.9
      thresh= 1.174E-08 alpha_mix =  0.700 |ddv_scf|^2 =  2.853E-15

     End of self-consistent calculation

     Convergence has been achieved 


     Representation #   7 mode #   7

     Self-consistent Calculation

      iter #   1 total cpu time : 56482.1 secs   av.it.:   7.7
      thresh= 1.000E-02 alpha_mix =  0.700 |ddv_scf|^2 =  5.467E-06

      iter #   2 total cpu time : 56623.0 secs   av.it.:  16.2
      thresh= 2.338E-04 alpha_mix =  0.700 |ddv_scf|^2 =  8.187E-05

      iter #   3 total cpu time : 56740.9 secs   av.it.:  13.2
      thresh= 9.048E-04 alpha_mix =  0.700 |ddv_scf|^2 =  1.839E-07

      iter #   4 total cpu time : 56877.6 secs   av.it.:  15.6
      thresh= 4.288E-05 alpha_mix =  0.700 |ddv_scf|^2 =  3.229E-08

      iter #   5 total cpu time : 57016.2 secs   av.it.:  15.8
      thresh= 1.797E-05 alpha_mix =  0.700 |ddv_scf|^2 =  1.538E-09

      iter #   6 total cpu time : 57161.1 secs   av.it.:  16.4
      thresh= 3.922E-06 alpha_mix =  0.700 |ddv_scf|^2 =  1.491E-10

      iter #   7 total cpu time : 57303.9 secs   av.it.:  16.0
      thresh= 1.221E-06 alpha_mix =  0.700 |ddv_scf|^2 =  3.968E-11

      iter #   8 total cpu time : 57449.1 secs   av.it.:  16.1
      thresh= 6.299E-07 alpha_mix =  0.700 |ddv_scf|^2 =  4.685E-12

      iter #   9 total cpu time : 57597.2 secs   av.it.:  16.7
      thresh= 2.165E-07 alpha_mix =  0.700 |ddv_scf|^2 =  1.975E-12

      iter #  10 total cpu time : 57739.0 secs   av.it.:  15.9
      thresh= 1.405E-07 alpha_mix =  0.700 |ddv_scf|^2 =  1.227E-13

      iter #  11 total cpu time : 57889.0 secs   av.it.:  17.1
      thresh= 3.503E-08 alpha_mix =  0.700 |ddv_scf|^2 =  7.241E-14

      iter #  12 total cpu time : 58038.6 secs   av.it.:  16.9
      thresh= 2.691E-08 alpha_mix =  0.700 |ddv_scf|^2 =  4.332E-13

      iter #  13 total cpu time : 58172.3 secs   av.it.:  15.0
      thresh= 6.581E-08 alpha_mix =  0.700 |ddv_scf|^2 =  2.627E-14

      iter #  14 total cpu time : 58310.7 secs   av.it.:  15.6
      thresh= 1.621E-08 alpha_mix =  0.700 |ddv_scf|^2 =  7.489E-16

     End of self-consistent calculation

     Convergence has been achieved 


     Representation #   8 mode #   8

     Self-consistent Calculation

      iter #   1 total cpu time : 58391.7 secs   av.it.:   6.0
      thresh= 1.000E-02 alpha_mix =  0.700 |ddv_scf|^2 =  1.174E-06

      iter #   2 total cpu time : 58535.6 secs   av.it.:  16.3
      thresh= 1.083E-04 alpha_mix =  0.700 |ddv_scf|^2 =  1.596E-05

      iter #   3 total cpu time : 58655.0 secs   av.it.:  13.2
      thresh= 3.996E-04 alpha_mix =  0.700 |ddv_scf|^2 =  3.618E-08

      iter #   4 total cpu time : 58798.8 secs   av.it.:  16.2
      thresh= 1.902E-05 alpha_mix =  0.700 |ddv_scf|^2 =  5.205E-09

      iter #   5 total cpu time : 58941.7 secs   av.it.:  16.1
      thresh= 7.214E-06 alpha_mix =  0.700 |ddv_scf|^2 =  2.168E-09

      iter #   6 total cpu time : 59077.0 secs   av.it.:  15.2
      thresh= 4.656E-06 alpha_mix =  0.700 |ddv_scf|^2 =  2.473E-10

      iter #   7 total cpu time : 59218.1 secs   av.it.:  15.9
      thresh= 1.572E-06 alpha_mix =  0.700 |ddv_scf|^2 =  2.490E-12

      iter #   8 total cpu time : 59374.8 secs   av.it.:  17.9
      thresh= 1.578E-07 alpha_mix =  0.700 |ddv_scf|^2 =  1.430E-12

      iter #   9 total cpu time : 59524.3 secs   av.it.:  16.9
      thresh= 1.196E-07 alpha_mix =  0.700 |ddv_scf|^2 =  6.205E-14

      iter #  10 total cpu time : 59679.3 secs   av.it.:  17.7
      thresh= 2.491E-08 alpha_mix =  0.700 |ddv_scf|^2 =  4.809E-14

      iter #  11 total cpu time : 59819.9 secs   av.it.:  15.9
      thresh= 2.193E-08 alpha_mix =  0.700 |ddv_scf|^2 =  1.226E-14

      iter #  12 total cpu time : 59960.9 secs   av.it.:  15.9
      thresh= 1.107E-08 alpha_mix =  0.700 |ddv_scf|^2 =  2.544E-15

     End of self-consistent calculation

     Convergence has been achieved 


     Representation #   9 mode #   9

     Self-consistent Calculation

      iter #   1 total cpu time : 60042.4 secs   av.it.:   6.0
      thresh= 1.000E-02 alpha_mix =  0.700 |ddv_scf|^2 =  7.453E-07

      iter #   2 total cpu time : 60189.8 secs   av.it.:  16.8
      thresh= 8.633E-05 alpha_mix =  0.700 |ddv_scf|^2 =  9.434E-06

      iter #   3 total cpu time : 60312.5 secs   av.it.:  13.7
      thresh= 3.072E-04 alpha_mix =  0.700 |ddv_scf|^2 =  5.769E-08

      iter #   4 total cpu time : 60452.9 secs   av.it.:  15.8
      thresh= 2.402E-05 alpha_mix =  0.700 |ddv_scf|^2 =  6.011E-09

      iter #   5 total cpu time : 60595.8 secs   av.it.:  16.1
      thresh= 7.753E-06 alpha_mix =  0.700 |ddv_scf|^2 =  1.589E-09

      iter #   6 total cpu time : 60735.9 secs   av.it.:  15.8
      thresh= 3.986E-06 alpha_mix =  0.700 |ddv_scf|^2 =  2.054E-10

      iter #   7 total cpu time : 60879.5 secs   av.it.:  16.2
      thresh= 1.433E-06 alpha_mix =  0.700 |ddv_scf|^2 =  2.720E-12

      iter #   8 total cpu time : 61035.6 secs   av.it.:  17.9
      thresh= 1.649E-07 alpha_mix =  0.700 |ddv_scf|^2 =  5.947E-12

      iter #   9 total cpu time : 61173.8 secs   av.it.:  15.6
      thresh= 2.439E-07 alpha_mix =  0.700 |ddv_scf|^2 =  5.435E-14

      iter #  10 total cpu time : 61329.9 secs   av.it.:  17.8
      thresh= 2.331E-08 alpha_mix =  0.700 |ddv_scf|^2 =  1.407E-13

      iter #  11 total cpu time : 61466.8 secs   av.it.:  15.2
      thresh= 3.751E-08 alpha_mix =  0.700 |ddv_scf|^2 =  9.510E-15

     End of self-consistent calculation

     Convergence has been achieved 


     Representation #  10 mode #  10

     Self-consistent Calculation

      iter #   1 total cpu time : 61555.6 secs   av.it.:   7.6
      thresh= 1.000E-02 alpha_mix =  0.700 |ddv_scf|^2 =  1.716E-06

      iter #   2 total cpu time : 61703.2 secs   av.it.:  17.0
      thresh= 1.310E-04 alpha_mix =  0.700 |ddv_scf|^2 =  8.989E-06

      iter #   3 total cpu time : 61835.4 secs   av.it.:  14.9
      thresh= 2.998E-04 alpha_mix =  0.700 |ddv_scf|^2 =  2.652E-07

      iter #   4 total cpu time : 61975.2 secs   av.it.:  15.8
      thresh= 5.149E-05 alpha_mix =  0.700 |ddv_scf|^2 =  1.728E-08

      iter #   5 total cpu time : 62117.0 secs   av.it.:  16.2
      thresh= 1.315E-05 alpha_mix =  0.700 |ddv_scf|^2 =  9.657E-11

      iter #   6 total cpu time : 62262.8 secs   av.it.:  16.6
      thresh= 9.827E-07 alpha_mix =  0.700 |ddv_scf|^2 =  1.212E-11

      iter #   7 total cpu time : 62409.9 secs   av.it.:  16.8
      thresh= 3.482E-07 alpha_mix =  0.700 |ddv_scf|^2 =  1.624E-12

      iter #   8 total cpu time : 62559.8 secs   av.it.:  17.2
      thresh= 1.274E-07 alpha_mix =  0.700 |ddv_scf|^2 =  1.435E-12

      iter #   9 total cpu time : 62703.0 secs   av.it.:  16.4
      thresh= 1.198E-07 alpha_mix =  0.700 |ddv_scf|^2 =  7.277E-14

      iter #  10 total cpu time : 62850.2 secs   av.it.:  16.7
      thresh= 2.698E-08 alpha_mix =  0.700 |ddv_scf|^2 =  1.551E-14

      iter #  11 total cpu time : 63006.6 secs   av.it.:  18.0
      thresh= 1.245E-08 alpha_mix =  0.700 |ddv_scf|^2 =  9.045E-15

     End of self-consistent calculation

     Convergence has been achieved 


     Representation #  11 mode #  11

     Self-consistent Calculation

      iter #   1 total cpu time : 63072.6 secs   av.it.:   5.0
      thresh= 1.000E-02 alpha_mix =  0.700 |ddv_scf|^2 =  1.003E-08

      iter #   2 total cpu time : 63224.0 secs   av.it.:  17.3
      thresh= 1.001E-05 alpha_mix =  0.700 |ddv_scf|^2 =  1.066E-09

      iter #   3 total cpu time : 63377.7 secs   av.it.:  17.6
      thresh= 3.265E-06 alpha_mix =  0.700 |ddv_scf|^2 =  1.013E-10

      iter #   4 total cpu time : 63526.5 secs   av.it.:  17.1
      thresh= 1.006E-06 alpha_mix =  0.700 |ddv_scf|^2 =  3.656E-13

      iter #   5 total cpu time : 63681.2 secs   av.it.:  17.7
      thresh= 6.046E-08 alpha_mix =  0.700 |ddv_scf|^2 =  1.264E-14

      iter #   6 total cpu time : 63835.1 secs   av.it.:  17.6
      thresh= 1.124E-08 alpha_mix =  0.700 |ddv_scf|^2 =  9.875E-16

     End of self-consistent calculation

     Convergence has been achieved 


     Representation #  12 mode #  12

     Self-consistent Calculation

      iter #   1 total cpu time : 63901.4 secs   av.it.:   5.0
      thresh= 1.000E-02 alpha_mix =  0.700 |ddv_scf|^2 =  1.003E-08

      iter #   2 total cpu time : 64051.9 secs   av.it.:  17.3
      thresh= 1.001E-05 alpha_mix =  0.700 |ddv_scf|^2 =  1.066E-09

      iter #   3 total cpu time : 64204.4 secs   av.it.:  17.6
      thresh= 3.265E-06 alpha_mix =  0.700 |ddv_scf|^2 =  1.013E-10

      iter #   4 total cpu time : 64352.5 secs   av.it.:  17.1
      thresh= 1.006E-06 alpha_mix =  0.700 |ddv_scf|^2 =  3.656E-13

      iter #   5 total cpu time : 64507.5 secs   av.it.:  17.7
      thresh= 6.046E-08 alpha_mix =  0.700 |ddv_scf|^2 =  1.264E-14

      iter #   6 total cpu time : 64661.5 secs   av.it.:  17.6
      thresh= 1.124E-08 alpha_mix =  0.700 |ddv_scf|^2 =  9.875E-16

     End of self-consistent calculation

     Convergence has been achieved 


     Representation #  13 mode #  13

     Self-consistent Calculation

      iter #   1 total cpu time : 64748.3 secs   av.it.:   6.8
      thresh= 1.000E-02 alpha_mix =  0.700 |ddv_scf|^2 =  7.013E-08

      iter #   2 total cpu time : 64895.6 secs   av.it.:  17.3
      thresh= 2.648E-05 alpha_mix =  0.700 |ddv_scf|^2 =  3.516E-08

      iter #   3 total cpu time : 65038.5 secs   av.it.:  16.4
      thresh= 1.875E-05 alpha_mix =  0.700 |ddv_scf|^2 =  1.355E-11

      iter #   4 total cpu time : 65189.6 secs   av.it.:  17.4
      thresh= 3.681E-07 alpha_mix =  0.700 |ddv_scf|^2 =  3.345E-13

      iter #   5 total cpu time : 65336.7 secs   av.it.:  16.9
      thresh= 5.784E-08 alpha_mix =  0.700 |ddv_scf|^2 =  4.245E-14

      iter #   6 total cpu time : 65488.5 secs   av.it.:  17.3
      thresh= 2.060E-08 alpha_mix =  0.700 |ddv_scf|^2 =  1.022E-15

     End of self-consistent calculation

     Convergence has been achieved 


     Representation #  14 mode #  14

     Self-consistent Calculation

      iter #   1 total cpu time : 65565.8 secs   av.it.:   6.1
      thresh= 1.000E-02 alpha_mix =  0.700 |ddv_scf|^2 =  1.408E-07

      iter #   2 total cpu time : 65706.5 secs   av.it.:  16.2
      thresh= 3.752E-05 alpha_mix =  0.700 |ddv_scf|^2 =  3.864E-08

      iter #   3 total cpu time : 65844.7 secs   av.it.:  15.8
      thresh= 1.966E-05 alpha_mix =  0.700 |ddv_scf|^2 =  2.521E-11

      iter #   4 total cpu time : 65994.4 secs   av.it.:  17.2
      thresh= 5.021E-07 alpha_mix =  0.700 |ddv_scf|^2 =  2.091E-12

      iter #   5 total cpu time : 66146.2 secs   av.it.:  17.4
      thresh= 1.446E-07 alpha_mix =  0.700 |ddv_scf|^2 =  2.221E-13

      iter #   6 total cpu time : 66294.5 secs   av.it.:  17.2
      thresh= 4.713E-08 alpha_mix =  0.700 |ddv_scf|^2 =  1.861E-15

     End of self-consistent calculation

     Convergence has been achieved 


     Representation #  15 mode #  15

     Self-consistent Calculation

      iter #   1 total cpu time : 66392.1 secs   av.it.:   7.9
      thresh= 1.000E-02 alpha_mix =  0.700 |ddv_scf|^2 =  2.078E-06

      iter #   2 total cpu time : 66541.5 secs   av.it.:  17.3
      thresh= 1.441E-04 alpha_mix =  0.700 |ddv_scf|^2 =  1.951E-05

      iter #   3 total cpu time : 66672.2 secs   av.it.:  14.7
      thresh= 4.418E-04 alpha_mix =  0.700 |ddv_scf|^2 =  8.748E-08

      iter #   4 total cpu time : 66814.3 secs   av.it.:  16.4
      thresh= 2.958E-05 alpha_mix =  0.700 |ddv_scf|^2 =  4.231E-09

      iter #   5 total cpu time : 66956.4 secs   av.it.:  16.4
      thresh= 6.505E-06 alpha_mix =  0.700 |ddv_scf|^2 =  2.598E-10

      iter #   6 total cpu time : 67097.6 secs   av.it.:  16.2
      thresh= 1.612E-06 alpha_mix =  0.700 |ddv_scf|^2 =  1.071E-11

      iter #   7 total cpu time : 67243.4 secs   av.it.:  16.5
      thresh= 3.272E-07 alpha_mix =  0.700 |ddv_scf|^2 =  3.456E-12

      iter #   8 total cpu time : 67385.0 secs   av.it.:  16.1
      thresh= 1.859E-07 alpha_mix =  0.700 |ddv_scf|^2 =  8.156E-13

      iter #   9 total cpu time : 67529.5 secs   av.it.:  16.5
      thresh= 9.031E-08 alpha_mix =  0.700 |ddv_scf|^2 =  4.178E-14

      iter #  10 total cpu time : 67677.7 secs   av.it.:  17.0
      thresh= 2.044E-08 alpha_mix =  0.700 |ddv_scf|^2 =  2.341E-14

      iter #  11 total cpu time : 67821.1 secs   av.it.:  16.4
      thresh= 1.530E-08 alpha_mix =  0.700 |ddv_scf|^2 =  1.826E-15

     End of self-consistent calculation

     Convergence has been achieved 


     Representation #  16 mode #  16

     Self-consistent Calculation

      iter #   1 total cpu time : 67898.5 secs   av.it.:   5.9
      thresh= 1.000E-02 alpha_mix =  0.700 |ddv_scf|^2 =  1.429E-07

      iter #   2 total cpu time : 68049.8 secs   av.it.:  17.4
      thresh= 3.780E-05 alpha_mix =  0.700 |ddv_scf|^2 =  1.079E-06

      iter #   3 total cpu time : 68181.4 secs   av.it.:  14.8
      thresh= 1.039E-04 alpha_mix =  0.700 |ddv_scf|^2 =  1.481E-08

      iter #   4 total cpu time : 68322.1 secs   av.it.:  16.0
      thresh= 1.217E-05 alpha_mix =  0.700 |ddv_scf|^2 =  1.759E-09

      iter #   5 total cpu time : 68463.6 secs   av.it.:  16.1
      thresh= 4.195E-06 alpha_mix =  0.700 |ddv_scf|^2 =  1.056E-10

      iter #   6 total cpu time : 68610.2 secs   av.it.:  16.7
      thresh= 1.028E-06 alpha_mix =  0.700 |ddv_scf|^2 =  1.042E-12

      iter #   7 total cpu time : 68762.1 secs   av.it.:  17.4
      thresh= 1.021E-07 alpha_mix =  0.700 |ddv_scf|^2 =  3.117E-13

      iter #   8 total cpu time : 68912.7 secs   av.it.:  17.2
      thresh= 5.583E-08 alpha_mix =  0.700 |ddv_scf|^2 =  1.957E-13

      iter #   9 total cpu time : 69054.3 secs   av.it.:  16.1
      thresh= 4.424E-08 alpha_mix =  0.700 |ddv_scf|^2 =  2.259E-15

     End of self-consistent calculation

     Convergence has been achieved 


     Representation #  17 mode #  17

     Self-consistent Calculation

      iter #   1 total cpu time : 69129.8 secs   av.it.:   5.6
      thresh= 1.000E-02 alpha_mix =  0.700 |ddv_scf|^2 =  4.514E-08

      iter #   2 total cpu time : 69284.5 secs   av.it.:  17.6
      thresh= 2.125E-05 alpha_mix =  0.700 |ddv_scf|^2 =  1.698E-07

      iter #   3 total cpu time : 69422.5 secs   av.it.:  15.5
      thresh= 4.120E-05 alpha_mix =  0.700 |ddv_scf|^2 =  1.902E-08

      iter #   4 total cpu time : 69557.5 secs   av.it.:  15.2
      thresh= 1.379E-05 alpha_mix =  0.700 |ddv_scf|^2 =  2.221E-09

      iter #   5 total cpu time : 69698.0 secs   av.it.:  15.9
      thresh= 4.712E-06 alpha_mix =  0.700 |ddv_scf|^2 =  2.550E-11

      iter #   6 total cpu time : 69850.6 secs   av.it.:  17.4
      thresh= 5.050E-07 alpha_mix =  0.700 |ddv_scf|^2 =  8.807E-13

      iter #   7 total cpu time : 70005.7 secs   av.it.:  17.7
      thresh= 9.384E-08 alpha_mix =  0.700 |ddv_scf|^2 =  1.278E-12

      iter #   8 total cpu time : 70148.0 secs   av.it.:  16.2
      thresh= 1.130E-07 alpha_mix =  0.700 |ddv_scf|^2 =  1.698E-14

      iter #   9 total cpu time : 70301.4 secs   av.it.:  17.6
      thresh= 1.303E-08 alpha_mix =  0.700 |ddv_scf|^2 =  3.593E-15

     End of self-consistent calculation

     Convergence has been achieved 


     Representation #  18 mode #  18

     Self-consistent Calculation

      iter #   1 total cpu time : 70377.4 secs   av.it.:   5.6
      thresh= 1.000E-02 alpha_mix =  0.700 |ddv_scf|^2 =  4.114E-08

      iter #   2 total cpu time : 70531.5 secs   av.it.:  17.6
      thresh= 2.028E-05 alpha_mix =  0.700 |ddv_scf|^2 =  9.848E-08

      iter #   3 total cpu time : 70670.6 secs   av.it.:  15.8
      thresh= 3.138E-05 alpha_mix =  0.700 |ddv_scf|^2 =  6.076E-09

      iter #   4 total cpu time : 70811.6 secs   av.it.:  16.0
      thresh= 7.795E-06 alpha_mix =  0.700 |ddv_scf|^2 =  4.500E-09

      iter #   5 total cpu time : 70946.8 secs   av.it.:  15.3
      thresh= 6.708E-06 alpha_mix =  0.700 |ddv_scf|^2 =  2.154E-11

      iter #   6 total cpu time : 71098.5 secs   av.it.:  17.4
      thresh= 4.641E-07 alpha_mix =  0.700 |ddv_scf|^2 =  8.657E-13

      iter #   7 total cpu time : 71253.4 secs   av.it.:  17.6
      thresh= 9.304E-08 alpha_mix =  0.700 |ddv_scf|^2 =  9.974E-13

      iter #   8 total cpu time : 71397.1 secs   av.it.:  16.4
      thresh= 9.987E-08 alpha_mix =  0.700 |ddv_scf|^2 =  2.305E-14

      iter #   9 total cpu time : 71548.2 secs   av.it.:  17.2
      thresh= 1.518E-08 alpha_mix =  0.700 |ddv_scf|^2 =  5.819E-15

     End of self-consistent calculation

     Convergence has been achieved 


     Representation #  19 mode #  19

     Self-consistent Calculation

      iter #   1 total cpu time : 71636.0 secs   av.it.:   7.6
      thresh= 1.000E-02 alpha_mix =  0.700 |ddv_scf|^2 =  1.716E-06

      iter #   2 total cpu time : 71783.1 secs   av.it.:  17.0
      thresh= 1.310E-04 alpha_mix =  0.700 |ddv_scf|^2 =  8.989E-06

      iter #   3 total cpu time : 71914.2 secs   av.it.:  14.9
      thresh= 2.998E-04 alpha_mix =  0.700 |ddv_scf|^2 =  2.652E-07

      iter #   4 total cpu time : 72053.7 secs   av.it.:  15.8
      thresh= 5.149E-05 alpha_mix =  0.700 |ddv_scf|^2 =  1.728E-08

      iter #   5 total cpu time : 72195.6 secs   av.it.:  16.2
      thresh= 1.315E-05 alpha_mix =  0.700 |ddv_scf|^2 =  9.657E-11

      iter #   6 total cpu time : 72340.9 secs   av.it.:  16.6
      thresh= 9.827E-07 alpha_mix =  0.700 |ddv_scf|^2 =  1.212E-11

      iter #   7 total cpu time : 72487.4 secs   av.it.:  16.9
      thresh= 3.482E-07 alpha_mix =  0.700 |ddv_scf|^2 =  1.624E-12

      iter #   8 total cpu time : 72636.8 secs   av.it.:  17.2
      thresh= 1.274E-07 alpha_mix =  0.700 |ddv_scf|^2 =  1.435E-12

      iter #   9 total cpu time : 72779.4 secs   av.it.:  16.4
      thresh= 1.198E-07 alpha_mix =  0.700 |ddv_scf|^2 =  7.261E-14

      iter #  10 total cpu time : 72924.8 secs   av.it.:  16.6
      thresh= 2.695E-08 alpha_mix =  0.700 |ddv_scf|^2 =  1.483E-14

      iter #  11 total cpu time : 73079.0 secs   av.it.:  17.8
      thresh= 1.218E-08 alpha_mix =  0.700 |ddv_scf|^2 =  4.596E-15

     End of self-consistent calculation

     Convergence has been achieved 


     Representation #  20 mode #  20

     Self-consistent Calculation

      iter #   1 total cpu time : 73164.1 secs   av.it.:   7.7
      thresh= 1.000E-02 alpha_mix =  0.700 |ddv_scf|^2 =  4.361E-07

      iter #   2 total cpu time : 73318.0 secs   av.it.:  17.7
      thresh= 6.604E-05 alpha_mix =  0.700 |ddv_scf|^2 =  1.782E-06

      iter #   3 total cpu time : 73459.4 secs   av.it.:  15.9
      thresh= 1.335E-04 alpha_mix =  0.700 |ddv_scf|^2 =  2.106E-07

      iter #   4 total cpu time : 73593.2 secs   av.it.:  15.2
      thresh= 4.589E-05 alpha_mix =  0.700 |ddv_scf|^2 =  3.875E-09

      iter #   5 total cpu time : 73741.2 secs   av.it.:  16.9
      thresh= 6.225E-06 alpha_mix =  0.700 |ddv_scf|^2 =  8.017E-11

      iter #   6 total cpu time : 73885.9 secs   av.it.:  16.5
      thresh= 8.954E-07 alpha_mix =  0.700 |ddv_scf|^2 =  3.640E-12

      iter #   7 total cpu time : 74037.6 secs   av.it.:  17.4
      thresh= 1.908E-07 alpha_mix =  0.700 |ddv_scf|^2 =  8.014E-13

      iter #   8 total cpu time : 74189.4 secs   av.it.:  17.4
      thresh= 8.952E-08 alpha_mix =  0.700 |ddv_scf|^2 =  7.120E-13

      iter #   9 total cpu time : 74333.9 secs   av.it.:  16.5
      thresh= 8.438E-08 alpha_mix =  0.700 |ddv_scf|^2 =  8.604E-15

     End of self-consistent calculation

     Convergence has been achieved 


     Representation #  21 mode #  21

     Self-consistent Calculation

      iter #   1 total cpu time : 74411.4 secs   av.it.:   5.9
      thresh= 1.000E-02 alpha_mix =  0.700 |ddv_scf|^2 =  1.468E-07

      iter #   2 total cpu time : 74562.9 secs   av.it.:  17.4
      thresh= 3.831E-05 alpha_mix =  0.700 |ddv_scf|^2 =  1.149E-06

      iter #   3 total cpu time : 74694.4 secs   av.it.:  14.8
      thresh= 1.072E-04 alpha_mix =  0.700 |ddv_scf|^2 =  1.235E-08

      iter #   4 total cpu time : 74835.5 secs   av.it.:  16.1
      thresh= 1.111E-05 alpha_mix =  0.700 |ddv_scf|^2 =  1.781E-09

      iter #   5 total cpu time : 74975.5 secs   av.it.:  15.8
      thresh= 4.220E-06 alpha_mix =  0.700 |ddv_scf|^2 =  9.842E-11

      iter #   6 total cpu time : 75121.8 secs   av.it.:  16.7
      thresh= 9.921E-07 alpha_mix =  0.700 |ddv_scf|^2 =  1.466E-12

      iter #   7 total cpu time : 75271.6 secs   av.it.:  17.1
      thresh= 1.211E-07 alpha_mix =  0.700 |ddv_scf|^2 =  5.786E-13

      iter #   8 total cpu time : 75415.5 secs   av.it.:  16.4
      thresh= 7.606E-08 alpha_mix =  0.700 |ddv_scf|^2 =  1.291E-13

      iter #   9 total cpu time : 75558.2 secs   av.it.:  16.2
      thresh= 3.593E-08 alpha_mix =  0.700 |ddv_scf|^2 =  1.972E-15

     End of self-consistent calculation

     Convergence has been achieved 


     Representation #  22 mode #  22

     Self-consistent Calculation

      iter #   1 total cpu time : 75627.9 secs   av.it.:   5.6
      thresh= 1.000E-02 alpha_mix =  0.700 |ddv_scf|^2 =  5.730E-08

      iter #   2 total cpu time : 75775.8 secs   av.it.:  16.9
      thresh= 2.394E-05 alpha_mix =  0.700 |ddv_scf|^2 =  4.554E-08

      iter #   3 total cpu time : 75916.0 secs   av.it.:  16.0
      thresh= 2.134E-05 alpha_mix =  0.700 |ddv_scf|^2 =  7.792E-10

      iter #   4 total cpu time : 76057.5 secs   av.it.:  16.2
      thresh= 2.791E-06 alpha_mix =  0.700 |ddv_scf|^2 =  1.313E-10

      iter #   5 total cpu time : 76198.3 secs   av.it.:  16.1
      thresh= 1.146E-06 alpha_mix =  0.700 |ddv_scf|^2 =  8.359E-13

      iter #   6 total cpu time : 76350.7 secs   av.it.:  17.6
      thresh= 9.143E-08 alpha_mix =  0.700 |ddv_scf|^2 =  1.407E-13

      iter #   7 total cpu time : 76501.2 secs   av.it.:  17.4
      thresh= 3.751E-08 alpha_mix =  0.700 |ddv_scf|^2 =  8.832E-15

     End of self-consistent calculation

     Convergence has been achieved 


     Representation #  23 mode #  23

     Self-consistent Calculation

      iter #   1 total cpu time : 76596.3 secs   av.it.:   6.9
      thresh= 1.000E-02 alpha_mix =  0.700 |ddv_scf|^2 =  7.857E-08

      iter #   2 total cpu time : 76748.2 secs   av.it.:  17.5
      thresh= 2.803E-05 alpha_mix =  0.700 |ddv_scf|^2 =  4.451E-08

      iter #   3 total cpu time : 76894.5 secs   av.it.:  16.7
      thresh= 2.110E-05 alpha_mix =  0.700 |ddv_scf|^2 =  2.353E-10

      iter #   4 total cpu time : 77039.9 secs   av.it.:  16.7
      thresh= 1.534E-06 alpha_mix =  0.700 |ddv_scf|^2 =  2.353E-11

      iter #   5 total cpu time : 77185.3 secs   av.it.:  16.7
      thresh= 4.851E-07 alpha_mix =  0.700 |ddv_scf|^2 =  3.803E-12

      iter #   6 total cpu time : 77331.1 secs   av.it.:  16.7
      thresh= 1.950E-07 alpha_mix =  0.700 |ddv_scf|^2 =  5.602E-14

      iter #   7 total cpu time : 77483.4 secs   av.it.:  17.2
      thresh= 2.367E-08 alpha_mix =  0.700 |ddv_scf|^2 =  3.625E-15

     End of self-consistent calculation

     Convergence has been achieved 


     Representation #  24 mode #  24

     Self-consistent Calculation

      iter #   1 total cpu time : 77553.6 secs   av.it.:   5.6
      thresh= 1.000E-02 alpha_mix =  0.700 |ddv_scf|^2 =  5.729E-08

      iter #   2 total cpu time : 77701.6 secs   av.it.:  16.9
      thresh= 2.394E-05 alpha_mix =  0.700 |ddv_scf|^2 =  4.554E-08

      iter #   3 total cpu time : 77842.5 secs   av.it.:  16.0
      thresh= 2.134E-05 alpha_mix =  0.700 |ddv_scf|^2 =  7.792E-10

      iter #   4 total cpu time : 77984.3 secs   av.it.:  16.2
      thresh= 2.791E-06 alpha_mix =  0.700 |ddv_scf|^2 =  1.313E-10

      iter #   5 total cpu time : 78124.8 secs   av.it.:  16.1
      thresh= 1.146E-06 alpha_mix =  0.700 |ddv_scf|^2 =  8.359E-13

      iter #   6 total cpu time : 78277.0 secs   av.it.:  17.6
      thresh= 9.143E-08 alpha_mix =  0.700 |ddv_scf|^2 =  1.407E-13

      iter #   7 total cpu time : 78427.8 secs   av.it.:  17.4
      thresh= 3.751E-08 alpha_mix =  0.700 |ddv_scf|^2 =  8.832E-15

     End of self-consistent calculation

     Convergence has been achieved 


     Representation #  25 mode #  25

     Self-consistent Calculation

      iter #   1 total cpu time : 78523.4 secs   av.it.:   6.9
      thresh= 1.000E-02 alpha_mix =  0.700 |ddv_scf|^2 =  1.452E-07

      iter #   2 total cpu time : 78671.5 secs   av.it.:  17.1
      thresh= 3.810E-05 alpha_mix =  0.700 |ddv_scf|^2 =  1.185E-07

      iter #   3 total cpu time : 78812.3 secs   av.it.:  16.3
      thresh= 3.442E-05 alpha_mix =  0.700 |ddv_scf|^2 =  7.171E-10

      iter #   4 total cpu time : 78951.4 secs   av.it.:  15.9
      thresh= 2.678E-06 alpha_mix =  0.700 |ddv_scf|^2 =  2.692E-11

      iter #   5 total cpu time : 79097.0 secs   av.it.:  16.7
      thresh= 5.188E-07 alpha_mix =  0.700 |ddv_scf|^2 =  3.498E-12

      iter #   6 total cpu time : 79244.5 secs   av.it.:  16.9
      thresh= 1.870E-07 alpha_mix =  0.700 |ddv_scf|^2 =  5.791E-14

      iter #   7 total cpu time : 79389.8 secs   av.it.:  16.6
      thresh= 2.407E-08 alpha_mix =  0.700 |ddv_scf|^2 =  7.301E-15

     End of self-consistent calculation

     Convergence has been achieved 


     Representation #  26 mode #  26

     Self-consistent Calculation

      iter #   1 total cpu time : 79466.5 secs   av.it.:   6.1
      thresh= 1.000E-02 alpha_mix =  0.700 |ddv_scf|^2 =  1.408E-07

      iter #   2 total cpu time : 79606.5 secs   av.it.:  16.2
      thresh= 3.752E-05 alpha_mix =  0.700 |ddv_scf|^2 =  3.865E-08

      iter #   3 total cpu time : 79743.8 secs   av.it.:  15.7
      thresh= 1.966E-05 alpha_mix =  0.700 |ddv_scf|^2 =  2.521E-11

      iter #   4 total cpu time : 79893.6 secs   av.it.:  17.2
      thresh= 5.021E-07 alpha_mix =  0.700 |ddv_scf|^2 =  2.091E-12

      iter #   5 total cpu time : 80045.6 secs   av.it.:  17.4
      thresh= 1.446E-07 alpha_mix =  0.700 |ddv_scf|^2 =  2.221E-13

      iter #   6 total cpu time : 80194.2 secs   av.it.:  17.2
      thresh= 4.713E-08 alpha_mix =  0.700 |ddv_scf|^2 =  1.868E-15

     End of self-consistent calculation

     Convergence has been achieved 


     Representation #  27 modes #  27  28

     Self-consistent Calculation

      iter #   1 total cpu time : 80351.1 secs   av.it.:   5.9
      thresh= 1.000E-02 alpha_mix =  0.700 |ddv_scf|^2 =  1.358E-08

      iter #   2 total cpu time : 80681.5 secs   av.it.:  19.1
      thresh= 1.165E-05 alpha_mix =  0.700 |ddv_scf|^2 =  4.874E-08

      iter #   3 total cpu time : 80977.4 secs   av.it.:  17.1
      thresh= 2.208E-05 alpha_mix =  0.700 |ddv_scf|^2 =  2.151E-09

      iter #   4 total cpu time : 81279.1 secs   av.it.:  17.4
      thresh= 4.638E-06 alpha_mix =  0.700 |ddv_scf|^2 =  2.068E-10

      iter #   5 total cpu time : 81592.6 secs   av.it.:  17.9
      thresh= 1.438E-06 alpha_mix =  0.700 |ddv_scf|^2 =  1.181E-12

      iter #   6 total cpu time : 81927.3 secs   av.it.:  19.2
      thresh= 1.087E-07 alpha_mix =  0.700 |ddv_scf|^2 =  1.034E-13

      iter #   7 total cpu time : 82249.3 secs   av.it.:  18.4
      thresh= 3.216E-08 alpha_mix =  0.700 |ddv_scf|^2 =  2.527E-15

     End of self-consistent calculation

     Convergence has been achieved 


     Representation #  28 modes #  29  30

     Self-consistent Calculation

      iter #   1 total cpu time : 82447.0 secs   av.it.:   7.0
      thresh= 1.000E-02 alpha_mix =  0.700 |ddv_scf|^2 =  6.014E-08

      iter #   2 total cpu time : 82782.7 secs   av.it.:  19.5
      thresh= 2.452E-05 alpha_mix =  0.700 |ddv_scf|^2 =  2.742E-07

      iter #   3 total cpu time : 83084.6 secs   av.it.:  17.3
      thresh= 5.236E-05 alpha_mix =  0.700 |ddv_scf|^2 =  7.251E-09

      iter #   4 total cpu time : 83404.2 secs   av.it.:  18.3
      thresh= 8.515E-06 alpha_mix =  0.700 |ddv_scf|^2 =  2.180E-10

      iter #   5 total cpu time : 83719.4 secs   av.it.:  17.9
      thresh= 1.476E-06 alpha_mix =  0.700 |ddv_scf|^2 =  5.276E-11

      iter #   6 total cpu time : 84015.9 secs   av.it.:  16.9
      thresh= 7.264E-07 alpha_mix =  0.700 |ddv_scf|^2 =  2.998E-12

      iter #   7 total cpu time : 84342.2 secs   av.it.:  18.9
      thresh= 1.731E-07 alpha_mix =  0.700 |ddv_scf|^2 =  1.357E-13

      iter #   8 total cpu time : 84667.1 secs   av.it.:  18.9
      thresh= 3.683E-08 alpha_mix =  0.700 |ddv_scf|^2 =  2.406E-14

      iter #   9 total cpu time : 84986.0 secs   av.it.:  18.4
      thresh= 1.551E-08 alpha_mix =  0.700 |ddv_scf|^2 =  1.476E-15

     End of self-consistent calculation

     Convergence has been achieved 


     Representation #  29 modes #  31  32

     Self-consistent Calculation

      iter #   1 total cpu time : 85144.1 secs   av.it.:   5.5
      thresh= 1.000E-02 alpha_mix =  0.700 |ddv_scf|^2 =  7.315E-09

      iter #   2 total cpu time : 85475.3 secs   av.it.:  19.0
      thresh= 8.553E-06 alpha_mix =  0.700 |ddv_scf|^2 =  4.573E-09

      iter #   3 total cpu time : 85797.1 secs   av.it.:  18.2
      thresh= 6.763E-06 alpha_mix =  0.700 |ddv_scf|^2 =  1.399E-09

      iter #   4 total cpu time : 86103.4 secs   av.it.:  17.2
      thresh= 3.741E-06 alpha_mix =  0.700 |ddv_scf|^2 =  9.998E-11

      iter #   5 total cpu time : 86418.6 secs   av.it.:  17.9
      thresh= 9.999E-07 alpha_mix =  0.700 |ddv_scf|^2 =  1.677E-12

      iter #   6 total cpu time : 86743.7 secs   av.it.:  18.8
      thresh= 1.295E-07 alpha_mix =  0.700 |ddv_scf|^2 =  1.463E-13

      iter #   7 total cpu time : 87058.9 secs   av.it.:  18.2
      thresh= 3.825E-08 alpha_mix =  0.700 |ddv_scf|^2 =  1.323E-14

      iter #   8 total cpu time : 87387.1 secs   av.it.:  18.9
      thresh= 1.150E-08 alpha_mix =  0.700 |ddv_scf|^2 =  1.811E-15

     End of self-consistent calculation

     Convergence has been achieved 


     Representation #  30 modes #  33  34

     Self-consistent Calculation

      iter #   1 total cpu time : 87564.2 secs   av.it.:   7.7
      thresh= 1.000E-02 alpha_mix =  0.700 |ddv_scf|^2 =  9.699E-08

      iter #   2 total cpu time : 87899.7 secs   av.it.:  19.4
      thresh= 3.114E-05 alpha_mix =  0.700 |ddv_scf|^2 =  4.676E-07

      iter #   3 total cpu time : 88197.4 secs   av.it.:  17.2
      thresh= 6.838E-05 alpha_mix =  0.700 |ddv_scf|^2 =  9.722E-09

      iter #   4 total cpu time : 88510.4 secs   av.it.:  18.1
      thresh= 9.860E-06 alpha_mix =  0.700 |ddv_scf|^2 =  2.484E-10

      iter #   5 total cpu time : 88828.9 secs   av.it.:  18.4
      thresh= 1.576E-06 alpha_mix =  0.700 |ddv_scf|^2 =  1.188E-11

      iter #   6 total cpu time : 89144.5 secs   av.it.:  18.1
      thresh= 3.447E-07 alpha_mix =  0.700 |ddv_scf|^2 =  9.710E-12

      iter #   7 total cpu time : 89450.1 secs   av.it.:  17.7
      thresh= 3.116E-07 alpha_mix =  0.700 |ddv_scf|^2 =  1.347E-13

      iter #   8 total cpu time : 89775.5 secs   av.it.:  18.8
      thresh= 3.670E-08 alpha_mix =  0.700 |ddv_scf|^2 =  1.102E-14

      iter #   9 total cpu time : 90109.7 secs   av.it.:  19.0
      thresh= 1.050E-08 alpha_mix =  0.700 |ddv_scf|^2 =  1.945E-15

     End of self-consistent calculation

     Convergence has been achieved 


     Representation #  31 modes #  35  36

     Self-consistent Calculation

      iter #   1 total cpu time : 90273.8 secs   av.it.:   7.2
      thresh= 1.000E-02 alpha_mix =  0.700 |ddv_scf|^2 =  1.147E-07

      iter #   2 total cpu time : 90596.6 secs   av.it.:  18.9
      thresh= 3.387E-05 alpha_mix =  0.700 |ddv_scf|^2 =  3.343E-07

      iter #   3 total cpu time : 90896.0 secs   av.it.:  17.5
      thresh= 5.782E-05 alpha_mix =  0.700 |ddv_scf|^2 =  2.403E-08

      iter #   4 total cpu time : 91198.1 secs   av.it.:  17.5
      thresh= 1.550E-05 alpha_mix =  0.700 |ddv_scf|^2 =  1.094E-09

      iter #   5 total cpu time : 91509.7 secs   av.it.:  18.1
      thresh= 3.308E-06 alpha_mix =  0.700 |ddv_scf|^2 =  1.295E-11

      iter #   6 total cpu time : 91835.2 secs   av.it.:  18.7
      thresh= 3.598E-07 alpha_mix =  0.700 |ddv_scf|^2 =  6.935E-13

      iter #   7 total cpu time : 92174.6 secs   av.it.:  18.9
      thresh= 8.328E-08 alpha_mix =  0.700 |ddv_scf|^2 =  1.148E-13

      iter #   8 total cpu time : 92485.8 secs   av.it.:  18.2
      thresh= 3.388E-08 alpha_mix =  0.700 |ddv_scf|^2 =  7.118E-15

     End of self-consistent calculation

     Convergence has been achieved 


     Representation #  32 modes #  37  38

     Self-consistent Calculation

      iter #   1 total cpu time : 92680.4 secs   av.it.:   7.0
      thresh= 1.000E-02 alpha_mix =  0.700 |ddv_scf|^2 =  4.860E-08

      iter #   2 total cpu time : 93013.2 secs   av.it.:  19.2
      thresh= 2.204E-05 alpha_mix =  0.700 |ddv_scf|^2 =  1.505E-07

      iter #   3 total cpu time : 93324.9 secs   av.it.:  17.5
      thresh= 3.879E-05 alpha_mix =  0.700 |ddv_scf|^2 =  1.062E-08

      iter #   4 total cpu time : 93634.8 secs   av.it.:  17.9
      thresh= 1.031E-05 alpha_mix =  0.700 |ddv_scf|^2 =  2.804E-11

      iter #   5 total cpu time : 93957.6 secs   av.it.:  18.6
      thresh= 5.295E-07 alpha_mix =  0.700 |ddv_scf|^2 =  5.396E-11

      iter #   6 total cpu time : 94260.1 secs   av.it.:  17.1
      thresh= 7.346E-07 alpha_mix =  0.700 |ddv_scf|^2 =  7.123E-13

      iter #   7 total cpu time : 94598.6 secs   av.it.:  19.4
      thresh= 8.440E-08 alpha_mix =  0.700 |ddv_scf|^2 =  1.055E-13

      iter #   8 total cpu time : 94929.2 secs   av.it.:  19.0
      thresh= 3.248E-08 alpha_mix =  0.700 |ddv_scf|^2 =  2.525E-14

      iter #   9 total cpu time : 95256.8 secs   av.it.:  18.9
      thresh= 1.589E-08 alpha_mix =  0.700 |ddv_scf|^2 =  9.803E-16

     End of self-consistent calculation

     Convergence has been achieved 


     Representation #  33 modes #  39  40

     Self-consistent Calculation

      iter #   1 total cpu time : 95414.0 secs   av.it.:   5.4
      thresh= 1.000E-02 alpha_mix =  0.700 |ddv_scf|^2 =  7.575E-09

      iter #   2 total cpu time : 95742.1 secs   av.it.:  18.8
      thresh= 8.703E-06 alpha_mix =  0.700 |ddv_scf|^2 =  4.827E-09

      iter #   3 total cpu time : 96057.0 secs   av.it.:  18.1
      thresh= 6.947E-06 alpha_mix =  0.700 |ddv_scf|^2 =  1.488E-09

      iter #   4 total cpu time : 96351.9 secs   av.it.:  17.0
      thresh= 3.858E-06 alpha_mix =  0.700 |ddv_scf|^2 =  9.704E-11

      iter #   5 total cpu time : 96661.7 secs   av.it.:  17.9
      thresh= 9.851E-07 alpha_mix =  0.700 |ddv_scf|^2 =  1.707E-12

      iter #   6 total cpu time : 96982.4 secs   av.it.:  18.7
      thresh= 1.306E-07 alpha_mix =  0.700 |ddv_scf|^2 =  1.472E-13

      iter #   7 total cpu time : 97295.5 secs   av.it.:  18.0
      thresh= 3.837E-08 alpha_mix =  0.700 |ddv_scf|^2 =  1.419E-14

      iter #   8 total cpu time : 97621.6 secs   av.it.:  18.8
      thresh= 1.191E-08 alpha_mix =  0.700 |ddv_scf|^2 =  4.928E-15

     End of self-consistent calculation

     Convergence has been achieved 


     Representation #  34 modes #  41  42

     Self-consistent Calculation

      iter #   1 total cpu time : 97781.8 secs   av.it.:   7.5
      thresh= 1.000E-02 alpha_mix =  0.700 |ddv_scf|^2 =  7.141E-08

      iter #   2 total cpu time : 98117.5 secs   av.it.:  19.4
      thresh= 2.672E-05 alpha_mix =  0.700 |ddv_scf|^2 =  3.026E-07

      iter #   3 total cpu time : 98423.6 secs   av.it.:  17.4
      thresh= 5.501E-05 alpha_mix =  0.700 |ddv_scf|^2 =  9.995E-09

      iter #   4 total cpu time : 98737.6 secs   av.it.:  17.9
      thresh= 9.998E-06 alpha_mix =  0.700 |ddv_scf|^2 =  1.851E-10

      iter #   5 total cpu time : 99055.4 secs   av.it.:  18.3
      thresh= 1.361E-06 alpha_mix =  0.700 |ddv_scf|^2 =  7.208E-11

      iter #   6 total cpu time : 99354.8 secs   av.it.:  17.2
      thresh= 8.490E-07 alpha_mix =  0.700 |ddv_scf|^2 =  2.712E-12

      iter #   7 total cpu time : 99682.8 secs   av.it.:  18.8
      thresh= 1.647E-07 alpha_mix =  0.700 |ddv_scf|^2 =  1.210E-13

      iter #   8 total cpu time :100015.0 secs   av.it.:  19.1
      thresh= 3.479E-08 alpha_mix =  0.700 |ddv_scf|^2 =  1.598E-14

      iter #   9 total cpu time :100347.1 secs   av.it.:  19.2
      thresh= 1.264E-08 alpha_mix =  0.700 |ddv_scf|^2 =  1.798E-15

     End of self-consistent calculation

     Convergence has been achieved 


     Representation #  35 modes #  43  44

     Self-consistent Calculation

      iter #   1 total cpu time :100512.4 secs   av.it.:   7.0
      thresh= 1.000E-02 alpha_mix =  0.700 |ddv_scf|^2 =  4.582E-08

      iter #   2 total cpu time :100845.8 secs   av.it.:  19.3
      thresh= 2.140E-05 alpha_mix =  0.700 |ddv_scf|^2 =  1.375E-07

      iter #   3 total cpu time :101151.7 secs   av.it.:  17.6
      thresh= 3.708E-05 alpha_mix =  0.700 |ddv_scf|^2 =  1.052E-08

      iter #   4 total cpu time :101457.9 secs   av.it.:  17.7
      thresh= 1.026E-05 alpha_mix =  0.700 |ddv_scf|^2 =  3.074E-11

      iter #   5 total cpu time :101782.6 secs   av.it.:  18.8
      thresh= 5.544E-07 alpha_mix =  0.700 |ddv_scf|^2 =  5.558E-11

      iter #   6 total cpu time :102080.1 secs   av.it.:  17.0
      thresh= 7.455E-07 alpha_mix =  0.700 |ddv_scf|^2 =  1.053E-12

      iter #   7 total cpu time :102414.6 secs   av.it.:  19.4
      thresh= 1.026E-07 alpha_mix =  0.700 |ddv_scf|^2 =  1.242E-13

      iter #   8 total cpu time :102745.2 secs   av.it.:  18.8
      thresh= 3.524E-08 alpha_mix =  0.700 |ddv_scf|^2 =  2.474E-14

      iter #   9 total cpu time :103066.7 secs   av.it.:  18.6
      thresh= 1.573E-08 alpha_mix =  0.700 |ddv_scf|^2 =  9.710E-16

     End of self-consistent calculation

     Convergence has been achieved 


     Representation #  36 modes #  45  46

     Self-consistent Calculation

      iter #   1 total cpu time :103231.4 secs   av.it.:   7.5
      thresh= 1.000E-02 alpha_mix =  0.700 |ddv_scf|^2 =  7.140E-08

      iter #   2 total cpu time :103570.9 secs   av.it.:  19.6
      thresh= 2.672E-05 alpha_mix =  0.700 |ddv_scf|^2 =  3.026E-07

      iter #   3 total cpu time :103877.5 secs   av.it.:  17.6
      thresh= 5.501E-05 alpha_mix =  0.700 |ddv_scf|^2 =  9.996E-09

      iter #   4 total cpu time :104196.5 secs   av.it.:  18.1
      thresh= 9.998E-06 alpha_mix =  0.700 |ddv_scf|^2 =  1.850E-10

      iter #   5 total cpu time :104520.0 secs   av.it.:  18.5
      thresh= 1.360E-06 alpha_mix =  0.700 |ddv_scf|^2 =  7.206E-11

      iter #   6 total cpu time :104821.6 secs   av.it.:  17.3
      thresh= 8.489E-07 alpha_mix =  0.700 |ddv_scf|^2 =  2.715E-12

      iter #   7 total cpu time :105152.7 secs   av.it.:  19.0
      thresh= 1.648E-07 alpha_mix =  0.700 |ddv_scf|^2 =  1.207E-13

      iter #   8 total cpu time :105484.9 secs   av.it.:  19.2
      thresh= 3.474E-08 alpha_mix =  0.700 |ddv_scf|^2 =  1.593E-14

      iter #   9 total cpu time :105818.4 secs   av.it.:  19.3
      thresh= 1.262E-08 alpha_mix =  0.700 |ddv_scf|^2 =  1.801E-15

     End of self-consistent calculation

     Convergence has been achieved 


     Representation #  37 modes #  47  48

     Self-consistent Calculation

      iter #   1 total cpu time :105974.2 secs   av.it.:   5.2
      thresh= 1.000E-02 alpha_mix =  0.700 |ddv_scf|^2 =  6.646E-09

      iter #   2 total cpu time :106306.6 secs   av.it.:  19.2
      thresh= 8.152E-06 alpha_mix =  0.700 |ddv_scf|^2 =  1.706E-08

      iter #   3 total cpu time :106607.4 secs   av.it.:  17.4
      thresh= 1.306E-05 alpha_mix =  0.700 |ddv_scf|^2 =  1.787E-09

      iter #   4 total cpu time :106917.6 secs   av.it.:  17.5
      thresh= 4.228E-06 alpha_mix =  0.700 |ddv_scf|^2 =  1.331E-10

      iter #   5 total cpu time :107231.8 secs   av.it.:  18.0
      thresh= 1.154E-06 alpha_mix =  0.700 |ddv_scf|^2 =  1.260E-12

      iter #   6 total cpu time :107562.1 secs   av.it.:  19.3
      thresh= 1.122E-07 alpha_mix =  0.700 |ddv_scf|^2 =  8.735E-14

      iter #   7 total cpu time :107883.5 secs   av.it.:  18.6
      thresh= 2.955E-08 alpha_mix =  0.700 |ddv_scf|^2 =  2.028E-15

     End of self-consistent calculation

     Convergence has been achieved 


     Representation #  38 modes #  49  50

     Self-consistent Calculation

      iter #   1 total cpu time :108047.8 secs   av.it.:   6.0
      thresh= 1.000E-02 alpha_mix =  0.700 |ddv_scf|^2 =  1.747E-08

      iter #   2 total cpu time :108385.1 secs   av.it.:  19.2
      thresh= 1.322E-05 alpha_mix =  0.700 |ddv_scf|^2 =  5.747E-08

      iter #   3 total cpu time :108689.8 secs   av.it.:  17.4
      thresh= 2.397E-05 alpha_mix =  0.700 |ddv_scf|^2 =  3.357E-09

      iter #   4 total cpu time :108994.9 secs   av.it.:  17.6
      thresh= 5.794E-06 alpha_mix =  0.700 |ddv_scf|^2 =  1.922E-10

      iter #   5 total cpu time :109310.2 secs   av.it.:  18.2
      thresh= 1.387E-06 alpha_mix =  0.700 |ddv_scf|^2 =  1.922E-12

      iter #   6 total cpu time :109644.4 secs   av.it.:  19.4
      thresh= 1.386E-07 alpha_mix =  0.700 |ddv_scf|^2 =  1.756E-13

      iter #   7 total cpu time :109961.7 secs   av.it.:  18.2
      thresh= 4.190E-08 alpha_mix =  0.700 |ddv_scf|^2 =  2.168E-15

     End of self-consistent calculation

     Convergence has been achieved 


     Representation #  39 modes #  51  52

     Self-consistent Calculation

      iter #   1 total cpu time :110155.7 secs   av.it.:   7.0
      thresh= 1.000E-02 alpha_mix =  0.700 |ddv_scf|^2 =  3.860E-08

      iter #   2 total cpu time :110493.1 secs   av.it.:  19.6
      thresh= 1.965E-05 alpha_mix =  0.700 |ddv_scf|^2 =  1.122E-07

      iter #   3 total cpu time :110803.3 secs   av.it.:  17.9
      thresh= 3.349E-05 alpha_mix =  0.700 |ddv_scf|^2 =  9.998E-09

      iter #   4 total cpu time :111122.7 secs   av.it.:  18.0
      thresh= 9.999E-06 alpha_mix =  0.700 |ddv_scf|^2 =  5.862E-11

      iter #   5 total cpu time :111442.1 secs   av.it.:  18.3
      thresh= 7.656E-07 alpha_mix =  0.700 |ddv_scf|^2 =  5.225E-11

      iter #   6 total cpu time :111745.8 secs   av.it.:  17.4
      thresh= 7.228E-07 alpha_mix =  0.700 |ddv_scf|^2 =  1.310E-12

      iter #   7 total cpu time :112081.9 secs   av.it.:  19.2
      thresh= 1.144E-07 alpha_mix =  0.700 |ddv_scf|^2 =  1.173E-13

      iter #   8 total cpu time :112410.6 secs   av.it.:  19.0
      thresh= 3.424E-08 alpha_mix =  0.700 |ddv_scf|^2 =  1.496E-14

      iter #   9 total cpu time :112747.3 secs   av.it.:  19.1
      thresh= 1.223E-08 alpha_mix =  0.700 |ddv_scf|^2 =  1.136E-15

     End of self-consistent calculation

     Convergence has been achieved 


     Representation #  40 modes #  53  54

     Self-consistent Calculation

      iter #   1 total cpu time :112907.4 secs   av.it.:   5.8
      thresh= 1.000E-02 alpha_mix =  0.700 |ddv_scf|^2 =  1.079E-08

      iter #   2 total cpu time :113237.4 secs   av.it.:  19.1
      thresh= 1.039E-05 alpha_mix =  0.700 |ddv_scf|^2 =  2.601E-08

      iter #   3 total cpu time :113538.1 secs   av.it.:  17.5
      thresh= 1.613E-05 alpha_mix =  0.700 |ddv_scf|^2 =  3.189E-09

      iter #   4 total cpu time :113841.2 secs   av.it.:  17.5
      thresh= 5.647E-06 alpha_mix =  0.700 |ddv_scf|^2 =  1.324E-10

      iter #   5 total cpu time :114153.3 secs   av.it.:  18.0
      thresh= 1.151E-06 alpha_mix =  0.700 |ddv_scf|^2 =  2.156E-12

      iter #   6 total cpu time :114478.0 secs   av.it.:  18.8
      thresh= 1.468E-07 alpha_mix =  0.700 |ddv_scf|^2 =  1.523E-13

      iter #   7 total cpu time :114793.3 secs   av.it.:  18.2
      thresh= 3.902E-08 alpha_mix =  0.700 |ddv_scf|^2 =  2.330E-15

     End of self-consistent calculation

     Convergence has been achieved 


     Representation #  41 mode #  55

     Self-consistent Calculation

      iter #   1 total cpu time :114884.3 secs   av.it.:   6.6
      thresh= 1.000E-02 alpha_mix =  0.700 |ddv_scf|^2 =  6.298E-08

      iter #   2 total cpu time :115028.6 secs   av.it.:  16.6
      thresh= 2.510E-05 alpha_mix =  0.700 |ddv_scf|^2 =  2.924E-08

      iter #   3 total cpu time :115170.4 secs   av.it.:  16.2
      thresh= 1.710E-05 alpha_mix =  0.700 |ddv_scf|^2 =  1.506E-11

      iter #   4 total cpu time :115314.9 secs   av.it.:  16.7
      thresh= 3.881E-07 alpha_mix =  0.700 |ddv_scf|^2 =  1.988E-13

      iter #   5 total cpu time :115456.7 secs   av.it.:  16.2
      thresh= 4.459E-08 alpha_mix =  0.700 |ddv_scf|^2 =  1.792E-14

      iter #   6 total cpu time :115601.9 secs   av.it.:  16.8
      thresh= 1.339E-08 alpha_mix =  0.700 |ddv_scf|^2 =  3.964E-17

     End of self-consistent calculation

     Convergence has been achieved 


     Representation #  42 mode #  56

     Self-consistent Calculation

      iter #   1 total cpu time :115668.2 secs   av.it.:   5.0
      thresh= 1.000E-02 alpha_mix =  0.700 |ddv_scf|^2 =  9.969E-09

      iter #   2 total cpu time :115815.7 secs   av.it.:  16.9
      thresh= 9.985E-06 alpha_mix =  0.700 |ddv_scf|^2 =  9.795E-10

      iter #   3 total cpu time :115964.4 secs   av.it.:  17.1
      thresh= 3.130E-06 alpha_mix =  0.700 |ddv_scf|^2 =  8.735E-11

      iter #   4 total cpu time :116108.1 secs   av.it.:  16.5
      thresh= 9.346E-07 alpha_mix =  0.700 |ddv_scf|^2 =  3.442E-13

      iter #   5 total cpu time :116257.6 secs   av.it.:  17.2
      thresh= 5.867E-08 alpha_mix =  0.700 |ddv_scf|^2 =  4.066E-15

     End of self-consistent calculation

     Convergence has been achieved 


     Representation #  43 mode #  57

     Self-consistent Calculation

      iter #   1 total cpu time :116323.4 secs   av.it.:   5.0
      thresh= 1.000E-02 alpha_mix =  0.700 |ddv_scf|^2 =  9.969E-09

      iter #   2 total cpu time :116471.4 secs   av.it.:  16.9
      thresh= 9.985E-06 alpha_mix =  0.700 |ddv_scf|^2 =  9.795E-10

      iter #   3 total cpu time :116620.3 secs   av.it.:  17.1
      thresh= 3.130E-06 alpha_mix =  0.700 |ddv_scf|^2 =  8.735E-11

      iter #   4 total cpu time :116764.3 secs   av.it.:  16.5
      thresh= 9.346E-07 alpha_mix =  0.700 |ddv_scf|^2 =  3.442E-13

      iter #   5 total cpu time :116914.1 secs   av.it.:  17.2
      thresh= 5.867E-08 alpha_mix =  0.700 |ddv_scf|^2 =  4.066E-15

     End of self-consistent calculation

     Convergence has been achieved 


     Representation #  44 mode #  58

     Self-consistent Calculation

      iter #   1 total cpu time :117019.5 secs   av.it.:   7.9
      thresh= 1.000E-02 alpha_mix =  0.700 |ddv_scf|^2 =  8.078E-07

      iter #   2 total cpu time :117175.1 secs   av.it.:  17.8
      thresh= 8.988E-05 alpha_mix =  0.700 |ddv_scf|^2 =  6.613E-06

      iter #   3 total cpu time :117309.5 secs   av.it.:  15.1
      thresh= 2.572E-04 alpha_mix =  0.700 |ddv_scf|^2 =  1.260E-06

      iter #   4 total cpu time :117435.9 secs   av.it.:  14.2
      thresh= 1.123E-04 alpha_mix =  0.700 |ddv_scf|^2 =  2.851E-08

      iter #   5 total cpu time :117579.4 secs   av.it.:  16.4
      thresh= 1.688E-05 alpha_mix =  0.700 |ddv_scf|^2 =  7.734E-10

      iter #   6 total cpu time :117727.5 secs   av.it.:  16.9
      thresh= 2.781E-06 alpha_mix =  0.700 |ddv_scf|^2 =  3.287E-11

      iter #   7 total cpu time :117879.2 secs   av.it.:  17.2
      thresh= 5.733E-07 alpha_mix =  0.700 |ddv_scf|^2 =  2.077E-12

      iter #   8 total cpu time :118025.4 secs   av.it.:  16.7
      thresh= 1.441E-07 alpha_mix =  0.700 |ddv_scf|^2 =  6.139E-13

      iter #   9 total cpu time :118175.8 secs   av.it.:  17.1
      thresh= 7.835E-08 alpha_mix =  0.700 |ddv_scf|^2 =  2.246E-14

      iter #  10 total cpu time :118331.8 secs   av.it.:  17.9
      thresh= 1.499E-08 alpha_mix =  0.700 |ddv_scf|^2 =  1.975E-14

      iter #  11 total cpu time :118470.8 secs   av.it.:  15.8
      thresh= 1.405E-08 alpha_mix =  0.700 |ddv_scf|^2 =  1.892E-14

      iter #  12 total cpu time :118611.8 secs   av.it.:  15.9
      thresh= 1.375E-08 alpha_mix =  0.700 |ddv_scf|^2 =  5.916E-16

     End of self-consistent calculation

     Convergence has been achieved 


     Representation #  45 mode #  59

     Self-consistent Calculation

      iter #   1 total cpu time :118715.1 secs   av.it.:   7.8
      thresh= 1.000E-02 alpha_mix =  0.700 |ddv_scf|^2 =  5.015E-06

      iter #   2 total cpu time :118856.8 secs   av.it.:  16.3
      thresh= 2.240E-04 alpha_mix =  0.700 |ddv_scf|^2 =  1.552E-04

      iter #   3 total cpu time :118968.6 secs   av.it.:  12.6
      thresh= 1.246E-03 alpha_mix =  0.700 |ddv_scf|^2 =  5.360E-08

      iter #   4 total cpu time :119118.9 secs   av.it.:  17.1
      thresh= 2.315E-05 alpha_mix =  0.700 |ddv_scf|^2 =  1.619E-08

      iter #   5 total cpu time :119265.9 secs   av.it.:  16.6
      thresh= 1.273E-05 alpha_mix =  0.700 |ddv_scf|^2 =  4.207E-09

      iter #   6 total cpu time :119409.0 secs   av.it.:  16.1
      thresh= 6.486E-06 alpha_mix =  0.700 |ddv_scf|^2 =  3.600E-10

      iter #   7 total cpu time :119553.2 secs   av.it.:  16.5
      thresh= 1.897E-06 alpha_mix =  0.700 |ddv_scf|^2 =  1.058E-12

      iter #   8 total cpu time :119715.5 secs   av.it.:  18.7
      thresh= 1.028E-07 alpha_mix =  0.700 |ddv_scf|^2 =  1.684E-12

      iter #   9 total cpu time :119863.9 secs   av.it.:  16.9
      thresh= 1.298E-07 alpha_mix =  0.700 |ddv_scf|^2 =  1.472E-12

      iter #  10 total cpu time :119992.3 secs   av.it.:  14.4
      thresh= 1.213E-07 alpha_mix =  0.700 |ddv_scf|^2 =  1.067E-13

      iter #  11 total cpu time :120128.4 secs   av.it.:  15.4
      thresh= 3.267E-08 alpha_mix =  0.700 |ddv_scf|^2 =  1.891E-14

      iter #  12 total cpu time :120269.1 secs   av.it.:  15.9
      thresh= 1.375E-08 alpha_mix =  0.700 |ddv_scf|^2 =  6.360E-15

     End of self-consistent calculation

     Convergence has been achieved 


     Representation #  46 mode #  60

     Self-consistent Calculation

      iter #   1 total cpu time :120348.2 secs   av.it.:   7.0
      thresh= 1.000E-02 alpha_mix =  0.700 |ddv_scf|^2 =  4.094E-06

      iter #   2 total cpu time :120489.0 secs   av.it.:  16.0
      thresh= 2.023E-04 alpha_mix =  0.700 |ddv_scf|^2 =  1.093E-04

      iter #   3 total cpu time :120600.7 secs   av.it.:  12.5
      thresh= 1.046E-03 alpha_mix =  0.700 |ddv_scf|^2 =  3.305E-07

      iter #   4 total cpu time :120740.2 secs   av.it.:  15.8
      thresh= 5.749E-05 alpha_mix =  0.700 |ddv_scf|^2 =  3.823E-08

      iter #   5 total cpu time :120876.3 secs   av.it.:  15.4
      thresh= 1.955E-05 alpha_mix =  0.700 |ddv_scf|^2 =  8.437E-10

      iter #   6 total cpu time :121018.3 secs   av.it.:  16.1
      thresh= 2.905E-06 alpha_mix =  0.700 |ddv_scf|^2 =  3.774E-11

      iter #   7 total cpu time :121166.5 secs   av.it.:  17.0
      thresh= 6.143E-07 alpha_mix =  0.700 |ddv_scf|^2 =  2.361E-11

      iter #   8 total cpu time :121292.5 secs   av.it.:  14.2
      thresh= 4.859E-07 alpha_mix =  0.700 |ddv_scf|^2 =  1.078E-12

      iter #   9 total cpu time :121435.6 secs   av.it.:  16.4
      thresh= 1.038E-07 alpha_mix =  0.700 |ddv_scf|^2 =  8.727E-14

      iter #  10 total cpu time :121584.0 secs   av.it.:  16.9
      thresh= 2.954E-08 alpha_mix =  0.700 |ddv_scf|^2 =  6.610E-14

      iter #  11 total cpu time :121719.8 secs   av.it.:  15.3
      thresh= 2.571E-08 alpha_mix =  0.700 |ddv_scf|^2 =  2.279E-15

     End of self-consistent calculation

     Convergence has been achieved 


     Representation #  47 mode #  61

     Self-consistent Calculation

      iter #   1 total cpu time :121799.7 secs   av.it.:   7.2
      thresh= 1.000E-02 alpha_mix =  0.700 |ddv_scf|^2 =  2.279E-06

      iter #   2 total cpu time :121948.4 secs   av.it.:  16.9
      thresh= 1.510E-04 alpha_mix =  0.700 |ddv_scf|^2 =  5.541E-05

      iter #   3 total cpu time :122064.7 secs   av.it.:  12.9
      thresh= 7.444E-04 alpha_mix =  0.700 |ddv_scf|^2 =  4.504E-07

      iter #   4 total cpu time :122208.3 secs   av.it.:  16.2
      thresh= 6.711E-05 alpha_mix =  0.700 |ddv_scf|^2 =  4.615E-08

      iter #   5 total cpu time :122352.4 secs   av.it.:  16.3
      thresh= 2.148E-05 alpha_mix =  0.700 |ddv_scf|^2 =  7.402E-09

      iter #   6 total cpu time :122494.8 secs   av.it.:  16.0
      thresh= 8.603E-06 alpha_mix =  0.700 |ddv_scf|^2 =  4.629E-10

      iter #   7 total cpu time :122638.8 secs   av.it.:  16.2
      thresh= 2.152E-06 alpha_mix =  0.700 |ddv_scf|^2 =  3.242E-11

      iter #   8 total cpu time :122792.1 secs   av.it.:  17.5
      thresh= 5.694E-07 alpha_mix =  0.700 |ddv_scf|^2 =  3.563E-12

      iter #   9 total cpu time :122938.2 secs   av.it.:  16.6
      thresh= 1.887E-07 alpha_mix =  0.700 |ddv_scf|^2 =  1.068E-12

      iter #  10 total cpu time :123075.6 secs   av.it.:  15.4
      thresh= 1.033E-07 alpha_mix =  0.700 |ddv_scf|^2 =  3.241E-14

      iter #  11 total cpu time :123232.9 secs   av.it.:  17.8
      thresh= 1.800E-08 alpha_mix =  0.700 |ddv_scf|^2 =  3.266E-14

      iter #  12 total cpu time :123376.9 secs   av.it.:  16.1
      thresh= 1.807E-08 alpha_mix =  0.700 |ddv_scf|^2 =  9.665E-15

     End of self-consistent calculation

     Convergence has been achieved 


     Representation #  48 mode #  62

     Self-consistent Calculation

      iter #   1 total cpu time :123458.1 secs   av.it.:   7.2
      thresh= 1.000E-02 alpha_mix =  0.700 |ddv_scf|^2 =  1.415E-06

      iter #   2 total cpu time :123608.5 secs   av.it.:  16.9
      thresh= 1.189E-04 alpha_mix =  0.700 |ddv_scf|^2 =  4.005E-05

      iter #   3 total cpu time :123725.4 secs   av.it.:  12.9
      thresh= 6.328E-04 alpha_mix =  0.700 |ddv_scf|^2 =  1.515E-07

      iter #   4 total cpu time :123871.1 secs   av.it.:  16.4
      thresh= 3.893E-05 alpha_mix =  0.700 |ddv_scf|^2 =  2.236E-08

      iter #   5 total cpu time :124017.0 secs   av.it.:  16.6
      thresh= 1.495E-05 alpha_mix =  0.700 |ddv_scf|^2 =  1.124E-09

      iter #   6 total cpu time :124164.6 secs   av.it.:  16.7
      thresh= 3.352E-06 alpha_mix =  0.700 |ddv_scf|^2 =  1.200E-10

      iter #   7 total cpu time :124311.3 secs   av.it.:  16.6
      thresh= 1.096E-06 alpha_mix =  0.700 |ddv_scf|^2 =  5.822E-12

      iter #   8 total cpu time :124464.1 secs   av.it.:  17.1
      thresh= 2.413E-07 alpha_mix =  0.700 |ddv_scf|^2 =  4.465E-12

      iter #   9 total cpu time :124606.6 secs   av.it.:  16.0
      thresh= 2.113E-07 alpha_mix =  0.700 |ddv_scf|^2 =  3.387E-12

      iter #  10 total cpu time :124743.9 secs   av.it.:  15.2
      thresh= 1.840E-07 alpha_mix =  0.700 |ddv_scf|^2 =  1.154E-13

      iter #  11 total cpu time :124886.8 secs   av.it.:  16.1
      thresh= 3.397E-08 alpha_mix =  0.700 |ddv_scf|^2 =  6.308E-15

     End of self-consistent calculation

     Convergence has been achieved 


     Representation #  49 mode #  63

     Self-consistent Calculation

      iter #   1 total cpu time :124967.9 secs   av.it.:   7.2
      thresh= 1.000E-02 alpha_mix =  0.700 |ddv_scf|^2 =  1.415E-06

      iter #   2 total cpu time :125118.2 secs   av.it.:  17.0
      thresh= 1.189E-04 alpha_mix =  0.700 |ddv_scf|^2 =  4.005E-05

      iter #   3 total cpu time :125235.1 secs   av.it.:  12.9
      thresh= 6.328E-04 alpha_mix =  0.700 |ddv_scf|^2 =  1.515E-07

      iter #   4 total cpu time :125380.7 secs   av.it.:  16.4
      thresh= 3.893E-05 alpha_mix =  0.700 |ddv_scf|^2 =  2.236E-08

      iter #   5 total cpu time :125526.7 secs   av.it.:  16.6
      thresh= 1.495E-05 alpha_mix =  0.700 |ddv_scf|^2 =  1.124E-09

      iter #   6 total cpu time :125674.3 secs   av.it.:  16.7
      thresh= 3.352E-06 alpha_mix =  0.700 |ddv_scf|^2 =  1.200E-10

      iter #   7 total cpu time :125820.7 secs   av.it.:  16.6
      thresh= 1.096E-06 alpha_mix =  0.700 |ddv_scf|^2 =  5.822E-12

      iter #   8 total cpu time :125973.1 secs   av.it.:  17.1
      thresh= 2.413E-07 alpha_mix =  0.700 |ddv_scf|^2 =  4.465E-12

      iter #   9 total cpu time :126115.6 secs   av.it.:  16.0
      thresh= 2.113E-07 alpha_mix =  0.700 |ddv_scf|^2 =  3.387E-12

      iter #  10 total cpu time :126251.8 secs   av.it.:  15.2
      thresh= 1.840E-07 alpha_mix =  0.700 |ddv_scf|^2 =  1.154E-13

      iter #  11 total cpu time :126394.5 secs   av.it.:  16.1
      thresh= 3.397E-08 alpha_mix =  0.700 |ddv_scf|^2 =  6.307E-15

     End of self-consistent calculation

     Convergence has been achieved 


     Representation #  50 mode #  64

     Self-consistent Calculation

      iter #   1 total cpu time :126476.5 secs   av.it.:   7.2
      thresh= 1.000E-02 alpha_mix =  0.700 |ddv_scf|^2 =  7.963E-06

      iter #   2 total cpu time :126612.9 secs   av.it.:  15.6
      thresh= 2.822E-04 alpha_mix =  0.700 |ddv_scf|^2 =  2.185E-04

      iter #   3 total cpu time :126725.3 secs   av.it.:  12.5
      thresh= 1.478E-03 alpha_mix =  0.700 |ddv_scf|^2 =  5.191E-07

      iter #   4 total cpu time :126861.8 secs   av.it.:  15.6
      thresh= 7.205E-05 alpha_mix =  0.700 |ddv_scf|^2 =  4.973E-08

      iter #   5 total cpu time :126993.9 secs   av.it.:  15.0
      thresh= 2.230E-05 alpha_mix =  0.700 |ddv_scf|^2 =  2.447E-09

      iter #   6 total cpu time :127129.1 secs   av.it.:  15.3
      thresh= 4.946E-06 alpha_mix =  0.700 |ddv_scf|^2 =  1.455E-10

      iter #   7 total cpu time :127264.5 secs   av.it.:  15.3
      thresh= 1.206E-06 alpha_mix =  0.700 |ddv_scf|^2 =  2.670E-11

      iter #   8 total cpu time :127391.6 secs   av.it.:  14.4
      thresh= 5.167E-07 alpha_mix =  0.700 |ddv_scf|^2 =  8.084E-12

      iter #   9 total cpu time :127523.5 secs   av.it.:  14.8
      thresh= 2.843E-07 alpha_mix =  0.700 |ddv_scf|^2 =  7.569E-14

      iter #  10 total cpu time :127661.0 secs   av.it.:  15.6
      thresh= 2.751E-08 alpha_mix =  0.700 |ddv_scf|^2 =  1.997E-14

      iter #  11 total cpu time :127802.0 secs   av.it.:  15.9
      thresh= 1.413E-08 alpha_mix =  0.700 |ddv_scf|^2 =  3.668E-15

     End of self-consistent calculation

     Convergence has been achieved 


     Representation #  51 mode #  65

     Self-consistent Calculation

      iter #   1 total cpu time :127881.6 secs   av.it.:   6.0
      thresh= 1.000E-02 alpha_mix =  0.700 |ddv_scf|^2 =  9.063E-08

      iter #   2 total cpu time :128034.8 secs   av.it.:  17.4
      thresh= 3.011E-05 alpha_mix =  0.700 |ddv_scf|^2 =  1.566E-07

      iter #   3 total cpu time :128176.7 secs   av.it.:  15.9
      thresh= 3.958E-05 alpha_mix =  0.700 |ddv_scf|^2 =  5.061E-09

      iter #   4 total cpu time :128325.9 secs   av.it.:  16.9
      thresh= 7.114E-06 alpha_mix =  0.700 |ddv_scf|^2 =  2.504E-09

      iter #   5 total cpu time :128466.9 secs   av.it.:  15.9
      thresh= 5.004E-06 alpha_mix =  0.700 |ddv_scf|^2 =  9.357E-11

      iter #   6 total cpu time :128611.4 secs   av.it.:  16.2
      thresh= 9.673E-07 alpha_mix =  0.700 |ddv_scf|^2 =  3.545E-10

      iter #   7 total cpu time :128734.6 secs   av.it.:  13.7
      thresh= 1.883E-06 alpha_mix =  0.700 |ddv_scf|^2 =  1.068E-12

      iter #   8 total cpu time :128888.1 secs   av.it.:  17.5
      thresh= 1.034E-07 alpha_mix =  0.700 |ddv_scf|^2 =  7.451E-14

      iter #   9 total cpu time :129041.2 secs   av.it.:  17.4
      thresh= 2.730E-08 alpha_mix =  0.700 |ddv_scf|^2 =  6.222E-15

     End of self-consistent calculation

     Convergence has been achieved 


     Representation #  52 mode #  66

     Self-consistent Calculation

      iter #   1 total cpu time :129120.6 secs   av.it.:   6.0
      thresh= 1.000E-02 alpha_mix =  0.700 |ddv_scf|^2 =  1.163E-07

      iter #   2 total cpu time :129276.3 secs   av.it.:  17.7
      thresh= 3.411E-05 alpha_mix =  0.700 |ddv_scf|^2 =  2.880E-07

      iter #   3 total cpu time :129420.2 secs   av.it.:  16.1
      thresh= 5.367E-05 alpha_mix =  0.700 |ddv_scf|^2 =  3.113E-08

      iter #   4 total cpu time :129562.5 secs   av.it.:  15.9
      thresh= 1.765E-05 alpha_mix =  0.700 |ddv_scf|^2 =  4.174E-10

      iter #   5 total cpu time :129712.8 secs   av.it.:  16.9
      thresh= 2.043E-06 alpha_mix =  0.700 |ddv_scf|^2 =  2.257E-10

      iter #   6 total cpu time :129847.1 secs   av.it.:  14.9
      thresh= 1.502E-06 alpha_mix =  0.700 |ddv_scf|^2 =  2.613E-10

      iter #   7 total cpu time :129974.0 secs   av.it.:  14.0
      thresh= 1.617E-06 alpha_mix =  0.700 |ddv_scf|^2 =  2.137E-12

      iter #   8 total cpu time :130124.2 secs   av.it.:  17.0
      thresh= 1.462E-07 alpha_mix =  0.700 |ddv_scf|^2 =  1.216E-13

      iter #   9 total cpu time :130278.5 secs   av.it.:  17.6
      thresh= 3.487E-08 alpha_mix =  0.700 |ddv_scf|^2 =  2.695E-14

      iter #  10 total cpu time :130432.2 secs   av.it.:  17.6
      thresh= 1.642E-08 alpha_mix =  0.700 |ddv_scf|^2 =  8.768E-15

     End of self-consistent calculation

     Convergence has been achieved 


     Representation #  53 mode #  67

     Self-consistent Calculation

      iter #   1 total cpu time :130512.5 secs   av.it.:   7.2
      thresh= 1.000E-02 alpha_mix =  0.700 |ddv_scf|^2 =  2.279E-06

      iter #   2 total cpu time :130661.7 secs   av.it.:  16.9
      thresh= 1.510E-04 alpha_mix =  0.700 |ddv_scf|^2 =  5.541E-05

      iter #   3 total cpu time :130778.7 secs   av.it.:  12.9
      thresh= 7.444E-04 alpha_mix =  0.700 |ddv_scf|^2 =  4.504E-07

      iter #   4 total cpu time :130923.7 secs   av.it.:  16.2
      thresh= 6.711E-05 alpha_mix =  0.700 |ddv_scf|^2 =  4.615E-08

      iter #   5 total cpu time :131068.8 secs   av.it.:  16.3
      thresh= 2.148E-05 alpha_mix =  0.700 |ddv_scf|^2 =  7.402E-09

      iter #   6 total cpu time :131213.2 secs   av.it.:  15.9
      thresh= 8.603E-06 alpha_mix =  0.700 |ddv_scf|^2 =  4.629E-10

      iter #   7 total cpu time :131357.6 secs   av.it.:  16.2
      thresh= 2.152E-06 alpha_mix =  0.700 |ddv_scf|^2 =  3.242E-11

      iter #   8 total cpu time :131511.4 secs   av.it.:  17.5
      thresh= 5.694E-07 alpha_mix =  0.700 |ddv_scf|^2 =  3.563E-12

      iter #   9 total cpu time :131657.3 secs   av.it.:  16.6
      thresh= 1.888E-07 alpha_mix =  0.700 |ddv_scf|^2 =  1.068E-12

      iter #  10 total cpu time :131793.8 secs   av.it.:  15.4
      thresh= 1.033E-07 alpha_mix =  0.700 |ddv_scf|^2 =  3.241E-14

      iter #  11 total cpu time :131948.8 secs   av.it.:  17.8
      thresh= 1.800E-08 alpha_mix =  0.700 |ddv_scf|^2 =  3.265E-14

      iter #  12 total cpu time :132092.3 secs   av.it.:  16.1
      thresh= 1.807E-08 alpha_mix =  0.700 |ddv_scf|^2 =  9.666E-15

     End of self-consistent calculation

     Convergence has been achieved 


     Representation #  54 mode #  68

     Self-consistent Calculation

      iter #   1 total cpu time :132175.2 secs   av.it.:   7.3
      thresh= 1.000E-02 alpha_mix =  0.700 |ddv_scf|^2 =  2.593E-06

      iter #   2 total cpu time :132316.4 secs   av.it.:  16.3
      thresh= 1.610E-04 alpha_mix =  0.700 |ddv_scf|^2 =  7.902E-05

      iter #   3 total cpu time :132427.4 secs   av.it.:  12.5
      thresh= 8.889E-04 alpha_mix =  0.700 |ddv_scf|^2 =  3.955E-08

      iter #   4 total cpu time :132574.5 secs   av.it.:  16.9
      thresh= 1.989E-05 alpha_mix =  0.700 |ddv_scf|^2 =  2.533E-09

      iter #   5 total cpu time :132718.5 secs   av.it.:  16.4
      thresh= 5.033E-06 alpha_mix =  0.700 |ddv_scf|^2 =  5.407E-10

      iter #   6 total cpu time :132860.1 secs   av.it.:  16.1
      thresh= 2.325E-06 alpha_mix =  0.700 |ddv_scf|^2 =  1.374E-11

      iter #   7 total cpu time :133005.4 secs   av.it.:  16.7
      thresh= 3.707E-07 alpha_mix =  0.700 |ddv_scf|^2 =  1.168E-12

      iter #   8 total cpu time :133150.8 secs   av.it.:  16.6
      thresh= 1.081E-07 alpha_mix =  0.700 |ddv_scf|^2 =  4.801E-12

      iter #   9 total cpu time :133279.5 secs   av.it.:  14.6
      thresh= 2.191E-07 alpha_mix =  0.700 |ddv_scf|^2 =  1.177E-13

      iter #  10 total cpu time :133411.0 secs   av.it.:  14.8
      thresh= 3.431E-08 alpha_mix =  0.700 |ddv_scf|^2 =  1.549E-15

     End of self-consistent calculation

     Convergence has been achieved 


     Representation #  55 mode #  69

     Self-consistent Calculation

      iter #   1 total cpu time :133490.2 secs   av.it.:   6.0
      thresh= 1.000E-02 alpha_mix =  0.700 |ddv_scf|^2 =  9.509E-08

      iter #   2 total cpu time :133645.0 secs   av.it.:  17.6
      thresh= 3.084E-05 alpha_mix =  0.700 |ddv_scf|^2 =  2.115E-07

      iter #   3 total cpu time :133787.9 secs   av.it.:  16.1
      thresh= 4.599E-05 alpha_mix =  0.700 |ddv_scf|^2 =  1.372E-08

      iter #   4 total cpu time :133928.0 secs   av.it.:  15.8
      thresh= 1.171E-05 alpha_mix =  0.700 |ddv_scf|^2 =  1.337E-09

      iter #   5 total cpu time :134074.0 secs   av.it.:  16.6
      thresh= 3.656E-06 alpha_mix =  0.700 |ddv_scf|^2 =  8.744E-11

      iter #   6 total cpu time :134218.7 secs   av.it.:  16.4
      thresh= 9.351E-07 alpha_mix =  0.700 |ddv_scf|^2 =  2.190E-10

      iter #   7 total cpu time :134345.3 secs   av.it.:  14.1
      thresh= 1.480E-06 alpha_mix =  0.700 |ddv_scf|^2 =  2.014E-12

      iter #   8 total cpu time :134500.3 secs   av.it.:  17.7
      thresh= 1.419E-07 alpha_mix =  0.700 |ddv_scf|^2 =  3.551E-13

      iter #   9 total cpu time :134650.5 secs   av.it.:  17.0
      thresh= 5.959E-08 alpha_mix =  0.700 |ddv_scf|^2 =  1.977E-13

      iter #  10 total cpu time :134794.9 secs   av.it.:  16.4
      thresh= 4.446E-08 alpha_mix =  0.700 |ddv_scf|^2 =  4.195E-15

     End of self-consistent calculation

     Convergence has been achieved 


     Representation #  56 mode #  70

     Self-consistent Calculation

      iter #   1 total cpu time :134875.4 secs   av.it.:   6.0
      thresh= 1.000E-02 alpha_mix =  0.700 |ddv_scf|^2 =  1.208E-07

      iter #   2 total cpu time :135032.0 secs   av.it.:  17.8
      thresh= 3.475E-05 alpha_mix =  0.700 |ddv_scf|^2 =  3.426E-07

      iter #   3 total cpu time :135176.3 secs   av.it.:  16.1
      thresh= 5.853E-05 alpha_mix =  0.700 |ddv_scf|^2 =  2.918E-08

      iter #   4 total cpu time :135319.4 secs   av.it.:  15.9
      thresh= 1.708E-05 alpha_mix =  0.700 |ddv_scf|^2 =  4.798E-10

      iter #   5 total cpu time :135469.0 secs   av.it.:  16.9
      thresh= 2.190E-06 alpha_mix =  0.700 |ddv_scf|^2 =  7.589E-11

      iter #   6 total cpu time :135614.9 secs   av.it.:  16.6
      thresh= 8.711E-07 alpha_mix =  0.700 |ddv_scf|^2 =  3.191E-11

      iter #   7 total cpu time :135740.2 secs   av.it.:  14.0
      thresh= 5.649E-07 alpha_mix =  0.700 |ddv_scf|^2 =  9.362E-12

      iter #   8 total cpu time :135880.5 secs   av.it.:  15.9
      thresh= 3.060E-07 alpha_mix =  0.700 |ddv_scf|^2 =  1.615E-13

      iter #   9 total cpu time :136035.9 secs   av.it.:  17.8
      thresh= 4.018E-08 alpha_mix =  0.700 |ddv_scf|^2 =  1.413E-13

      iter #  10 total cpu time :136183.0 secs   av.it.:  16.8
      thresh= 3.760E-08 alpha_mix =  0.700 |ddv_scf|^2 =  6.044E-15

     End of self-consistent calculation

     Convergence has been achieved 


     Representation #  57 mode #  71

     Self-consistent Calculation

      iter #   1 total cpu time :136278.2 secs   av.it.:   6.7
      thresh= 1.000E-02 alpha_mix =  0.700 |ddv_scf|^2 =  6.597E-08

      iter #   2 total cpu time :136428.8 secs   av.it.:  17.4
      thresh= 2.569E-05 alpha_mix =  0.700 |ddv_scf|^2 =  3.422E-08

      iter #   3 total cpu time :136575.6 secs   av.it.:  16.8
      thresh= 1.850E-05 alpha_mix =  0.700 |ddv_scf|^2 =  2.405E-10

      iter #   4 total cpu time :136718.8 secs   av.it.:  16.6
      thresh= 1.551E-06 alpha_mix =  0.700 |ddv_scf|^2 =  7.916E-12

      iter #   5 total cpu time :136869.4 secs   av.it.:  17.4
      thresh= 2.813E-07 alpha_mix =  0.700 |ddv_scf|^2 =  2.200E-13

      iter #   6 total cpu time :137017.4 secs   av.it.:  17.1
      thresh= 4.691E-08 alpha_mix =  0.700 |ddv_scf|^2 =  2.774E-14

      iter #   7 total cpu time :137164.7 secs   av.it.:  17.0
      thresh= 1.666E-08 alpha_mix =  0.700 |ddv_scf|^2 =  1.175E-15

     End of self-consistent calculation

     Convergence has been achieved 


     Representation #  58 mode #  72

     Self-consistent Calculation

      iter #   1 total cpu time :137235.8 secs   av.it.:   5.9
      thresh= 1.000E-02 alpha_mix =  0.700 |ddv_scf|^2 =  5.397E-08

      iter #   2 total cpu time :137385.6 secs   av.it.:  17.2
      thresh= 2.323E-05 alpha_mix =  0.700 |ddv_scf|^2 =  3.983E-08

      iter #   3 total cpu time :137527.6 secs   av.it.:  16.3
      thresh= 1.996E-05 alpha_mix =  0.700 |ddv_scf|^2 =  1.347E-10

      iter #   4 total cpu time :137680.9 secs   av.it.:  17.7
      thresh= 1.160E-06 alpha_mix =  0.700 |ddv_scf|^2 =  4.831E-12

      iter #   5 total cpu time :137832.4 secs   av.it.:  17.6
      thresh= 2.198E-07 alpha_mix =  0.700 |ddv_scf|^2 =  2.710E-13

      iter #   6 total cpu time :137985.0 secs   av.it.:  17.6
      thresh= 5.206E-08 alpha_mix =  0.700 |ddv_scf|^2 =  5.859E-15

     End of self-consistent calculation

     Convergence has been achieved 


     Representation #  59 mode #  73

     Self-consistent Calculation

      iter #   1 total cpu time :138079.6 secs   av.it.:   6.8
      thresh= 1.000E-02 alpha_mix =  0.700 |ddv_scf|^2 =  9.092E-08

      iter #   2 total cpu time :138229.4 secs   av.it.:  17.4
      thresh= 3.015E-05 alpha_mix =  0.700 |ddv_scf|^2 =  7.582E-08

      iter #   3 total cpu time :138371.5 secs   av.it.:  16.4
      thresh= 2.754E-05 alpha_mix =  0.700 |ddv_scf|^2 =  5.742E-10

      iter #   4 total cpu time :138521.0 secs   av.it.:  16.9
      thresh= 2.396E-06 alpha_mix =  0.700 |ddv_scf|^2 =  5.035E-12

      iter #   5 total cpu time :138673.8 secs   av.it.:  17.6
      thresh= 2.244E-07 alpha_mix =  0.700 |ddv_scf|^2 =  2.731E-13

      iter #   6 total cpu time :138825.5 secs   av.it.:  17.6
      thresh= 5.226E-08 alpha_mix =  0.700 |ddv_scf|^2 =  2.729E-14

      iter #   7 total cpu time :138973.0 secs   av.it.:  16.9
      thresh= 1.652E-08 alpha_mix =  0.700 |ddv_scf|^2 =  1.507E-15

     End of self-consistent calculation

     Convergence has been achieved 


     Representation #  60 mode #  74

     Self-consistent Calculation

      iter #   1 total cpu time :139048.1 secs   av.it.:   6.3
      thresh= 1.000E-02 alpha_mix =  0.700 |ddv_scf|^2 =  2.226E-07

      iter #   2 total cpu time :139187.7 secs   av.it.:  16.1
      thresh= 4.718E-05 alpha_mix =  0.700 |ddv_scf|^2 =  1.235E-07

      iter #   3 total cpu time :139325.9 secs   av.it.:  15.8
      thresh= 3.514E-05 alpha_mix =  0.700 |ddv_scf|^2 =  1.713E-09

      iter #   4 total cpu time :139468.7 secs   av.it.:  16.6
      thresh= 4.139E-06 alpha_mix =  0.700 |ddv_scf|^2 =  3.613E-11

      iter #   5 total cpu time :139610.3 secs   av.it.:  16.5
      thresh= 6.011E-07 alpha_mix =  0.700 |ddv_scf|^2 =  7.341E-13

      iter #   6 total cpu time :139756.2 secs   av.it.:  17.1
      thresh= 8.568E-08 alpha_mix =  0.700 |ddv_scf|^2 =  4.618E-14

      iter #   7 total cpu time :139899.7 secs   av.it.:  16.9
      thresh= 2.149E-08 alpha_mix =  0.700 |ddv_scf|^2 =  5.329E-15

     End of self-consistent calculation

     Convergence has been achieved 


     Representation #  61 mode #  75

     Self-consistent Calculation

      iter #   1 total cpu time :139971.3 secs   av.it.:   5.9
      thresh= 1.000E-02 alpha_mix =  0.700 |ddv_scf|^2 =  5.397E-08

      iter #   2 total cpu time :140121.8 secs   av.it.:  17.2
      thresh= 2.323E-05 alpha_mix =  0.700 |ddv_scf|^2 =  3.983E-08

      iter #   3 total cpu time :140264.2 secs   av.it.:  16.3
      thresh= 1.996E-05 alpha_mix =  0.700 |ddv_scf|^2 =  1.347E-10

      iter #   4 total cpu time :140418.3 secs   av.it.:  17.7
      thresh= 1.160E-06 alpha_mix =  0.700 |ddv_scf|^2 =  4.831E-12

      iter #   5 total cpu time :140572.0 secs   av.it.:  17.6
      thresh= 2.198E-07 alpha_mix =  0.700 |ddv_scf|^2 =  2.710E-13

      iter #   6 total cpu time :140727.4 secs   av.it.:  17.6
      thresh= 5.206E-08 alpha_mix =  0.700 |ddv_scf|^2 =  5.859E-15

     End of self-consistent calculation

     Convergence has been achieved 


     Representation #  62 mode #  76

     Self-consistent Calculation

      iter #   1 total cpu time :140802.0 secs   av.it.:   5.0
      thresh= 1.000E-02 alpha_mix =  0.700 |ddv_scf|^2 =  3.073E-08

      iter #   2 total cpu time :140953.9 secs   av.it.:  16.9
      thresh= 1.753E-05 alpha_mix =  0.700 |ddv_scf|^2 =  4.088E-08

      iter #   3 total cpu time :141096.2 secs   av.it.:  15.8
      thresh= 2.022E-05 alpha_mix =  0.700 |ddv_scf|^2 =  1.144E-08

      iter #   4 total cpu time :141239.3 secs   av.it.:  16.1
      thresh= 1.070E-05 alpha_mix =  0.700 |ddv_scf|^2 =  3.716E-10

      iter #   5 total cpu time :141387.7 secs   av.it.:  16.5
      thresh= 1.928E-06 alpha_mix =  0.700 |ddv_scf|^2 =  6.782E-13

      iter #   6 total cpu time :141549.8 secs   av.it.:  18.3
      thresh= 8.235E-08 alpha_mix =  0.700 |ddv_scf|^2 =  3.751E-13

      iter #   7 total cpu time :141705.0 secs   av.it.:  17.4
      thresh= 6.125E-08 alpha_mix =  0.700 |ddv_scf|^2 =  4.071E-14

      iter #   8 total cpu time :141863.2 secs   av.it.:  17.8
      thresh= 2.018E-08 alpha_mix =  0.700 |ddv_scf|^2 =  1.509E-14

      iter #   9 total cpu time :142013.8 secs   av.it.:  16.7
      thresh= 1.229E-08 alpha_mix =  0.700 |ddv_scf|^2 =  4.678E-15

     End of self-consistent calculation

     Convergence has been achieved 


     Representation #  63 mode #  77

     Self-consistent Calculation

      iter #   1 total cpu time :142113.3 secs   av.it.:   7.8
      thresh= 1.000E-02 alpha_mix =  0.700 |ddv_scf|^2 =  7.284E-07

      iter #   2 total cpu time :142268.5 secs   av.it.:  17.6
      thresh= 8.535E-05 alpha_mix =  0.700 |ddv_scf|^2 =  3.812E-06

      iter #   3 total cpu time :142407.7 secs   av.it.:  15.5
      thresh= 1.953E-04 alpha_mix =  0.700 |ddv_scf|^2 =  5.332E-08

      iter #   4 total cpu time :142554.0 secs   av.it.:  16.5
      thresh= 2.309E-05 alpha_mix =  0.700 |ddv_scf|^2 =  8.499E-10

      iter #   5 total cpu time :142704.3 secs   av.it.:  16.9
      thresh= 2.915E-06 alpha_mix =  0.700 |ddv_scf|^2 =  2.671E-11

      iter #   6 total cpu time :142856.1 secs   av.it.:  17.1
      thresh= 5.168E-07 alpha_mix =  0.700 |ddv_scf|^2 =  2.118E-12

      iter #   7 total cpu time :143007.9 secs   av.it.:  17.0
      thresh= 1.455E-07 alpha_mix =  0.700 |ddv_scf|^2 =  5.333E-14

      iter #   8 total cpu time :143167.1 secs   av.it.:  17.5
      thresh= 2.309E-08 alpha_mix =  0.700 |ddv_scf|^2 =  2.298E-15

     End of self-consistent calculation

     Convergence has been achieved 


     Representation #  64 mode #  78

     Self-consistent Calculation

      iter #   1 total cpu time :143249.9 secs   av.it.:   7.2
      thresh= 1.000E-02 alpha_mix =  0.700 |ddv_scf|^2 =  4.590E-07

      iter #   2 total cpu time :143405.2 secs   av.it.:  17.4
      thresh= 6.775E-05 alpha_mix =  0.700 |ddv_scf|^2 =  1.337E-06

      iter #   3 total cpu time :143548.2 secs   av.it.:  16.0
      thresh= 1.156E-04 alpha_mix =  0.700 |ddv_scf|^2 =  9.614E-08

      iter #   4 total cpu time :143692.8 secs   av.it.:  16.2
      thresh= 3.101E-05 alpha_mix =  0.700 |ddv_scf|^2 =  4.376E-09

      iter #   5 total cpu time :143841.1 secs   av.it.:  16.6
      thresh= 6.615E-06 alpha_mix =  0.700 |ddv_scf|^2 =  5.182E-11

      iter #   6 total cpu time :143995.6 secs   av.it.:  17.4
      thresh= 7.198E-07 alpha_mix =  0.700 |ddv_scf|^2 =  2.774E-12

      iter #   7 total cpu time :144151.4 secs   av.it.:  17.5
      thresh= 1.666E-07 alpha_mix =  0.700 |ddv_scf|^2 =  4.592E-13

      iter #   8 total cpu time :144300.8 secs   av.it.:  16.7
      thresh= 6.776E-08 alpha_mix =  0.700 |ddv_scf|^2 =  2.844E-14

      iter #   9 total cpu time :144456.3 secs   av.it.:  17.1
      thresh= 1.686E-08 alpha_mix =  0.700 |ddv_scf|^2 =  1.082E-15

     End of self-consistent calculation

     Convergence has been achieved 


     Representation #  65 mode #  79

     Self-consistent Calculation

      iter #   1 total cpu time :144532.4 secs   av.it.:   5.0
      thresh= 1.000E-02 alpha_mix =  0.700 |ddv_scf|^2 =  2.349E-08

      iter #   2 total cpu time :144687.5 secs   av.it.:  17.4
      thresh= 1.533E-05 alpha_mix =  0.700 |ddv_scf|^2 =  1.261E-08

      iter #   3 total cpu time :144836.3 secs   av.it.:  16.6
      thresh= 1.123E-05 alpha_mix =  0.700 |ddv_scf|^2 =  4.432E-09

      iter #   4 total cpu time :144979.3 secs   av.it.:  15.8
      thresh= 6.658E-06 alpha_mix =  0.700 |ddv_scf|^2 =  5.295E-10

      iter #   5 total cpu time :145125.3 secs   av.it.:  16.3
      thresh= 2.301E-06 alpha_mix =  0.700 |ddv_scf|^2 =  5.738E-12

      iter #   6 total cpu time :145280.0 secs   av.it.:  17.4
      thresh= 2.396E-07 alpha_mix =  0.700 |ddv_scf|^2 =  1.071E-12

      iter #   7 total cpu time :145429.3 secs   av.it.:  16.6
      thresh= 1.035E-07 alpha_mix =  0.700 |ddv_scf|^2 =  2.736E-14

      iter #   8 total cpu time :145588.4 secs   av.it.:  17.9
      thresh= 1.654E-08 alpha_mix =  0.700 |ddv_scf|^2 =  9.203E-15

     End of self-consistent calculation

     Convergence has been achieved 


     Representation #  66 mode #  80

     Self-consistent Calculation

      iter #   1 total cpu time :145669.5 secs   av.it.:   6.8
      thresh= 1.000E-02 alpha_mix =  0.700 |ddv_scf|^2 =  2.379E-07

      iter #   2 total cpu time :145824.5 secs   av.it.:  17.5
      thresh= 4.878E-05 alpha_mix =  0.700 |ddv_scf|^2 =  1.145E-06

      iter #   3 total cpu time :145964.2 secs   av.it.:  15.5
      thresh= 1.070E-04 alpha_mix =  0.700 |ddv_scf|^2 =  2.479E-08

      iter #   4 total cpu time :146111.6 secs   av.it.:  16.6
      thresh= 1.575E-05 alpha_mix =  0.700 |ddv_scf|^2 =  9.448E-10

      iter #   5 total cpu time :146256.5 secs   av.it.:  16.3
      thresh= 3.074E-06 alpha_mix =  0.700 |ddv_scf|^2 =  1.487E-11

      iter #   6 total cpu time :146411.3 secs   av.it.:  17.5
      thresh= 3.856E-07 alpha_mix =  0.700 |ddv_scf|^2 =  1.058E-12

      iter #   7 total cpu time :146563.4 secs   av.it.:  17.2
      thresh= 1.029E-07 alpha_mix =  0.700 |ddv_scf|^2 =  1.773E-13

      iter #   8 total cpu time :146707.8 secs   av.it.:  16.2
      thresh= 4.211E-08 alpha_mix =  0.700 |ddv_scf|^2 =  1.015E-14

      iter #   9 total cpu time :146860.7 secs   av.it.:  17.3
      thresh= 1.007E-08 alpha_mix =  0.700 |ddv_scf|^2 =  4.965E-16

     End of self-consistent calculation

     Convergence has been achieved 


     Representation #  67 mode #  81

     Self-consistent Calculation

      iter #   1 total cpu time :146940.0 secs   av.it.:   5.9
      thresh= 1.000E-02 alpha_mix =  0.700 |ddv_scf|^2 =  7.619E-08

      iter #   2 total cpu time :147100.6 secs   av.it.:  17.6
      thresh= 2.760E-05 alpha_mix =  0.700 |ddv_scf|^2 =  2.966E-07

      iter #   3 total cpu time :147242.1 secs   av.it.:  15.6
      thresh= 5.446E-05 alpha_mix =  0.700 |ddv_scf|^2 =  9.990E-09

      iter #   4 total cpu time :147383.4 secs   av.it.:  15.6
      thresh= 9.995E-06 alpha_mix =  0.700 |ddv_scf|^2 =  9.073E-10

      iter #   5 total cpu time :147532.3 secs   av.it.:  16.6
      thresh= 3.012E-06 alpha_mix =  0.700 |ddv_scf|^2 =  1.010E-11

      iter #   6 total cpu time :147683.2 secs   av.it.:  16.9
      thresh= 3.179E-07 alpha_mix =  0.700 |ddv_scf|^2 =  4.001E-13

      iter #   7 total cpu time :147833.3 secs   av.it.:  16.7
      thresh= 6.325E-08 alpha_mix =  0.700 |ddv_scf|^2 =  1.042E-14

      iter #   8 total cpu time :147994.3 secs   av.it.:  17.9
      thresh= 1.021E-08 alpha_mix =  0.700 |ddv_scf|^2 =  2.352E-14

      iter #   9 total cpu time :148131.1 secs   av.it.:  15.1
      thresh= 1.534E-08 alpha_mix =  0.700 |ddv_scf|^2 =  2.029E-15

     End of self-consistent calculation

     Convergence has been achieved 


     Representation #  68 mode #  82

     Self-consistent Calculation

      iter #   1 total cpu time :148211.3 secs   av.it.:   5.9
      thresh= 1.000E-02 alpha_mix =  0.700 |ddv_scf|^2 =  6.892E-08

      iter #   2 total cpu time :148368.7 secs   av.it.:  17.6
      thresh= 2.625E-05 alpha_mix =  0.700 |ddv_scf|^2 =  2.680E-07

      iter #   3 total cpu time :148509.6 secs   av.it.:  15.6
      thresh= 5.176E-05 alpha_mix =  0.700 |ddv_scf|^2 =  9.139E-09

      iter #   4 total cpu time :148651.6 secs   av.it.:  15.7
      thresh= 9.560E-06 alpha_mix =  0.700 |ddv_scf|^2 =  9.359E-10

      iter #   5 total cpu time :148800.2 secs   av.it.:  16.6
      thresh= 3.059E-06 alpha_mix =  0.700 |ddv_scf|^2 =  5.958E-12

      iter #   6 total cpu time :148953.0 secs   av.it.:  17.2
      thresh= 2.441E-07 alpha_mix =  0.700 |ddv_scf|^2 =  2.742E-13

      iter #   7 total cpu time :149109.8 secs   av.it.:  17.6
      thresh= 5.237E-08 alpha_mix =  0.700 |ddv_scf|^2 =  2.078E-14

      iter #   8 total cpu time :149266.7 secs   av.it.:  17.6
      thresh= 1.442E-08 alpha_mix =  0.700 |ddv_scf|^2 =  4.476E-14

      iter #   9 total cpu time :149405.6 secs   av.it.:  15.4
      thresh= 2.116E-08 alpha_mix =  0.700 |ddv_scf|^2 =  1.291E-15

     End of self-consistent calculation

     Convergence has been achieved 


     Representation #  69 modes #  83  84

     Self-consistent Calculation

      iter #   1 total cpu time :149579.9 secs   av.it.:   7.7
      thresh= 1.000E-02 alpha_mix =  0.700 |ddv_scf|^2 =  1.696E-07

      iter #   2 total cpu time :149919.7 secs   av.it.:  19.2
      thresh= 4.118E-05 alpha_mix =  0.700 |ddv_scf|^2 =  1.356E-06

      iter #   3 total cpu time :150214.0 secs   av.it.:  16.5
      thresh= 1.164E-04 alpha_mix =  0.700 |ddv_scf|^2 =  1.941E-08

      iter #   4 total cpu time :150532.3 secs   av.it.:  18.0
      thresh= 1.393E-05 alpha_mix =  0.700 |ddv_scf|^2 =  1.325E-09

      iter #   5 total cpu time :150851.9 secs   av.it.:  18.1
      thresh= 3.640E-06 alpha_mix =  0.700 |ddv_scf|^2 =  1.579E-10

      iter #   6 total cpu time :151176.1 secs   av.it.:  17.9
      thresh= 1.257E-06 alpha_mix =  0.700 |ddv_scf|^2 =  2.185E-11

      iter #   7 total cpu time :151500.1 secs   av.it.:  17.9
      thresh= 4.675E-07 alpha_mix =  0.700 |ddv_scf|^2 =  1.848E-12

      iter #   8 total cpu time :151836.2 secs   av.it.:  18.9
      thresh= 1.359E-07 alpha_mix =  0.700 |ddv_scf|^2 =  1.016E-12

      iter #   9 total cpu time :152158.0 secs   av.it.:  18.2
      thresh= 1.008E-07 alpha_mix =  0.700 |ddv_scf|^2 =  8.127E-14

      iter #  10 total cpu time :152496.4 secs   av.it.:  19.2
      thresh= 2.851E-08 alpha_mix =  0.700 |ddv_scf|^2 =  1.713E-13

      iter #  11 total cpu time :152797.7 secs   av.it.:  16.8
      thresh= 4.139E-08 alpha_mix =  0.700 |ddv_scf|^2 =  1.261E-15

     End of self-consistent calculation

     Convergence has been achieved 


     Representation #  70 modes #  85  86

     Self-consistent Calculation

      iter #   1 total cpu time :152968.9 secs   av.it.:   7.1
      thresh= 1.000E-02 alpha_mix =  0.700 |ddv_scf|^2 =  8.232E-08

      iter #   2 total cpu time :153298.6 secs   av.it.:  19.0
      thresh= 2.869E-05 alpha_mix =  0.700 |ddv_scf|^2 =  1.189E-07

      iter #   3 total cpu time :153611.0 secs   av.it.:  17.9
      thresh= 3.448E-05 alpha_mix =  0.700 |ddv_scf|^2 =  1.600E-08

      iter #   4 total cpu time :153919.1 secs   av.it.:  17.6
      thresh= 1.265E-05 alpha_mix =  0.700 |ddv_scf|^2 =  8.369E-10

      iter #   5 total cpu time :154237.5 secs   av.it.:  18.1
      thresh= 2.893E-06 alpha_mix =  0.700 |ddv_scf|^2 =  9.916E-12

      iter #   6 total cpu time :154562.8 secs   av.it.:  18.7
      thresh= 3.149E-07 alpha_mix =  0.700 |ddv_scf|^2 =  1.014E-12

      iter #   7 total cpu time :154902.4 secs   av.it.:  19.1
      thresh= 1.007E-07 alpha_mix =  0.700 |ddv_scf|^2 =  1.148E-13

      iter #   8 total cpu time :155242.4 secs   av.it.:  19.0
      thresh= 3.388E-08 alpha_mix =  0.700 |ddv_scf|^2 =  1.479E-14

      iter #   9 total cpu time :155593.3 secs   av.it.:  19.6
      thresh= 1.216E-08 alpha_mix =  0.700 |ddv_scf|^2 =  5.712E-15

     End of self-consistent calculation

     Convergence has been achieved 


     Representation #  71 modes #  87  88

     Self-consistent Calculation

      iter #   1 total cpu time :155767.9 secs   av.it.:   7.7
      thresh= 1.000E-02 alpha_mix =  0.700 |ddv_scf|^2 =  1.675E-07

      iter #   2 total cpu time :156111.4 secs   av.it.:  19.4
      thresh= 4.093E-05 alpha_mix =  0.700 |ddv_scf|^2 =  1.333E-06

      iter #   3 total cpu time :156411.3 secs   av.it.:  16.7
      thresh= 1.155E-04 alpha_mix =  0.700 |ddv_scf|^2 =  1.954E-08

      iter #   4 total cpu time :156736.1 secs   av.it.:  18.1
      thresh= 1.398E-05 alpha_mix =  0.700 |ddv_scf|^2 =  1.328E-09

      iter #   5 total cpu time :157061.9 secs   av.it.:  18.1
      thresh= 3.644E-06 alpha_mix =  0.700 |ddv_scf|^2 =  1.577E-10

      iter #   6 total cpu time :157380.7 secs   av.it.:  18.1
      thresh= 1.256E-06 alpha_mix =  0.700 |ddv_scf|^2 =  2.151E-11

      iter #   7 total cpu time :157702.4 secs   av.it.:  18.1
      thresh= 4.638E-07 alpha_mix =  0.700 |ddv_scf|^2 =  1.873E-12

      iter #   8 total cpu time :158037.7 secs   av.it.:  19.0
      thresh= 1.369E-07 alpha_mix =  0.700 |ddv_scf|^2 =  9.914E-13

      iter #   9 total cpu time :158361.7 secs   av.it.:  18.2
      thresh= 9.957E-08 alpha_mix =  0.700 |ddv_scf|^2 =  8.116E-14

      iter #  10 total cpu time :158703.9 secs   av.it.:  19.4
      thresh= 2.849E-08 alpha_mix =  0.700 |ddv_scf|^2 =  1.701E-13

      iter #  11 total cpu time :159011.2 secs   av.it.:  17.0
      thresh= 4.124E-08 alpha_mix =  0.700 |ddv_scf|^2 =  1.205E-15

     End of self-consistent calculation

     Convergence has been achieved 


     Representation #  72 modes #  89  90

     Self-consistent Calculation

      iter #   1 total cpu time :159177.3 secs   av.it.:   6.0
      thresh= 1.000E-02 alpha_mix =  0.700 |ddv_scf|^2 =  2.145E-08

      iter #   2 total cpu time :159514.2 secs   av.it.:  18.8
      thresh= 1.464E-05 alpha_mix =  0.700 |ddv_scf|^2 =  1.427E-07

      iter #   3 total cpu time :159807.5 secs   av.it.:  16.2
      thresh= 3.777E-05 alpha_mix =  0.700 |ddv_scf|^2 =  3.460E-09

      iter #   4 total cpu time :160118.0 secs   av.it.:  17.5
      thresh= 5.882E-06 alpha_mix =  0.700 |ddv_scf|^2 =  4.402E-10

      iter #   5 total cpu time :160427.6 secs   av.it.:  17.5
      thresh= 2.098E-06 alpha_mix =  0.700 |ddv_scf|^2 =  2.037E-11

      iter #   6 total cpu time :160753.6 secs   av.it.:  18.4
      thresh= 4.514E-07 alpha_mix =  0.700 |ddv_scf|^2 =  3.708E-13

      iter #   7 total cpu time :161089.3 secs   av.it.:  18.8
      thresh= 6.089E-08 alpha_mix =  0.700 |ddv_scf|^2 =  4.751E-14

      iter #   8 total cpu time :161427.7 secs   av.it.:  19.2
      thresh= 2.180E-08 alpha_mix =  0.700 |ddv_scf|^2 =  5.958E-15

     End of self-consistent calculation

     Convergence has been achieved 


     Representation #  73 modes #  91  92

     Self-consistent Calculation

      iter #   1 total cpu time :161639.2 secs   av.it.:   8.0
      thresh= 1.000E-02 alpha_mix =  0.700 |ddv_scf|^2 =  1.079E-07

      iter #   2 total cpu time :161979.4 secs   av.it.:  19.3
      thresh= 3.284E-05 alpha_mix =  0.700 |ddv_scf|^2 =  4.179E-07

      iter #   3 total cpu time :162288.1 secs   av.it.:  17.5
      thresh= 6.464E-05 alpha_mix =  0.700 |ddv_scf|^2 =  1.822E-08

      iter #   4 total cpu time :162604.4 secs   av.it.:  17.9
      thresh= 1.350E-05 alpha_mix =  0.700 |ddv_scf|^2 =  3.487E-10

      iter #   5 total cpu time :162931.5 secs   av.it.:  18.1
      thresh= 1.867E-06 alpha_mix =  0.700 |ddv_scf|^2 =  1.739E-10

      iter #   6 total cpu time :163248.6 secs   av.it.:  17.6
      thresh= 1.319E-06 alpha_mix =  0.700 |ddv_scf|^2 =  1.343E-11

      iter #   7 total cpu time :163573.4 secs   av.it.:  18.0
      thresh= 3.664E-07 alpha_mix =  0.700 |ddv_scf|^2 =  3.067E-12

      iter #   8 total cpu time :163902.6 secs   av.it.:  18.1
      thresh= 1.751E-07 alpha_mix =  0.700 |ddv_scf|^2 =  8.747E-14

      iter #   9 total cpu time :164245.6 secs   av.it.:  19.4
      thresh= 2.958E-08 alpha_mix =  0.700 |ddv_scf|^2 =  8.272E-14

      iter #  10 total cpu time :164570.2 secs   av.it.:  18.4
      thresh= 2.876E-08 alpha_mix =  0.700 |ddv_scf|^2 =  1.086E-14

      iter #  11 total cpu time :164886.4 secs   av.it.:  17.8
      thresh= 1.042E-08 alpha_mix =  0.700 |ddv_scf|^2 =  2.552E-15

     End of self-consistent calculation

     Convergence has been achieved 


     Representation #  74 modes #  93  94

     Self-consistent Calculation

      iter #   1 total cpu time :165053.7 secs   av.it.:   5.9
      thresh= 1.000E-02 alpha_mix =  0.700 |ddv_scf|^2 =  1.154E-08

      iter #   2 total cpu time :165395.9 secs   av.it.:  19.3
      thresh= 1.074E-05 alpha_mix =  0.700 |ddv_scf|^2 =  2.295E-08

      iter #   3 total cpu time :165706.1 secs   av.it.:  17.5
      thresh= 1.515E-05 alpha_mix =  0.700 |ddv_scf|^2 =  7.047E-10

      iter #   4 total cpu time :166030.9 secs   av.it.:  18.3
      thresh= 2.655E-06 alpha_mix =  0.700 |ddv_scf|^2 =  1.109E-10

      iter #   5 total cpu time :166349.4 secs   av.it.:  18.1
      thresh= 1.053E-06 alpha_mix =  0.700 |ddv_scf|^2 =  5.089E-11

      iter #   6 total cpu time :166652.3 secs   av.it.:  17.0
      thresh= 7.134E-07 alpha_mix =  0.700 |ddv_scf|^2 =  6.637E-13

      iter #   7 total cpu time :166994.0 secs   av.it.:  19.2
      thresh= 8.147E-08 alpha_mix =  0.700 |ddv_scf|^2 =  1.116E-13

      iter #   8 total cpu time :167329.3 secs   av.it.:  18.9
      thresh= 3.341E-08 alpha_mix =  0.700 |ddv_scf|^2 =  2.415E-14

      iter #   9 total cpu time :167660.4 secs   av.it.:  18.6
      thresh= 1.554E-08 alpha_mix =  0.700 |ddv_scf|^2 =  6.396E-15

     End of self-consistent calculation

     Convergence has been achieved 


     Representation #  75 modes #  95  96

     Self-consistent Calculation

      iter #   1 total cpu time :167825.8 secs   av.it.:   5.5
      thresh= 1.000E-02 alpha_mix =  0.700 |ddv_scf|^2 =  5.890E-09

      iter #   2 total cpu time :168175.2 secs   av.it.:  19.5
      thresh= 7.675E-06 alpha_mix =  0.700 |ddv_scf|^2 =  9.013E-09

      iter #   3 total cpu time :168493.7 secs   av.it.:  17.9
      thresh= 9.494E-06 alpha_mix =  0.700 |ddv_scf|^2 =  1.839E-09

      iter #   4 total cpu time :168808.0 secs   av.it.:  17.6
      thresh= 4.289E-06 alpha_mix =  0.700 |ddv_scf|^2 =  5.626E-10

      iter #   5 total cpu time :169115.6 secs   av.it.:  17.1
      thresh= 2.372E-06 alpha_mix =  0.700 |ddv_scf|^2 =  1.553E-11

      iter #   6 total cpu time :169448.2 secs   av.it.:  18.6
      thresh= 3.941E-07 alpha_mix =  0.700 |ddv_scf|^2 =  3.396E-13

      iter #   7 total cpu time :169791.6 secs   av.it.:  19.3
      thresh= 5.828E-08 alpha_mix =  0.700 |ddv_scf|^2 =  6.565E-14

      iter #   8 total cpu time :170134.2 secs   av.it.:  19.3
      thresh= 2.562E-08 alpha_mix =  0.700 |ddv_scf|^2 =  8.913E-15

     End of self-consistent calculation

     Convergence has been achieved 


     Representation #  76 modes #  97  98

     Self-consistent Calculation

      iter #   1 total cpu time :170297.0 secs   av.it.:   7.2
      thresh= 1.000E-02 alpha_mix =  0.700 |ddv_scf|^2 =  1.560E-07

      iter #   2 total cpu time :170637.1 secs   av.it.:  19.0
      thresh= 3.950E-05 alpha_mix =  0.700 |ddv_scf|^2 =  6.202E-07

      iter #   3 total cpu time :170941.7 secs   av.it.:  17.0
      thresh= 7.875E-05 alpha_mix =  0.700 |ddv_scf|^2 =  3.309E-08

      iter #   4 total cpu time :171261.9 secs   av.it.:  17.9
      thresh= 1.819E-05 alpha_mix =  0.700 |ddv_scf|^2 =  5.956E-09

      iter #   5 total cpu time :171578.9 secs   av.it.:  17.6
      thresh= 7.717E-06 alpha_mix =  0.700 |ddv_scf|^2 =  1.083E-10

      iter #   6 total cpu time :171917.7 secs   av.it.:  18.8
      thresh= 1.041E-06 alpha_mix =  0.700 |ddv_scf|^2 =  6.225E-11

      iter #   7 total cpu time :172237.3 secs   av.it.:  17.9
      thresh= 7.890E-07 alpha_mix =  0.700 |ddv_scf|^2 =  1.155E-11

      iter #   8 total cpu time :172566.3 secs   av.it.:  18.3
      thresh= 3.398E-07 alpha_mix =  0.700 |ddv_scf|^2 =  1.206E-12
